ISO-10303-21;
HEADER;
FILE_DESCRIPTION (( 'STEP AP214' ),
    '1' );
FILE_NAME ('镜向挤出机顶盖（适配嘉立创特价打样）.STEP',
    '2026-10-01T03:13:13',
    ( '' ),
    ( '' ),
    'SwSTEP 2.0',
    'SolidWorks 2022',
    '' );
FILE_SCHEMA (( 'AUTOMOTIVE_DESIGN' ));
ENDSEC;

DATA;
#1 = VERTEX_POINT ( 'NONE', #555 ) ;
#2 = CARTESIAN_POINT ( 'NONE',  ( 7.499999999999996447, 1.000000000000000000, 24.99999999999998934 ) ) ;
#3 = CARTESIAN_POINT ( 'NONE',  ( 0.000000000000000000, 2.500000000000000000, 0.000000000000000000 ) ) ;
#4 = ORIENTED_EDGE ( 'NONE', *, *, #4618, .F. ) ;
#5 = CARTESIAN_POINT ( 'NONE',  ( 8.800000000000002487, 4.000000000000000000, -17.10000000000000497 ) ) ;
#6 = CARTESIAN_POINT ( 'NONE',  ( 25.00000000000001066, 0.000000000000000000, -5.000000000000007994 ) ) ;
#7 = ORIENTED_EDGE ( 'NONE', *, *, #500, .T. ) ;
#8 = ORIENTED_EDGE ( 'NONE', *, *, #787, .F. ) ;
#9 = EDGE_CURVE ( 'NONE', #1796, #2839, #2582, .T. ) ;
#10 = ADVANCED_FACE ( 'NONE', ( #169 ), #1394, .T. ) ;
#11 = ORIENTED_EDGE ( 'NONE', *, *, #4360, .F. ) ;
#12 = LINE ( 'NONE', #2123, #1119 ) ;
#13 = CARTESIAN_POINT ( 'NONE',  ( 8.749999999999966249, 2.600000000000000089, 1.319898296938867541E-14 ) ) ;
#14 = ORIENTED_EDGE ( 'NONE', *, *, #3791, .F. ) ;
#15 = LINE ( 'NONE', #3782, #3961 ) ;
#16 = VERTEX_POINT ( 'NONE', #1448 ) ;
#17 = LINE ( 'NONE', #4725, #2686 ) ;
#18 = DIRECTION ( 'NONE',  ( 0.000000000000000000, 1.000000000000000000, 0.000000000000000000 ) ) ;
#19 = DIRECTION ( 'NONE',  ( 0.000000000000000000, 0.000000000000000000, -1.000000000000000000 ) ) ;
#20 = CARTESIAN_POINT ( 'NONE',  ( 8.791826197258878040, 4.000000000000000000, 18.70054679054907609 ) ) ;
#21 = DIRECTION ( 'NONE',  ( 1.156482317317871725E-16, 0.000000000000000000, -1.000000000000000000 ) ) ;
#22 = FACE_OUTER_BOUND ( 'NONE', #5063, .T. ) ;
#23 = VERTEX_POINT ( 'NONE', #889 ) ;
#24 = ADVANCED_FACE ( 'NONE', ( #4789 ), #88, .F. ) ;
#25 = PLANE ( 'NONE',  #1806 ) ;
#26 = DIRECTION ( 'NONE',  ( 0.000000000000000000, -1.000000000000000000, 0.000000000000000000 ) ) ;
#27 = ORIENTED_EDGE ( 'NONE', *, *, #987, .T. ) ;
#28 = CARTESIAN_POINT ( 'NONE',  ( 27.16666666666667496, 2.299999999999999822, -2.577593024375232300 ) ) ;
#29 = AXIS2_PLACEMENT_3D ( 'NONE', #3330, #5011, #3824 ) ;
#30 = DIRECTION ( 'NONE',  ( 1.000000000000000000, 0.000000000000000000, -0.000000000000000000 ) ) ;
#31 = VERTEX_POINT ( 'NONE', #918 ) ;
#32 = VECTOR ( 'NONE', #633, 1000.000000000000114 ) ;
#33 = ORIENTED_EDGE ( 'NONE', *, *, #5394, .T. ) ;
#34 = ORIENTED_EDGE ( 'NONE', *, *, #3400, .T. ) ;
#35 = CARTESIAN_POINT ( 'NONE',  ( 16.18988598184790817, 2.500000000000000000, -20.30290847946412924 ) ) ;
#36 = CARTESIAN_POINT ( 'NONE',  ( 3.499999999999995115, 4.000000000000000000, 5.699999999999998401 ) ) ;
#37 = VECTOR ( 'NONE', #1936, 1000.000000000000114 ) ;
#38 = PLANE ( 'NONE',  #1771 ) ;
#39 = VERTEX_POINT ( 'NONE', #2200 ) ;
#40 = CARTESIAN_POINT ( 'NONE',  ( 18.00000000000001066, 2.299999999999999822, -29.06173769148989550 ) ) ;
#41 = AXIS2_PLACEMENT_3D ( 'NONE', #1591, #4104, #4849 ) ;
#42 = EDGE_LOOP ( 'NONE', ( #227, #3921, #3314, #3714, #1645, #3891, #4716, #3406, #622 ) ) ;
#43 = DIRECTION ( 'NONE',  ( -0.000000000000000000, -1.000000000000000000, -0.000000000000000000 ) ) ;
#44 = DIRECTION ( 'NONE',  ( 0.000000000000000000, 0.000000000000000000, -1.000000000000000000 ) ) ;
#45 = EDGE_CURVE ( 'NONE', #979, #4994, #4273, .T. ) ;
#46 = ADVANCED_FACE ( 'NONE', ( #5130 ), #2228, .F. ) ;
#47 = VECTOR ( 'NONE', #2237, 1000.000000000000000 ) ;
#48 = DIRECTION ( 'NONE',  ( 0.000000000000000000, 0.000000000000000000, 1.000000000000000000 ) ) ;
#49 = CARTESIAN_POINT ( 'NONE',  ( 16.19354838709677225, 2.500000000000000000, 22.50468536635069228 ) ) ;
#50 = DIRECTION ( 'NONE',  ( 0.000000000000000000, 0.000000000000000000, -1.000000000000000000 ) ) ;
#51 = ORIENTED_EDGE ( 'NONE', *, *, #4177, .T. ) ;
#52 = FACE_OUTER_BOUND ( 'NONE', #2401, .T. ) ;
#53 = LINE ( 'NONE', #4786, #1635 ) ;
#54 = ORIENTED_EDGE ( 'NONE', *, *, #2710, .T. ) ;
#55 = ADVANCED_FACE ( 'NONE', ( #2175 ), #1425, .F. ) ;
#56 = DIRECTION ( 'NONE',  ( 1.508455196501568866E-15, 0.000000000000000000, -1.000000000000000000 ) ) ;
#57 = EDGE_LOOP ( 'NONE', ( #645, #202, #5071, #3206 ) ) ;
#58 = VERTEX_POINT ( 'NONE', #499 ) ;
#59 = ORIENTED_EDGE ( 'NONE', *, *, #3958, .F. ) ;
#60 = ORIENTED_EDGE ( 'NONE', *, *, #1131, .T. ) ;
#61 = CARTESIAN_POINT ( 'NONE',  ( 16.00000000000001066, 4.000000000000000000, 23.24999999999999289 ) ) ;
#62 = DIRECTION ( 'NONE',  ( -0.000000000000000000, -1.000000000000000000, -0.000000000000000000 ) ) ;
#63 = ORIENTED_EDGE ( 'NONE', *, *, #5228, .F. ) ;
#64 = CARTESIAN_POINT ( 'NONE',  ( 13.83333333333334281, 2.299999999999999822, -28.92240697562477436 ) ) ;
#65 = EDGE_CURVE ( 'NONE', #381, #4748, #3892, .T. ) ;
#66 = AXIS2_PLACEMENT_3D ( 'NONE', #1553, #5445, #5027 ) ;
#67 = ORIENTED_EDGE ( 'NONE', *, *, #2677, .F. ) ;
#68 = ORIENTED_EDGE ( 'NONE', *, *, #1129, .F. ) ;
#69 = EDGE_LOOP ( 'NONE', ( #4940, #949, #3010, #2659 ) ) ;
#70 = CARTESIAN_POINT ( 'NONE',  ( 19.00000000000001066, 0.000000000000000000, -30.00000000000000355 ) ) ;
#71 = ORIENTED_EDGE ( 'NONE', *, *, #1062, .T. ) ;
#72 = CARTESIAN_POINT ( 'NONE',  ( 19.43694558354465940, 0.000000000000000000, -2.336734539196752891 ) ) ;
#73 = AXIS2_PLACEMENT_3D ( 'NONE', #190, #3573, #1056 ) ;
#74 = LINE ( 'NONE', #3874, #5479 ) ;
#75 = AXIS2_PLACEMENT_3D ( 'NONE', #2191, #81, #1778 ) ;
#76 = FACE_OUTER_BOUND ( 'NONE', #2422, .T. ) ;
#77 = EDGE_CURVE ( 'NONE', #671, #3864, #3654, .T. ) ;
#78 = CARTESIAN_POINT ( 'NONE',  ( 14.00000000000001066, 4.000000000000000000, 29.49999999999999645 ) ) ;
#79 = EDGE_CURVE ( 'NONE', #2839, #5410, #4740, .T. ) ;
#80 = VECTOR ( 'NONE', #981, 1000.000000000000000 ) ;
#81 = DIRECTION ( 'NONE',  ( -0.000000000000000000, 1.000000000000000000, -0.000000000000000000 ) ) ;
#82 = EDGE_LOOP ( 'NONE', ( #4441, #1259, #3276, #369 ) ) ;
#83 = DIRECTION ( 'NONE',  ( 0.000000000000000000, 0.000000000000000000, 1.000000000000000000 ) ) ;
#84 = DIRECTION ( 'NONE',  ( 0.000000000000000000, -1.000000000000000000, 0.000000000000000000 ) ) ;
#85 = ORIENTED_EDGE ( 'NONE', *, *, #717, .T. ) ;
#86 = DIRECTION ( 'NONE',  ( 0.000000000000000000, 0.000000000000000000, -1.000000000000000000 ) ) ;
#87 = ORIENTED_EDGE ( 'NONE', *, *, #3637, .T. ) ;
#88 = CYLINDRICAL_SURFACE ( 'NONE', #4275, 8.999999999999998224 ) ;
#89 = ORIENTED_EDGE ( 'NONE', *, *, #2616, .F. ) ;
#90 = DIRECTION ( 'NONE',  ( -0.000000000000000000, 1.000000000000000000, -0.000000000000000000 ) ) ;
#91 = CARTESIAN_POINT ( 'NONE',  ( 28.00000000000001066, 4.000000000000000000, -21.00000000000000711 ) ) ;
#92 = CARTESIAN_POINT ( 'NONE',  ( 8.526858428704224835, 2.600000000000000089, 22.17857097069603611 ) ) ;
#93 = VERTEX_POINT ( 'NONE', #114 ) ;
#94 = ORIENTED_EDGE ( 'NONE', *, *, #1608, .F. ) ;
#95 = EDGE_CURVE ( 'NONE', #5438, #3070, #1719, .T. ) ;
#96 = ORIENTED_EDGE ( 'NONE', *, *, #4079, .F. ) ;
#97 = CARTESIAN_POINT ( 'NONE',  ( 28.00000000000000355, 2.299999999999999822, 29.99999999999999645 ) ) ;
#98 = CARTESIAN_POINT ( 'NONE',  ( 26.00000000000000355, 3.500000000000006661, 20.99999999999999645 ) ) ;
#99 = VERTEX_POINT ( 'NONE', #4846 ) ;
#100 = LINE ( 'NONE', #1800, #3054 ) ;
#101 = DIRECTION ( 'NONE',  ( 0.000000000000000000, 0.000000000000000000, -1.000000000000000000 ) ) ;
#102 = CARTESIAN_POINT ( 'NONE',  ( 15.84901771537212589, 0.000000000000000000, -4.951693672147772673 ) ) ;
#103 = EDGE_CURVE ( 'NONE', #3947, #389, #3222, .T. ) ;
#104 = EDGE_LOOP ( 'NONE', ( #1621, #1848, #3168, #4361 ) ) ;
#105 = DIRECTION ( 'NONE',  ( 0.000000000000000000, 1.000000000000000000, 0.000000000000000000 ) ) ;
#106 = AXIS2_PLACEMENT_3D ( 'NONE', #2242, #2596, #967 ) ;
#107 = CARTESIAN_POINT ( 'NONE',  ( 26.00000000000001066, 4.000000000000000000, -21.00000000000000355 ) ) ;
#108 = DIRECTION ( 'NONE',  ( 0.000000000000000000, 0.000000000000000000, -1.000000000000000000 ) ) ;
#109 = AXIS2_PLACEMENT_3D ( 'NONE', #1817, #4468, #193 ) ;
#110 = EDGE_CURVE ( 'NONE', #3588, #3862, #4052, .T. ) ;
#111 = DIRECTION ( 'NONE',  ( 0.000000000000000000, 0.000000000000000000, 1.000000000000000000 ) ) ;
#112 = ADVANCED_FACE ( 'NONE', ( #2831 ), #1561, .T. ) ;
#113 = ORIENTED_EDGE ( 'NONE', *, *, #620, .T. ) ;
#114 = CARTESIAN_POINT ( 'NONE',  ( 22.23018100228647853, 2.500000000000000000, -9.107079528758690756 ) ) ;
#115 = VERTEX_POINT ( 'NONE', #302 ) ;
#116 = DIRECTION ( 'NONE',  ( 0.000000000000000000, 0.000000000000000000, 1.000000000000000000 ) ) ;
#117 = DIRECTION ( 'NONE',  ( -0.000000000000000000, -1.000000000000000000, -0.000000000000000000 ) ) ;
#118 = LINE ( 'NONE', #92, #3428 ) ;
#119 = VECTOR ( 'NONE', #820, 1000.000000000000000 ) ;
#120 = CIRCLE ( 'NONE', #1368, 2.200000000000000178 ) ;
#121 = VERTEX_POINT ( 'NONE', #697 ) ;
#122 = ORIENTED_EDGE ( 'NONE', *, *, #1352, .T. ) ;
#123 = EDGE_LOOP ( 'NONE', ( #1958, #732, #4267, #2981 ) ) ;
#124 = CARTESIAN_POINT ( 'NONE',  ( 25.00000000000001066, 0.000000000000000000, -3.450000000000010392 ) ) ;
#125 = FACE_OUTER_BOUND ( 'NONE', #564, .T. ) ;
#126 = ADVANCED_FACE ( 'NONE', ( #4876 ), #1999, .F. ) ;
#127 = VECTOR ( 'NONE', #4350, 1000.000000000000000 ) ;
#128 = DIRECTION ( 'NONE',  ( 0.000000000000000000, 0.000000000000000000, -1.000000000000000000 ) ) ;
#129 = DIRECTION ( 'NONE',  ( -0.000000000000000000, -1.000000000000000000, -0.000000000000000000 ) ) ;
#130 = CARTESIAN_POINT ( 'NONE',  ( 18.50000000000000000, 2.500000000000000000, 14.15894732285653035 ) ) ;
#131 = VECTOR ( 'NONE', #2644, 1000.000000000000000 ) ;
#132 = DIRECTION ( 'NONE',  ( 0.000000000000000000, 0.000000000000000000, -1.000000000000000000 ) ) ;
#133 = ORIENTED_EDGE ( 'NONE', *, *, #2357, .T. ) ;
#134 = DIRECTION ( 'NONE',  ( 0.000000000000000000, 1.000000000000000000, 0.000000000000000000 ) ) ;
#135 = CARTESIAN_POINT ( 'NONE',  ( 7.000000000000003553, 1.000000000000000000, -22.35000000000000142 ) ) ;
#136 = DIRECTION ( 'NONE',  ( -0.000000000000000000, 1.000000000000000000, -0.000000000000000000 ) ) ;
#137 = ORIENTED_EDGE ( 'NONE', *, *, #79, .F. ) ;
#138 = CARTESIAN_POINT ( 'NONE',  ( 14.49999999999999467, 2.500000000000000000, -13.71623364550170976 ) ) ;
#139 = EDGE_CURVE ( 'NONE', #504, #662, #4494, .T. ) ;
#140 = AXIS2_PLACEMENT_3D ( 'NONE', #1233, #2926, #4091 ) ;
#141 = EDGE_CURVE ( 'NONE', #3445, #3357, #4623, .T. ) ;
#142 = ORIENTED_EDGE ( 'NONE', *, *, #3973, .T. ) ;
#143 = DIRECTION ( 'NONE',  ( 0.000000000000000000, 0.000000000000000000, -1.000000000000000000 ) ) ;
#144 = CARTESIAN_POINT ( 'NONE',  ( 27.50000000000001776, 4.000000000000000000, 20.99999999999999645 ) ) ;
#145 = PLANE ( 'NONE',  #4055 ) ;
#146 = EDGE_CURVE ( 'NONE', #796, #2575, #1357, .T. ) ;
#147 = EDGE_LOOP ( 'NONE', ( #3723, #2829, #4191, #5010 ) ) ;
#148 = ORIENTED_EDGE ( 'NONE', *, *, #533, .T. ) ;
#149 = ORIENTED_EDGE ( 'NONE', *, *, #3016, .F. ) ;
#150 = LINE ( 'NONE', #1904, #2695 ) ;
#151 = DIRECTION ( 'NONE',  ( 0.000000000000000000, 1.000000000000000000, 0.000000000000000000 ) ) ;
#152 = AXIS2_PLACEMENT_3D ( 'NONE', #2674, #4372, #1440 ) ;
#153 = CARTESIAN_POINT ( 'NONE',  ( 24.50000000000000355, 0.000000000000000000, 14.15894732285653213 ) ) ;
#154 = AXIS2_PLACEMENT_3D ( 'NONE', #1883, #3680, #1579 ) ;
#155 = CYLINDRICAL_SURFACE ( 'NONE', #5058, 2.199999999999999734 ) ;
#156 = DIRECTION ( 'NONE',  ( 0.000000000000000000, 1.000000000000000000, 0.000000000000000000 ) ) ;
#157 = DIRECTION ( 'NONE',  ( 0.8660254037844422603, 0.000000000000000000, -0.4999999999999938383 ) ) ;
#158 = AXIS2_PLACEMENT_3D ( 'NONE', #3644, #5251, #4070 ) ;
#159 = AXIS2_PLACEMENT_3D ( 'NONE', #3545, #4874, #4816 ) ;
#160 = ORIENTED_EDGE ( 'NONE', *, *, #5083, .T. ) ;
#161 = FACE_OUTER_BOUND ( 'NONE', #1654, .T. ) ;
#162 = CARTESIAN_POINT ( 'NONE',  ( 4.499999999999997335, 3.500000000000006661, -30.00000000000000355 ) ) ;
#163 = VECTOR ( 'NONE', #3553, 999.9999999999998863 ) ;
#164 = AXIS2_PLACEMENT_3D ( 'NONE', #2436, #767, #4126 ) ;
#165 = CARTESIAN_POINT ( 'NONE',  ( 0.000000000000000000, 0.000000000000000000, 22.99999999999999645 ) ) ;
#166 = EDGE_LOOP ( 'NONE', ( #803, #824 ) ) ;
#167 = AXIS2_PLACEMENT_3D ( 'NONE', #4029, #3203, #3974 ) ;
#168 = VERTEX_POINT ( 'NONE', #1059 ) ;
#169 = FACE_OUTER_BOUND ( 'NONE', #4606, .T. ) ;
#170 = CARTESIAN_POINT ( 'NONE',  ( 8.749999999999966249, 4.000000000000000000, 1.319898296938867541E-14 ) ) ;
#171 = ORIENTED_EDGE ( 'NONE', *, *, #1743, .T. ) ;
#172 = FACE_OUTER_BOUND ( 'NONE', #1009, .T. ) ;
#173 = LINE ( 'NONE', #2716, #2297 ) ;
#174 = LINE ( 'NONE', #5302, #4398 ) ;
#175 = EDGE_LOOP ( 'NONE', ( #4294, #2625, #2587, #2989 ) ) ;
#176 = ADVANCED_FACE ( 'NONE', ( #4436 ), #5347, .T. ) ;
#177 = EDGE_CURVE ( 'NONE', #1201, #4141, #2335, .T. ) ;
#178 = ORIENTED_EDGE ( 'NONE', *, *, #4451, .F. ) ;
#179 = VERTEX_POINT ( 'NONE', #612 ) ;
#180 = DIRECTION ( 'NONE',  ( -0.000000000000000000, -1.000000000000000000, -0.000000000000000000 ) ) ;
#181 = DIRECTION ( 'NONE',  ( 0.000000000000000000, 1.000000000000000000, 0.000000000000000000 ) ) ;
#182 = DIRECTION ( 'NONE',  ( -0.7660444431189746828, 0.000000000000000000, -0.6427876096865432487 ) ) ;
#183 = CARTESIAN_POINT ( 'NONE',  ( 3.499999999999995115, 3.500000000000006661, 5.699999999999998401 ) ) ;
#184 = CARTESIAN_POINT ( 'NONE',  ( 23.00000000000001066, 2.299999999999999822, 14.99999999999999645 ) ) ;
#185 = CARTESIAN_POINT ( 'NONE',  ( 21.32790461454462516, 0.000000000000000000, -6.586100715628516511 ) ) ;
#186 = EDGE_CURVE ( 'NONE', #2919, #3899, #1891, .T. ) ;
#187 = ORIENTED_EDGE ( 'NONE', *, *, #4432, .F. ) ;
#188 = CARTESIAN_POINT ( 'NONE',  ( 4.277777777777776791, 4.000000000000000000, 27.41677433408952780 ) ) ;
#189 = CYLINDRICAL_SURFACE ( 'NONE', #1271, 2.200000000000000622 ) ;
#190 = CARTESIAN_POINT ( 'NONE',  ( 14.00000000000001066, -1.808568626610816077, -29.06173769148989550 ) ) ;
#191 = ORIENTED_EDGE ( 'NONE', *, *, #963, .F. ) ;
#192 = EDGE_LOOP ( 'NONE', ( #808, #439, #2830, #3936 ) ) ;
#193 = DIRECTION ( 'NONE',  ( 0.000000000000000000, 0.000000000000000000, -1.000000000000000000 ) ) ;
#194 = DIRECTION ( 'NONE',  ( 0.000000000000000000, 1.000000000000000000, 0.000000000000000000 ) ) ;
#195 = ADVANCED_FACE ( 'NONE', ( #3576 ), #1113, .T. ) ;
#196 = ORIENTED_EDGE ( 'NONE', *, *, #312, .T. ) ;
#197 = DIRECTION ( 'NONE',  ( 0.000000000000000000, 0.000000000000000000, 1.000000000000000000 ) ) ;
#198 = CARTESIAN_POINT ( 'NONE',  ( 13.50000000000001243, 3.500000000000006661, -30.00000000000000355 ) ) ;
#199 = LINE ( 'NONE', #4003, #1040 ) ;
#200 = EDGE_LOOP ( 'NONE', ( #2834, #2778, #870, #2453 ) ) ;
#201 = VERTEX_POINT ( 'NONE', #3249 ) ;
#202 = ORIENTED_EDGE ( 'NONE', *, *, #2518, .F. ) ;
#203 = DIRECTION ( 'NONE',  ( 0.000000000000000000, 1.000000000000000000, 0.000000000000000000 ) ) ;
#204 = FACE_OUTER_BOUND ( 'NONE', #2896, .T. ) ;
#205 = AXIS2_PLACEMENT_3D ( 'NONE', #3303, #2108, #2496 ) ;
#206 = DIRECTION ( 'NONE',  ( 0.000000000000000000, 0.000000000000000000, 1.000000000000000000 ) ) ;
#207 = AXIS2_PLACEMENT_3D ( 'NONE', #2879, #5006, #4563 ) ;
#208 = DIRECTION ( 'NONE',  ( 0.000000000000000000, 1.000000000000000000, 0.000000000000000000 ) ) ;
#209 = EDGE_CURVE ( 'NONE', #5157, #385, #1972, .T. ) ;
#210 = ADVANCED_FACE ( 'NONE', ( #1922 ), #3604, .T. ) ;
#211 = DIRECTION ( 'NONE',  ( -0.000000000000000000, -1.000000000000000000, -0.000000000000000000 ) ) ;
#212 = LINE ( 'NONE', #4016, #4148 ) ;
#213 = VECTOR ( 'NONE', #4891, 1000.000000000000000 ) ;
#214 = EDGE_LOOP ( 'NONE', ( #4798, #3757, #4219, #2603 ) ) ;
#215 = CARTESIAN_POINT ( 'NONE',  ( 13.83333333333334281, 4.000000000000000000, 28.92240697562476370 ) ) ;
#216 = LINE ( 'NONE', #4098, #3480 ) ;
#217 = LINE ( 'NONE', #2765, #4939 ) ;
#218 = VERTEX_POINT ( 'NONE', #2802 ) ;
#219 = DIRECTION ( 'NONE',  ( 0.000000000000000000, 0.000000000000000000, -1.000000000000000000 ) ) ;
#220 = DIRECTION ( 'NONE',  ( -0.8660254037844423713, 0.000000000000000000, 0.4999999999999933942 ) ) ;
#221 = ORIENTED_EDGE ( 'NONE', *, *, #854, .F. ) ;
#222 = ADVANCED_FACE ( 'NONE', ( #1085 ), #669, .T. ) ;
#223 = LINE ( 'NONE', #4879, #3255 ) ;
#224 = DIRECTION ( 'NONE',  ( 0.000000000000000000, 1.000000000000000000, 0.000000000000000000 ) ) ;
#225 = CARTESIAN_POINT ( 'NONE',  ( 22.23018100228647853, 2.500000000000000000, -9.107079528758690756 ) ) ;
#226 = ORIENTED_EDGE ( 'NONE', *, *, #523, .F. ) ;
#227 = ORIENTED_EDGE ( 'NONE', *, *, #896, .F. ) ;
#228 = CIRCLE ( 'NONE', #1026, 4.000000000000000888 ) ;
#229 = ORIENTED_EDGE ( 'NONE', *, *, #2960, .T. ) ;
#230 = CARTESIAN_POINT ( 'NONE',  ( 8.749999999999998224, 4.000000000000000000, 18.09999999999999787 ) ) ;
#231 = FACE_BOUND ( 'NONE', #3640, .T. ) ;
#232 = AXIS2_PLACEMENT_3D ( 'NONE', #4413, #2663, #143 ) ;
#233 = DIRECTION ( 'NONE',  ( 0.000000000000000000, 0.000000000000000000, 1.000000000000000000 ) ) ;
#234 = CARTESIAN_POINT ( 'NONE',  ( 19.00000000000001066, 3.500000000000020428, -28.00000000000000355 ) ) ;
#235 = ADVANCED_FACE ( 'NONE', ( #1951 ), #1162, .F. ) ;
#236 = CYLINDRICAL_SURFACE ( 'NONE', #3262, 1.549999999999995826 ) ;
#237 = FILL_AREA_STYLE ('',( #1076 ) ) ;
#238 = VECTOR ( 'NONE', #4476, 1000.000000000000000 ) ;
#239 = EDGE_LOOP ( 'NONE', ( #5121, #4861, #4726, #2421 ) ) ;
#240 = ADVANCED_FACE ( 'NONE', ( #3358 ), #4128, .F. ) ;
#241 = EDGE_CURVE ( 'NONE', #3899, #2938, #2883, .T. ) ;
#242 = CARTESIAN_POINT ( 'NONE',  ( 4.962358909350262692, 2.600000000000000089, 24.23653572772130005 ) ) ;
#243 = DIRECTION ( 'NONE',  ( 0.000000000000000000, -1.000000000000000000, 0.000000000000000000 ) ) ;
#244 = CIRCLE ( 'NONE', #2718, 4.000000000000000000 ) ;
#245 = AXIS2_PLACEMENT_3D ( 'NONE', #2056, #4524, #727 ) ;
#246 = CARTESIAN_POINT ( 'NONE',  ( 27.50000000000002842, 4.000000000000000000, 3.180326372624150547E-15 ) ) ;
#247 = ORIENTED_EDGE ( 'NONE', *, *, #4681, .T. ) ;
#248 = ADVANCED_FACE ( 'NONE', ( #325 ), #2027, .T. ) ;
#249 = DIRECTION ( 'NONE',  ( -0.000000000000000000, -1.000000000000000000, 0.000000000000000000 ) ) ;
#250 = AXIS2_PLACEMENT_3D ( 'NONE', #1463, #3209, #5330 ) ;
#251 = CIRCLE ( 'NONE', #335, 1.100000000000000311 ) ;
#252 = DIRECTION ( 'NONE',  ( 0.000000000000000000, 0.000000000000000000, 1.000000000000000000 ) ) ;
#253 = ORIENTED_EDGE ( 'NONE', *, *, #3267, .T. ) ;
#254 = CYLINDRICAL_SURFACE ( 'NONE', #2099, 0.7500000000000006661 ) ;
#255 = DIRECTION ( 'NONE',  ( 0.000000000000000000, 0.000000000000000000, 1.000000000000000000 ) ) ;
#256 = AXIS2_PLACEMENT_3D ( 'NONE', #4743, #3503, #5189 ) ;
#257 = DIRECTION ( 'NONE',  ( 0.000000000000000000, 0.000000000000000000, -1.000000000000000000 ) ) ;
#258 = ORIENTED_EDGE ( 'NONE', *, *, #556, .F. ) ;
#259 = ORIENTED_EDGE ( 'NONE', *, *, #2645, .T. ) ;
#260 = VERTEX_POINT ( 'NONE', #4568 ) ;
#261 = VERTEX_POINT ( 'NONE', #2083 ) ;
#262 = LINE ( 'NONE', #1933, #3327 ) ;
#263 = DIRECTION ( 'NONE',  ( 0.000000000000000000, 0.000000000000000000, -1.000000000000000000 ) ) ;
#264 = ADVANCED_FACE ( 'NONE', ( #1670 ), #1188, .T. ) ;
#265 = CARTESIAN_POINT ( 'NONE',  ( 7.223141571295758290, 2.600000000000000089, 29.12046713498061123 ) ) ;
#266 = FACE_OUTER_BOUND ( 'NONE', #2093, .T. ) ;
#267 = DIRECTION ( 'NONE',  ( -1.000000000000000000, -0.000000000000000000, 0.000000000000000000 ) ) ;
#268 = DIRECTION ( 'NONE',  ( 6.218820008218743739E-15, 0.000000000000000000, -1.000000000000000000 ) ) ;
#269 = CARTESIAN_POINT ( 'NONE',  ( 4.000000000000000000, 4.000000000000000000, 24.55996122276641103 ) ) ;
#270 = DIRECTION ( 'NONE',  ( 0.000000000000000000, 0.000000000000000000, 1.000000000000000000 ) ) ;
#271 = PLANE ( 'NONE',  #2729 ) ;
#272 = VERTEX_POINT ( 'NONE', #2527 ) ;
#273 = EDGE_CURVE ( 'NONE', #3413, #2865, #3050, .T. ) ;
#274 = DIRECTION ( 'NONE',  ( 0.000000000000000000, 0.000000000000000000, -1.000000000000000000 ) ) ;
#275 = LINE ( 'NONE', #5349, #4376 ) ;
#276 = VERTEX_POINT ( 'NONE', #3717 ) ;
#277 = DIRECTION ( 'NONE',  ( 0.000000000000000000, 1.000000000000000000, 0.000000000000000000 ) ) ;
#278 = EDGE_CURVE ( 'NONE', #1980, #4850, #4722, .T. ) ;
#279 = EDGE_CURVE ( 'NONE', #389, #1207, #4539, .T. ) ;
#280 = CARTESIAN_POINT ( 'NONE',  ( 28.00000000000000711, 2.299999999999999822, -7.795084971874751467 ) ) ;
#281 = DIRECTION ( 'NONE',  ( 0.000000000000000000, 0.000000000000000000, -1.000000000000000000 ) ) ;
#282 = ORIENTED_EDGE ( 'NONE', *, *, #3908, .T. ) ;
#283 = VERTEX_POINT ( 'NONE', #4957 ) ;
#284 = CIRCLE ( 'NONE', #2331, 1.500000000000018652 ) ;
#285 = ORIENTED_EDGE ( 'NONE', *, *, #4618, .T. ) ;
#286 = LINE ( 'NONE', #3315, #3953 ) ;
#287 = DIRECTION ( 'NONE',  ( 0.000000000000000000, 1.000000000000000000, 0.000000000000000000 ) ) ;
#288 = VECTOR ( 'NONE', #3915, 1000.000000000000000 ) ;
#289 = ORIENTED_EDGE ( 'NONE', *, *, #2012, .F. ) ;
#290 = CARTESIAN_POINT ( 'NONE',  ( 8.151858428704230164, 4.000000000000000000, 21.52905191785770000 ) ) ;
#291 = AXIS2_PLACEMENT_3D ( 'NONE', #976, #111, #466 ) ;
#292 = CIRCLE ( 'NONE', #2767, 1.299999999999999156 ) ;
#293 = ADVANCED_FACE ( 'NONE', ( #769 ), #25, .F. ) ;
#294 = CARTESIAN_POINT ( 'NONE',  ( 0.000000000000000000, 4.000000000000000000, -29.50000000000002132 ) ) ;
#295 = AXIS2_PLACEMENT_3D ( 'NONE', #461, #528, #3964 ) ;
#296 = AXIS2_PLACEMENT_3D ( 'NONE', #4650, #4619, #2461 ) ;
#297 = FACE_OUTER_BOUND ( 'NONE', #1008, .T. ) ;
#298 = DIRECTION ( 'NONE',  ( -0.000000000000000000, -1.000000000000000000, -0.000000000000000000 ) ) ;
#299 = AXIS2_PLACEMENT_3D ( 'NONE', #5282, #3704, #2069 ) ;
#300 = CYLINDRICAL_SURFACE ( 'NONE', #3617, 3.249999999999999556 ) ;
#301 = ORIENTED_EDGE ( 'NONE', *, *, #3114, .F. ) ;
#302 = CARTESIAN_POINT ( 'NONE',  ( 19.07623043105870053, 2.500000000000000000, 7.051804871083224846 ) ) ;
#303 = CIRCLE ( 'NONE', #5176, 6.000000000000003553 ) ;
#304 = CARTESIAN_POINT ( 'NONE',  ( 19.00000000000000355, 3.500000000000006661, 27.99999999999999645 ) ) ;
#305 = ORIENTED_EDGE ( 'NONE', *, *, #3821, .F. ) ;
#306 = CARTESIAN_POINT ( 'NONE',  ( 10.79999999999999893, 2.500000000000000000, -6.061637550770937466 ) ) ;
#307 = EDGE_CURVE ( 'NONE', #3613, #4943, #2338, .T. ) ;
#308 = CARTESIAN_POINT ( 'NONE',  ( 26.00000000000001066, 0.000000000000000000, -23.00000000000000355 ) ) ;
#309 = DIRECTION ( 'NONE',  ( 0.000000000000000000, 0.000000000000000000, 1.000000000000000000 ) ) ;
#310 = VERTEX_POINT ( 'NONE', #825 ) ;
#311 = ORIENTED_EDGE ( 'NONE', *, *, #2197, .F. ) ;
#312 = EDGE_CURVE ( 'NONE', #4981, #811, #3739, .T. ) ;
#313 = EDGE_CURVE ( 'NONE', #3205, #537, #652, .T. ) ;
#314 = ORIENTED_EDGE ( 'NONE', *, *, #1099, .F. ) ;
#315 = DIRECTION ( 'NONE',  ( 1.000000000000000000, 0.000000000000000000, 0.000000000000000000 ) ) ;
#316 = CARTESIAN_POINT ( 'NONE',  ( 8.800000000000002487, -0.8612698372208114073, -18.20000000000000284 ) ) ;
#317 = AXIS2_PLACEMENT_3D ( 'NONE', #1372, #444, #3012 ) ;
#318 = PLANE ( 'NONE',  #1551 ) ;
#319 = CARTESIAN_POINT ( 'NONE',  ( 6.531128874149273678, -6.000000000000000000, 28.99999999999999289 ) ) ;
#320 = CARTESIAN_POINT ( 'NONE',  ( 18.49999999999999645, 2.500000000000000000, 20.30726231784357694 ) ) ;
#321 = DIRECTION ( 'NONE',  ( 0.000000000000000000, 0.000000000000000000, -1.000000000000000000 ) ) ;
#322 = DIRECTION ( 'NONE',  ( -0.000000000000000000, -1.000000000000000000, -0.000000000000000000 ) ) ;
#323 = ORIENTED_EDGE ( 'NONE', *, *, #3336, .T. ) ;
#324 = EDGE_LOOP ( 'NONE', ( #2539, #864, #1486, #474 ) ) ;
#325 = FACE_OUTER_BOUND ( 'NONE', #3474, .T. ) ;
#326 = CARTESIAN_POINT ( 'NONE',  ( 28.00000000000000711, 3.500000000000006661, -3.749999999999997335 ) ) ;
#327 = VECTOR ( 'NONE', #156, 1000.000000000000000 ) ;
#328 = VECTOR ( 'NONE', #4351, 1000.000000000000000 ) ;
#329 = ORIENTED_EDGE ( 'NONE', *, *, #4248, .T. ) ;
#330 = CARTESIAN_POINT ( 'NONE',  ( 13.50000000000001066, 4.000000000000000000, -29.29508497187473992 ) ) ;
#331 = CARTESIAN_POINT ( 'NONE',  ( 20.69881374351695769, 2.500000000000000000, -0.5346000417609658717 ) ) ;
#332 = CARTESIAN_POINT ( 'NONE',  ( 16.00000000000001066, 4.000000000000000000, 26.49999999999999289 ) ) ;
#333 = CIRCLE ( 'NONE', #158, 6.000000000000003553 ) ;
#334 = ORIENTED_EDGE ( 'NONE', *, *, #4578, .T. ) ;
#335 = AXIS2_PLACEMENT_3D ( 'NONE', #1724, #2079, #2525 ) ;
#336 = ORIENTED_EDGE ( 'NONE', *, *, #3531, .F. ) ;
#337 = VERTEX_POINT ( 'NONE', #3797 ) ;
#338 = ORIENTED_EDGE ( 'NONE', *, *, #1177, .F. ) ;
#339 = VECTOR ( 'NONE', #3013, 1000.000000000000000 ) ;
#340 = DIRECTION ( 'NONE',  ( -0.7660444431189746828, 0.000000000000000000, -0.6427876096865432487 ) ) ;
#341 = CIRCLE ( 'NONE', #4761, 2.999999999999999112 ) ;
#342 = LINE ( 'NONE', #3316, #524 ) ;
#343 = ORIENTED_EDGE ( 'NONE', *, *, #2404, .T. ) ;
#344 = ADVANCED_FACE ( 'NONE', ( #1273 ), #855, .T. ) ;
#345 = ADVANCED_FACE ( 'NONE', ( #1217 ), #3277, .T. ) ;
#346 = ORIENTED_EDGE ( 'NONE', *, *, #1610, .T. ) ;
#347 = CARTESIAN_POINT ( 'NONE',  ( 8.749999999999998224, -0.8612698372208114073, 18.09999999999999787 ) ) ;
#348 = DIRECTION ( 'NONE',  ( -1.000000000000000000, 0.000000000000000000, -1.508455196501568866E-15 ) ) ;
#349 = EDGE_CURVE ( 'NONE', #1980, #4810, #2971, .T. ) ;
#350 = ADVANCED_FACE ( 'NONE', ( #52 ), #995, .T. ) ;
#351 = DIRECTION ( 'NONE',  ( 0.000000000000000000, 0.000000000000000000, -1.000000000000000000 ) ) ;
#352 = DIRECTION ( 'NONE',  ( -0.000000000000000000, 1.000000000000000000, -0.000000000000000000 ) ) ;
#353 = CARTESIAN_POINT ( 'NONE',  ( 13.50000000000001243, 4.000000000000000000, 29.99999999999999645 ) ) ;
#354 = ORIENTED_EDGE ( 'NONE', *, *, #5117, .F. ) ;
#355 = ORIENTED_EDGE ( 'NONE', *, *, #631, .T. ) ;
#356 = DIRECTION ( 'NONE',  ( -0.000000000000000000, 0.7071067811865475727, 0.7071067811865475727 ) ) ;
#357 = DIRECTION ( 'NONE',  ( 0.000000000000000000, 0.000000000000000000, -1.000000000000000000 ) ) ;
#358 = ORIENTED_EDGE ( 'NONE', *, *, #3580, .T. ) ;
#359 = DIRECTION ( 'NONE',  ( 0.000000000000000000, 1.000000000000000000, 0.000000000000000000 ) ) ;
#360 = CYLINDRICAL_SURFACE ( 'NONE', #4685, 1.549999999999997602 ) ;
#361 = LINE ( 'NONE', #1197, #1893 ) ;
#362 = ORIENTED_EDGE ( 'NONE', *, *, #3909, .T. ) ;
#363 = EDGE_LOOP ( 'NONE', ( #2741, #5053, #546, #2478 ) ) ;
#364 = ORIENTED_EDGE ( 'NONE', *, *, #3623, .F. ) ;
#365 = ORIENTED_EDGE ( 'NONE', *, *, #3334, .F. ) ;
#366 = CYLINDRICAL_SURFACE ( 'NONE', #4817, 2.200000000000000622 ) ;
#367 = CARTESIAN_POINT ( 'NONE',  ( 13.50000000000001066, 4.000000000000000000, 29.29508497187472926 ) ) ;
#368 = DIRECTION ( 'NONE',  ( 1.508455196501570246E-15, 0.000000000000000000, -1.000000000000000000 ) ) ;
#369 = ORIENTED_EDGE ( 'NONE', *, *, #2521, .F. ) ;
#370 = CARTESIAN_POINT ( 'NONE',  ( 7.000000000000003553, 1.000000000000000000, -25.00000000000000000 ) ) ;
#371 = CARTESIAN_POINT ( 'NONE',  ( 16.00000000000001066, 2.299999999999999822, 23.24999999999999289 ) ) ;
#372 = VECTOR ( 'NONE', #3581, 1000.000000000000000 ) ;
#373 = CARTESIAN_POINT ( 'NONE',  ( 4.000000000000000000, 4.000000000000000000, 26.96887112585072188 ) ) ;
#374 = VECTOR ( 'NONE', #2626, 1000.000000000000000 ) ;
#375 = EDGE_CURVE ( 'NONE', #5208, #630, #5425, .T. ) ;
#376 = DIRECTION ( 'NONE',  ( -0.000000000000000000, -1.000000000000000000, -0.000000000000000000 ) ) ;
#377 = EDGE_CURVE ( 'NONE', #3547, #4194, #1782, .T. ) ;
#378 = DIRECTION ( 'NONE',  ( 0.7071067811865474617, 0.7071067811865474617, 0.000000000000000000 ) ) ;
#379 = AXIS2_PLACEMENT_3D ( 'NONE', #3084, #551, #2249 ) ;
#380 = VERTEX_POINT ( 'NONE', #3515 ) ;
#381 = VERTEX_POINT ( 'NONE', #882 ) ;
#382 = DIRECTION ( 'NONE',  ( -0.000000000000000000, 1.000000000000000000, -0.000000000000000000 ) ) ;
#383 = DIRECTION ( 'NONE',  ( 0.000000000000000000, 1.000000000000000000, 0.000000000000000000 ) ) ;
#384 = VECTOR ( 'NONE', #1291, 1000.000000000000114 ) ;
#385 = VERTEX_POINT ( 'NONE', #3027 ) ;
#386 = FACE_OUTER_BOUND ( 'NONE', #1171, .T. ) ;
#387 = LINE ( 'NONE', #1619, #3712 ) ;
#388 = CONICAL_SURFACE ( 'NONE', #4729, 3.499999999999978684, 0.7853981633974473908 ) ;
#389 = VERTEX_POINT ( 'NONE', #1809 ) ;
#390 = ORIENTED_EDGE ( 'NONE', *, *, #2124, .T. ) ;
#391 = ORIENTED_EDGE ( 'NONE', *, *, #4080, .T. ) ;
#392 = DIRECTION ( 'NONE',  ( -0.000000000000000000, -1.000000000000000000, -0.000000000000000000 ) ) ;
#393 = CONICAL_SURFACE ( 'NONE', #1907, 0.5000000000000004441, 0.7853981633974482790 ) ;
#394 = DIRECTION ( 'NONE',  ( 0.000000000000000000, 1.000000000000000000, 0.000000000000000000 ) ) ;
#395 = CARTESIAN_POINT ( 'NONE',  ( 21.00000000000000355, 3.500000000000006661, 26.00000000000000000 ) ) ;
#396 = VERTEX_POINT ( 'NONE', #460 ) ;
#397 = DIRECTION ( 'NONE',  ( 0.000000000000000000, 0.000000000000000000, -1.000000000000000000 ) ) ;
#398 = CARTESIAN_POINT ( 'NONE',  ( 2.499999999999999556, 4.000000000000000000, 30.99999999999999645 ) ) ;
#399 = DIRECTION ( 'NONE',  ( 1.000000000000000000, 0.000000000000000000, 0.000000000000000000 ) ) ;
#400 = AXIS2_PLACEMENT_3D ( 'NONE', #839, #5132, #2536 ) ;
#401 = LINE ( 'NONE', #2049, #2250 ) ;
#402 = LINE ( 'NONE', #3880, #3709 ) ;
#403 = ADVANCED_FACE ( 'NONE', ( #2654 ), #2247, .T. ) ;
#404 = EDGE_CURVE ( 'NONE', #4525, #1035, #2161, .T. ) ;
#405 = ORIENTED_EDGE ( 'NONE', *, *, #4934, .T. ) ;
#406 = DIRECTION ( 'NONE',  ( 0.000000000000000000, 0.000000000000000000, -1.000000000000000000 ) ) ;
#407 = CARTESIAN_POINT ( 'NONE',  ( 18.00000000000001066, 2.299999999999999822, 29.29508497187473282 ) ) ;
#408 = VECTOR ( 'NONE', #2689, 1000.000000000000000 ) ;
#409 = ORIENTED_EDGE ( 'NONE', *, *, #3623, .T. ) ;
#410 = DIRECTION ( 'NONE',  ( 0.000000000000000000, 1.000000000000000000, 0.000000000000000000 ) ) ;
#411 = LINE ( 'NONE', #4661, #3612 ) ;
#412 = ORIENTED_EDGE ( 'NONE', *, *, #786, .T. ) ;
#413 = ORIENTED_EDGE ( 'NONE', *, *, #2630, .F. ) ;
#414 = VECTOR ( 'NONE', #4227, 1000.000000000000000 ) ;
#415 = EDGE_LOOP ( 'NONE', ( #4253, #1124, #1030, #4605 ) ) ;
#416 = CARTESIAN_POINT ( 'NONE',  ( 12.94999999999999751, 0.000000000000000000, 22.99999999999999645 ) ) ;
#417 = DIRECTION ( 'NONE',  ( 0.000000000000000000, 0.000000000000000000, -1.000000000000000000 ) ) ;
#418 = ORIENTED_EDGE ( 'NONE', *, *, #901, .T. ) ;
#419 = VECTOR ( 'NONE', #2887, 1000.000000000000000 ) ;
#420 = ORIENTED_EDGE ( 'NONE', *, *, #5005, .T. ) ;
#421 = VECTOR ( 'NONE', #4217, 1000.000000000000000 ) ;
#422 = ORIENTED_EDGE ( 'NONE', *, *, #3905, .T. ) ;
#423 = PLANE ( 'NONE',  #3676 ) ;
#424 = CIRCLE ( 'NONE', #964, 2.000000000000001776 ) ;
#425 = AXIS2_PLACEMENT_3D ( 'NONE', #3161, #3960, #4808 ) ;
#426 = CARTESIAN_POINT ( 'NONE',  ( 16.29999999999999361, 0.000000000000000000, 22.50726231784357623 ) ) ;
#427 = FACE_OUTER_BOUND ( 'NONE', #5129, .T. ) ;
#428 = ADVANCED_FACE ( 'NONE', ( #2276 ), #3000, .F. ) ;
#429 = CIRCLE ( 'NONE', #1321, 1.100000000000000311 ) ;
#430 = FACE_BOUND ( 'NONE', #3914, .T. ) ;
#431 = FACE_OUTER_BOUND ( 'NONE', #166, .T. ) ;
#432 = CARTESIAN_POINT ( 'NONE',  ( 28.00000000000001066, 3.500000000000020428, -21.00000000000000711 ) ) ;
#433 = ORIENTED_EDGE ( 'NONE', *, *, #139, .F. ) ;
#434 = CARTESIAN_POINT ( 'NONE',  ( 11.49999999999999289, 0.000000000000000000, 2.000000000000000000 ) ) ;
#435 = DIRECTION ( 'NONE',  ( 0.7071067811865500152, -0.7071067811865451302, 0.000000000000000000 ) ) ;
#436 = EDGE_LOOP ( 'NONE', ( #2635, #1698, #1730, #530 ) ) ;
#437 = DIRECTION ( 'NONE',  ( 0.000000000000000000, 0.000000000000000000, -1.000000000000000000 ) ) ;
#438 = PLANE ( 'NONE',  #1136 ) ;
#439 = ORIENTED_EDGE ( 'NONE', *, *, #4547, .F. ) ;
#440 = EDGE_LOOP ( 'NONE', ( #1625, #1793, #4196, #1347, #365, #1216, #4663, #3607 ) ) ;
#441 = ADVANCED_FACE ( 'NONE', ( #1389 ), #549, .F. ) ;
#442 = EDGE_CURVE ( 'NONE', #5357, #3613, #944, .T. ) ;
#443 = ORIENTED_EDGE ( 'NONE', *, *, #1576, .F. ) ;
#444 = DIRECTION ( 'NONE',  ( -0.000000000000000000, -1.000000000000000000, 0.000000000000000000 ) ) ;
#445 = DIRECTION ( 'NONE',  ( -0.000000000000000000, -1.000000000000000000, -0.000000000000000000 ) ) ;
#446 = ORIENTED_EDGE ( 'NONE', *, *, #2406, .T. ) ;
#447 = CARTESIAN_POINT ( 'NONE',  ( 4.500000000000000000, 0.000000000000000000, 26.96887112585072188 ) ) ;
#448 = EDGE_LOOP ( 'NONE', ( #758, #912 ) ) ;
#449 = DIRECTION ( 'NONE',  ( 0.000000000000000000, 0.000000000000000000, 1.000000000000000000 ) ) ;
#450 = EDGE_CURVE ( 'NONE', #5131, #745, #2071, .T. ) ;
#451 = CARTESIAN_POINT ( 'NONE',  ( 16.00000000000001066, 4.000000000000000000, -26.50000000000000355 ) ) ;
#452 = ORIENTED_EDGE ( 'NONE', *, *, #1339, .F. ) ;
#453 = UNCERTAINTY_MEASURE_WITH_UNIT (LENGTH_MEASURE( 1.000000000000000082E-05 ), #3668, 'distance_accuracy_value', 'NONE');
#454 = DIRECTION ( 'NONE',  ( -0.7071067811865475727, 0.7071067811865475727, 0.000000000000000000 ) ) ;
#455 = CARTESIAN_POINT ( 'NONE',  ( 23.00000000000001066, 0.000000000000000000, 13.44999999999999929 ) ) ;
#456 = EDGE_CURVE ( 'NONE', #1371, #2240, #2193, .T. ) ;
#457 = VECTOR ( 'NONE', #1243, 1000.000000000000000 ) ;
#458 = CARTESIAN_POINT ( 'NONE',  ( 18.50000000000001066, 2.299999999999999822, -29.29508497187474347 ) ) ;
#459 = ORIENTED_EDGE ( 'NONE', *, *, #4560, .F. ) ;
#460 = CARTESIAN_POINT ( 'NONE',  ( 9.500000000000007105, 4.000000000000000000, -28.05000000000000071 ) ) ;
#461 = CARTESIAN_POINT ( 'NONE',  ( 4.500000000000000000, -6.000000000000000000, 26.96887112585072188 ) ) ;
#462 = VERTEX_POINT ( 'NONE', #3083 ) ;
#463 = MECHANICAL_DESIGN_GEOMETRIC_PRESENTATION_REPRESENTATION (  '', ( #4801 ), #3135 ) ;
#464 = AXIS2_PLACEMENT_3D ( 'NONE', #577, #3963, #3407 ) ;
#465 = CARTESIAN_POINT ( 'NONE',  ( 20.49036317236908999, 2.500000000000000000, 5.366507096221478257 ) ) ;
#466 = DIRECTION ( 'NONE',  ( 1.000000000000000000, 0.000000000000000000, 0.000000000000000000 ) ) ;
#467 = VERTEX_POINT ( 'NONE', #3112 ) ;
#468 = ORIENTED_EDGE ( 'NONE', *, *, #5104, .F. ) ;
#469 = AXIS2_PLACEMENT_3D ( 'NONE', #3271, #5032, #5483 ) ;
#470 = EDGE_CURVE ( 'NONE', #4497, #3101, #4454, .T. ) ;
#471 = ORIENTED_EDGE ( 'NONE', *, *, #2345, .F. ) ;
#472 = CARTESIAN_POINT ( 'NONE',  ( 26.00000000000000355, 4.000000000000000000, 20.99999999999999645 ) ) ;
#473 = CARTESIAN_POINT ( 'NONE',  ( 20.49036317236908999, 2.500000000000000000, 7.566507096221478434 ) ) ;
#474 = ORIENTED_EDGE ( 'NONE', *, *, #2490, .F. ) ;
#475 = CARTESIAN_POINT ( 'NONE',  ( 25.00000000000001066, 2.299999999999999822, -5.000000000000007994 ) ) ;
#476 = ORIENTED_EDGE ( 'NONE', *, *, #850, .F. ) ;
#477 = EDGE_CURVE ( 'NONE', #2051, #2812, #819, .T. ) ;
#478 = ADVANCED_FACE ( 'NONE', ( #3884 ), #3938, .F. ) ;
#479 = ORIENTED_EDGE ( 'NONE', *, *, #3598, .F. ) ;
#480 = FACE_OUTER_BOUND ( 'NONE', #4766, .T. ) ;
#481 = AXIS2_PLACEMENT_3D ( 'NONE', #4495, #3250, #5318 ) ;
#482 = ORIENTED_EDGE ( 'NONE', *, *, #5203, .T. ) ;
#483 = LINE ( 'NONE', #97, #3039 ) ;
#484 = DIRECTION ( 'NONE',  ( -0.000000000000000000, 1.000000000000000000, -0.000000000000000000 ) ) ;
#485 = VECTOR ( 'NONE', #1960, 1000.000000000000000 ) ;
#486 = ORIENTED_EDGE ( 'NONE', *, *, #1696, .T. ) ;
#487 = DIRECTION ( 'NONE',  ( 0.000000000000000000, 0.000000000000000000, 1.000000000000000000 ) ) ;
#488 = DIRECTION ( 'NONE',  ( -0.8191520442889930198, 0.000000000000000000, 0.5735764363510442720 ) ) ;
#489 = ADVANCED_FACE ( 'NONE', ( #4374 ), #1300, .F. ) ;
#490 = CARTESIAN_POINT ( 'NONE',  ( 7.514312158959314480, 4.000000000000000000, 18.69999999999999929 ) ) ;
#491 = VERTEX_POINT ( 'NONE', #5090 ) ;
#492 = DIRECTION ( 'NONE',  ( 0.000000000000000000, 0.000000000000000000, -1.000000000000000000 ) ) ;
#493 = AXIS2_PLACEMENT_3D ( 'NONE', #4717, #4223, #1762 ) ;
#494 = DIRECTION ( 'NONE',  ( -0.000000000000000000, -1.000000000000000000, 0.000000000000000000 ) ) ;
#495 = ORIENTED_EDGE ( 'NONE', *, *, #1061, .F. ) ;
#496 = CARTESIAN_POINT ( 'NONE',  ( 8.749999999999966249, 4.000000000000000000, 1.319898296938867541E-14 ) ) ;
#497 = EDGE_CURVE ( 'NONE', #2144, #3501, #2955, .T. ) ;
#498 = VERTEX_POINT ( 'NONE', #1555 ) ;
#499 = CARTESIAN_POINT ( 'NONE',  ( 22.90673953227155479, 2.500000000000000000, -1.020975544904873411 ) ) ;
#500 = EDGE_CURVE ( 'NONE', #16, #5468, #292, .T. ) ;
#501 = ORIENTED_EDGE ( 'NONE', *, *, #3479, .F. ) ;
#502 = LINE ( 'NONE', #2204, #942 ) ;
#503 = CARTESIAN_POINT ( 'NONE',  ( 9.500000000000000000, 4.000000000000000000, -22.70000000000000284 ) ) ;
#504 = VERTEX_POINT ( 'NONE', #2763 ) ;
#505 = DIRECTION ( 'NONE',  ( 0.000000000000000000, 0.000000000000000000, -1.000000000000000000 ) ) ;
#506 = AXIS2_PLACEMENT_3D ( 'NONE', #4456, #4612, #809 ) ;
#507 = ORIENTED_EDGE ( 'NONE', *, *, #1850, .T. ) ;
#508 = EDGE_CURVE ( 'NONE', #2227, #3855, #3478, .T. ) ;
#509 = EDGE_LOOP ( 'NONE', ( #618, #2347, #3935, #4705 ) ) ;
#510 = CARTESIAN_POINT ( 'NONE',  ( 25.00000000000001066, 0.000000000000000000, -5.000000000000007994 ) ) ;
#511 = ORIENTED_EDGE ( 'NONE', *, *, #2548, .F. ) ;
#512 = VECTOR ( 'NONE', #2395, 1000.000000000000000 ) ;
#513 = DIRECTION ( 'NONE',  ( -0.000000000000000000, -1.000000000000000000, 0.000000000000000000 ) ) ;
#514 = CIRCLE ( 'NONE', #5207, 1.549999999999997602 ) ;
#515 = ADVANCED_FACE ( 'NONE', ( #161 ), #2306, .F. ) ;
#516 = PLANE ( 'NONE',  #3264 ) ;
#517 = ADVANCED_FACE ( 'NONE', ( #4515 ), #1944, .T. ) ;
#518 = VECTOR ( 'NONE', #4009, 1000.000000000000000 ) ;
#519 = AXIS2_PLACEMENT_3D ( 'NONE', #3080, #4835, #1861 ) ;
#520 = DIRECTION ( 'NONE',  ( -0.000000000000000000, -1.000000000000000000, 0.000000000000000000 ) ) ;
#521 = CARTESIAN_POINT ( 'NONE',  ( 15.84133582938291163, 0.000000000000000000, -2.260610662395256654 ) ) ;
#522 = EDGE_CURVE ( 'NONE', #2139, #4943, #2794, .T. ) ;
#523 = EDGE_CURVE ( 'NONE', #1542, #5357, #2796, .T. ) ;
#524 = VECTOR ( 'NONE', #4997, 1000.000000000000000 ) ;
#525 = DIRECTION ( 'NONE',  ( 0.000000000000000000, 0.000000000000000000, -1.000000000000000000 ) ) ;
#526 = ORIENTED_EDGE ( 'NONE', *, *, #5021, .T. ) ;
#527 = DIRECTION ( 'NONE',  ( 0.000000000000000000, 0.000000000000000000, -1.000000000000000000 ) ) ;
#528 = DIRECTION ( 'NONE',  ( 0.000000000000000000, 1.000000000000000000, 0.000000000000000000 ) ) ;
#529 = LINE ( 'NONE', #2226, #4503 ) ;
#530 = ORIENTED_EDGE ( 'NONE', *, *, #971, .T. ) ;
#531 = CARTESIAN_POINT ( 'NONE',  ( 7.000000000000003553, 1.000000000000000000, -27.65000000000000213 ) ) ;
#532 = ORIENTED_EDGE ( 'NONE', *, *, #3791, .T. ) ;
#533 = EDGE_CURVE ( 'NONE', #636, #4912, #3600, .T. ) ;
#534 = FACE_OUTER_BOUND ( 'NONE', #3810, .T. ) ;
#535 = LINE ( 'NONE', #91, #2028 ) ;
#536 = DIRECTION ( 'NONE',  ( -0.000000000000000000, -1.000000000000000000, 0.000000000000000000 ) ) ;
#537 = VERTEX_POINT ( 'NONE', #1472 ) ;
#538 = VERTEX_POINT ( 'NONE', #3627 ) ;
#539 = VERTEX_POINT ( 'NONE', #3163 ) ;
#540 = DIRECTION ( 'NONE',  ( 0.000000000000000000, 1.000000000000000000, 0.000000000000000000 ) ) ;
#541 = CARTESIAN_POINT ( 'NONE',  ( 8.526858428704224835, 2.600000000000000089, 22.17857097069603611 ) ) ;
#542 = DIRECTION ( 'NONE',  ( -0.000000000000000000, -1.000000000000000000, -0.000000000000000000 ) ) ;
#543 = DIRECTION ( 'NONE',  ( 0.000000000000000000, 0.000000000000000000, -1.000000000000000000 ) ) ;
#544 = CARTESIAN_POINT ( 'NONE',  ( 7.000000000000003553, 1.000000000000000000, -22.35000000000000142 ) ) ;
#545 = DIRECTION ( 'NONE',  ( -0.4999999999999938383, 0.000000000000000000, -0.8660254037844422603 ) ) ;
#546 = ORIENTED_EDGE ( 'NONE', *, *, #1863, .T. ) ;
#547 = ADVANCED_FACE ( 'NONE', ( #4046 ), #1529, .F. ) ;
#548 = EDGE_CURVE ( 'NONE', #3771, #4668, #1864, .T. ) ;
#549 = CYLINDRICAL_SURFACE ( 'NONE', #3839, 25.00000000000000711 ) ;
#550 = AXIS2_PLACEMENT_3D ( 'NONE', #4265, #4703, #543 ) ;
#551 = DIRECTION ( 'NONE',  ( 0.000000000000000000, 1.000000000000000000, 0.000000000000000000 ) ) ;
#552 = LINE ( 'NONE', #165, #2018 ) ;
#553 = VECTOR ( 'NONE', #4406, 1000.000000000000000 ) ;
#554 = VERTEX_POINT ( 'NONE', #215 ) ;
#555 = CARTESIAN_POINT ( 'NONE',  ( 4.499999999999997335, 0.000000000000000000, -30.00000000000000355 ) ) ;
#556 = EDGE_CURVE ( 'NONE', #2319, #5439, #3139, .T. ) ;
#557 = ORIENTED_EDGE ( 'NONE', *, *, #3167, .F. ) ;
#558 = CARTESIAN_POINT ( 'NONE',  ( 19.00000000000000355, 4.000000000000000000, 27.99999999999999645 ) ) ;
#559 = DIRECTION ( 'NONE',  ( 0.000000000000000000, 0.000000000000000000, -1.000000000000000000 ) ) ;
#560 = CARTESIAN_POINT ( 'NONE',  ( 16.00000000000001066, 2.500000000000000000, -22.50000000000000355 ) ) ;
#561 = CIRCLE ( 'NONE', #5338, 2.200000000000000178 ) ;
#562 = VECTOR ( 'NONE', #2330, 1000.000000000000000 ) ;
#563 = VERTEX_POINT ( 'NONE', #4900 ) ;
#564 = EDGE_LOOP ( 'NONE', ( #1261, #11, #1327, #1452, #4739, #5000 ) ) ;
#565 = EDGE_LOOP ( 'NONE', ( #4435, #2599, #362, #3310 ) ) ;
#566 = DIRECTION ( 'NONE',  ( 0.000000000000000000, 1.000000000000000000, 0.000000000000000000 ) ) ;
#567 = AXIS2_PLACEMENT_3D ( 'NONE', #5029, #1240, #1127 ) ;
#568 = CARTESIAN_POINT ( 'NONE',  ( 20.49036317236908999, 0.000000000000000000, 7.566507096221478434 ) ) ;
#569 = AXIS2_PLACEMENT_3D ( 'NONE', #3857, #4375, #3464 ) ;
#570 = PRODUCT_DEFINITION ( '未知', '', #4364, #3292 ) ;
#571 = DIRECTION ( 'NONE',  ( 0.000000000000000000, 1.000000000000000000, 0.000000000000000000 ) ) ;
#572 = CARTESIAN_POINT ( 'NONE',  ( 21.00000000000001066, 3.500000000000020428, -26.00000000000000355 ) ) ;
#573 = CARTESIAN_POINT ( 'NONE',  ( 24.00000000000001066, 4.000000000000000000, -22.50000000000002487 ) ) ;
#574 = AXIS2_PLACEMENT_3D ( 'NONE', #593, #2697, #3102 ) ;
#575 = DIRECTION ( 'NONE',  ( 0.000000000000000000, 1.000000000000000000, 0.000000000000000000 ) ) ;
#576 = ORIENTED_EDGE ( 'NONE', *, *, #1128, .T. ) ;
#577 = CARTESIAN_POINT ( 'NONE',  ( 25.00000000000001066, 2.299999999999999822, -5.000000000000007994 ) ) ;
#578 = CARTESIAN_POINT ( 'NONE',  ( 15.84901771537212589, 0.000000000000000000, -2.751693672147772052 ) ) ;
#579 = EDGE_CURVE ( 'NONE', #955, #498, #1133, .T. ) ;
#580 = EDGE_CURVE ( 'NONE', #1255, #3037, #2386, .T. ) ;
#581 = CARTESIAN_POINT ( 'NONE',  ( 14.00000000000001066, 2.299999999999999822, -29.50000000000000355 ) ) ;
#582 = AXIS2_PLACEMENT_3D ( 'NONE', #4583, #4507, #4995 ) ;
#583 = ORIENTED_EDGE ( 'NONE', *, *, #5265, .F. ) ;
#584 = EDGE_CURVE ( 'NONE', #1290, #1051, #3569, .T. ) ;
#585 = CARTESIAN_POINT ( 'NONE',  ( 19.00000000000000355, 3.500000000000006661, 29.99999999999999645 ) ) ;
#586 = ORIENTED_EDGE ( 'NONE', *, *, #4442, .T. ) ;
#587 = DIRECTION ( 'NONE',  ( -0.000000000000000000, -1.000000000000000000, 0.000000000000000000 ) ) ;
#588 = DIRECTION ( 'NONE',  ( 0.000000000000000000, 0.000000000000000000, -1.000000000000000000 ) ) ;
#589 = DIRECTION ( 'NONE',  ( -1.000000000000000000, 0.000000000000000000, 0.000000000000000000 ) ) ;
#590 = ORIENTED_EDGE ( 'NONE', *, *, #4746, .T. ) ;
#591 = EDGE_LOOP ( 'NONE', ( #3777, #3019, #259, #3849 ) ) ;
#592 = ORIENTED_EDGE ( 'NONE', *, *, #3715, .T. ) ;
#593 = CARTESIAN_POINT ( 'NONE',  ( 13.50000000000001066, 2.299999999999999822, -29.29508497187473992 ) ) ;
#594 = DIRECTION ( 'NONE',  ( 0.000000000000000000, 0.000000000000000000, -1.000000000000000000 ) ) ;
#595 = EDGE_CURVE ( 'NONE', #4133, #5390, #605, .T. ) ;
#596 = LINE ( 'NONE', #655, #3230 ) ;
#597 = CIRCLE ( 'NONE', #4756, 0.7500000000000006661 ) ;
#598 = FACE_OUTER_BOUND ( 'NONE', #5440, .T. ) ;
#599 = CARTESIAN_POINT ( 'NONE',  ( 16.19354838709677225, 2.500000000000000000, 22.50468536635069228 ) ) ;
#600 = DIRECTION ( 'NONE',  ( 0.000000000000000000, 1.000000000000000000, 0.000000000000000000 ) ) ;
#601 = VECTOR ( 'NONE', #181, 1000.000000000000000 ) ;
#602 = VECTOR ( 'NONE', #5128, 1000.000000000000000 ) ;
#603 = EDGE_CURVE ( 'NONE', #1282, #2865, #4018, .T. ) ;
#604 = ORIENTED_EDGE ( 'NONE', *, *, #2662, .F. ) ;
#605 = LINE ( 'NONE', #5263, #562 ) ;
#606 = CARTESIAN_POINT ( 'NONE',  ( 27.50000000000000711, 2.299999999999999822, -2.704915028125265852 ) ) ;
#607 = AXIS2_PLACEMENT_3D ( 'NONE', #4611, #2482, #3699 ) ;
#608 = DIRECTION ( 'NONE',  ( 0.000000000000000000, 0.000000000000000000, 1.000000000000000000 ) ) ;
#609 = ORIENTED_EDGE ( 'NONE', *, *, #1788, .F. ) ;
#610 = VECTOR ( 'NONE', #801, 1000.000000000000000 ) ;
#611 = ORIENTED_EDGE ( 'NONE', *, *, #1743, .F. ) ;
#612 = CARTESIAN_POINT ( 'NONE',  ( 17.36822456684302907, 0.000000000000000000, 0.7494239594891117795 ) ) ;
#613 = CARTESIAN_POINT ( 'NONE',  ( 11.73531754730534793, 4.000000000000000000, 20.32616623488780050 ) ) ;
#614 = VERTEX_POINT ( 'NONE', #3191 ) ;
#615 = CARTESIAN_POINT ( 'NONE',  ( 15.84901771537212589, 2.500000000000000000, -2.751693672147772052 ) ) ;
#616 = DIRECTION ( 'NONE',  ( -0.000000000000000000, 1.000000000000000000, -0.000000000000000000 ) ) ;
#617 = LINE ( 'NONE', #2315, #4101 ) ;
#618 = ORIENTED_EDGE ( 'NONE', *, *, #1187, .F. ) ;
#619 = ORIENTED_EDGE ( 'NONE', *, *, #4177, .F. ) ;
#620 = EDGE_CURVE ( 'NONE', #4655, #1201, #3846, .T. ) ;
#621 = EDGE_LOOP ( 'NONE', ( #5321, #5374, #3740, #4797, #1112, #3450, #4093, #2210, #413, #1116, #2614 ) ) ;
#622 = ORIENTED_EDGE ( 'NONE', *, *, #5082, .F. ) ;
#623 = DIRECTION ( 'NONE',  ( -2.602085213965208275E-15, 0.000000000000000000, -1.000000000000000000 ) ) ;
#624 = CARTESIAN_POINT ( 'NONE',  ( 20.49036317236908999, 2.500000000000000000, 5.366507096221478257 ) ) ;
#625 = DIRECTION ( 'NONE',  ( -0.000000000000000000, -1.000000000000000000, -0.000000000000000000 ) ) ;
#626 = CARTESIAN_POINT ( 'NONE',  ( 28.00000000000000355, 0.000000000000000000, 23.00000000000000000 ) ) ;
#627 = ADVANCED_FACE ( 'NONE', ( #3375 ), #2871, .F. ) ;
#628 = DIRECTION ( 'NONE',  ( 0.000000000000000000, 0.000000000000000000, -1.000000000000000000 ) ) ;
#629 = CARTESIAN_POINT ( 'NONE',  ( 14.22677197410524208, 2.500000000000000000, 7.344596766944555988 ) ) ;
#630 = VERTEX_POINT ( 'NONE', #1694 ) ;
#631 = EDGE_CURVE ( 'NONE', #23, #955, #3664, .T. ) ;
#632 = DIRECTION ( 'NONE',  ( 0.000000000000000000, 0.000000000000000000, -1.000000000000000000 ) ) ;
#633 = DIRECTION ( 'NONE',  ( 0.7071067811865474617, -0.7071067811865474617, 0.000000000000000000 ) ) ;
#634 = CARTESIAN_POINT ( 'NONE',  ( 14.62797097206541075, 2.500000000000000000, -22.74266898630093792 ) ) ;
#635 = AXIS2_PLACEMENT_3D ( 'NONE', #3483, #129, #4344 ) ;
#636 = VERTEX_POINT ( 'NONE', #1268 ) ;
#637 = DIRECTION ( 'NONE',  ( 0.000000000000000000, 1.000000000000000000, 0.000000000000000000 ) ) ;
#638 = DIRECTION ( 'NONE',  ( 0.000000000000000000, 0.000000000000000000, -1.000000000000000000 ) ) ;
#639 = ORIENTED_EDGE ( 'NONE', *, *, #2012, .T. ) ;
#640 = CARTESIAN_POINT ( 'NONE',  ( 27.50000000000002132, 4.000000000000000000, -2.704915028125264520 ) ) ;
#641 = AXIS2_PLACEMENT_3D ( 'NONE', #1909, #682, #4426 ) ;
#642 = LINE ( 'NONE', #4880, #3185 ) ;
#643 = LINE ( 'NONE', #3121, #2015 ) ;
#644 = ORIENTED_EDGE ( 'NONE', *, *, #2521, .T. ) ;
#645 = ORIENTED_EDGE ( 'NONE', *, *, #579, .T. ) ;
#646 = AXIS2_PLACEMENT_3D ( 'NONE', #1588, #249, #4519 ) ;
#647 = ORIENTED_EDGE ( 'NONE', *, *, #1352, .F. ) ;
#648 = CARTESIAN_POINT ( 'NONE',  ( 18.49999999999999645, 0.000000000000000000, 20.30726231784357694 ) ) ;
#649 = CARTESIAN_POINT ( 'NONE',  ( 26.00000000000001066, 3.500000000000020428, -21.00000000000000355 ) ) ;
#650 = AXIS2_PLACEMENT_3D ( 'NONE', #793, #3711, #321 ) ;
#651 = AXIS2_PLACEMENT_3D ( 'NONE', #4633, #4988, #1597 ) ;
#652 = CIRCLE ( 'NONE', #2245, 4.000000000000000000 ) ;
#653 = ADVANCED_FACE ( 'NONE', ( #3762 ), #1812, .F. ) ;
#654 = ADVANCED_FACE ( 'NONE', ( #741 ), #4594, .T. ) ;
#655 = CARTESIAN_POINT ( 'NONE',  ( 14.00000000000001066, 2.299999999999999822, -29.06173769148989550 ) ) ;
#656 = AXIS2_PLACEMENT_3D ( 'NONE', #1294, #542, #2647 ) ;
#657 = CYLINDRICAL_SURFACE ( 'NONE', #2154, 2.999999999999999112 ) ;
#658 = CARTESIAN_POINT ( 'NONE',  ( 7.514312158959314480, 1.250000000000000222, 20.29999999999999716 ) ) ;
#659 = SURFACE_SIDE_STYLE ('',( #2760 ) ) ;
#660 = AXIS2_PLACEMENT_3D ( 'NONE', #5405, #3666, #3333 ) ;
#661 = AXIS2_PLACEMENT_3D ( 'NONE', #2100, #762, #813 ) ;
#662 = VERTEX_POINT ( 'NONE', #1993 ) ;
#663 = CARTESIAN_POINT ( 'NONE',  ( 3.602446708156425981, 3.602446708156425981, 24.37066482704563697 ) ) ;
#664 = CARTESIAN_POINT ( 'NONE',  ( 4.168141571295796766, 2.600000000000000089, 23.82905191785766874 ) ) ;
#665 = AXIS2_PLACEMENT_3D ( 'NONE', #845, #5081, #449 ) ;
#666 = AXIS2_PLACEMENT_3D ( 'NONE', #2743, #1562, #4437 ) ;
#667 = FACE_OUTER_BOUND ( 'NONE', #4928, .T. ) ;
#668 = ORIENTED_EDGE ( 'NONE', *, *, #4125, .T. ) ;
#669 = PLANE ( 'NONE',  #4188 ) ;
#670 = DIRECTION ( 'NONE',  ( -0.8191520442889930198, 0.000000000000000000, 0.5735764363510442720 ) ) ;
#671 = VERTEX_POINT ( 'NONE', #4151 ) ;
#672 = FACE_OUTER_BOUND ( 'NONE', #3725, .T. ) ;
#673 = EDGE_CURVE ( 'NONE', #4336, #2868, #2491, .T. ) ;
#674 = FACE_OUTER_BOUND ( 'NONE', #5135, .T. ) ;
#675 = FACE_OUTER_BOUND ( 'NONE', #1011, .T. ) ;
#676 = VERTEX_POINT ( 'NONE', #5420 ) ;
#677 = ORIENTED_EDGE ( 'NONE', *, *, #4343, .F. ) ;
#678 = ORIENTED_EDGE ( 'NONE', *, *, #77, .T. ) ;
#679 = CARTESIAN_POINT ( 'NONE',  ( 4.500000000000000000, 3.500000000000006661, -29.00000000000000000 ) ) ;
#680 = DIRECTION ( 'NONE',  ( 0.000000000000000000, 0.000000000000000000, 1.000000000000000000 ) ) ;
#681 = DIRECTION ( 'NONE',  ( -0.6334307917217436579, -0.7071067811865481278, 0.3142696805273525462 ) ) ;
#682 = DIRECTION ( 'NONE',  ( 0.000000000000000000, 1.000000000000000000, 0.000000000000000000 ) ) ;
#683 = EDGE_CURVE ( 'NONE', #260, #2970, #120, .T. ) ;
#684 = DIRECTION ( 'NONE',  ( 1.000000000000000000, 0.000000000000000000, 0.000000000000000000 ) ) ;
#685 = ADVANCED_FACE ( 'NONE', ( #4123 ), #4178, .F. ) ;
#686 = CARTESIAN_POINT ( 'NONE',  ( 7.000000000000003553, 4.000000000000000000, -22.35000000000000142 ) ) ;
#687 = CIRCLE ( 'NONE', #2105, 2.200000000000000178 ) ;
#688 = VERTEX_POINT ( 'NONE', #320 ) ;
#689 = DIRECTION ( 'NONE',  ( 1.000000000000000000, 0.000000000000000000, 2.376333528735352191E-16 ) ) ;
#690 = EDGE_CURVE ( 'NONE', #4000, #491, #4288, .T. ) ;
#691 = CARTESIAN_POINT ( 'NONE',  ( 4.500000000000000000, 4.000000000000000000, -29.00000000000000000 ) ) ;
#692 = EDGE_CURVE ( 'NONE', #4045, #3613, #1581, .T. ) ;
#693 = CIRCLE ( 'NONE', #3788, 2.649999999999999467 ) ;
#694 = CIRCLE ( 'NONE', #2725, 3.249999999999999556 ) ;
#695 = CARTESIAN_POINT ( 'NONE',  ( 11.73531754730534793, 2.600000000000000089, 20.32616623488780050 ) ) ;
#696 = VERTEX_POINT ( 'NONE', #3294 ) ;
#697 = CARTESIAN_POINT ( 'NONE',  ( 8.750000000000000000, 1.250000000000000222, 20.29999999999999716 ) ) ;
#698 = CIRCLE ( 'NONE', #1411, 1.000000000000000888 ) ;
#699 = AXIS2_PLACEMENT_3D ( 'NONE', #2835, #277, #2861 ) ;
#700 = CIRCLE ( 'NONE', #2119, 2.200000000000000622 ) ;
#701 = DIRECTION ( 'NONE',  ( -1.000000000000000000, 0.000000000000000000, 0.000000000000000000 ) ) ;
#702 = VERTEX_POINT ( 'NONE', #4973 ) ;
#703 = CARTESIAN_POINT ( 'NONE',  ( 23.00000000000001066, 4.000000000000000000, 11.74999999999999645 ) ) ;
#704 = DIRECTION ( 'NONE',  ( -0.000000000000000000, -1.000000000000000000, 0.000000000000000000 ) ) ;
#705 = CIRCLE ( 'NONE', #3533, 1.100000000000000311 ) ;
#706 = LINE ( 'NONE', #225, #238 ) ;
#707 = ORIENTED_EDGE ( 'NONE', *, *, #5005, .F. ) ;
#708 = EDGE_LOOP ( 'NONE', ( #3389, #3076, #3796, #2199 ) ) ;
#709 = EDGE_CURVE ( 'NONE', #1361, #1457, #1664, .T. ) ;
#710 = ORIENTED_EDGE ( 'NONE', *, *, #3550, .T. ) ;
#711 = DIRECTION ( 'NONE',  ( 0.000000000000000000, 0.000000000000000000, -1.000000000000000000 ) ) ;
#712 = CARTESIAN_POINT ( 'NONE',  ( 13.83333333333334281, 2.299999999999999822, -28.92240697562477436 ) ) ;
#713 = ORIENTED_EDGE ( 'NONE', *, *, #3184, .F. ) ;
#714 = LINE ( 'NONE', #4559, #3934 ) ;
#715 = CARTESIAN_POINT ( 'NONE',  ( 4.250000000000000888, 2.250000000000000444, 5.699999999999998401 ) ) ;
#716 = DIRECTION ( 'NONE',  ( 0.000000000000000000, 1.000000000000000000, 0.000000000000000000 ) ) ;
#717 = EDGE_CURVE ( 'NONE', #1517, #3357, #4207, .T. ) ;
#718 = CARTESIAN_POINT ( 'NONE',  ( 7.499999999999996447, 1.000000000000000000, 24.99999999999998934 ) ) ;
#719 = DIRECTION ( 'NONE',  ( 0.000000000000000000, 0.000000000000000000, -1.000000000000000000 ) ) ;
#720 = EDGE_CURVE ( 'NONE', #1984, #834, #2048, .T. ) ;
#721 = ADVANCED_FACE ( 'NONE', ( #297 ), #1181, .T. ) ;
#722 = EDGE_LOOP ( 'NONE', ( #3017, #4443, #4609, #2684 ) ) ;
#723 = DIRECTION ( 'NONE',  ( -0.000000000000000000, -1.000000000000000000, -0.000000000000000000 ) ) ;
#724 = DIRECTION ( 'NONE',  ( 0.000000000000000000, -0.7071067811865549002, 0.7071067811865401342 ) ) ;
#725 = EDGE_LOOP ( 'NONE', ( #5249, #3009, #3162, #5164 ) ) ;
#726 = DIRECTION ( 'NONE',  ( -0.000000000000000000, -1.000000000000000000, -0.000000000000000000 ) ) ;
#727 = DIRECTION ( 'NONE',  ( 0.000000000000000000, 0.000000000000000000, -1.000000000000000000 ) ) ;
#728 = DIRECTION ( 'NONE',  ( -0.8191520442889930198, 0.000000000000000000, 0.5735764363510442720 ) ) ;
#729 = EDGE_LOOP ( 'NONE', ( #1500, #4821, #2006, #5186 ) ) ;
#730 = ORIENTED_EDGE ( 'NONE', *, *, #4934, .F. ) ;
#731 = AXIS2_PLACEMENT_3D ( 'NONE', #234, #3622, #4262 ) ;
#732 = ORIENTED_EDGE ( 'NONE', *, *, #1129, .T. ) ;
#733 = DIRECTION ( 'NONE',  ( 0.000000000000000000, 1.000000000000000000, 0.000000000000000000 ) ) ;
#734 = CYLINDRICAL_SURFACE ( 'NONE', #3708, 4.000000000000000000 ) ;
#735 = ORIENTED_EDGE ( 'NONE', *, *, #4345, .F. ) ;
#736 = DIRECTION ( 'NONE',  ( 0.000000000000000000, 1.000000000000000000, 0.000000000000000000 ) ) ;
#737 = AXIS2_PLACEMENT_3D ( 'NONE', #4599, #797, #4184 ) ;
#738 = CARTESIAN_POINT ( 'NONE',  ( 16.00000000000001066, 0.000000000000000000, -26.50000000000000355 ) ) ;
#739 = PRODUCT_RELATED_PRODUCT_CATEGORY ( 'part', '', ( #4520 ) ) ;
#740 = AXIS2_PLACEMENT_3D ( 'NONE', #5235, #2738, #3215 ) ;
#741 = FACE_OUTER_BOUND ( 'NONE', #3738, .T. ) ;
#742 = DIRECTION ( 'NONE',  ( -0.8191520442889930198, 0.000000000000000000, 0.5735764363510442720 ) ) ;
#743 = CIRCLE ( 'NONE', #5170, 1.549999999999997602 ) ;
#744 = CARTESIAN_POINT ( 'NONE',  ( 27.50000000000000711, 2.299999999999999822, -2.204915028125265852 ) ) ;
#745 = VERTEX_POINT ( 'NONE', #5451 ) ;
#746 = CARTESIAN_POINT ( 'NONE',  ( 3.499999999999999556, 3.500000000000006661, 23.48833672784351023 ) ) ;
#747 = CARTESIAN_POINT ( 'NONE',  ( 5.296653233014333217, 2.500000000000000000, 7.564404757133631918 ) ) ;
#748 = EDGE_CURVE ( 'NONE', #1756, #1984, #764, .T. ) ;
#749 = EDGE_CURVE ( 'NONE', #276, #1676, #1242, .T. ) ;
#750 = ORIENTED_EDGE ( 'NONE', *, *, #3986, .T. ) ;
#751 = PLANE ( 'NONE',  #4924 ) ;
#752 = CARTESIAN_POINT ( 'NONE',  ( 13.00000000000000000, 2.500000000000000000, -6.061637550770937466 ) ) ;
#753 = CIRCLE ( 'NONE', #2275, 2.200000000000000622 ) ;
#754 = PLANE ( 'NONE',  #2954 ) ;
#755 = ORIENTED_EDGE ( 'NONE', *, *, #3648, .F. ) ;
#756 = VERTEX_POINT ( 'NONE', #4702 ) ;
#757 = EDGE_CURVE ( 'NONE', #5222, #23, #1830, .T. ) ;
#758 = ORIENTED_EDGE ( 'NONE', *, *, #4466, .F. ) ;
#759 = CARTESIAN_POINT ( 'NONE',  ( 8.749999999999998224, 2.250000000000000444, 20.29999999999999716 ) ) ;
#760 = CARTESIAN_POINT ( 'NONE',  ( 8.800000000000002487, 4.000000000000000000, -19.30000000000000426 ) ) ;
#761 = AXIS2_PLACEMENT_3D ( 'NONE', #3726, #1152, #1628 ) ;
#762 = DIRECTION ( 'NONE',  ( -0.000000000000000000, -1.000000000000000000, 0.000000000000000000 ) ) ;
#763 = CARTESIAN_POINT ( 'NONE',  ( 8.750000000000000000, 1.250000000000000222, 5.699999999999998401 ) ) ;
#764 = LINE ( 'NONE', #1211, #4464 ) ;
#765 = PLANE ( 'NONE',  #4635 ) ;
#766 = EDGE_CURVE ( 'NONE', #2466, #1789, #2073, .T. ) ;
#767 = DIRECTION ( 'NONE',  ( 0.000000000000000000, 1.000000000000000000, 0.000000000000000000 ) ) ;
#768 = ORIENTED_EDGE ( 'NONE', *, *, #5151, .T. ) ;
#769 = FACE_OUTER_BOUND ( 'NONE', #2529, .T. ) ;
#770 = CARTESIAN_POINT ( 'NONE',  ( 3.566293909951948393, 3.566293909951955055, 23.35833454871907477 ) ) ;
#771 = AXIS2_PLACEMENT_3D ( 'NONE', #3484, #3624, #5336 ) ;
#772 = AXIS2_PLACEMENT_3D ( 'NONE', #3966, #136, #5266 ) ;
#773 = ORIENTED_EDGE ( 'NONE', *, *, #141, .F. ) ;
#774 = DIRECTION ( 'NONE',  ( 0.000000000000000000, 1.000000000000000000, 0.000000000000000000 ) ) ;
#775 = DIRECTION ( 'NONE',  ( 0.000000000000000000, 1.000000000000000000, 0.000000000000000000 ) ) ;
#776 = DIRECTION ( 'NONE',  ( 0.000000000000000000, 0.000000000000000000, -1.000000000000000000 ) ) ;
#777 = AXIS2_PLACEMENT_3D ( 'NONE', #451, #3103, #1744 ) ;
#778 = VERTEX_POINT ( 'NONE', #2572 ) ;
#779 = CIRCLE ( 'NONE', #425, 0.7500000000000006661 ) ;
#780 = EDGE_LOOP ( 'NONE', ( #3555, #89, #4089, #3898, #2752, #3194, #1469, #501 ) ) ;
#781 = EDGE_LOOP ( 'NONE', ( #1660, #2801, #2980, #3341, #4405 ) ) ;
#782 = CIRCLE ( 'NONE', #5118, 1.500000000000015099 ) ;
#783 = CARTESIAN_POINT ( 'NONE',  ( 10.83185842870419613, 2.600000000000000089, 26.17094808214231350 ) ) ;
#784 = FACE_OUTER_BOUND ( 'NONE', #1396, .T. ) ;
#785 = DIRECTION ( 'NONE',  ( 0.000000000000000000, 0.000000000000000000, 1.000000000000000000 ) ) ;
#786 = EDGE_CURVE ( 'NONE', #4748, #857, #1384, .T. ) ;
#787 = EDGE_CURVE ( 'NONE', #2062, #4943, #3458, .T. ) ;
#788 = ORIENTED_EDGE ( 'NONE', *, *, #2616, .T. ) ;
#789 = VECTOR ( 'NONE', #616, 1000.000000000000000 ) ;
#790 = FACE_OUTER_BOUND ( 'NONE', #565, .T. ) ;
#791 = DIRECTION ( 'NONE',  ( 0.000000000000000000, 0.000000000000000000, -1.000000000000000000 ) ) ;
#792 = CARTESIAN_POINT ( 'NONE',  ( 24.00000000000000355, 4.000000000000000000, 26.00000000000000000 ) ) ;
#793 = CARTESIAN_POINT ( 'NONE',  ( 16.00000000000001066, 2.299999999999999822, 26.49999999999999289 ) ) ;
#794 = PLANE ( 'NONE',  #2464 ) ;
#795 = ADVANCED_FACE ( 'NONE', ( #4751 ), #1746, .F. ) ;
#796 = VERTEX_POINT ( 'NONE', #2189 ) ;
#797 = DIRECTION ( 'NONE',  ( -0.000000000000000000, -1.000000000000000000, 0.000000000000000000 ) ) ;
#798 = CARTESIAN_POINT ( 'NONE',  ( 0.000000000000000000, 2.600000000000000089, 0.000000000000000000 ) ) ;
#799 = VERTEX_POINT ( 'NONE', #3903 ) ;
#800 = CARTESIAN_POINT ( 'NONE',  ( 19.00000000000000355, 0.000000000000000000, 27.99999999999999645 ) ) ;
#801 = DIRECTION ( 'NONE',  ( 0.000000000000000000, 0.000000000000000000, -1.000000000000000000 ) ) ;
#802 = CARTESIAN_POINT ( 'NONE',  ( 26.00000000000000355, 0.000000000000000000, 23.00000000000000000 ) ) ;
#803 = ORIENTED_EDGE ( 'NONE', *, *, #3703, .F. ) ;
#804 = ORIENTED_EDGE ( 'NONE', *, *, #1043, .F. ) ;
#805 = VERTEX_POINT ( 'NONE', #4292 ) ;
#806 = LINE ( 'NONE', #2481, #3415 ) ;
#807 = LINE ( 'NONE', #2927, #3890 ) ;
#808 = ORIENTED_EDGE ( 'NONE', *, *, #3937, .F. ) ;
#809 = DIRECTION ( 'NONE',  ( 0.000000000000000000, 0.000000000000000000, -1.000000000000000000 ) ) ;
#810 = ADVANCED_FACE ( 'NONE', ( #1354 ), #966, .F. ) ;
#811 = VERTEX_POINT ( 'NONE', #3427 ) ;
#812 = AXIS2_PLACEMENT_3D ( 'NONE', #521, #3957, #488 ) ;
#813 = DIRECTION ( 'NONE',  ( 0.000000000000000000, 0.000000000000000000, 1.000000000000000000 ) ) ;
#814 = EDGE_CURVE ( 'NONE', #2865, #3771, #5167, .T. ) ;
#815 = ADVANCED_FACE ( 'NONE', ( #3077 ), #5171, .T. ) ;
#816 = DIRECTION ( 'NONE',  ( 0.000000000000000000, 0.000000000000000000, 1.000000000000000000 ) ) ;
#817 = CARTESIAN_POINT ( 'NONE',  ( 28.00000000000000355, 0.000000000000000000, 23.00000000000000000 ) ) ;
#818 = VECTOR ( 'NONE', #776, 1000.000000000000000 ) ;
#819 = CIRCLE ( 'NONE', #3567, 2.200000000000000622 ) ;
#820 = DIRECTION ( 'NONE',  ( 0.000000000000000000, 1.000000000000000000, -0.000000000000000000 ) ) ;
#821 = LINE ( 'NONE', #4181, #1857 ) ;
#822 = AXIS2_PLACEMENT_3D ( 'NONE', #2522, #376, #2910 ) ;
#823 = AXIS2_PLACEMENT_3D ( 'NONE', #3928, #454, #128 ) ;
#824 = ORIENTED_EDGE ( 'NONE', *, *, #278, .F. ) ;
#825 = CARTESIAN_POINT ( 'NONE',  ( 11.50000000000000000, 0.000000000000000000, 6.000000000000000888 ) ) ;
#826 = DIRECTION ( 'NONE',  ( -1.000000000000000000, 0.000000000000000000, -1.636531581110193684E-16 ) ) ;
#827 = AXIS2_PLACEMENT_3D ( 'NONE', #2377, #1491, #2300 ) ;
#828 = ORIENTED_EDGE ( 'NONE', *, *, #2357, .F. ) ;
#829 = DIRECTION ( 'NONE',  ( 0.000000000000000000, 1.000000000000000000, 0.000000000000000000 ) ) ;
#830 = DIRECTION ( 'NONE',  ( -0.7071067811865475727, 0.7071067811865475727, 0.000000000000000000 ) ) ;
#831 = CARTESIAN_POINT ( 'NONE',  ( 12.59756097560975263, 0.000000000000000000, -3.898759183490929647 ) ) ;
#832 = CIRCLE ( 'NONE', #3495, 3.249999999999999556 ) ;
#833 = ORIENTED_EDGE ( 'NONE', *, *, #3908, .F. ) ;
#834 = VERTEX_POINT ( 'NONE', #3402 ) ;
#835 = EDGE_LOOP ( 'NONE', ( #3285, #59, #4102, #4366, #2779, #3470, #2011, #1989 ) ) ;
#836 = ORIENTED_EDGE ( 'NONE', *, *, #1712, .F. ) ;
#837 = EDGE_CURVE ( 'NONE', #5198, #696, #100, .T. ) ;
#838 = ORIENTED_EDGE ( 'NONE', *, *, #4812, .F. ) ;
#839 = CARTESIAN_POINT ( 'NONE',  ( 15.45347904902730285, 0.000000000000000000, 6.622770101238232954 ) ) ;
#840 = VECTOR ( 'NONE', #4799, 1000.000000000000000 ) ;
#841 = CARTESIAN_POINT ( 'NONE',  ( 7.000000000000003553, 4.000000000000000000, -25.00000000000000000 ) ) ;
#842 = CARTESIAN_POINT ( 'NONE',  ( 10.79999999999999893, 2.500000000000000000, -20.75060438757617831 ) ) ;
#843 = ORIENTED_EDGE ( 'NONE', *, *, #5123, .F. ) ;
#844 = DIRECTION ( 'NONE',  ( 0.000000000000000000, 0.000000000000000000, 1.000000000000000000 ) ) ;
#845 = CARTESIAN_POINT ( 'NONE',  ( 16.00000000000001066, 2.500000000000000000, 26.49999999999999289 ) ) ;
#846 = CIRCLE ( 'NONE', #582, 2.649999999999999467 ) ;
#847 = DIRECTION ( 'NONE',  ( -0.000000000000000000, -1.000000000000000000, -0.000000000000000000 ) ) ;
#848 = VECTOR ( 'NONE', #4647, 1000.000000000000000 ) ;
#849 = FACE_OUTER_BOUND ( 'NONE', #835, .T. ) ;
#850 = EDGE_CURVE ( 'NONE', #1094, #4668, #5070, .T. ) ;
#851 = DIRECTION ( 'NONE',  ( 0.000000000000000000, 0.000000000000000000, 1.000000000000000000 ) ) ;
#852 = EDGE_LOOP ( 'NONE', ( #5382, #4159, #4796, #3728, #3776, #4286, #4956, #178, #3136, #1342, #3041, #604, #187, #2092 ) ) ;
#853 = ADVANCED_FACE ( 'NONE', ( #4264 ), #2241, .T. ) ;
#854 = EDGE_CURVE ( 'NONE', #4354, #3867, #4637, .T. ) ;
#855 = PLANE ( 'NONE',  #29 ) ;
#856 = DIRECTION ( 'NONE',  ( 0.000000000000000000, 0.000000000000000000, 1.000000000000000000 ) ) ;
#857 = VERTEX_POINT ( 'NONE', #4677 ) ;
#858 = VECTOR ( 'NONE', #3069, 1000.000000000000000 ) ;
#859 = CARTESIAN_POINT ( 'NONE',  ( 16.00000000000001066, 2.500000000000000000, -22.50000000000000355 ) ) ;
#860 = LINE ( 'NONE', #4738, #1938 ) ;
#861 = VERTEX_POINT ( 'NONE', #4237 ) ;
#862 = ORIENTED_EDGE ( 'NONE', *, *, #2323, .F. ) ;
#863 = VECTOR ( 'NONE', #829, 1000.000000000000000 ) ;
#864 = ORIENTED_EDGE ( 'NONE', *, *, #3750, .T. ) ;
#865 = FACE_OUTER_BOUND ( 'NONE', #4190, .T. ) ;
#866 = DIRECTION ( 'NONE',  ( 0.000000000000000000, 0.000000000000000000, 1.000000000000000000 ) ) ;
#867 = VECTOR ( 'NONE', #3943, 1000.000000000000000 ) ;
#868 = FACE_OUTER_BOUND ( 'NONE', #1167, .T. ) ;
#869 = ADVANCED_FACE ( 'NONE', ( #76, #430 ), #2133, .T. ) ;
#870 = ORIENTED_EDGE ( 'NONE', *, *, #3114, .T. ) ;
#871 = EDGE_CURVE ( 'NONE', #5468, #1405, #2682, .T. ) ;
#872 = DIRECTION ( 'NONE',  ( 1.508455196501568866E-15, 0.000000000000000000, -1.000000000000000000 ) ) ;
#873 = VECTOR ( 'NONE', #4622, 1000.000000000000000 ) ;
#874 = EDGE_LOOP ( 'NONE', ( #1377, #2118, #4338, #1231 ) ) ;
#875 = CARTESIAN_POINT ( 'NONE',  ( 10.25000000000000000, 4.000000000000000000, -22.69999999999999929 ) ) ;
#876 = CARTESIAN_POINT ( 'NONE',  ( 10.74999999999999822, 0.000000000000000000, 10.07078063138876622 ) ) ;
#877 = AXIS2_PLACEMENT_3D ( 'NONE', #3253, #3337, #4111 ) ;
#878 = CARTESIAN_POINT ( 'NONE',  ( 24.00000000000000355, 4.000000000000000000, 23.00000000000000000 ) ) ;
#879 = DIRECTION ( 'NONE',  ( -0.000000000000000000, -1.000000000000000000, -0.000000000000000000 ) ) ;
#880 = CARTESIAN_POINT ( 'NONE',  ( 21.32790461454462516, 2.500000000000000000, -6.586100715628516511 ) ) ;
#881 = ORIENTED_EDGE ( 'NONE', *, *, #2389, .T. ) ;
#882 = CARTESIAN_POINT ( 'NONE',  ( 18.50000000000001066, 3.500000000000006661, 29.99999999999999645 ) ) ;
#883 = CARTESIAN_POINT ( 'NONE',  ( 21.00000000000000355, 3.500000000000006661, 29.99999999999999289 ) ) ;
#884 = ORIENTED_EDGE ( 'NONE', *, *, #5093, .T. ) ;
#885 = EDGE_CURVE ( 'NONE', #276, #5020, #2992, .T. ) ;
#886 = EDGE_CURVE ( 'NONE', #1358, #1067, #4106, .T. ) ;
#887 = CARTESIAN_POINT ( 'NONE',  ( 8.800000000000002487, 1.250000000000000222, -17.10000000000000497 ) ) ;
#888 = ORIENTED_EDGE ( 'NONE', *, *, #2284, .F. ) ;
#889 = CARTESIAN_POINT ( 'NONE',  ( 18.16666666666667496, 4.000000000000000000, -28.92240697562477791 ) ) ;
#890 = EDGE_LOOP ( 'NONE', ( #1376, #4399, #4899, #4689 ) ) ;
#891 = DIRECTION ( 'NONE',  ( 0.000000000000000000, 0.000000000000000000, 1.000000000000000000 ) ) ;
#892 = DIRECTION ( 'NONE',  ( 0.000000000000000000, 0.000000000000000000, -1.000000000000000000 ) ) ;
#893 = ORIENTED_EDGE ( 'NONE', *, *, #1297, .F. ) ;
#894 = CARTESIAN_POINT ( 'NONE',  ( 10.98531754730535859, 4.000000000000000000, 19.02712812921112828 ) ) ;
#895 = ORIENTED_EDGE ( 'NONE', *, *, #2167, .F. ) ;
#896 = EDGE_CURVE ( 'NONE', #2554, #121, #4809, .T. ) ;
#897 = ORIENTED_EDGE ( 'NONE', *, *, #1131, .F. ) ;
#898 = DIRECTION ( 'NONE',  ( 0.000000000000000000, 0.000000000000000000, -1.000000000000000000 ) ) ;
#899 = DIRECTION ( 'NONE',  ( 0.000000000000000000, 0.000000000000000000, -1.000000000000000000 ) ) ;
#900 = DIRECTION ( 'NONE',  ( 0.000000000000000000, -1.000000000000000000, 0.000000000000000000 ) ) ;
#901 = EDGE_CURVE ( 'NONE', #504, #4525, #596, .T. ) ;
#902 = ORIENTED_EDGE ( 'NONE', *, *, #1311, .T. ) ;
#903 = CARTESIAN_POINT ( 'NONE',  ( 16.00000000000001066, 2.299999999999999822, 26.49999999999999289 ) ) ;
#904 = FACE_OUTER_BOUND ( 'NONE', #4691, .T. ) ;
#905 = VECTOR ( 'NONE', #3930, 1000.000000000000000 ) ;
#906 = EDGE_CURVE ( 'NONE', #179, #3568, #5261, .T. ) ;
#907 = CARTESIAN_POINT ( 'NONE',  ( 23.00000000000001066, 2.299999999999999822, 11.74999999999999645 ) ) ;
#908 = ADVANCED_FACE ( 'NONE', ( #4866 ), #1550, .F. ) ;
#909 = ORIENTED_EDGE ( 'NONE', *, *, #4212, .F. ) ;
#910 = CARTESIAN_POINT ( 'NONE',  ( 16.00000000000001066, 2.500000000000000000, -26.50000000000000355 ) ) ;
#911 = DIRECTION ( 'NONE',  ( -0.000000000000000000, -1.000000000000000000, 0.000000000000000000 ) ) ;
#912 = ORIENTED_EDGE ( 'NONE', *, *, #4315, .F. ) ;
#913 = AXIS2_PLACEMENT_3D ( 'NONE', #691, #4401, #2387 ) ;
#914 = AXIS2_PLACEMENT_3D ( 'NONE', #5463, #2838, #2476 ) ;
#915 = AXIS2_PLACEMENT_3D ( 'NONE', #5294, #4082, #1507 ) ;
#916 = CARTESIAN_POINT ( 'NONE',  ( 18.20710678118656745, 3.500000000000020872, -29.99999999999999645 ) ) ;
#917 = ORIENTED_EDGE ( 'NONE', *, *, #3721, .F. ) ;
#918 = CARTESIAN_POINT ( 'NONE',  ( 11.20685842870419258, 4.000000000000000000, 26.82046713498064250 ) ) ;
#919 = AXIS2_PLACEMENT_3D ( 'NONE', #5142, #2595, #48 ) ;
#920 = EDGE_CURVE ( 'NONE', #4461, #756, #3621, .T. ) ;
#921 = EDGE_LOOP ( 'NONE', ( #4741, #2412 ) ) ;
#922 = ORIENTED_EDGE ( 'NONE', *, *, #2171, .F. ) ;
#923 = PLANE ( 'NONE',  #5363 ) ;
#924 = EDGE_CURVE ( 'NONE', #630, #2956, #3646, .T. ) ;
#925 = CARTESIAN_POINT ( 'NONE',  ( 3.499999999999993783, 3.500000000000006217, 20.29999999999999716 ) ) ;
#926 = VECTOR ( 'NONE', #182, 999.9999999999998863 ) ;
#927 = DIRECTION ( 'NONE',  ( -1.000000000000000000, 0.000000000000000000, 0.000000000000000000 ) ) ;
#928 = ORIENTED_EDGE ( 'NONE', *, *, #5342, .F. ) ;
#929 = EDGE_LOOP ( 'NONE', ( #4941, #4256, #51, #247 ) ) ;
#930 = EDGE_CURVE ( 'NONE', #2868, #4912, #4260, .T. ) ;
#931 = LINE ( 'NONE', #2211, #3583 ) ;
#932 = AXIS2_PLACEMENT_3D ( 'NONE', #798, #5062, #357 ) ;
#933 = ORIENTED_EDGE ( 'NONE', *, *, #3336, .F. ) ;
#934 = DIRECTION ( 'NONE',  ( 0.000000000000000000, 1.000000000000000000, 0.000000000000000000 ) ) ;
#935 = CARTESIAN_POINT ( 'NONE',  ( 8.791826197258878040, 4.850152435273161977, 18.70054679054907609 ) ) ;
#936 = EDGE_CURVE ( 'NONE', #955, #3803, #4425, .T. ) ;
#937 = CARTESIAN_POINT ( 'NONE',  ( 9.500000000000007105, 2.600000000000000089, -27.30000000000000071 ) ) ;
#938 = EDGE_CURVE ( 'NONE', #4200, #1509, #3210, .T. ) ;
#939 = CARTESIAN_POINT ( 'NONE',  ( 13.79289321881345920, 3.499999999999999112, 29.99999999999999645 ) ) ;
#940 = DIRECTION ( 'NONE',  ( 0.000000000000000000, 1.000000000000000000, 0.000000000000000000 ) ) ;
#941 = ORIENTED_EDGE ( 'NONE', *, *, #1915, .F. ) ;
#942 = VECTOR ( 'NONE', #4277, 1000.000000000000000 ) ;
#943 = EDGE_CURVE ( 'NONE', #5344, #3588, #2788, .T. ) ;
#944 = LINE ( 'NONE', #1750, #374 ) ;
#945 = CARTESIAN_POINT ( 'NONE',  ( 27.38363500381079874, 2.500000000000000000, -6.034310117596673351 ) ) ;
#946 = ORIENTED_EDGE ( 'NONE', *, *, #2571, .F. ) ;
#947 = CYLINDRICAL_SURFACE ( 'NONE', #5380, 2.200000000000000622 ) ;
#948 = ORIENTED_EDGE ( 'NONE', *, *, #2885, .T. ) ;
#949 = ORIENTED_EDGE ( 'NONE', *, *, #2656, .F. ) ;
#950 = ORIENTED_EDGE ( 'NONE', *, *, #584, .T. ) ;
#951 = CARTESIAN_POINT ( 'NONE',  ( 11.50000000000000000, 0.000000000000000000, 2.000000000000000000 ) ) ;
#952 = DIRECTION ( 'NONE',  ( -0.000000000000000000, -1.000000000000000000, -0.000000000000000000 ) ) ;
#953 = FACE_OUTER_BOUND ( 'NONE', #4990, .T. ) ;
#954 = AXIS2_PLACEMENT_3D ( 'NONE', #1659, #1690, #3345 ) ;
#955 = VERTEX_POINT ( 'NONE', #5332 ) ;
#956 = ORIENTED_EDGE ( 'NONE', *, *, #5014, .T. ) ;
#957 = ORIENTED_EDGE ( 'NONE', *, *, #4144, .T. ) ;
#958 = VECTOR ( 'NONE', #2555, 1000.000000000000000 ) ;
#959 = CARTESIAN_POINT ( 'NONE',  ( 10.74999999999999822, 0.000000000000000000, 10.07078063138876622 ) ) ;
#960 = CIRCLE ( 'NONE', #4675, 2.200000000000000178 ) ;
#961 = DIRECTION ( 'NONE',  ( 0.000000000000000000, 0.000000000000000000, -1.000000000000000000 ) ) ;
#962 = EDGE_CURVE ( 'NONE', #3505, #696, #4549, .T. ) ;
#963 = EDGE_CURVE ( 'NONE', #385, #467, #1042, .T. ) ;
#964 = AXIS2_PLACEMENT_3D ( 'NONE', #649, #287, #4947 ) ;
#965 = VECTOR ( 'NONE', #2914, 1000.000000000000000 ) ;
#966 = PLANE ( 'NONE',  #3225 ) ;
#967 = DIRECTION ( 'NONE',  ( 0.000000000000000000, 0.000000000000000000, -1.000000000000000000 ) ) ;
#968 = CARTESIAN_POINT ( 'NONE',  ( 8.750000000000000000, 2.600000000000000089, -23.01002512578676118 ) ) ;
#969 = AXIS2_PLACEMENT_3D ( 'NONE', #3949, #3173, #2369 ) ;
#970 = LINE ( 'NONE', #2652, #2993 ) ;
#971 = EDGE_CURVE ( 'NONE', #671, #4389, #3561, .T. ) ;
#972 = ORIENTED_EDGE ( 'NONE', *, *, #313, .F. ) ;
#973 = DIRECTION ( 'NONE',  ( -0.000000000000000000, -1.000000000000000000, -0.000000000000000000 ) ) ;
#974 = DIRECTION ( 'NONE',  ( 0.000000000000000000, 0.000000000000000000, 1.000000000000000000 ) ) ;
#975 = DIRECTION ( 'NONE',  ( -1.000000000000000000, 0.000000000000000000, 0.000000000000000000 ) ) ;
#976 = CARTESIAN_POINT ( 'NONE',  ( 0.000000000000000000, 0.000000000000000000, 0.000000000000000000 ) ) ;
#977 = ORIENTED_EDGE ( 'NONE', *, *, #920, .T. ) ;
#978 = CARTESIAN_POINT ( 'NONE',  ( 27.50000000000000711, 2.299999999999999822, -2.704915028125265852 ) ) ;
#979 = VERTEX_POINT ( 'NONE', #2354 ) ;
#980 = CARTESIAN_POINT ( 'NONE',  ( 8.151858428704230164, 4.000000000000000000, 20.77905191785770000 ) ) ;
#981 = DIRECTION ( 'NONE',  ( 0.7071067811865426878, -0.7071067811865524577, 0.000000000000000000 ) ) ;
#982 = ORIENTED_EDGE ( 'NONE', *, *, #1761, .T. ) ;
#983 = ORIENTED_EDGE ( 'NONE', *, *, #5021, .F. ) ;
#984 = EDGE_LOOP ( 'NONE', ( #5162, #4570, #2843, #4182 ) ) ;
#985 = DIRECTION ( 'NONE',  ( 0.000000000000000000, 0.000000000000000000, 1.000000000000000000 ) ) ;
#986 = CARTESIAN_POINT ( 'NONE',  ( 3.793141571295800318, 2.600000000000000089, 23.17953286501933619 ) ) ;
#987 = EDGE_CURVE ( 'NONE', #1402, #2319, #988, .T. ) ;
#988 = LINE ( 'NONE', #2671, #926 ) ;
#989 = EDGE_CURVE ( 'NONE', #5044, #3037, #5229, .T. ) ;
#990 = DIRECTION ( 'NONE',  ( 0.000000000000000000, 0.000000000000000000, -1.000000000000000000 ) ) ;
#991 = ADVANCED_FACE ( 'NONE', ( #1465 ), #4368, .F. ) ;
#992 = CARTESIAN_POINT ( 'NONE',  ( 8.151858428704230164, 2.600000000000000089, 21.52905191785770000 ) ) ;
#993 = CARTESIAN_POINT ( 'NONE',  ( 20.49036317236908999, 2.500000000000000000, 5.366507096221478257 ) ) ;
#994 = ORIENTED_EDGE ( 'NONE', *, *, #3530, .F. ) ;
#995 = PLANE ( 'NONE',  #4281 ) ;
#996 = AXIS2_PLACEMENT_3D ( 'NONE', #626, #1524, #2326 ) ;
#997 = DIRECTION ( 'NONE',  ( 0.000000000000000000, 1.000000000000000000, 0.000000000000000000 ) ) ;
#998 = DIRECTION ( 'NONE',  ( 0.000000000000000000, 1.000000000000000000, 0.000000000000000000 ) ) ;
#999 = ORIENTED_EDGE ( 'NONE', *, *, #1404, .F. ) ;
#1000 = DIRECTION ( 'NONE',  ( -1.000000000000000000, 0.000000000000000000, 0.000000000000000000 ) ) ;
#1001 = VECTOR ( 'NONE', #134, 1000.000000000000000 ) ;
#1002 = ORIENTED_EDGE ( 'NONE', *, *, #1522, .F. ) ;
#1003 = DIRECTION ( 'NONE',  ( 0.000000000000000000, 1.000000000000000000, 0.000000000000000000 ) ) ;
#1004 = CARTESIAN_POINT ( 'NONE',  ( 7.866061825025475684, 1.250000000000000222, 20.26085623054218132 ) ) ;
#1005 = LINE ( 'NONE', #1515, #5105 ) ;
#1006 = AXIS2_PLACEMENT_3D ( 'NONE', #2332, #3683, #1503 ) ;
#1007 = AXIS2_PLACEMENT_3D ( 'NONE', #4778, #4316, #4342 ) ;
#1008 = EDGE_LOOP ( 'NONE', ( #4676, #2007, #5351, #443 ) ) ;
#1009 = EDGE_LOOP ( 'NONE', ( #1919, #5163, #1613, #1622 ) ) ;
#1010 = EDGE_CURVE ( 'NONE', #4655, #5020, #2730, .T. ) ;
#1011 = EDGE_LOOP ( 'NONE', ( #4969, #67, #149, #1563, #1366, #2031, #4005, #3542, #4251, #2925, #4818, #2653, #833, #611, #4644, #3579 ) ) ;
#1012 = CARTESIAN_POINT ( 'NONE',  ( 4.249999999999995559, 4.000000000000000000, 20.29999999999999716 ) ) ;
#1013 = AXIS2_PLACEMENT_3D ( 'NONE', #3373, #3900, #1739 ) ;
#1014 = CARTESIAN_POINT ( 'NONE',  ( 11.49999999999999289, 0.000000000000000000, 2.000000000000000000 ) ) ;
#1015 = CIRCLE ( 'NONE', #2261, 2.200000000000000178 ) ;
#1016 = DIRECTION ( 'NONE',  ( 0.000000000000000000, -1.000000000000000000, 0.000000000000000000 ) ) ;
#1017 = DIRECTION ( 'NONE',  ( 0.000000000000000000, 0.000000000000000000, 1.000000000000000000 ) ) ;
#1018 = DIRECTION ( 'NONE',  ( 0.000000000000000000, 0.000000000000000000, -1.000000000000000000 ) ) ;
#1019 = VECTOR ( 'NONE', #1656, 1000.000000000000000 ) ;
#1020 = CARTESIAN_POINT ( 'NONE',  ( 3.499999999999999556, 2.600000000000000089, 23.48833672784351023 ) ) ;
#1021 = ORIENTED_EDGE ( 'NONE', *, *, #4975, .F. ) ;
#1022 = DIRECTION ( 'NONE',  ( 0.6546536707079787520, 0.6546536707079787520, -0.3779644730092216465 ) ) ;
#1023 = DIRECTION ( 'NONE',  ( 0.000000000000000000, 0.000000000000000000, -1.000000000000000000 ) ) ;
#1024 = DIRECTION ( 'NONE',  ( 0.000000000000000000, 1.000000000000000000, -0.000000000000000000 ) ) ;
#1025 = EDGE_CURVE ( 'NONE', #4354, #5239, #2257, .T. ) ;
#1026 = AXIS2_PLACEMENT_3D ( 'NONE', #951, #4639, #1708 ) ;
#1027 = ORIENTED_EDGE ( 'NONE', *, *, #4827, .F. ) ;
#1028 = CARTESIAN_POINT ( 'NONE',  ( 20.50000000000001776, 4.000000000000000000, 27.99999999999999645 ) ) ;
#1029 = CARTESIAN_POINT ( 'NONE',  ( 11.49999999999999289, 2.500000000000000000, 2.000000000000000000 ) ) ;
#1030 = ORIENTED_EDGE ( 'NONE', *, *, #3367, .T. ) ;
#1031 = CYLINDRICAL_SURFACE ( 'NONE', #5013, 4.000000000000000888 ) ;
#1032 = DIRECTION ( 'NONE',  ( -1.734723475976805517E-15, 0.000000000000000000, -1.000000000000000000 ) ) ;
#1033 = DIRECTION ( 'NONE',  ( 0.000000000000000000, 1.000000000000000000, 0.000000000000000000 ) ) ;
#1034 = EDGE_CURVE ( 'NONE', #1225, #2837, #3486, .T. ) ;
#1035 = VERTEX_POINT ( 'NONE', #2487 ) ;
#1036 = EDGE_LOOP ( 'NONE', ( #3368, #3574 ) ) ;
#1037 = ORIENTED_EDGE ( 'NONE', *, *, #3841, .T. ) ;
#1038 = FACE_OUTER_BOUND ( 'NONE', #874, .T. ) ;
#1039 = FACE_OUTER_BOUND ( 'NONE', #3475, .T. ) ;
#1040 = VECTOR ( 'NONE', #1120, 1000.000000000000000 ) ;
#1041 = ADVANCED_FACE ( 'NONE', ( #3321 ), #5364, .F. ) ;
#1042 = LINE ( 'NONE', #3240, #3490 ) ;
#1043 = EDGE_CURVE ( 'NONE', #2394, #2554, #2849, .T. ) ;
#1044 = CIRCLE ( 'NONE', #4931, 1.549999999999995826 ) ;
#1045 = AXIS2_PLACEMENT_3D ( 'NONE', #5434, #3667, #2443 ) ;
#1046 = FACE_BOUND ( 'NONE', #5019, .T. ) ;
#1047 = DIRECTION ( 'NONE',  ( -0.8660254037844422603, 0.000000000000000000, 0.4999999999999936162 ) ) ;
#1048 = DIRECTION ( 'NONE',  ( 0.000000000000000000, 0.000000000000000000, -1.000000000000000000 ) ) ;
#1049 = AXIS2_PLACEMENT_3D ( 'NONE', #4424, #5307, #594 ) ;
#1050 = AXIS2_PLACEMENT_3D ( 'NONE', #490, #2937, #2104 ) ;
#1051 = VERTEX_POINT ( 'NONE', #4095 ) ;
#1052 = CARTESIAN_POINT ( 'NONE',  ( 3.780229193052146996, 3.780229193052146996, 24.50940418572092838 ) ) ;
#1053 = CARTESIAN_POINT ( 'NONE',  ( 3.499999999999998668, 3.500000000000006661, -19.30000000000000426 ) ) ;
#1054 = AXIS2_PLACEMENT_3D ( 'NONE', #1344, #1482, #588 ) ;
#1055 = MECHANICAL_DESIGN_GEOMETRIC_PRESENTATION_REPRESENTATION (  '', ( #4836 ), #5286 ) ;
#1056 = DIRECTION ( 'NONE',  ( 0.000000000000000000, 0.000000000000000000, 1.000000000000000000 ) ) ;
#1057 = CIRCLE ( 'NONE', #2475, 4.000000000000000000 ) ;
#1058 = EDGE_LOOP ( 'NONE', ( #3748, #2364, #3283, #2258 ) ) ;
#1059 = CARTESIAN_POINT ( 'NONE',  ( 28.00000000000000355, 3.500000000000006661, 20.99999999999999645 ) ) ;
#1060 = PLANE ( 'NONE',  #2787 ) ;
#1061 = EDGE_CURVE ( 'NONE', #778, #462, #3848, .T. ) ;
#1062 = EDGE_CURVE ( 'NONE', #539, #5178, #714, .T. ) ;
#1063 = ORIENTED_EDGE ( 'NONE', *, *, #2824, .F. ) ;
#1064 = DIRECTION ( 'NONE',  ( 0.000000000000000000, 0.000000000000000000, -1.000000000000000000 ) ) ;
#1065 = DIRECTION ( 'NONE',  ( 0.000000000000000000, 0.000000000000000000, -1.000000000000000000 ) ) ;
#1066 = DIRECTION ( 'NONE',  ( 0.7660444431189747938, 0.000000000000000000, 0.6427876096865432487 ) ) ;
#1067 = VERTEX_POINT ( 'NONE', #3263 ) ;
#1068 = ORIENTED_EDGE ( 'NONE', *, *, #5173, .F. ) ;
#1069 = ADVANCED_FACE ( 'NONE', ( #2405 ), #3290, .F. ) ;
#1070 = ORIENTED_EDGE ( 'NONE', *, *, #748, .F. ) ;
#1071 = FACE_OUTER_BOUND ( 'NONE', #2415, .T. ) ;
#1072 = DIRECTION ( 'NONE',  ( 1.734723475976805517E-15, 0.000000000000000000, -1.000000000000000000 ) ) ;
#1073 = CARTESIAN_POINT ( 'NONE',  ( 28.00000000000001066, 3.500000000000020428, -7.795084971874749691 ) ) ;
#1074 = CARTESIAN_POINT ( 'NONE',  ( 21.00000000000000355, 0.000000000000000000, 27.99999999999999645 ) ) ;
#1075 = CARTESIAN_POINT ( 'NONE',  ( 19.30825215254416705, 0.000000000000000000, -7.458456109224194996 ) ) ;
#1076 = FILL_AREA_STYLE_COLOUR ( '', #5202 ) ;
#1077 = ORIENTED_EDGE ( 'NONE', *, *, #278, .T. ) ;
#1078 = DIRECTION ( 'NONE',  ( 0.000000000000000000, 0.000000000000000000, -1.000000000000000000 ) ) ;
#1079 = DIRECTION ( 'NONE',  ( -0.000000000000000000, 1.000000000000000000, -0.000000000000000000 ) ) ;
#1080 = EDGE_CURVE ( 'NONE', #3124, #4336, #1905, .T. ) ;
#1081 = CARTESIAN_POINT ( 'NONE',  ( 13.14473684210526372, 2.500000000000000000, -22.94583814427212687 ) ) ;
#1082 = ORIENTED_EDGE ( 'NONE', *, *, #4155, .T. ) ;
#1083 = AXIS2_PLACEMENT_3D ( 'NONE', #3851, #2219, #3078 ) ;
#1084 = EDGE_LOOP ( 'NONE', ( #5276, #2334, #2061, #3982 ) ) ;
#1085 = FACE_OUTER_BOUND ( 'NONE', #42, .T. ) ;
#1086 = DIRECTION ( 'NONE',  ( 0.000000000000000000, 0.000000000000000000, 1.000000000000000000 ) ) ;
#1087 = ORIENTED_EDGE ( 'NONE', *, *, #4953, .F. ) ;
#1088 = LINE ( 'NONE', #615, #3423 ) ;
#1089 = LINE ( 'NONE', #5274, #1775 ) ;
#1090 = DIRECTION ( 'NONE',  ( -0.000000000000000000, -1.000000000000000000, -0.000000000000000000 ) ) ;
#1091 = ORIENTED_EDGE ( 'NONE', *, *, #962, .F. ) ;
#1092 = EDGE_CURVE ( 'NONE', #218, #1476, #743, .T. ) ;
#1093 = AXIS2_PLACEMENT_3D ( 'NONE', #2340, #4027, #5219 ) ;
#1094 = VERTEX_POINT ( 'NONE', #2429 ) ;
#1095 = EDGE_LOOP ( 'NONE', ( #1983, #4114, #3439, #707 ) ) ;
#1096 = CARTESIAN_POINT ( 'NONE',  ( 16.00000000000001066, 2.299999999999999822, -26.50000000000000355 ) ) ;
#1097 = LINE ( 'NONE', #5226, #2206 ) ;
#1098 = VECTOR ( 'NONE', #1435, 1000.000000000000000 ) ;
#1099 = EDGE_CURVE ( 'NONE', #4642, #796, #1606, .T. ) ;
#1100 = ADVANCED_FACE ( 'NONE', ( #4121 ), #4970, .F. ) ;
#1101 = CARTESIAN_POINT ( 'NONE',  ( 28.00000000000000711, 4.000000000000000000, -2.204915028125264076 ) ) ;
#1102 = AXIS2_PLACEMENT_3D ( 'NONE', #4259, #4310, #3044 ) ;
#1103 = CARTESIAN_POINT ( 'NONE',  ( 23.00000000000001066, 0.000000000000000000, 14.99999999999999645 ) ) ;
#1104 = DIRECTION ( 'NONE',  ( 0.000000000000000000, 0.000000000000000000, -1.000000000000000000 ) ) ;
#1105 = CARTESIAN_POINT ( 'NONE',  ( 28.00000000000000355, 0.000000000000000000, 20.99999999999999645 ) ) ;
#1106 = CONICAL_SURFACE ( 'NONE', #4030, 1.500000000000018652, 0.7853981633974500554 ) ;
#1107 = ORIENTED_EDGE ( 'NONE', *, *, #962, .T. ) ;
#1108 = DIRECTION ( 'NONE',  ( 0.000000000000000000, 0.000000000000000000, -1.000000000000000000 ) ) ;
#1109 = VECTOR ( 'NONE', #4480, 1000.000000000000000 ) ;
#1110 = DIRECTION ( 'NONE',  ( -0.000000000000000000, -1.000000000000000000, -0.000000000000000000 ) ) ;
#1111 = ADVANCED_FACE ( 'NONE', ( #5478 ), #318, .T. ) ;
#1112 = ORIENTED_EDGE ( 'NONE', *, *, #2406, .F. ) ;
#1113 = CYLINDRICAL_SURFACE ( 'NONE', #3659, 0.5000000000000004441 ) ;
#1114 = PRODUCT_DEFINITION_SHAPE ( 'NONE', 'NONE',  #570 ) ;
#1115 = CARTESIAN_POINT ( 'NONE',  ( 8.750000000000007105, 4.000000000000000000, -27.30000000000000426 ) ) ;
#1116 = ORIENTED_EDGE ( 'NONE', *, *, #5350, .F. ) ;
#1117 = CARTESIAN_POINT ( 'NONE',  ( 9.500000000000000000, 2.600000000000000089, -22.70000000000000284 ) ) ;
#1118 = DIRECTION ( 'NONE',  ( -0.000000000000000000, -1.000000000000000000, -0.000000000000000000 ) ) ;
#1119 = VECTOR ( 'NONE', #3390, 1000.000000000000000 ) ;
#1120 = DIRECTION ( 'NONE',  ( -1.000000000000000000, 0.000000000000000000, 0.000000000000000000 ) ) ;
#1121 = VERTEX_POINT ( 'NONE', #2933 ) ;
#1122 = ORIENTED_EDGE ( 'NONE', *, *, #2317, .F. ) ;
#1123 = AXIS2_PLACEMENT_3D ( 'NONE', #2636, #891, #1285 ) ;
#1124 = ORIENTED_EDGE ( 'NONE', *, *, #4143, .T. ) ;
#1125 = CARTESIAN_POINT ( 'NONE',  ( 13.66531754730533343, 4.000000000000000000, 23.66902429349574177 ) ) ;
#1126 = FACE_BOUND ( 'NONE', #4136, .T. ) ;
#1127 = DIRECTION ( 'NONE',  ( 0.000000000000000000, 0.000000000000000000, 1.000000000000000000 ) ) ;
#1128 = EDGE_CURVE ( 'NONE', #1706, #979, #4641, .T. ) ;
#1129 = EDGE_CURVE ( 'NONE', #1733, #554, #5002, .T. ) ;
#1130 = CARTESIAN_POINT ( 'NONE',  ( 3.499999999999993783, 1.250000000000000222, 20.29999999999999716 ) ) ;
#1131 = EDGE_CURVE ( 'NONE', #3101, #1430, #3730, .T. ) ;
#1132 = AXIS2_PLACEMENT_3D ( 'NONE', #2484, #4171, #368 ) ;
#1133 = LINE ( 'NONE', #4489, #5254 ) ;
#1134 = DIRECTION ( 'NONE',  ( 0.000000000000000000, 0.000000000000000000, -1.000000000000000000 ) ) ;
#1135 = AXIS2_PLACEMENT_3D ( 'NONE', #1991, #211, #1496 ) ;
#1136 = AXIS2_PLACEMENT_3D ( 'NONE', #3828, #30, #1731 ) ;
#1137 = FACE_OUTER_BOUND ( 'NONE', #1735, .T. ) ;
#1138 = ORIENTED_EDGE ( 'NONE', *, *, #4842, .F. ) ;
#1139 = DIRECTION ( 'NONE',  ( -0.000000000000000000, -1.000000000000000000, 0.000000000000000000 ) ) ;
#1140 = AXIS2_PLACEMENT_3D ( 'NONE', #3731, #4122, #791 ) ;
#1141 = CIRCLE ( 'NONE', #5296, 2.200000000000000622 ) ;
#1142 = DIRECTION ( 'NONE',  ( 0.000000000000000000, 0.000000000000000000, 1.000000000000000000 ) ) ;
#1143 = ORIENTED_EDGE ( 'NONE', *, *, #683, .T. ) ;
#1144 = CARTESIAN_POINT ( 'NONE',  ( 3.499999999999999556, 3.500000000000006661, 23.48833672784351023 ) ) ;
#1145 = DIRECTION ( 'NONE',  ( 0.000000000000000000, 0.000000000000000000, -1.000000000000000000 ) ) ;
#1146 = CIRCLE ( 'NONE', #2562, 1.500000000000018652 ) ;
#1147 = CARTESIAN_POINT ( 'NONE',  ( 14.22677197410524208, 2.500000000000000000, 7.344596766944555988 ) ) ;
#1148 = ORIENTED_EDGE ( 'NONE', *, *, #1525, .T. ) ;
#1149 = ORIENTED_EDGE ( 'NONE', *, *, #2318, .T. ) ;
#1150 = ORIENTED_EDGE ( 'NONE', *, *, #4065, .T. ) ;
#1151 = ORIENTED_EDGE ( 'NONE', *, *, #3958, .T. ) ;
#1152 = DIRECTION ( 'NONE',  ( -0.000000000000000000, -1.000000000000000000, -0.000000000000000000 ) ) ;
#1153 = CARTESIAN_POINT ( 'NONE',  ( 22.22504112484965333, 0.000000000000000000, -2.119096801136108876 ) ) ;
#1154 = DIRECTION ( 'NONE',  ( 0.000000000000000000, 0.000000000000000000, -1.000000000000000000 ) ) ;
#1155 = ADVANCED_FACE ( 'NONE', ( #790 ), #3347, .T. ) ;
#1156 = DIRECTION ( 'NONE',  ( 0.000000000000000000, 0.000000000000000000, -1.000000000000000000 ) ) ;
#1157 = EDGE_CURVE ( 'NONE', #857, #4505, #1275, .T. ) ;
#1158 = DIRECTION ( 'NONE',  ( 0.000000000000000000, 1.000000000000000000, 0.000000000000000000 ) ) ;
#1159 = CARTESIAN_POINT ( 'NONE',  ( 17.36822456684302907, 2.500000000000000000, 0.7494239594891117795 ) ) ;
#1160 = CARTESIAN_POINT ( 'NONE',  ( 18.50000000000001066, 3.500000000000020428, -30.00000000000000355 ) ) ;
#1161 = EDGE_LOOP ( 'NONE', ( #3305, #1307, #4109, #5312 ) ) ;
#1162 = CYLINDRICAL_SURFACE ( 'NONE', #1636, 2.999999999999999112 ) ;
#1163 = DIRECTION ( 'NONE',  ( -0.000000000000000000, -1.000000000000000000, -0.000000000000000000 ) ) ;
#1164 = EDGE_LOOP ( 'NONE', ( #4887, #5303, #3971, #950, #1037 ) ) ;
#1165 = DIRECTION ( 'NONE',  ( -0.000000000000000000, -1.000000000000000000, -0.000000000000000000 ) ) ;
#1166 = DIRECTION ( 'NONE',  ( 0.000000000000000000, 1.000000000000000000, 0.000000000000000000 ) ) ;
#1167 = EDGE_LOOP ( 'NONE', ( #4948, #1976, #2505, #33 ) ) ;
#1168 = ORIENTED_EDGE ( 'NONE', *, *, #4392, .F. ) ;
#1169 = VECTOR ( 'NONE', #3108, 1000.000000000000000 ) ;
#1170 = ORIENTED_EDGE ( 'NONE', *, *, #4011, .F. ) ;
#1171 = EDGE_LOOP ( 'NONE', ( #1107, #409, #3257, #1148 ) ) ;
#1172 = DIRECTION ( 'NONE',  ( -0.000000000000000000, 1.000000000000000000, -0.000000000000000000 ) ) ;
#1173 = DIRECTION ( 'NONE',  ( 0.000000000000000000, 0.000000000000000000, -1.000000000000000000 ) ) ;
#1174 = ORIENTED_EDGE ( 'NONE', *, *, #1229, .T. ) ;
#1175 = ADVANCED_FACE ( 'NONE', ( #480 ), #388, .F. ) ;
#1176 = DIRECTION ( 'NONE',  ( -0.000000000000000000, -1.000000000000000000, 0.000000000000000000 ) ) ;
#1177 = EDGE_CURVE ( 'NONE', #2575, #3803, #3018, .T. ) ;
#1178 = AXIS2_PLACEMENT_3D ( 'NONE', #4323, #4296, #527 ) ;
#1179 = DIRECTION ( 'NONE',  ( 0.000000000000000000, 1.000000000000000000, 0.000000000000000000 ) ) ;
#1180 = VECTOR ( 'NONE', #4952, 1000.000000000000000 ) ;
#1181 = CYLINDRICAL_SURFACE ( 'NONE', #207, 3.999999999999999112 ) ;
#1182 = CYLINDRICAL_SURFACE ( 'NONE', #4710, 3.249999999999999556 ) ;
#1183 = VECTOR ( 'NONE', #2044, 1000.000000000000000 ) ;
#1184 = DIRECTION ( 'NONE',  ( -0.000000000000000000, -1.000000000000000000, -0.000000000000000000 ) ) ;
#1185 = EDGE_LOOP ( 'NONE', ( #2399, #3487, #4745, #1885 ) ) ;
#1186 = EDGE_LOOP ( 'NONE', ( #14, #1902, #4544, #4137 ) ) ;
#1187 = EDGE_CURVE ( 'NONE', #1784, #2949, #3421, .T. ) ;
#1188 = PLANE ( 'NONE',  #2423 ) ;
#1189 = VECTOR ( 'NONE', #670, 1000.000000000000000 ) ;
#1190 = PLANE ( 'NONE',  #1281 ) ;
#1191 = ORIENTED_EDGE ( 'NONE', *, *, #1975, .T. ) ;
#1192 = CARTESIAN_POINT ( 'NONE',  ( 16.12250708506317309, 0.000000000000000000, -22.50187643836395424 ) ) ;
#1193 = EDGE_CURVE ( 'NONE', #5106, #799, #2350, .T. ) ;
#1194 = ADVANCED_FACE ( 'NONE', ( #1869 ), #3999, .F. ) ;
#1195 = CARTESIAN_POINT ( 'NONE',  ( 3.999999999999993339, 4.000000000000000000, -28.99999999999998934 ) ) ;
#1196 = VECTOR ( 'NONE', #3455, 1000.000000000000000 ) ;
#1197 = CARTESIAN_POINT ( 'NONE',  ( 15.84133582938291163, 0.000000000000000000, -2.260610662395256654 ) ) ;
#1198 = ORIENTED_EDGE ( 'NONE', *, *, #4108, .F. ) ;
#1199 = ORIENTED_EDGE ( 'NONE', *, *, #4890, .F. ) ;
#1200 = ORIENTED_EDGE ( 'NONE', *, *, #4108, .T. ) ;
#1201 = VERTEX_POINT ( 'NONE', #2155 ) ;
#1202 = CARTESIAN_POINT ( 'NONE',  ( 13.87335500670138266, 2.500000000000000000, -20.67613692876645715 ) ) ;
#1203 = DIRECTION ( 'NONE',  ( -0.000000000000000000, -1.000000000000000000, 0.000000000000000000 ) ) ;
#1204 = ORIENTED_EDGE ( 'NONE', *, *, #4491, .T. ) ;
#1205 = PLANE ( 'NONE',  #1132 ) ;
#1206 = AXIS2_PLACEMENT_3D ( 'NONE', #2425, #2508, #4197 ) ;
#1207 = VERTEX_POINT ( 'NONE', #2988 ) ;
#1208 = CARTESIAN_POINT ( 'NONE',  ( 27.50000000000000711, 2.299999999999999822, -7.795084971874749691 ) ) ;
#1209 = ADVANCED_FACE ( 'NONE', ( #1450 ), #3395, .F. ) ;
#1210 = DIRECTION ( 'NONE',  ( -0.000000000000000000, 1.000000000000000000, -0.000000000000000000 ) ) ;
#1211 = CARTESIAN_POINT ( 'NONE',  ( 14.00000000000001066, 4.000000000000000000, 29.06173769148989550 ) ) ;
#1212 = CARTESIAN_POINT ( 'NONE',  ( 25.00000000000001066, 4.000000000000000000, -5.000000000000007994 ) ) ;
#1213 = CARTESIAN_POINT ( 'NONE',  ( 2.499999999999999556, 0.000000000000000000, 30.99999999999999645 ) ) ;
#1214 = ORIENTED_EDGE ( 'NONE', *, *, #4485, .T. ) ;
#1215 = CIRCLE ( 'NONE', #3258, 3.999999999999999112 ) ;
#1216 = ORIENTED_EDGE ( 'NONE', *, *, #786, .F. ) ;
#1217 = FACE_OUTER_BOUND ( 'NONE', #4167, .T. ) ;
#1218 = LINE ( 'NONE', #2918, #2173 ) ;
#1219 = VECTOR ( 'NONE', #4629, 1000.000000000000000 ) ;
#1220 = ORIENTED_EDGE ( 'NONE', *, *, #4885, .F. ) ;
#1221 = LINE ( 'NONE', #4110, #2380 ) ;
#1222 = DIRECTION ( 'NONE',  ( 0.000000000000000000, 0.000000000000000000, -1.000000000000000000 ) ) ;
#1223 = DIRECTION ( 'NONE',  ( 0.000000000000000000, 0.000000000000000000, -1.000000000000000000 ) ) ;
#1224 = CIRCLE ( 'NONE', #2638, 6.000000000000005329 ) ;
#1225 = VERTEX_POINT ( 'NONE', #3144 ) ;
#1226 = VECTOR ( 'NONE', #1184, 1000.000000000000000 ) ;
#1227 = ORIENTED_EDGE ( 'NONE', *, *, #2855, .F. ) ;
#1228 = EDGE_CURVE ( 'NONE', #676, #5149, #4469, .T. ) ;
#1229 = EDGE_CURVE ( 'NONE', #1430, #2504, #17, .T. ) ;
#1230 = ORIENTED_EDGE ( 'NONE', *, *, #2248, .F. ) ;
#1231 = ORIENTED_EDGE ( 'NONE', *, *, #4511, .T. ) ;
#1232 = AXIS2_PLACEMENT_3D ( 'NONE', #1927, #2664, #1844 ) ;
#1233 = CARTESIAN_POINT ( 'NONE',  ( 7.000000000000003553, 2.600000000000000089, -25.00000000000000000 ) ) ;
#1234 = EDGE_CURVE ( 'NONE', #2504, #4133, #931, .T. ) ;
#1235 = DIRECTION ( 'NONE',  ( -1.000000000000000000, 0.000000000000000000, -5.071510359137166603E-16 ) ) ;
#1236 = ORIENTED_EDGE ( 'NONE', *, *, #110, .F. ) ;
#1237 = CARTESIAN_POINT ( 'NONE',  ( 20.51987171000546795, 0.000000000000000000, -5.536556753791759711 ) ) ;
#1238 = ORIENTED_EDGE ( 'NONE', *, *, #4864, .F. ) ;
#1239 = EDGE_CURVE ( 'NONE', #2106, #676, #2618, .T. ) ;
#1240 = DIRECTION ( 'NONE',  ( -0.000000000000000000, -1.000000000000000000, 0.000000000000000000 ) ) ;
#1241 = CYLINDRICAL_SURFACE ( 'NONE', #3705, 1.000000000000000888 ) ;
#1242 = LINE ( 'NONE', #817, #4369 ) ;
#1243 = DIRECTION ( 'NONE',  ( 1.000000000000000000, 0.000000000000000000, 0.000000000000000000 ) ) ;
#1244 = CARTESIAN_POINT ( 'NONE',  ( 27.50000000000000711, 2.299999999999999822, -7.795084971874749691 ) ) ;
#1245 = VERTEX_POINT ( 'NONE', #3871 ) ;
#1246 = ORIENTED_EDGE ( 'NONE', *, *, #1754, .T. ) ;
#1247 = ADVANCED_FACE ( 'NONE', ( #3549 ), #4409, .F. ) ;
#1248 = CARTESIAN_POINT ( 'NONE',  ( 0.000000000000000000, 4.000000000000000000, 29.49999999999999645 ) ) ;
#1249 = CARTESIAN_POINT ( 'NONE',  ( 13.50000000000001243, 4.000000000000000000, -29.50000000000000355 ) ) ;
#1250 = ORIENTED_EDGE ( 'NONE', *, *, #2269, .T. ) ;
#1251 = CARTESIAN_POINT ( 'NONE',  ( 4.499999999999997335, 4.000000000000000000, -29.50000000000000711 ) ) ;
#1252 = LINE ( 'NONE', #5152, #602 ) ;
#1253 = FACE_OUTER_BOUND ( 'NONE', #192, .T. ) ;
#1254 = EDGE_LOOP ( 'NONE', ( #5182, #63, #2098, #5293, #2844 ) ) ;
#1255 = VERTEX_POINT ( 'NONE', #70 ) ;
#1256 = ORIENTED_EDGE ( 'NONE', *, *, #4450, .T. ) ;
#1257 = DIRECTION ( 'NONE',  ( 0.000000000000000000, 1.000000000000000000, 0.000000000000000000 ) ) ;
#1258 = CARTESIAN_POINT ( 'NONE',  ( 14.41531754730530501, 4.000000000000000000, 24.96806239917241399 ) ) ;
#1259 = ORIENTED_EDGE ( 'NONE', *, *, #1712, .T. ) ;
#1260 = DIRECTION ( 'NONE',  ( -0.000000000000000000, -1.000000000000000000, -0.000000000000000000 ) ) ;
#1261 = ORIENTED_EDGE ( 'NONE', *, *, #497, .F. ) ;
#1262 = AXIS2_PLACEMENT_3D ( 'NONE', #3820, #3403, #21 ) ;
#1263 = DIRECTION ( 'NONE',  ( 0.000000000000000000, 0.000000000000000000, -1.000000000000000000 ) ) ;
#1264 = DIRECTION ( 'NONE',  ( -0.8660254037844423713, 0.000000000000000000, 0.4999999999999936162 ) ) ;
#1265 = AXIS2_PLACEMENT_3D ( 'NONE', #4819, #637, #5371 ) ;
#1266 = ADVANCED_FACE ( 'NONE', ( #5241 ), #393, .T. ) ;
#1267 = EDGE_CURVE ( 'NONE', #4301, #1903, #4645, .T. ) ;
#1268 = CARTESIAN_POINT ( 'NONE',  ( 27.50000000000002842, 4.000000000000000000, -21.00000000000000711 ) ) ;
#1269 = CARTESIAN_POINT ( 'NONE',  ( 16.29999999999999361, 2.500000000000000000, 20.30726231784357694 ) ) ;
#1270 = CARTESIAN_POINT ( 'NONE',  ( 16.19354838709677225, 0.000000000000000000, 22.50468536635069228 ) ) ;
#1271 = AXIS2_PLACEMENT_3D ( 'NONE', #4901, #3244, #1108 ) ;
#1272 = ORIENTED_EDGE ( 'NONE', *, *, #3645, .T. ) ;
#1273 = FACE_OUTER_BOUND ( 'NONE', #1284, .T. ) ;
#1274 = DIRECTION ( 'NONE',  ( 0.000000000000000000, 1.000000000000000000, 0.000000000000000000 ) ) ;
#1275 = CIRCLE ( 'NONE', #2602, 2.000000000000001776 ) ;
#1276 = ORIENTED_EDGE ( 'NONE', *, *, #3082, .T. ) ;
#1277 = CARTESIAN_POINT ( 'NONE',  ( 27.38363500381079874, 2.500000000000000000, -6.034310117596673351 ) ) ;
#1278 = ADVANCED_FACE ( 'NONE', ( #1348 ), #423, .T. ) ;
#1279 = DIRECTION ( 'NONE',  ( -0.000000000000000000, -1.000000000000000000, -0.000000000000000000 ) ) ;
#1280 = SURFACE_SIDE_STYLE ('',( #2658 ) ) ;
#1281 = AXIS2_PLACEMENT_3D ( 'NONE', #3, #2884, #856 ) ;
#1282 = VERTEX_POINT ( 'NONE', #2567 ) ;
#1283 = ORIENTED_EDGE ( 'NONE', *, *, #4491, .F. ) ;
#1284 = EDGE_LOOP ( 'NONE', ( #3665, #1424, #5102, #4252 ) ) ;
#1285 = DIRECTION ( 'NONE',  ( -1.000000000000000000, 0.000000000000000000, 0.000000000000000000 ) ) ;
#1286 = AXIS2_PLACEMENT_3D ( 'NONE', #2724, #180, #1877 ) ;
#1287 = DIRECTION ( 'NONE',  ( -0.000000000000000000, -1.000000000000000000, -0.000000000000000000 ) ) ;
#1288 = EDGE_LOOP ( 'NONE', ( #2676, #4865 ) ) ;
#1289 = CARTESIAN_POINT ( 'NONE',  ( 8.750000000000000000, 4.000000000000000000, 7.899999999999999467 ) ) ;
#1290 = VERTEX_POINT ( 'NONE', #1320 ) ;
#1291 = DIRECTION ( 'NONE',  ( -0.8660254037844423713, 0.000000000000000000, 0.4999999999999933942 ) ) ;
#1292 = DIRECTION ( 'NONE',  ( 0.000000000000000000, 1.000000000000000000, 0.000000000000000000 ) ) ;
#1293 = CARTESIAN_POINT ( 'NONE',  ( 8.800000000000002487, 1.250000000000000222, -5.800000000000003375 ) ) ;
#1294 = CARTESIAN_POINT ( 'NONE',  ( 7.499999999999996447, 4.000000000000000000, 24.99999999999998934 ) ) ;
#1295 = EDGE_CURVE ( 'NONE', #4790, #2062, #5080, .T. ) ;
#1296 = LINE ( 'NONE', #5204, #1169 ) ;
#1297 = EDGE_CURVE ( 'NONE', #4579, #2319, #2591, .T. ) ;
#1298 = DIRECTION ( 'NONE',  ( -2.453269466693396649E-15, -0.7071067811865474617, 0.7071067811865474617 ) ) ;
#1299 = ORIENTED_EDGE ( 'NONE', *, *, #4746, .F. ) ;
#1300 = CYLINDRICAL_SURFACE ( 'NONE', #464, 3.249999999999999556 ) ;
#1301 = AXIS2_PLACEMENT_3D ( 'NONE', #3690, #3742, #4523 ) ;
#1302 = CARTESIAN_POINT ( 'NONE',  ( 16.00000000000001066, 2.299999999999999822, -26.50000000000000355 ) ) ;
#1303 = EDGE_CURVE ( 'NONE', #3944, #4461, #5270, .T. ) ;
#1304 = ORIENTED_EDGE ( 'NONE', *, *, #1193, .T. ) ;
#1305 = CIRCLE ( 'NONE', #4150, 2.000000000000001776 ) ;
#1306 = CARTESIAN_POINT ( 'NONE',  ( 23.00000000000001066, 0.000000000000000000, 16.54999999999999005 ) ) ;
#1307 = ORIENTED_EDGE ( 'NONE', *, *, #690, .T. ) ;
#1308 = ORIENTED_EDGE ( 'NONE', *, *, #5450, .F. ) ;
#1309 = AXIS2_PLACEMENT_3D ( 'NONE', #2473, #1165, #3635 ) ;
#1310 = ADVANCED_FACE ( 'NONE', ( #2393 ), #2859, .T. ) ;
#1311 = EDGE_CURVE ( 'NONE', #3844, #3111, #4204, .T. ) ;
#1312 = VERTEX_POINT ( 'NONE', #4930 ) ;
#1313 = CYLINDRICAL_SURFACE ( 'NONE', #317, 11.80000000000000604 ) ;
#1314 = LINE ( 'NONE', #13, #4415 ) ;
#1315 = AXIS2_PLACEMENT_3D ( 'NONE', #2375, #3126, #263 ) ;
#1316 = ORIENTED_EDGE ( 'NONE', *, *, #4572, .F. ) ;
#1317 = CIRCLE ( 'NONE', #3789, 2.200000000000000622 ) ;
#1318 = CYLINDRICAL_SURFACE ( 'NONE', #2628, 0.7500000000000006661 ) ;
#1319 = EDGE_LOOP ( 'NONE', ( #4758, #5069, #4429, #1630, #4844, #1283, #4222, #2841, #479, #3685 ) ) ;
#1320 = CARTESIAN_POINT ( 'NONE',  ( 3.793141571295800318, 3.793141571295807424, 23.17953286501933619 ) ) ;
#1321 = AXIS2_PLACEMENT_3D ( 'NONE', #2150, #952, #892 ) ;
#1322 = CIRCLE ( 'NONE', #2559, 2.200000000000000622 ) ;
#1323 = ORIENTED_EDGE ( 'NONE', *, *, #989, .T. ) ;
#1324 = LINE ( 'NONE', #3924, #4649 ) ;
#1325 = DIRECTION ( 'NONE',  ( 0.000000000000000000, 0.000000000000000000, 1.000000000000000000 ) ) ;
#1326 = VECTOR ( 'NONE', #3120, 1000.000000000000000 ) ;
#1327 = ORIENTED_EDGE ( 'NONE', *, *, #3973, .F. ) ;
#1328 = DIRECTION ( 'NONE',  ( 0.000000000000000000, 1.000000000000000000, 0.000000000000000000 ) ) ;
#1329 = DIRECTION ( 'NONE',  ( 0.000000000000000000, 0.000000000000000000, 1.000000000000000000 ) ) ;
#1330 = DIRECTION ( 'NONE',  ( 0.000000000000000000, 1.000000000000000000, 0.000000000000000000 ) ) ;
#1331 = EDGE_CURVE ( 'NONE', #3037, #4642, #2439, .T. ) ;
#1332 = EDGE_CURVE ( 'NONE', #2970, #179, #303, .T. ) ;
#1333 = VERTEX_POINT ( 'NONE', #3170 ) ;
#1334 = DIRECTION ( 'NONE',  ( 0.000000000000000000, 0.000000000000000000, -1.000000000000000000 ) ) ;
#1335 = DIRECTION ( 'NONE',  ( 0.000000000000000000, 0.000000000000000000, -1.000000000000000000 ) ) ;
#1336 = ORIENTED_EDGE ( 'NONE', *, *, #3467, .T. ) ;
#1337 = DIRECTION ( 'NONE',  ( 0.000000000000000000, 0.000000000000000000, 1.000000000000000000 ) ) ;
#1338 = EDGE_CURVE ( 'NONE', #3070, #2051, #4129, .T. ) ;
#1339 = EDGE_CURVE ( 'NONE', #3781, #4748, #275, .T. ) ;
#1340 = ORIENTED_EDGE ( 'NONE', *, *, #2961, .T. ) ;
#1341 = DIRECTION ( 'NONE',  ( 0.000000000000000000, 0.000000000000000000, -1.000000000000000000 ) ) ;
#1342 = ORIENTED_EDGE ( 'NONE', *, *, #3200, .F. ) ;
#1343 = DIRECTION ( 'NONE',  ( 0.000000000000000000, 1.000000000000000000, 0.000000000000000000 ) ) ;
#1344 = CARTESIAN_POINT ( 'NONE',  ( 24.00000000000000355, 3.500000000000006661, 26.00000000000000000 ) ) ;
#1345 = LINE ( 'NONE', #2565, #1489 ) ;
#1346 = ORIENTED_EDGE ( 'NONE', *, *, #3563, .F. ) ;
#1347 = ORIENTED_EDGE ( 'NONE', *, *, #3564, .F. ) ;
#1348 = FACE_OUTER_BOUND ( 'NONE', #3386, .T. ) ;
#1349 = ORIENTED_EDGE ( 'NONE', *, *, #1453, .F. ) ;
#1350 = LINE ( 'NONE', #1773, #2590 ) ;
#1351 = CYLINDRICAL_SURFACE ( 'NONE', #4239, 1.600000000000000755 ) ;
#1352 = EDGE_CURVE ( 'NONE', #3015, #1943, #4906, .T. ) ;
#1353 = VECTOR ( 'NONE', #1408, 1000.000000000000000 ) ;
#1354 = FACE_OUTER_BOUND ( 'NONE', #2255, .T. ) ;
#1355 = FACE_OUTER_BOUND ( 'NONE', #4903, .T. ) ;
#1356 = CARTESIAN_POINT ( 'NONE',  ( 24.00000000000001066, 3.500000000000020428, -26.00000000000000355 ) ) ;
#1357 = CIRCLE ( 'NONE', #5331, 0.5000000000000004441 ) ;
#1358 = VERTEX_POINT ( 'NONE', #1973 ) ;
#1359 = CARTESIAN_POINT ( 'NONE',  ( 25.00000000000001066, 2.299999999999999822, -8.250000000000007105 ) ) ;
#1360 = LINE ( 'NONE', #3057, #2771 ) ;
#1361 = VERTEX_POINT ( 'NONE', #5372 ) ;
#1362 = CIRCLE ( 'NONE', #1006, 4.000000000000000888 ) ;
#1363 = AXIS2_PLACEMENT_3D ( 'NONE', #5018, #2922, #309 ) ;
#1364 = AXIS2_PLACEMENT_3D ( 'NONE', #4706, #3056, #2679 ) ;
#1365 = LINE ( 'NONE', #496, #3970 ) ;
#1366 = ORIENTED_EDGE ( 'NONE', *, *, #2751, .F. ) ;
#1367 = DIRECTION ( 'NONE',  ( -0.000000000000000000, -1.000000000000000000, -0.000000000000000000 ) ) ;
#1368 = AXIS2_PLACEMENT_3D ( 'NONE', #2935, #847, #5397 ) ;
#1369 = EDGE_CURVE ( 'NONE', #4748, #3414, #2433, .T. ) ;
#1370 = ADVANCED_FACE ( 'NONE', ( #2366 ), #2336, .F. ) ;
#1371 = VERTEX_POINT ( 'NONE', #1952 ) ;
#1372 = CARTESIAN_POINT ( 'NONE',  ( 11.49999999999999289, 2.500000000000000000, 2.000000000000000000 ) ) ;
#1373 = DIRECTION ( 'NONE',  ( 0.000000000000000000, 0.000000000000000000, 1.000000000000000000 ) ) ;
#1374 = AXIS2_PLACEMENT_3D ( 'NONE', #1029, #4285, #2311 ) ;
#1375 = CARTESIAN_POINT ( 'NONE',  ( 8.749999999999998224, 2.250000000000000444, 20.29999999999999716 ) ) ;
#1376 = ORIENTED_EDGE ( 'NONE', *, *, #3199, .F. ) ;
#1377 = ORIENTED_EDGE ( 'NONE', *, *, #450, .F. ) ;
#1378 = VECTOR ( 'NONE', #513, 1000.000000000000000 ) ;
#1379 = VECTOR ( 'NONE', #435, 1000.000000000000114 ) ;
#1380 = VERTEX_POINT ( 'NONE', #3198 ) ;
#1381 = LINE ( 'NONE', #3020, #2856 ) ;
#1382 = LINE ( 'NONE', #5084, #4944 ) ;
#1383 = ORIENTED_EDGE ( 'NONE', *, *, #1574, .T. ) ;
#1384 = LINE ( 'NONE', #3850, #4804 ) ;
#1385 = FACE_OUTER_BOUND ( 'NONE', #780, .T. ) ;
#1386 = DIRECTION ( 'NONE',  ( 0.000000000000000000, 1.000000000000000000, 0.000000000000000000 ) ) ;
#1387 = DIRECTION ( 'NONE',  ( -0.000000000000000000, -1.000000000000000000, -0.000000000000000000 ) ) ;
#1388 = ORIENTED_EDGE ( 'NONE', *, *, #1438, .F. ) ;
#1389 = FACE_OUTER_BOUND ( 'NONE', #3751, .T. ) ;
#1390 = DIRECTION ( 'NONE',  ( -0.000000000000000000, -1.000000000000000000, -0.000000000000000000 ) ) ;
#1391 = DIRECTION ( 'NONE',  ( 1.000000000000000000, 0.000000000000000000, 0.000000000000000000 ) ) ;
#1392 = SURFACE_STYLE_USAGE ( .BOTH. , #1280 ) ;
#1393 = VERTEX_POINT ( 'NONE', #1115 ) ;
#1394 = PLANE ( 'NONE',  #1632 ) ;
#1395 = EDGE_CURVE ( 'NONE', #3603, #3413, #4025, .T. ) ;
#1396 = EDGE_LOOP ( 'NONE', ( #1138, #253, #2156, #5466 ) ) ;
#1397 = ORIENTED_EDGE ( 'NONE', *, *, #5345, .F. ) ;
#1398 = CARTESIAN_POINT ( 'NONE',  ( 8.438740531849417081, 1.250000000000000222, 20.26110134354693670 ) ) ;
#1399 = DIRECTION ( 'NONE',  ( 0.000000000000000000, 0.000000000000000000, -1.000000000000000000 ) ) ;
#1400 = DIRECTION ( 'NONE',  ( 0.000000000000000000, 1.000000000000000000, 0.000000000000000000 ) ) ;
#1401 = VECTOR ( 'NONE', #2180, 1000.000000000000000 ) ;
#1402 = VERTEX_POINT ( 'NONE', #2000 ) ;
#1403 = ADVANCED_FACE ( 'NONE', ( #4877 ), #1060, .T. ) ;
#1404 = EDGE_CURVE ( 'NONE', #554, #2696, #832, .T. ) ;
#1405 = VERTEX_POINT ( 'NONE', #1892 ) ;
#1406 = ORIENTED_EDGE ( 'NONE', *, *, #1295, .F. ) ;
#1407 = CIRCLE ( 'NONE', #1309, 1.549999999999995826 ) ;
#1408 = DIRECTION ( 'NONE',  ( -0.000000000000000000, -1.000000000000000000, -0.000000000000000000 ) ) ;
#1409 = VECTOR ( 'NONE', #5406, 1000.000000000000000 ) ;
#1410 = LINE ( 'NONE', #876, #2552 ) ;
#1411 = AXIS2_PLACEMENT_3D ( 'NONE', #4863, #151, #1072 ) ;
#1412 = CIRCLE ( 'NONE', #1499, 0.5000000000000004441 ) ;
#1413 = DIRECTION ( 'NONE',  ( -0.000000000000000000, -1.000000000000000000, -0.000000000000000000 ) ) ;
#1414 = CARTESIAN_POINT ( 'NONE',  ( 10.83185842870419613, 4.000000000000000000, 26.17094808214231350 ) ) ;
#1415 = CARTESIAN_POINT ( 'NONE',  ( 8.750000000000000000, 4.000000000000000000, 5.699999999999998401 ) ) ;
#1416 = AXIS2_PLACEMENT_3D ( 'NONE', #4255, #1821, #2125 ) ;
#1417 = DIRECTION ( 'NONE',  ( 0.000000000000000000, 0.000000000000000000, -1.000000000000000000 ) ) ;
#1418 = ADVANCED_FACE ( 'NONE', ( #3578 ), #1479, .F. ) ;
#1419 = ORIENTED_EDGE ( 'NONE', *, *, #5237, .T. ) ;
#1420 = DIRECTION ( 'NONE',  ( 0.000000000000000000, 0.000000000000000000, -1.000000000000000000 ) ) ;
#1421 = FACE_OUTER_BOUND ( 'NONE', #890, .T. ) ;
#1422 = CARTESIAN_POINT ( 'NONE',  ( 21.00000000000000355, 0.000000000000000000, 27.99999999999999645 ) ) ;
#1423 = EDGE_CURVE ( 'NONE', #4883, #4000, #1015, .T. ) ;
#1424 = ORIENTED_EDGE ( 'NONE', *, *, #79, .T. ) ;
#1425 = CYLINDRICAL_SURFACE ( 'NONE', #2506, 0.7500000000000006661 ) ;
#1426 = EDGE_LOOP ( 'NONE', ( #3907, #4585 ) ) ;
#1427 = CARTESIAN_POINT ( 'NONE',  ( 16.00000000000001066, 0.000000000000000000, 26.49999999999999289 ) ) ;
#1428 = LINE ( 'NONE', #4414, #2034 ) ;
#1429 = DIRECTION ( 'NONE',  ( 0.000000000000000000, 0.7071067811865475727, -0.7071067811865475727 ) ) ;
#1430 = VERTEX_POINT ( 'NONE', #3770 ) ;
#1431 = ORIENTED_EDGE ( 'NONE', *, *, #1781, .T. ) ;
#1432 = ORIENTED_EDGE ( 'NONE', *, *, #4028, .T. ) ;
#1433 = CARTESIAN_POINT ( 'NONE',  ( 16.00000000000001066, 2.299999999999999822, 23.24999999999999289 ) ) ;
#1434 = DIRECTION ( 'NONE',  ( -1.000000000000000000, 0.000000000000000000, 0.000000000000000000 ) ) ;
#1435 = DIRECTION ( 'NONE',  ( 0.000000000000000000, 1.000000000000000000, 0.000000000000000000 ) ) ;
#1436 = DIRECTION ( 'NONE',  ( -0.000000000000000000, -1.000000000000000000, 0.000000000000000000 ) ) ;
#1437 = ADVANCED_FACE ( 'NONE', ( #4600 ), #1190, .T. ) ;
#1438 = EDGE_CURVE ( 'NONE', #4538, #2837, #3381, .T. ) ;
#1439 = CARTESIAN_POINT ( 'NONE',  ( 27.16666666666667496, 2.299999999999999822, -7.422406975624783243 ) ) ;
#1440 = DIRECTION ( 'NONE',  ( 0.000000000000000000, 0.000000000000000000, -1.000000000000000000 ) ) ;
#1441 = ORIENTED_EDGE ( 'NONE', *, *, #9, .F. ) ;
#1442 = CARTESIAN_POINT ( 'NONE',  ( 19.00000000000001066, 4.000000000000000000, -30.00000000000000355 ) ) ;
#1443 = CIRCLE ( 'NONE', #3736, 0.7500000000000006661 ) ;
#1444 = DIRECTION ( 'NONE',  ( 0.000000000000000000, 0.000000000000000000, 1.000000000000000000 ) ) ;
#1445 = CARTESIAN_POINT ( 'NONE',  ( 10.25000000000000000, 2.600000000000000089, -22.69999999999999929 ) ) ;
#1446 = AXIS2_PLACEMENT_3D ( 'NONE', #1787, #1367, #3063 ) ;
#1447 = ORIENTED_EDGE ( 'NONE', *, *, #1610, .F. ) ;
#1448 = CARTESIAN_POINT ( 'NONE',  ( 7.866061825025475684, 4.000000000000000000, 20.26085623054218132 ) ) ;
#1449 = EDGE_LOOP ( 'NONE', ( #3990, #4634, #2371, #4 ) ) ;
#1450 = FACE_OUTER_BOUND ( 'NONE', #3055, .T. ) ;
#1451 = VECTOR ( 'NONE', #4904, 1000.000000000000114 ) ;
#1452 = ORIENTED_EDGE ( 'NONE', *, *, #920, .F. ) ;
#1453 = EDGE_CURVE ( 'NONE', #261, #2266, #1554, .T. ) ;
#1454 = DIRECTION ( 'NONE',  ( 0.000000000000000000, 0.000000000000000000, -1.000000000000000000 ) ) ;
#1455 = DIRECTION ( 'NONE',  ( -0.000000000000000000, -1.000000000000000000, -0.000000000000000000 ) ) ;
#1456 = DIRECTION ( 'NONE',  ( 1.000000000000000000, 0.000000000000000000, 0.000000000000000000 ) ) ;
#1457 = VERTEX_POINT ( 'NONE', #407 ) ;
#1458 = EDGE_LOOP ( 'NONE', ( #2892, #735, #5383, #838 ) ) ;
#1459 = EDGE_LOOP ( 'NONE', ( #3660, #2291 ) ) ;
#1460 =( BOUNDED_CURVE ( )  B_SPLINE_CURVE ( 3, ( #2259, #3972, #3608, #3202 ),
 .UNSPECIFIED., .F., .T. ) 
 B_SPLINE_CURVE_WITH_KNOTS ( ( 4, 4 ),
 ( 3.141592653589793116, 4.712388980384662140 ),
 .UNSPECIFIED. ) 
 CURVE ( )  GEOMETRIC_REPRESENTATION_ITEM ( )  RATIONAL_B_SPLINE_CURVE ( ( 1.000000000000000000, 0.8047378541243714878, 0.8047378541243714878, 1.000000000000000000 ) ) 
 REPRESENTATION_ITEM ( '' )  );
#1461 = CARTESIAN_POINT ( 'NONE',  ( 19.07623043105869698, 0.000000000000000000, 7.051804871083221293 ) ) ;
#1462 = AXIS2_PLACEMENT_3D ( 'NONE', #3129, #1881, #2270 ) ;
#1463 = CARTESIAN_POINT ( 'NONE',  ( 23.00000000000001066, 0.000000000000000000, 14.99999999999999645 ) ) ;
#1464 = CIRCLE ( 'NONE', #4117, 2.200000000000000622 ) ;
#1465 = FACE_OUTER_BOUND ( 'NONE', #2890, .T. ) ;
#1466 = CYLINDRICAL_SURFACE ( 'NONE', #3127, 6.000000000000003553 ) ;
#1467 = DIRECTION ( 'NONE',  ( 0.000000000000000000, 0.000000000000000000, -1.000000000000000000 ) ) ;
#1468 = CARTESIAN_POINT ( 'NONE',  ( 18.49999999999999645, 2.500000000000000000, 20.30726231784357694 ) ) ;
#1469 = ORIENTED_EDGE ( 'NONE', *, *, #3366, .F. ) ;
#1470 = EDGE_CURVE ( 'NONE', #3232, #380, #1464, .T. ) ;
#1471 = EDGE_CURVE ( 'NONE', #3855, #3532, #2605, .T. ) ;
#1472 = CARTESIAN_POINT ( 'NONE',  ( 16.00000000000001066, 0.000000000000000000, -22.50000000000000355 ) ) ;
#1473 = CARTESIAN_POINT ( 'NONE',  ( 13.83333333333334281, 2.299999999999999822, 28.92240697562476370 ) ) ;
#1474 = CARTESIAN_POINT ( 'NONE',  ( 17.92629632529397909, 0.000000000000000000, 6.086895587057862933 ) ) ;
#1475 = VECTOR ( 'NONE', #5073, 999.9999999999998863 ) ;
#1476 = VERTEX_POINT ( 'NONE', #2030 ) ;
#1477 = EDGE_CURVE ( 'NONE', #3501, #3944, #2085, .T. ) ;
#1478 = CARTESIAN_POINT ( 'NONE',  ( 18.50000000000001066, 2.299999999999999822, -29.29508497187474347 ) ) ;
#1479 = PLANE ( 'NONE',  #3235 ) ;
#1480 = ORIENTED_EDGE ( 'NONE', *, *, #3672, .F. ) ;
#1481 = CARTESIAN_POINT ( 'NONE',  ( 3.499999999999999556, 2.600000000000000089, 24.16976710787182725 ) ) ;
#1482 = DIRECTION ( 'NONE',  ( -0.000000000000000000, -1.000000000000000000, -0.000000000000000000 ) ) ;
#1483 = DIRECTION ( 'NONE',  ( 0.000000000000000000, 0.000000000000000000, -1.000000000000000000 ) ) ;
#1484 = EDGE_LOOP ( 'NONE', ( #2153, #2181, #3962, #3800 ) ) ;
#1485 = ORIENTED_EDGE ( 'NONE', *, *, #2895, .T. ) ;
#1486 = ORIENTED_EDGE ( 'NONE', *, *, #2216, .F. ) ;
#1487 = CARTESIAN_POINT ( 'NONE',  ( 8.750000000000000000, 2.600000000000000089, -23.01002512578676118 ) ) ;
#1488 = LINE ( 'NONE', #712, #3095 ) ;
#1489 = VECTOR ( 'NONE', #3449, 1000.000000000000000 ) ;
#1490 = EDGE_CURVE ( 'NONE', #2938, #1290, #3933, .T. ) ;
#1491 = DIRECTION ( 'NONE',  ( -0.000000000000000000, 1.000000000000000000, -0.000000000000000000 ) ) ;
#1492 = VECTOR ( 'NONE', #1264, 1000.000000000000000 ) ;
#1493 = AXIS2_PLACEMENT_3D ( 'NONE', #744, #4492, #1968 ) ;
#1494 = CARTESIAN_POINT ( 'NONE',  ( 26.00000000000001066, 4.000000000000000000, -21.00000000000000355 ) ) ;
#1495 = ADVANCED_FACE ( 'NONE', ( #3718 ), #2551, .T. ) ;
#1496 = DIRECTION ( 'NONE',  ( 0.000000000000000000, 0.000000000000000000, -1.000000000000000000 ) ) ;
#1497 = DIRECTION ( 'NONE',  ( -0.000000000000000000, 1.000000000000000000, -0.000000000000000000 ) ) ;
#1498 = VECTOR ( 'NONE', #4648, 1000.000000000000000 ) ;
#1499 = AXIS2_PLACEMENT_3D ( 'NONE', #3989, #575, #5260 ) ;
#1500 = ORIENTED_EDGE ( 'NONE', *, *, #3629, .F. ) ;
#1501 = ADVANCED_FACE ( 'NONE', ( #3799 ), #5402, .T. ) ;
#1502 = DIRECTION ( 'NONE',  ( 0.000000000000000000, 1.000000000000000000, 0.000000000000000000 ) ) ;
#1503 = DIRECTION ( 'NONE',  ( 0.000000000000000000, 0.000000000000000000, -1.000000000000000000 ) ) ;
#1504 = EDGE_CURVE ( 'NONE', #168, #4200, #2053, .T. ) ;
#1505 = DIRECTION ( 'NONE',  ( 0.000000000000000000, 0.000000000000000000, 1.000000000000000000 ) ) ;
#1506 = ORIENTED_EDGE ( 'NONE', *, *, #4006, .T. ) ;
#1507 = DIRECTION ( 'NONE',  ( 0.000000000000000000, 0.000000000000000000, -1.000000000000000000 ) ) ;
#1508 = DIRECTION ( 'NONE',  ( 0.000000000000000000, 0.000000000000000000, -1.000000000000000000 ) ) ;
#1509 = VERTEX_POINT ( 'NONE', #4158 ) ;
#1510 = CYLINDRICAL_SURFACE ( 'NONE', #4393, 4.000000000000000000 ) ;
#1511 = ADVANCED_FACE ( 'NONE', ( #3001 ), #4686, .T. ) ;
#1512 = EDGE_CURVE ( 'NONE', #201, #4301, #4658, .T. ) ;
#1513 = DIRECTION ( 'NONE',  ( 0.000000000000000000, 1.000000000000000000, 0.000000000000000000 ) ) ;
#1514 = ORIENTED_EDGE ( 'NONE', *, *, #3787, .T. ) ;
#1515 = CARTESIAN_POINT ( 'NONE',  ( 14.00000000000001066, 2.299999999999999822, 29.99999999999999645 ) ) ;
#1516 = ORIENTED_EDGE ( 'NONE', *, *, #3301, .T. ) ;
#1517 = VERTEX_POINT ( 'NONE', #1728 ) ;
#1518 = ORIENTED_EDGE ( 'NONE', *, *, #2431, .F. ) ;
#1519 = DIRECTION ( 'NONE',  ( 0.7071067811865475727, 0.7071067811865475727, -0.000000000000000000 ) ) ;
#1520 = CARTESIAN_POINT ( 'NONE',  ( 28.00000000000001066, 0.000000000000000000, -23.00000000000000355 ) ) ;
#1521 = ADVANCED_FACE ( 'NONE', ( #2138 ), #4983, .T. ) ;
#1522 = EDGE_CURVE ( 'NONE', #283, #1333, #5430, .T. ) ;
#1523 = CARTESIAN_POINT ( 'NONE',  ( 16.18988598184790817, 2.500000000000000000, -20.30290847946412924 ) ) ;
#1524 = DIRECTION ( 'NONE',  ( 0.000000000000000000, 0.000000000000000000, -1.000000000000000000 ) ) ;
#1525 = EDGE_CURVE ( 'NONE', #3716, #3505, #1218, .T. ) ;
#1526 = DIRECTION ( 'NONE',  ( 0.000000000000000000, 1.000000000000000000, 0.000000000000000000 ) ) ;
#1527 = PRESENTATION_STYLE_ASSIGNMENT (( #4044 ) ) ;
#1528 = ORIENTED_EDGE ( 'NONE', *, *, #766, .T. ) ;
#1529 = PLANE ( 'NONE',  #4020 ) ;
#1530 = CARTESIAN_POINT ( 'NONE',  ( 7.000000000000003553, 1.000000000000000000, -25.00000000000000000 ) ) ;
#1531 = CYLINDRICAL_SURFACE ( 'NONE', #164, 3.499999999999999556 ) ;
#1532 = AXIS2_PLACEMENT_3D ( 'NONE', #1665, #1723, #1695 ) ;
#1533 = ORIENTED_EDGE ( 'NONE', *, *, #3301, .F. ) ;
#1534 = DIRECTION ( 'NONE',  ( 0.000000000000000000, 0.000000000000000000, -1.000000000000000000 ) ) ;
#1535 = CARTESIAN_POINT ( 'NONE',  ( 18.00000000000001066, 3.500000000000020428, -30.00000000000000355 ) ) ;
#1536 = ORIENTED_EDGE ( 'NONE', *, *, #1234, .F. ) ;
#1537 = CARTESIAN_POINT ( 'NONE',  ( 18.00000000000001066, -1.808568626610816077, -29.06173769148989550 ) ) ;
#1538 = AXIS2_PLACEMENT_3D ( 'NONE', #1478, #5317, #3998 ) ;
#1539 = CARTESIAN_POINT ( 'NONE',  ( 6.531128874149273678, 0.000000000000000000, 28.99999999999999289 ) ) ;
#1540 = PLANE ( 'NONE',  #3393 ) ;
#1541 = EDGE_LOOP ( 'NONE', ( #1063, #5192, #1568, #804 ) ) ;
#1542 = VERTEX_POINT ( 'NONE', #2497 ) ;
#1543 = ADVANCED_FACE ( 'NONE', ( #4185 ), #1106, .T. ) ;
#1544 = ADVANCED_FACE ( 'NONE', ( #4736 ), #1865, .T. ) ;
#1545 = ORIENTED_EDGE ( 'NONE', *, *, #4080, .F. ) ;
#1546 = FACE_OUTER_BOUND ( 'NONE', #3783, .T. ) ;
#1547 = DIRECTION ( 'NONE',  ( -0.000000000000000000, 1.000000000000000000, -0.000000000000000000 ) ) ;
#1548 = AXIS2_PLACEMENT_3D ( 'NONE', #107, #3885, #3939 ) ;
#1549 = VECTOR ( 'NONE', #5056, 1000.000000000000114 ) ;
#1550 = CYLINDRICAL_SURFACE ( 'NONE', #4989, 2.200000000000000622 ) ;
#1551 = AXIS2_PLACEMENT_3D ( 'NONE', #2456, #4146, #5392 ) ;
#1552 = DIRECTION ( 'NONE',  ( 0.000000000000000000, 0.000000000000000000, -1.000000000000000000 ) ) ;
#1553 = CARTESIAN_POINT ( 'NONE',  ( 16.00000000000001066, 2.299999999999999822, 26.49999999999999289 ) ) ;
#1554 = CIRCLE ( 'NONE', #5442, 1.549999999999995826 ) ;
#1555 = CARTESIAN_POINT ( 'NONE',  ( 18.00000000000001066, 4.000000000000000000, -29.50000000000002132 ) ) ;
#1556 = DIRECTION ( 'NONE',  ( 0.000000000000000000, 0.000000000000000000, 1.000000000000000000 ) ) ;
#1557 = AXIS2_PLACEMENT_3D ( 'NONE', #2267, #1519, #985 ) ;
#1558 = LINE ( 'NONE', #353, #1226 ) ;
#1559 = ORIENTED_EDGE ( 'NONE', *, *, #2045, .F. ) ;
#1560 = EDGE_LOOP ( 'NONE', ( #2813, #2860, #4032, #3298, #3089, #1250, #2766, #5458 ) ) ;
#1561 = CYLINDRICAL_SURFACE ( 'NONE', #1538, 0.5000000000000004441 ) ;
#1562 = DIRECTION ( 'NONE',  ( -0.000000000000000000, -1.000000000000000000, -0.000000000000000000 ) ) ;
#1563 = ORIENTED_EDGE ( 'NONE', *, *, #3184, .T. ) ;
#1564 = LINE ( 'NONE', #3252, #419 ) ;
#1565 = DIRECTION ( 'NONE',  ( -0.000000000000000000, 1.000000000000000000, -0.000000000000000000 ) ) ;
#1566 = CARTESIAN_POINT ( 'NONE',  ( 9.500000000000000000, 2.600000000000000089, -22.70000000000000284 ) ) ;
#1567 = ORIENTED_EDGE ( 'NONE', *, *, #1608, .T. ) ;
#1568 = ORIENTED_EDGE ( 'NONE', *, *, #3499, .T. ) ;
#1569 = CIRCLE ( 'NONE', #5175, 3.249999999999999556 ) ;
#1570 = ADVANCED_FACE ( 'NONE', ( #1421 ), #2680, .T. ) ;
#1571 = ORIENTED_EDGE ( 'NONE', *, *, #2431, .T. ) ;
#1572 = DIRECTION ( 'NONE',  ( -0.000000000000000000, -1.000000000000000000, -0.000000000000000000 ) ) ;
#1573 = PLANE ( 'NONE',  #3006 ) ;
#1574 = EDGE_CURVE ( 'NONE', #4712, #3205, #2877, .T. ) ;
#1575 = EDGE_CURVE ( 'NONE', #2360, #3867, #3911, .T. ) ;
#1576 = EDGE_CURVE ( 'NONE', #1789, #3532, #3544, .T. ) ;
#1577 = CARTESIAN_POINT ( 'NONE',  ( 25.00000000000001066, 0.000000000000000000, -5.000000000000007994 ) ) ;
#1578 = VECTOR ( 'NONE', #4357, 1000.000000000000114 ) ;
#1579 = DIRECTION ( 'NONE',  ( 0.000000000000000000, 0.000000000000000000, -1.000000000000000000 ) ) ;
#1580 = VECTOR ( 'NONE', #410, 1000.000000000000000 ) ;
#1581 = LINE ( 'NONE', #373, #1549 ) ;
#1582 = CARTESIAN_POINT ( 'NONE',  ( 20.50000000000003197, 4.000000000000000000, -26.00000000000000355 ) ) ;
#1583 = CIRCLE ( 'NONE', #2723, 0.7500000000000006661 ) ;
#1584 = CIRCLE ( 'NONE', #2460, 4.000000000000000000 ) ;
#1585 = LINE ( 'NONE', #5009, #965 ) ;
#1586 = ORIENTED_EDGE ( 'NONE', *, *, #924, .T. ) ;
#1587 = ORIENTED_EDGE ( 'NONE', *, *, #2356, .F. ) ;
#1588 = CARTESIAN_POINT ( 'NONE',  ( 19.34042906660437566, 2.500000000000000000, 4.401597812196119897 ) ) ;
#1589 = CIRCLE ( 'NONE', #3100, 1.549999999999997602 ) ;
#1590 = AXIS2_PLACEMENT_3D ( 'NONE', #2465, #3218, #1642 ) ;
#1591 = CARTESIAN_POINT ( 'NONE',  ( 8.749999999999966249, 2.600000000000000089, 1.319898296938867541E-14 ) ) ;
#1592 = ORIENTED_EDGE ( 'NONE', *, *, #814, .T. ) ;
#1593 = CARTESIAN_POINT ( 'NONE',  ( 3.499999999999996891, 3.500000000000006217, -4.700000000000002842 ) ) ;
#1594 = EDGE_CURVE ( 'NONE', #462, #385, #3761, .T. ) ;
#1595 = FACE_OUTER_BOUND ( 'NONE', #1161, .T. ) ;
#1596 = CIRCLE ( 'NONE', #3446, 3.249999999999999556 ) ;
#1597 = DIRECTION ( 'NONE',  ( 0.000000000000000000, 0.000000000000000000, -1.000000000000000000 ) ) ;
#1598 = ORIENTED_EDGE ( 'NONE', *, *, #3031, .F. ) ;
#1599 = ORIENTED_EDGE ( 'NONE', *, *, #3195, .T. ) ;
#1600 = ORIENTED_EDGE ( 'NONE', *, *, #5195, .F. ) ;
#1601 = AXIS2_PLACEMENT_3D ( 'NONE', #558, #3917, #116 ) ;
#1602 = EDGE_LOOP ( 'NONE', ( #5268, #4837, #2444, #2533 ) ) ;
#1603 = DIRECTION ( 'NONE',  ( 0.000000000000000000, 1.000000000000000000, 0.000000000000000000 ) ) ;
#1604 = DIRECTION ( 'NONE',  ( 0.8660254037844425934, 0.000000000000000000, -0.4999999999999932832 ) ) ;
#1605 = VERTEX_POINT ( 'NONE', #162 ) ;
#1606 = LINE ( 'NONE', #4532, #2964 ) ;
#1607 = FACE_OUTER_BOUND ( 'NONE', #2090, .T. ) ;
#1608 = EDGE_CURVE ( 'NONE', #756, #3844, #53, .T. ) ;
#1609 = DIRECTION ( 'NONE',  ( -0.000000000000000000, 1.000000000000000000, -0.000000000000000000 ) ) ;
#1610 = EDGE_CURVE ( 'NONE', #5473, #4552, #3138, .T. ) ;
#1611 = CARTESIAN_POINT ( 'NONE',  ( 3.999999999999993339, 4.000000000000000000, -19.30000000000000426 ) ) ;
#1612 = CARTESIAN_POINT ( 'NONE',  ( 10.24999999999996625, 4.000000000000000000, 1.546166576414104429E-14 ) ) ;
#1613 = ORIENTED_EDGE ( 'NONE', *, *, #2384, .T. ) ;
#1614 = ORIENTED_EDGE ( 'NONE', *, *, #2548, .T. ) ;
#1615 = DIRECTION ( 'NONE',  ( -0.7071067811865475727, 0.7071067811865475727, 0.000000000000000000 ) ) ;
#1616 = DIRECTION ( 'NONE',  ( 0.7071067811865524577, 0.7071067811865426878, -0.000000000000000000 ) ) ;
#1617 = VERTEX_POINT ( 'NONE', #578 ) ;
#1618 = DIRECTION ( 'NONE',  ( 0.000000000000000000, 1.000000000000000000, -0.000000000000000000 ) ) ;
#1619 = CARTESIAN_POINT ( 'NONE',  ( 23.00000000000001066, 2.299999999999999822, 11.74999999999999645 ) ) ;
#1620 = FILL_AREA_STYLE_COLOUR ( '', #4192 ) ;
#1621 = ORIENTED_EDGE ( 'NONE', *, *, #4006, .F. ) ;
#1622 = ORIENTED_EDGE ( 'NONE', *, *, #4043, .T. ) ;
#1623 = ORIENTED_EDGE ( 'NONE', *, *, #4868, .T. ) ;
#1624 = CIRCLE ( 'NONE', #550, 3.249999999999999556 ) ;
#1625 = ORIENTED_EDGE ( 'NONE', *, *, #5291, .F. ) ;
#1626 = EDGE_LOOP ( 'NONE', ( #1633, #1077, #329, #2264 ) ) ;
#1627 = ORIENTED_EDGE ( 'NONE', *, *, #4291, .F. ) ;
#1628 = DIRECTION ( 'NONE',  ( 0.000000000000000000, 0.000000000000000000, -1.000000000000000000 ) ) ;
#1629 = LINE ( 'NONE', #2899, #2021 ) ;
#1630 = ORIENTED_EDGE ( 'NONE', *, *, #1395, .F. ) ;
#1631 = CIRCLE ( 'NONE', #3759, 2.200000000000000622 ) ;
#1632 = AXIS2_PLACEMENT_3D ( 'NONE', #3469, #1841, #4353 ) ;
#1633 = ORIENTED_EDGE ( 'NONE', *, *, #349, .F. ) ;
#1634 = DIRECTION ( 'NONE',  ( 0.000000000000000000, 1.000000000000000000, 0.000000000000000000 ) ) ;
#1635 = VECTOR ( 'NONE', #997, 1000.000000000000000 ) ;
#1636 = AXIS2_PLACEMENT_3D ( 'NONE', #4243, #5038, #2550 ) ;
#1637 = CARTESIAN_POINT ( 'NONE',  ( 14.00000000000001066, 4.000000000000000000, -29.50000000000000711 ) ) ;
#1638 = AXIS2_PLACEMENT_3D ( 'NONE', #937, #1328, #2217 ) ;
#1639 = CARTESIAN_POINT ( 'NONE',  ( 14.00000000000001066, -1.808568626610816077, 29.29508497187472926 ) ) ;
#1640 = LINE ( 'NONE', #5033, #457 ) ;
#1641 = VECTOR ( 'NONE', #844, 1000.000000000000000 ) ;
#1642 = DIRECTION ( 'NONE',  ( 0.000000000000000000, 0.000000000000000000, 1.000000000000000000 ) ) ;
#1643 = ADVANCED_FACE ( 'NONE', ( #1751 ), #1838, .T. ) ;
#1644 = ADVANCED_FACE ( 'NONE', ( #4814 ), #5126, .F. ) ;
#1645 = ORIENTED_EDGE ( 'NONE', *, *, #3302, .F. ) ;
#1646 = DIRECTION ( 'NONE',  ( -0.000000000000000000, 1.000000000000000000, -0.000000000000000000 ) ) ;
#1647 = AXIS2_PLACEMENT_3D ( 'NONE', #4669, #4230, #2712 ) ;
#1648 = CARTESIAN_POINT ( 'NONE',  ( 11.50000000000000000, 0.000000000000000000, -2.000000000000000888 ) ) ;
#1649 = ORIENTED_EDGE ( 'NONE', *, *, #1917, .F. ) ;
#1650 = DIRECTION ( 'NONE',  ( 0.000000000000000000, 0.000000000000000000, -1.000000000000000000 ) ) ;
#1651 = CARTESIAN_POINT ( 'NONE',  ( 25.00000000000001066, 4.000000000000000000, -1.750000000000007550 ) ) ;
#1652 = CARTESIAN_POINT ( 'NONE',  ( 14.00000000000001066, -1.808568626610816077, 29.06173769148989550 ) ) ;
#1653 = VERTEX_POINT ( 'NONE', #2601 ) ;
#1654 = EDGE_LOOP ( 'NONE', ( #3004, #2039, #4164, #3500 ) ) ;
#1655 = VERTEX_POINT ( 'NONE', #3028 ) ;
#1656 = DIRECTION ( 'NONE',  ( 0.000000000000000000, 0.000000000000000000, 1.000000000000000000 ) ) ;
#1657 = DIRECTION ( 'NONE',  ( -0.7071067811865474617, -0.7071067811865474617, -0.000000000000000000 ) ) ;
#1658 = ORIENTED_EDGE ( 'NONE', *, *, #2615, .F. ) ;
#1659 = CARTESIAN_POINT ( 'NONE',  ( 27.50000000000000711, 4.000000000000000000, -7.795084971874749691 ) ) ;
#1660 = ORIENTED_EDGE ( 'NONE', *, *, #2417, .F. ) ;
#1661 = DIRECTION ( 'NONE',  ( 1.000000000000000000, 0.000000000000000000, 0.000000000000000000 ) ) ;
#1662 = CARTESIAN_POINT ( 'NONE',  ( 21.00000000000001066, 0.000000000000000000, -26.00000000000000355 ) ) ;
#1663 = EDGE_CURVE ( 'NONE', #671, #861, #2169, .T. ) ;
#1664 = LINE ( 'NONE', #2965, #3571 ) ;
#1665 = CARTESIAN_POINT ( 'NONE',  ( 19.00000000000001066, 0.000000000000000000, -28.00000000000000355 ) ) ;
#1666 = CARTESIAN_POINT ( 'NONE',  ( 3.499999999999999556, 0.000000000000000000, 26.96887112585072188 ) ) ;
#1667 = VERTEX_POINT ( 'NONE', #2194 ) ;
#1668 = CIRCLE ( 'NONE', #2376, 1.299999999999999156 ) ;
#1669 = ORIENTED_EDGE ( 'NONE', *, *, #3888, .T. ) ;
#1670 = FACE_OUTER_BOUND ( 'NONE', #2486, .T. ) ;
#1671 = DIRECTION ( 'NONE',  ( 0.000000000000000000, 0.000000000000000000, 1.000000000000000000 ) ) ;
#1672 = AXIS2_PLACEMENT_3D ( 'NONE', #184, #1526, #2733 ) ;
#1673 =( BOUNDED_CURVE ( )  B_SPLINE_CURVE ( 3, ( #78, #4731, #939, #4318 ),
 .UNSPECIFIED., .F., .T. ) 
 B_SPLINE_CURVE_WITH_KNOTS ( ( 4, 4 ),
 ( 1.570796326794896558, 3.141592653589793116 ),
 .UNSPECIFIED. ) 
 CURVE ( )  GEOMETRIC_REPRESENTATION_ITEM ( )  RATIONAL_B_SPLINE_CURVE ( ( 1.000000000000000000, 0.8047378541243649375, 0.8047378541243649375, 1.000000000000000000 ) ) 
 REPRESENTATION_ITEM ( '' )  );
#1674 = AXIS2_PLACEMENT_3D ( 'NONE', #2556, #2977, #108 ) ;
#1675 = ADVANCED_FACE ( 'NONE', ( #3516 ), #4910, .T. ) ;
#1676 = VERTEX_POINT ( 'NONE', #1783 ) ;
#1677 = DIRECTION ( 'NONE',  ( 0.000000000000000000, 1.000000000000000000, 0.000000000000000000 ) ) ;
#1678 = DIRECTION ( 'NONE',  ( -0.000000000000000000, -1.000000000000000000, 0.000000000000000000 ) ) ;
#1679 =( NAMED_UNIT ( * ) SI_UNIT ( $, .STERADIAN. ) SOLID_ANGLE_UNIT ( ) );
#1680 = CIRCLE ( 'NONE', #777, 3.249999999999999556 ) ;
#1681 = ORIENTED_EDGE ( 'NONE', *, *, #2197, .T. ) ;
#1682 = VECTOR ( 'NONE', #3853, 1000.000000000000000 ) ;
#1683 = ORIENTED_EDGE ( 'NONE', *, *, #3937, .T. ) ;
#1684 = EDGE_CURVE ( 'NONE', #115, #4768, #1360, .T. ) ;
#1685 = EDGE_CURVE ( 'NONE', #2928, #1361, #3489, .T. ) ;
#1686 = ORIENTED_EDGE ( 'NONE', *, *, #1863, .F. ) ;
#1687 = CIRCLE ( 'NONE', #2212, 1.000000000000000888 ) ;
#1688 = PLANE ( 'NONE',  #400 ) ;
#1689 = DIRECTION ( 'NONE',  ( 0.000000000000000000, 0.000000000000000000, -1.000000000000000000 ) ) ;
#1690 = DIRECTION ( 'NONE',  ( -0.000000000000000000, -1.000000000000000000, -0.000000000000000000 ) ) ;
#1691 = ORIENTED_EDGE ( 'NONE', *, *, #2969, .F. ) ;
#1692 = DIRECTION ( 'NONE',  ( 0.000000000000000000, 1.000000000000000000, 0.000000000000000000 ) ) ;
#1693 = DIRECTION ( 'NONE',  ( 1.734723475976807094E-15, 0.000000000000000000, -1.000000000000000000 ) ) ;
#1694 = CARTESIAN_POINT ( 'NONE',  ( 16.12250708506317309, 2.500000000000000000, -22.50187643836395424 ) ) ;
#1695 = DIRECTION ( 'NONE',  ( 0.000000000000000000, 0.000000000000000000, -1.000000000000000000 ) ) ;
#1696 = EDGE_CURVE ( 'NONE', #5233, #504, #2337, .T. ) ;
#1697 = CARTESIAN_POINT ( 'NONE',  ( 10.83185842870419613, 2.600000000000000089, 25.42094808214231350 ) ) ;
#1698 = ORIENTED_EDGE ( 'NONE', *, *, #2324, .F. ) ;
#1699 = CARTESIAN_POINT ( 'NONE',  ( 3.499999999999999556, 3.500000000000006661, 30.00000000000000355 ) ) ;
#1700 = DIRECTION ( 'NONE',  ( 0.000000000000000000, 0.000000000000000000, 1.000000000000000000 ) ) ;
#1701 = ORIENTED_EDGE ( 'NONE', *, *, #2317, .T. ) ;
#1702 = CARTESIAN_POINT ( 'NONE',  ( 3.499999999999999556, 0.000000000000000000, 0.000000000000000000 ) ) ;
#1703 = LINE ( 'NONE', #887, #2908 ) ;
#1704 = APPLICATION_PROTOCOL_DEFINITION ( 'draft international standard', 'automotive_design', 1998, #3815 ) ;
#1705 = ORIENTED_EDGE ( 'NONE', *, *, #3721, .T. ) ;
#1706 = VERTEX_POINT ( 'NONE', #135 ) ;
#1707 = EDGE_LOOP ( 'NONE', ( #1070, #2174, #1714, #4504 ) ) ;
#1708 = DIRECTION ( 'NONE',  ( 0.000000000000000000, 0.000000000000000000, -1.000000000000000000 ) ) ;
#1709 = CARTESIAN_POINT ( 'NONE',  ( 21.00000000000001066, 0.000000000000000000, -30.00000000000000711 ) ) ;
#1710 = ORIENTED_EDGE ( 'NONE', *, *, #4885, .T. ) ;
#1711 = CARTESIAN_POINT ( 'NONE',  ( 16.00000000000001066, 2.299999999999999822, 28.04999999999998650 ) ) ;
#1712 = EDGE_CURVE ( 'NONE', #310, #283, #1362, .T. ) ;
#1713 = ADVANCED_FACE ( 'NONE', ( #3164 ), #4019, .F. ) ;
#1714 = ORIENTED_EDGE ( 'NONE', *, *, #2188, .F. ) ;
#1715 = VECTOR ( 'NONE', #4779, 1000.000000000000000 ) ;
#1716 = CARTESIAN_POINT ( 'NONE',  ( 0.000000000000000000, 2.500000000000000000, 0.000000000000000000 ) ) ;
#1717 = LINE ( 'NONE', #4287, #1353 ) ;
#1718 = CARTESIAN_POINT ( 'NONE',  ( 18.25803874804650917, 0.000000000000000000, -1.511255086133999948 ) ) ;
#1719 = CIRCLE ( 'NONE', #109, 2.200000000000000622 ) ;
#1720 = DIRECTION ( 'NONE',  ( 0.000000000000000000, 1.000000000000000000, 0.000000000000000000 ) ) ;
#1721 = AXIS2_PLACEMENT_3D ( 'NONE', #2420, #4936, #1223 ) ;
#1722 = AXIS2_PLACEMENT_3D ( 'NONE', #2704, #2823, #2408 ) ;
#1723 = DIRECTION ( 'NONE',  ( 0.000000000000000000, 1.000000000000000000, 0.000000000000000000 ) ) ;
#1724 = CARTESIAN_POINT ( 'NONE',  ( 8.750000000000000000, 4.000000000000000000, 19.19999999999999929 ) ) ;
#1725 = VECTOR ( 'NONE', #4298, 1000.000000000000000 ) ;
#1726 = ORIENTED_EDGE ( 'NONE', *, *, #2982, .T. ) ;
#1727 = CARTESIAN_POINT ( 'NONE',  ( 16.29999999999999361, 2.500000000000000000, 20.30726231784357694 ) ) ;
#1728 = CARTESIAN_POINT ( 'NONE',  ( 18.16666666666667496, 4.000000000000000000, 28.92240697562476726 ) ) ;
#1729 = VECTOR ( 'NONE', #625, 1000.000000000000000 ) ;
#1730 = ORIENTED_EDGE ( 'NONE', *, *, #1663, .F. ) ;
#1731 = DIRECTION ( 'NONE',  ( 0.000000000000000000, 0.000000000000000000, 1.000000000000000000 ) ) ;
#1732 = VECTOR ( 'NONE', #872, 1000.000000000000000 ) ;
#1733 = VERTEX_POINT ( 'NONE', #1473 ) ;
#1734 = EDGE_LOOP ( 'NONE', ( #3674, #191, #3952, #3145 ) ) ;
#1735 = EDGE_LOOP ( 'NONE', ( #8, #1957, #1236, #4553 ) ) ;
#1736 = DIRECTION ( 'NONE',  ( 0.000000000000000000, 0.000000000000000000, -1.000000000000000000 ) ) ;
#1737 = DIRECTION ( 'NONE',  ( 0.000000000000000000, 0.000000000000000000, -1.000000000000000000 ) ) ;
#1738 = VERTEX_POINT ( 'NONE', #1053 ) ;
#1739 = DIRECTION ( 'NONE',  ( 0.000000000000000000, 0.000000000000000000, -1.000000000000000000 ) ) ;
#1740 = VERTEX_POINT ( 'NONE', #3628 ) ;
#1741 = CARTESIAN_POINT ( 'NONE',  ( 21.47481828337179621, 2.500000000000000000, -7.076368160250957828 ) ) ;
#1742 = EDGE_CURVE ( 'NONE', #58, #1789, #561, .T. ) ;
#1743 = EDGE_CURVE ( 'NONE', #3022, #2182, #216, .T. ) ;
#1744 = DIRECTION ( 'NONE',  ( 0.000000000000000000, 0.000000000000000000, -1.000000000000000000 ) ) ;
#1745 = UNCERTAINTY_MEASURE_WITH_UNIT (LENGTH_MEASURE( 1.000000000000000082E-05 ), #4744, 'distance_accuracy_value', 'NONE');
#1746 = CYLINDRICAL_SURFACE ( 'NONE', #1638, 0.7500000000000006661 ) ;
#1747 = CARTESIAN_POINT ( 'NONE',  ( 10.79999999999999893, 0.000000000000000000, -20.75060438757617831 ) ) ;
#1748 = LINE ( 'NONE', #880, #1682 ) ;
#1749 = ORIENTED_EDGE ( 'NONE', *, *, #2352, .F. ) ;
#1750 = CARTESIAN_POINT ( 'NONE',  ( 3.499999999999999556, 3.499999999999999556, 26.96887112585072188 ) ) ;
#1751 = FACE_OUTER_BOUND ( 'NONE', #214, .T. ) ;
#1752 = ORIENTED_EDGE ( 'NONE', *, *, #1228, .T. ) ;
#1753 = VECTOR ( 'NONE', #3371, 1000.000000000000000 ) ;
#1754 = EDGE_CURVE ( 'NONE', #2956, #5239, #1811, .T. ) ;
#1755 = CARTESIAN_POINT ( 'NONE',  ( 18.00000000000001776, 3.707106781186557232, -29.79289321881346453 ) ) ;
#1756 = VERTEX_POINT ( 'NONE', #3216 ) ;
#1757 = ORIENTED_EDGE ( 'NONE', *, *, #4852, .F. ) ;
#1758 = VECTOR ( 'NONE', #2272, 1000.000000000000000 ) ;
#1759 = AXIS2_PLACEMENT_3D ( 'NONE', #1918, #5290, #3602 ) ;
#1760 = ORIENTED_EDGE ( 'NONE', *, *, #4763, .T. ) ;
#1761 = EDGE_CURVE ( 'NONE', #2897, #5468, #1967, .T. ) ;
#1762 = DIRECTION ( 'NONE',  ( 0.000000000000000000, 0.000000000000000000, 1.000000000000000000 ) ) ;
#1763 = CARTESIAN_POINT ( 'NONE',  ( 27.50000000000000711, 2.299999999999999822, -2.204915028125265852 ) ) ;
#1764 = AXIS2_PLACEMENT_3D ( 'NONE', #367, #5388, #1689 ) ;
#1765 = VECTOR ( 'NONE', #600, 1000.000000000000000 ) ;
#1766 = CARTESIAN_POINT ( 'NONE',  ( 28.00000000000000355, 3.500000000000006661, 23.00000000000000000 ) ) ;
#1767 = ORIENTED_EDGE ( 'NONE', *, *, #4980, .T. ) ;
#1768 = EDGE_LOOP ( 'NONE', ( #1959, #1598, #2761, #2234 ) ) ;
#1769 = DIRECTION ( 'NONE',  ( 0.000000000000000000, 0.000000000000000000, -1.000000000000000000 ) ) ;
#1770 = CIRCLE ( 'NONE', #4244, 1.549999999999995826 ) ;
#1771 = AXIS2_PLACEMENT_3D ( 'NONE', #5103, #1792, #4720 ) ;
#1772 = EDGE_LOOP ( 'NONE', ( #592, #4788, #3081, #710 ) ) ;
#1773 = CARTESIAN_POINT ( 'NONE',  ( 4.499999999999997335, 4.000000000000000000, -30.00000000000000355 ) ) ;
#1774 = CARTESIAN_POINT ( 'NONE',  ( 8.750000000000000000, 1.250000000000000222, 7.899999999999999467 ) ) ;
#1775 = VECTOR ( 'NONE', #4794, 1000.000000000000000 ) ;
#1776 = CARTESIAN_POINT ( 'NONE',  ( 24.50000000000000355, 2.500000000000000000, 14.15894732285653213 ) ) ;
#1777 = CARTESIAN_POINT ( 'NONE',  ( 4.200000000000001954, 4.000000000000000000, -19.30000000000000426 ) ) ;
#1778 = DIRECTION ( 'NONE',  ( 0.000000000000000000, 0.000000000000000000, 1.000000000000000000 ) ) ;
#1779 = ORIENTED_EDGE ( 'NONE', *, *, #5150, .F. ) ;
#1780 = ADVANCED_FACE ( 'NONE', ( #3601 ), #189, .F. ) ;
#1781 = EDGE_CURVE ( 'NONE', #4497, #2126, #4463, .T. ) ;
#1782 = LINE ( 'NONE', #1359, #3749 ) ;
#1783 = CARTESIAN_POINT ( 'NONE',  ( 26.00000000000000355, 0.000000000000000000, 23.00000000000000000 ) ) ;
#1784 = VERTEX_POINT ( 'NONE', #4954 ) ;
#1785 = LINE ( 'NONE', #3466, #421 ) ;
#1786 = ORIENTED_EDGE ( 'NONE', *, *, #2523, .T. ) ;
#1787 = CARTESIAN_POINT ( 'NONE',  ( 6.848141571295762731, 2.600000000000000089, 28.47094808214228223 ) ) ;
#1788 = EDGE_CURVE ( 'NONE', #2139, #4045, #4803, .T. ) ;
#1789 = VERTEX_POINT ( 'NONE', #3272 ) ;
#1790 = LINE ( 'NONE', #3808, #1475 ) ;
#1791 = CARTESIAN_POINT ( 'NONE',  ( 8.800000000000002487, 1.250000000000000222, -18.20000000000000284 ) ) ;
#1792 = DIRECTION ( 'NONE',  ( 0.5735764363510443831, 0.000000000000000000, 0.8191520442889931308 ) ) ;
#1793 = ORIENTED_EDGE ( 'NONE', *, *, #4732, .F. ) ;
#1794 = EDGE_CURVE ( 'NONE', #2192, #2810, #5068, .T. ) ;
#1795 = ORIENTED_EDGE ( 'NONE', *, *, #4580, .T. ) ;
#1796 = VERTEX_POINT ( 'NONE', #606 ) ;
#1797 = LINE ( 'NONE', #2990, #3829 ) ;
#1798 = DIRECTION ( 'NONE',  ( -0.000000000000000000, -1.000000000000000000, -0.000000000000000000 ) ) ;
#1799 = CIRCLE ( 'NONE', #2759, 2.200000000000000622 ) ;
#1800 = CARTESIAN_POINT ( 'NONE',  ( 10.74999999999999822, 2.500000000000000000, 0.000000000000000000 ) ) ;
#1801 = CARTESIAN_POINT ( 'NONE',  ( 11.49999999999999289, 2.500000000000000000, 2.000000000000000000 ) ) ;
#1802 = VECTOR ( 'NONE', #5183, 1000.000000000000000 ) ;
#1803 = DIRECTION ( 'NONE',  ( 0.7071067811865500152, -0.7071067811865451302, 0.000000000000000000 ) ) ;
#1804 = DIRECTION ( 'NONE',  ( -0.000000000000000000, -1.000000000000000000, -0.000000000000000000 ) ) ;
#1805 = AXIS2_PLACEMENT_3D ( 'NONE', #2370, #4440, #257 ) ;
#1806 = AXIS2_PLACEMENT_3D ( 'NONE', #2468, #2137, #3380 ) ;
#1807 = EDGE_LOOP ( 'NONE', ( #5108, #5437, #5145, #1536 ) ) ;
#1808 = EDGE_CURVE ( 'NONE', #2948, #5438, #4897, .T. ) ;
#1809 = CARTESIAN_POINT ( 'NONE',  ( 22.55065473270367704, 0.000000000000000000, 6.137998305772234708 ) ) ;
#1810 = DIRECTION ( 'NONE',  ( -0.7660444431189746828, 0.000000000000000000, -0.6427876096865432487 ) ) ;
#1811 = CIRCLE ( 'NONE', #5424, 2.200000000000000622 ) ;
#1812 = CONICAL_SURFACE ( 'NONE', #2165, 3.499999999999985789, 0.7853981633974405074 ) ;
#1813 = EDGE_CURVE ( 'NONE', #491, #4624, #4490, .T. ) ;
#1814 = EDGE_CURVE ( 'NONE', #3979, #3154, #2594, .T. ) ;
#1815 = CARTESIAN_POINT ( 'NONE',  ( -27.99999999999998934, 0.000000000000000000, -30.00000000000000355 ) ) ;
#1816 = ORIENTED_EDGE ( 'NONE', *, *, #2283, .T. ) ;
#1817 = CARTESIAN_POINT ( 'NONE',  ( 13.00000000000000000, 0.000000000000000000, -6.061637550770937466 ) ) ;
#1818 = VECTOR ( 'NONE', #5253, 1000.000000000000000 ) ;
#1819 = ORIENTED_EDGE ( 'NONE', *, *, #1512, .T. ) ;
#1820 = CARTESIAN_POINT ( 'NONE',  ( 11.50000000000000000, 4.000000000000000000, 2.000000000000000000 ) ) ;
#1821 = DIRECTION ( 'NONE',  ( -0.000000000000000000, -1.000000000000000000, -0.000000000000000000 ) ) ;
#1822 = AXIS2_PLACEMENT_3D ( 'NONE', #2225, #5236, #974 ) ;
#1823 = CARTESIAN_POINT ( 'NONE',  ( 3.499999999999999556, 3.500000000000006661, -4.700000000000006395 ) ) ;
#1824 = ORIENTED_EDGE ( 'NONE', *, *, #2806, .T. ) ;
#1825 = ORIENTED_EDGE ( 'NONE', *, *, #1512, .F. ) ;
#1826 = AXIS2_PLACEMENT_3D ( 'NONE', #679, #3558, #623 ) ;
#1827 = AXIS2_PLACEMENT_3D ( 'NONE', #4048, #1994, #3192 ) ;
#1828 = LINE ( 'NONE', #3045, #1378 ) ;
#1829 = LINE ( 'NONE', #2620, #3180 ) ;
#1830 = LINE ( 'NONE', #3481, #1900 ) ;
#1831 = PLANE ( 'NONE',  #1083 ) ;
#1832 = EDGE_CURVE ( 'NONE', #3771, #2192, #4839, .T. ) ;
#1833 = CYLINDRICAL_SURFACE ( 'NONE', #3965, 0.7500000000000006661 ) ;
#1834 = LINE ( 'NONE', #1020, #5480 ) ;
#1835 = ADVANCED_FACE ( 'NONE', ( #5341 ), #2739, .F. ) ;
#1836 = ORIENTED_EDGE ( 'NONE', *, *, #930, .F. ) ;
#1837 = CARTESIAN_POINT ( 'NONE',  ( 11.49999999999999289, 2.500000000000000000, 2.000000000000000000 ) ) ;
#1838 = CYLINDRICAL_SURFACE ( 'NONE', #295, 1.000000000000000888 ) ;
#1839 = LINE ( 'NONE', #1474, #3882 ) ;
#1840 = VERTEX_POINT ( 'NONE', #2825 ) ;
#1841 = DIRECTION ( 'NONE',  ( 0.000000000000000000, 0.7071067811865475727, -0.7071067811865475727 ) ) ;
#1842 = ORIENTED_EDGE ( 'NONE', *, *, #1338, .T. ) ;
#1843 = DIRECTION ( 'NONE',  ( -0.000000000000000000, 1.000000000000000000, -0.000000000000000000 ) ) ;
#1844 = DIRECTION ( 'NONE',  ( -2.602085213965208275E-15, 0.000000000000000000, -1.000000000000000000 ) ) ;
#1845 = DIRECTION ( 'NONE',  ( 0.000000000000000000, 0.000000000000000000, -1.000000000000000000 ) ) ;
#1846 = VECTOR ( 'NONE', #2542, 999.9999999999998863 ) ;
#1847 = ORIENTED_EDGE ( 'NONE', *, *, #377, .F. ) ;
#1848 = ORIENTED_EDGE ( 'NONE', *, *, #3167, .T. ) ;
#1849 = EDGE_CURVE ( 'NONE', #2902, #381, #5289, .T. ) ;
#1850 = EDGE_CURVE ( 'NONE', #1282, #4166, #1987, .T. ) ;
#1851 = VERTEX_POINT ( 'NONE', #4238 ) ;
#1852 = VECTOR ( 'NONE', #2327, 1000.000000000000000 ) ;
#1853 = DIRECTION ( 'NONE',  ( -0.000000000000000000, -1.000000000000000000, -0.000000000000000000 ) ) ;
#1854 = CIRCLE ( 'NONE', #1759, 0.7500000000000006661 ) ;
#1855 = CARTESIAN_POINT ( 'NONE',  ( 4.962358909350262692, 2.600000000000000089, 24.23653572772130005 ) ) ;
#1856 = VECTOR ( 'NONE', #2670, 1000.000000000000000 ) ;
#1857 = VECTOR ( 'NONE', #378, 1000.000000000000114 ) ;
#1858 = CARTESIAN_POINT ( 'NONE',  ( 6.083225665910465985, 4.000000000000000000, 29.22222222222221788 ) ) ;
#1859 = DIRECTION ( 'NONE',  ( 0.000000000000000000, 1.000000000000000000, 0.000000000000000000 ) ) ;
#1860 = DIRECTION ( 'NONE',  ( 0.000000000000000000, 0.000000000000000000, -1.000000000000000000 ) ) ;
#1861 = DIRECTION ( 'NONE',  ( 0.000000000000000000, 0.000000000000000000, 1.000000000000000000 ) ) ;
#1862 = VERTEX_POINT ( 'NONE', #2880 ) ;
#1863 = EDGE_CURVE ( 'NONE', #39, #778, #4179, .T. ) ;
#1864 = LINE ( 'NONE', #242, #3317 ) ;
#1865 = CYLINDRICAL_SURFACE ( 'NONE', #1822, 1.299999999999999156 ) ;
#1866 = CARTESIAN_POINT ( 'NONE',  ( 20.50000000000003197, 4.000000000000000000, -26.00000000000000355 ) ) ;
#1867 = ORIENTED_EDGE ( 'NONE', *, *, #2662, .T. ) ;
#1868 = ORIENTED_EDGE ( 'NONE', *, *, #1092, .T. ) ;
#1869 = FACE_OUTER_BOUND ( 'NONE', #5379, .T. ) ;
#1870 = EDGE_LOOP ( 'NONE', ( #895, #3190, #3778, #933 ) ) ;
#1871 = DIRECTION ( 'NONE',  ( 0.000000000000000000, 1.000000000000000000, 0.000000000000000000 ) ) ;
#1872 = LINE ( 'NONE', #3525, #789 ) ;
#1873 = DIRECTION ( 'NONE',  ( 0.000000000000000000, 0.000000000000000000, -1.000000000000000000 ) ) ;
#1874 = EDGE_LOOP ( 'NONE', ( #3686, #364, #2309, #4412 ) ) ;
#1875 = ORIENTED_EDGE ( 'NONE', *, *, #5098, .F. ) ;
#1876 = VERTEX_POINT ( 'NONE', #4595 ) ;
#1877 = DIRECTION ( 'NONE',  ( 0.000000000000000000, 0.000000000000000000, -1.000000000000000000 ) ) ;
#1878 = CARTESIAN_POINT ( 'NONE',  ( 0.000000000000000000, 4.000000000000000000, 0.000000000000000000 ) ) ;
#1879 = EDGE_CURVE ( 'NONE', #1733, #3445, #2427, .T. ) ;
#1880 = EDGE_CURVE ( 'NONE', #2970, #1740, #2103, .T. ) ;
#1881 = DIRECTION ( 'NONE',  ( -0.000000000000000000, -1.000000000000000000, -0.000000000000000000 ) ) ;
#1882 = DIRECTION ( 'NONE',  ( -0.000000000000000000, -1.000000000000000000, -0.000000000000000000 ) ) ;
#1883 = CARTESIAN_POINT ( 'NONE',  ( 24.00000000000000355, 0.000000000000000000, 26.00000000000000000 ) ) ;
#1884 = LINE ( 'NONE', #629, #3182 ) ;
#1885 = ORIENTED_EDGE ( 'NONE', *, *, #4572, .T. ) ;
#1886 = DIRECTION ( 'NONE',  ( -1.156482317317871725E-16, 0.000000000000000000, 1.000000000000000000 ) ) ;
#1887 = DIRECTION ( 'NONE',  ( -0.000000000000000000, 1.000000000000000000, -0.000000000000000000 ) ) ;
#1888 = CARTESIAN_POINT ( 'NONE',  ( 22.22504112484965333, 2.500000000000000000, -2.119096801136108876 ) ) ;
#1889 = VECTOR ( 'NONE', #4382, 1000.000000000000000 ) ;
#1890 = ORIENTED_EDGE ( 'NONE', *, *, #2982, .F. ) ;
#1891 = LINE ( 'NONE', #3632, #1451 ) ;
#1892 = CARTESIAN_POINT ( 'NONE',  ( 8.749999999999998224, 4.000000000000000000, 20.29999999999999716 ) ) ;
#1893 = VECTOR ( 'NONE', #728, 1000.000000000000000 ) ;
#1894 = AXIS2_PLACEMENT_3D ( 'NONE', #2, #5401, #3769 ) ;
#1895 = VERTEX_POINT ( 'NONE', #1611 ) ;
#1896 = LINE ( 'NONE', #2715, #372 ) ;
#1897 = ADVANCED_FACE ( 'NONE', ( #431, #4564 ), #765, .T. ) ;
#1898 = CARTESIAN_POINT ( 'NONE',  ( 13.66531754730533343, 2.600000000000000089, 23.66902429349574177 ) ) ;
#1899 = CARTESIAN_POINT ( 'NONE',  ( 20.50000000000001776, 4.000000000000000000, 26.00000000000000000 ) ) ;
#1900 = VECTOR ( 'NONE', #4730, 1000.000000000000000 ) ;
#1901 = ORIENTED_EDGE ( 'NONE', *, *, #548, .F. ) ;
#1902 = ORIENTED_EDGE ( 'NONE', *, *, #1814, .T. ) ;
#1903 = VERTEX_POINT ( 'NONE', #2852 ) ;
#1904 = CARTESIAN_POINT ( 'NONE',  ( 3.793141571295800318, 2.600000000000000089, 23.17953286501933619 ) ) ;
#1905 = CIRCLE ( 'NONE', #2874, 0.5000000000000004441 ) ;
#1906 = CARTESIAN_POINT ( 'NONE',  ( 9.500000000000007105, 2.600000000000000089, -28.05000000000000071 ) ) ;
#1907 = AXIS2_PLACEMENT_3D ( 'NONE', #3453, #5138, #4820 ) ;
#1908 = DIRECTION ( 'NONE',  ( 0.000000000000000000, 0.000000000000000000, -1.000000000000000000 ) ) ;
#1909 = CARTESIAN_POINT ( 'NONE',  ( 0.000000000000000000, 0.000000000000000000, 0.000000000000000000 ) ) ;
#1910 = EDGE_CURVE ( 'NONE', #4810, #2924, #3224, .T. ) ;
#1911 = FACE_OUTER_BOUND ( 'NONE', #781, .T. ) ;
#1912 = LINE ( 'NONE', #2273, #1765 ) ;
#1913 = EDGE_LOOP ( 'NONE', ( #1587, #289, #2721, #1122 ) ) ;
#1914 = CARTESIAN_POINT ( 'NONE',  ( 7.499999999999996447, 1.000000000000000000, 22.34999999999999076 ) ) ;
#1915 = EDGE_CURVE ( 'NONE', #702, #491, #401, .T. ) ;
#1916 = CARTESIAN_POINT ( 'NONE',  ( 20.78005928049211093, 2.500000000000000000, -0.4577428161937956430 ) ) ;
#1917 = EDGE_CURVE ( 'NONE', #1903, #1255, #2958, .T. ) ;
#1918 = CARTESIAN_POINT ( 'NONE',  ( 8.151858428704230164, 2.600000000000000089, 21.52905191785770000 ) ) ;
#1919 = ORIENTED_EDGE ( 'NONE', *, *, #5151, .F. ) ;
#1920 = CIRCLE ( 'NONE', #3335, 2.649999999999999467 ) ;
#1921 = ORIENTED_EDGE ( 'NONE', *, *, #2114, .F. ) ;
#1922 = FACE_OUTER_BOUND ( 'NONE', #2612, .T. ) ;
#1923 = DIRECTION ( 'NONE',  ( 0.000000000000000000, 0.000000000000000000, -1.000000000000000000 ) ) ;
#1924 = ADVANCED_FACE ( 'NONE', ( #3734 ), #2076, .F. ) ;
#1925 = EDGE_LOOP ( 'NONE', ( #1143, #3142, #2112, #285 ) ) ;
#1926 = CARTESIAN_POINT ( 'NONE',  ( 6.531128874149271013, 0.000000000000000000, 29.99999999999999645 ) ) ;
#1927 = CARTESIAN_POINT ( 'NONE',  ( 4.500000000000000000, 0.000000000000000000, -29.00000000000000000 ) ) ;
#1928 = CARTESIAN_POINT ( 'NONE',  ( 16.00000000000001066, 0.000000000000000000, 28.04999999999998650 ) ) ;
#1929 = ORIENTED_EDGE ( 'NONE', *, *, #2417, .T. ) ;
#1930 = ORIENTED_EDGE ( 'NONE', *, *, #4980, .F. ) ;
#1931 = ADVANCED_FACE ( 'NONE', ( #3764 ), #1182, .F. ) ;
#1932 = ORIENTED_EDGE ( 'NONE', *, *, #1754, .F. ) ;
#1933 = CARTESIAN_POINT ( 'NONE',  ( 16.98848870208500017, 0.000000000000000000, -0.6223065738172707251 ) ) ;
#1934 = LINE ( 'NONE', #2351, #2912 ) ;
#1935 = AXIS2_PLACEMENT_3D ( 'NONE', #2901, #1260, #4201 ) ;
#1936 = DIRECTION ( 'NONE',  ( 0.000000000000000000, -0.7071067811865474617, -0.7071067811865474617 ) ) ;
#1937 = AXIS2_PLACEMENT_3D ( 'NONE', #1075, #2758, #1104 ) ;
#1938 = VECTOR ( 'NONE', #4328, 1000.000000000000000 ) ;
#1939 = CARTESIAN_POINT ( 'NONE',  ( 9.500000000000007105, 4.000000000000000000, -27.30000000000000071 ) ) ;
#1940 = FACE_OUTER_BOUND ( 'NONE', #2479, .T. ) ;
#1941 = DIRECTION ( 'NONE',  ( 0.000000000000000000, 1.000000000000000000, -0.000000000000000000 ) ) ;
#1942 = AXIS2_PLACEMENT_3D ( 'NONE', #1014, #1547, #680 ) ;
#1943 = VERTEX_POINT ( 'NONE', #4152 ) ;
#1944 = PLANE ( 'NONE',  #5339 ) ;
#1945 = CARTESIAN_POINT ( 'NONE',  ( 11.49999999999999289, 0.000000000000000000, 2.000000000000000000 ) ) ;
#1946 = CIRCLE ( 'NONE', #1054, 2.999999999999999112 ) ;
#1947 = DIRECTION ( 'NONE',  ( 1.508455196501570246E-15, 0.000000000000000000, -1.000000000000000000 ) ) ;
#1948 = EDGE_CURVE ( 'NONE', #380, #688, #1799, .T. ) ;
#1949 = EDGE_CURVE ( 'NONE', #3893, #99, #1640, .T. ) ;
#1950 = VERTEX_POINT ( 'NONE', #3326 ) ;
#1951 = FACE_OUTER_BOUND ( 'NONE', #4299, .T. ) ;
#1952 = CARTESIAN_POINT ( 'NONE',  ( 10.74999999999999822, 0.000000000000000000, 20.79999999999999716 ) ) ;
#1953 = ORIENTED_EDGE ( 'NONE', *, *, #312, .F. ) ;
#1954 = CARTESIAN_POINT ( 'NONE',  ( 8.107641090649757132, 4.000000000000000000, 22.42060621367073381 ) ) ;
#1955 = DIRECTION ( 'NONE',  ( 0.000000000000000000, 1.000000000000000000, 0.000000000000000000 ) ) ;
#1956 = DIRECTION ( 'NONE',  ( 1.000000000000000000, 0.000000000000000000, -0.000000000000000000 ) ) ;
#1957 = ORIENTED_EDGE ( 'NONE', *, *, #4747, .T. ) ;
#1958 = ORIENTED_EDGE ( 'NONE', *, *, #2323, .T. ) ;
#1959 = ORIENTED_EDGE ( 'NONE', *, *, #1239, .F. ) ;
#1960 = DIRECTION ( 'NONE',  ( -1.000000000000000000, -0.000000000000000000, 0.000000000000000000 ) ) ;
#1961 = DIRECTION ( 'NONE',  ( 1.156482317317871725E-16, 0.000000000000000000, -1.000000000000000000 ) ) ;
#1962 = CARTESIAN_POINT ( 'NONE',  ( 8.750000000000000000, 1.250000000000000222, 19.19999999999999929 ) ) ;
#1963 = CARTESIAN_POINT ( 'NONE',  ( 8.799999999999998934, 1.250000000000000222, -6.900000000000003908 ) ) ;
#1964 = FACE_OUTER_BOUND ( 'NONE', #3344, .T. ) ;
#1965 = LINE ( 'NONE', #1237, #2457 ) ;
#1966 = DIRECTION ( 'NONE',  ( 0.000000000000000000, 1.000000000000000000, 0.000000000000000000 ) ) ;
#1967 = LINE ( 'NONE', #2764, #3747 ) ;
#1968 = DIRECTION ( 'NONE',  ( 0.000000000000000000, 0.000000000000000000, -1.000000000000000000 ) ) ;
#1969 = ORIENTED_EDGE ( 'NONE', *, *, #757, .T. ) ;
#1970 = AXIS2_PLACEMENT_3D ( 'NONE', #1103, #3538, #2731 ) ;
#1971 = ORIENTED_EDGE ( 'NONE', *, *, #2107, .T. ) ;
#1972 = LINE ( 'NONE', #3169, #2512 ) ;
#1973 = CARTESIAN_POINT ( 'NONE',  ( 19.02440013978876721, 0.000000000000000000, 11.70582560332145405 ) ) ;
#1974 = EDGE_CURVE ( 'NONE', #1943, #1998, #4444, .T. ) ;
#1975 = EDGE_CURVE ( 'NONE', #4306, #4194, #4793, .T. ) ;
#1976 = ORIENTED_EDGE ( 'NONE', *, *, #5278, .T. ) ;
#1977 = CARTESIAN_POINT ( 'NONE',  ( 8.800000000000002487, 1.250000000000000222, -17.10000000000000497 ) ) ;
#1978 = CARTESIAN_POINT ( 'NONE',  ( 14.00000000000001066, -1.808568626610816077, 29.49999999999999645 ) ) ;
#1979 = DIRECTION ( 'NONE',  ( 0.000000000000000000, 0.000000000000000000, -1.000000000000000000 ) ) ;
#1980 = VERTEX_POINT ( 'NONE', #2966 ) ;
#1981 = VERTEX_POINT ( 'NONE', #5484 ) ;
#1982 = AXIS2_PLACEMENT_3D ( 'NONE', #2438, #4982, #406 ) ;
#1983 = ORIENTED_EDGE ( 'NONE', *, *, #3750, .F. ) ;
#1984 = VERTEX_POINT ( 'NONE', #4652 ) ;
#1985 = DIRECTION ( 'NONE',  ( 0.000000000000000000, 0.000000000000000000, 1.000000000000000000 ) ) ;
#1986 = DIRECTION ( 'NONE',  ( -2.376333528735352191E-16, -0.000000000000000000, 1.000000000000000000 ) ) ;
#1987 = CIRCLE ( 'NONE', #3048, 2.649999999999999467 ) ;
#1988 = VECTOR ( 'NONE', #3510, 1000.000000000000000 ) ;
#1989 = ORIENTED_EDGE ( 'NONE', *, *, #2811, .F. ) ;
#1990 = DIRECTION ( 'NONE',  ( 0.000000000000000000, 0.000000000000000000, -1.000000000000000000 ) ) ;
#1991 = CARTESIAN_POINT ( 'NONE',  ( 6.531128874149273678, 4.000000000000000000, 28.99999999999999289 ) ) ;
#1992 = AXIS2_PLACEMENT_3D ( 'NONE', #883, #1616, #3304 ) ;
#1993 = CARTESIAN_POINT ( 'NONE',  ( 14.00000000000001066, 4.000000000000000000, -29.29508497187473992 ) ) ;
#1994 = DIRECTION ( 'NONE',  ( -0.000000000000000000, -1.000000000000000000, -0.000000000000000000 ) ) ;
#1995 = ADVANCED_FACE ( 'NONE', ( #849 ), #2544, .F. ) ;
#1996 = DIRECTION ( 'NONE',  ( 0.000000000000000000, 0.000000000000000000, -1.000000000000000000 ) ) ;
#1997 = ORIENTED_EDGE ( 'NONE', *, *, #273, .T. ) ;
#1998 = VERTEX_POINT ( 'NONE', #1159 ) ;
#1999 = CYLINDRICAL_SURFACE ( 'NONE', #646, 2.200000000000000622 ) ;
#2000 = CARTESIAN_POINT ( 'NONE',  ( 18.43081293235504603, 2.500000000000000000, 9.121049864630185411 ) ) ;
#2001 = EDGE_LOOP ( 'NONE', ( #3251, #4279, #946, #3657 ) ) ;
#2002 = LINE ( 'NONE', #4908, #512 ) ;
#2003 = AXIS2_PLACEMENT_3D ( 'NONE', #2450, #392, #711 ) ;
#2004 = DIRECTION ( 'NONE',  ( 0.000000000000000000, 0.000000000000000000, 1.000000000000000000 ) ) ;
#2005 = CARTESIAN_POINT ( 'NONE',  ( 8.438740531849417081, 4.000000000000000000, 20.26110134354693670 ) ) ;
#2006 = ORIENTED_EDGE ( 'NONE', *, *, #2446, .T. ) ;
#2007 = ORIENTED_EDGE ( 'NONE', *, *, #4598, .F. ) ;
#2008 = ORIENTED_EDGE ( 'NONE', *, *, #1043, .T. ) ;
#2009 = CARTESIAN_POINT ( 'NONE',  ( 13.56073781646991172, 2.500000000000000000, 20.79999999999999716 ) ) ;
#2010 = CARTESIAN_POINT ( 'NONE',  ( 5.635322457671658292, 0.000000000000000000, 29.44444444444443931 ) ) ;
#2011 = ORIENTED_EDGE ( 'NONE', *, *, #1504, .F. ) ;
#2012 = EDGE_CURVE ( 'NONE', #4914, #3232, #4536, .T. ) ;
#2013 = EDGE_CURVE ( 'NONE', #5287, #4081, #3299, .T. ) ;
#2014 = DIRECTION ( 'NONE',  ( -0.000000000000000000, -1.000000000000000000, -0.000000000000000000 ) ) ;
#2015 = VECTOR ( 'NONE', #589, 1000.000000000000000 ) ;
#2016 = CARTESIAN_POINT ( 'NONE',  ( 13.79289321881346098, 3.500000000000007105, -30.00000000000000711 ) ) ;
#2017 = CIRCLE ( 'NONE', #4140, 2.000000000000001776 ) ;
#2018 = VECTOR ( 'NONE', #975, 1000.000000000000000 ) ;
#2019 = DIRECTION ( 'NONE',  ( 0.000000000000000000, 0.000000000000000000, -1.000000000000000000 ) ) ;
#2020 = CARTESIAN_POINT ( 'NONE',  ( 17.23689931702759282, 2.500000000000000000, 3.757266691850819296 ) ) ;
#2021 = VECTOR ( 'NONE', #1657, 1000.000000000000114 ) ;
#2022 =( BOUNDED_CURVE ( )  B_SPLINE_CURVE ( 3, ( #2517, #2016, #2850, #1637 ),
 .UNSPECIFIED., .F., .T. ) 
 B_SPLINE_CURVE_WITH_KNOTS ( ( 4, 4 ),
 ( 0.000000000000000000, 1.570796326794882791 ),
 .UNSPECIFIED. ) 
 CURVE ( )  GEOMETRIC_REPRESENTATION_ITEM ( )  RATIONAL_B_SPLINE_CURVE ( ( 1.000000000000000000, 0.8047378541243681571, 0.8047378541243681571, 1.000000000000000000 ) ) 
 REPRESENTATION_ITEM ( '' )  );
#2023 = AXIS2_PLACEMENT_3D ( 'NONE', #6, #3384, #5066 ) ;
#2024 = CARTESIAN_POINT ( 'NONE',  ( 24.00000000000000355, 4.000000000000000000, 22.50000000000001421 ) ) ;
#2025 = ADVANCED_FACE ( 'NONE', ( #1385 ), #1831, .T. ) ;
#2026 = ORIENTED_EDGE ( 'NONE', *, *, #4047, .F. ) ;
#2027 = PLANE ( 'NONE',  #4978 ) ;
#2028 = VECTOR ( 'NONE', #1287, 1000.000000000000000 ) ;
#2029 = VECTOR ( 'NONE', #2493, 1000.000000000000000 ) ;
#2030 = CARTESIAN_POINT ( 'NONE',  ( 25.00000000000001066, 2.299999999999999822, -3.450000000000010392 ) ) ;
#2031 = ORIENTED_EDGE ( 'NONE', *, *, #442, .F. ) ;
#2032 = DIRECTION ( 'NONE',  ( 0.000000000000000000, 0.000000000000000000, -1.000000000000000000 ) ) ;
#2033 = CARTESIAN_POINT ( 'NONE',  ( 26.00000000000001066, 0.000000000000000000, -23.00000000000000355 ) ) ;
#2034 = VECTOR ( 'NONE', #5300, 1000.000000000000114 ) ;
#2035 = APPLICATION_PROTOCOL_DEFINITION ( 'draft international standard', 'automotive_design', 1998, #3424 ) ;
#2036 = ORIENTED_EDGE ( 'NONE', *, *, #3821, .T. ) ;
#2037 = ORIENTED_EDGE ( 'NONE', *, *, #1034, .F. ) ;
#2038 = ORIENTED_EDGE ( 'NONE', *, *, #1025, .F. ) ;
#2039 = ORIENTED_EDGE ( 'NONE', *, *, #2842, .T. ) ;
#2040 = DIRECTION ( 'NONE',  ( 0.8660254037844422603, 0.000000000000000000, -0.4999999999999938383 ) ) ;
#2041 = FACE_OUTER_BOUND ( 'NONE', #104, .T. ) ;
#2042 = ORIENTED_EDGE ( 'NONE', *, *, #3564, .T. ) ;
#2043 = ORIENTED_EDGE ( 'NONE', *, *, #3247, .T. ) ;
#2044 = DIRECTION ( 'NONE',  ( 0.000000000000000000, 1.000000000000000000, 0.000000000000000000 ) ) ;
#2045 = EDGE_CURVE ( 'NONE', #1895, #3844, #2163, .T. ) ;
#2046 = ADVANCED_FACE ( 'NONE', ( #1355 ), #2672, .F. ) ;
#2047 = FACE_OUTER_BOUND ( 'NONE', #2148, .T. ) ;
#2048 = LINE ( 'NONE', #1639, #3754 ) ;
#2049 = CARTESIAN_POINT ( 'NONE',  ( 4.149500360312242897, 2.500000000000000000, 5.926100668555644546 ) ) ;
#2050 = DIRECTION ( 'NONE',  ( -0.000000000000000000, -1.000000000000000000, -0.000000000000000000 ) ) ;
#2051 = VERTEX_POINT ( 'NONE', #1747 ) ;
#2052 = DIRECTION ( 'NONE',  ( 0.000000000000000000, 0.000000000000000000, -1.000000000000000000 ) ) ;
#2053 = LINE ( 'NONE', #326, #3852 ) ;
#2054 = VERTEX_POINT ( 'NONE', #455 ) ;
#2055 = CARTESIAN_POINT ( 'NONE',  ( 6.892358909350245533, 2.600000000000000089, 27.57939378632924843 ) ) ;
#2056 = CARTESIAN_POINT ( 'NONE',  ( 26.00000000000001066, 0.000000000000000000, -21.00000000000000355 ) ) ;
#2057 = CIRCLE ( 'NONE', #731, 2.000000000000001776 ) ;
#2058 = FACE_OUTER_BOUND ( 'NONE', #509, .T. ) ;
#2059 = EDGE_LOOP ( 'NONE', ( #5328, #1681, #1276, #1514 ) ) ;
#2060 = VERTEX_POINT ( 'NONE', #3430 ) ;
#2061 = ORIENTED_EDGE ( 'NONE', *, *, #377, .T. ) ;
#2062 = VERTEX_POINT ( 'NONE', #5116 ) ;
#2063 = ADVANCED_FACE ( 'NONE', ( #3904 ), #155, .F. ) ;
#2064 = CARTESIAN_POINT ( 'NONE',  ( 18.00000000000001066, 3.500000000000020428, -29.50000000000000355 ) ) ;
#2065 = CARTESIAN_POINT ( 'NONE',  ( 18.50000000000000711, 2.500000000000000000, 9.382294164403761272E-15 ) ) ;
#2066 = EDGE_LOOP ( 'NONE', ( #2229, #5415, #5028, #3614 ) ) ;
#2067 = CARTESIAN_POINT ( 'NONE',  ( 28.00000000000001421, 3.500000000000007105, -2.497808246938712617 ) ) ;
#2068 = ORIENTED_EDGE ( 'NONE', *, *, #871, .F. ) ;
#2069 = DIRECTION ( 'NONE',  ( 0.000000000000000000, 0.000000000000000000, 1.000000000000000000 ) ) ;
#2070 = AXIS2_PLACEMENT_3D ( 'NONE', #1945, #1887, #1556 ) ;
#2071 = CIRCLE ( 'NONE', #5335, 1.100000000000001199 ) ;
#2072 = CARTESIAN_POINT ( 'NONE',  ( 10.83185842870419613, 2.600000000000000089, 26.17094808214231350 ) ) ;
#2073 = CIRCLE ( 'NONE', #919, 3.999999999999999112 ) ;
#2074 = EDGE_CURVE ( 'NONE', #4552, #3346, #1443, .T. ) ;
#2075 = DIRECTION ( 'NONE',  ( -0.000000000000000000, -1.000000000000000000, -0.000000000000000000 ) ) ;
#2076 = CYLINDRICAL_SURFACE ( 'NONE', #5327, 3.249999999999999556 ) ;
#2077 = EDGE_CURVE ( 'NONE', #4883, #614, #4180, .T. ) ;
#2078 = AXIS2_PLACEMENT_3D ( 'NONE', #1962, #3186, #1908 ) ;
#2079 = DIRECTION ( 'NONE',  ( -0.000000000000000000, -1.000000000000000000, -0.000000000000000000 ) ) ;
#2080 = ORIENTED_EDGE ( 'NONE', *, *, #2253, .F. ) ;
#2081 = ADVANCED_FACE ( 'NONE', ( #904 ), #3511, .T. ) ;
#2082 = EDGE_CURVE ( 'NONE', #5305, #4306, #1624, .T. ) ;
#2083 = CARTESIAN_POINT ( 'NONE',  ( 16.00000000000001066, 2.299999999999999822, -24.95000000000000639 ) ) ;
#2084 = VECTOR ( 'NONE', #3662, 1000.000000000000000 ) ;
#2085 = LINE ( 'NONE', #2577, #4555 ) ;
#2086 = ORIENTED_EDGE ( 'NONE', *, *, #1157, .T. ) ;
#2087 = CARTESIAN_POINT ( 'NONE',  ( 26.00000000000000355, 0.000000000000000000, 20.99999999999999645 ) ) ;
#2088 = CARTESIAN_POINT ( 'NONE',  ( 15.84901771537212589, 2.500000000000000000, -4.951693672147772673 ) ) ;
#2089 = ORIENTED_EDGE ( 'NONE', *, *, #2826, .T. ) ;
#2090 = EDGE_LOOP ( 'NONE', ( #4017, #4737, #3116, #1930 ) ) ;
#2091 = EDGE_CURVE ( 'NONE', #4538, #3603, #3650, .T. ) ;
#2092 = ORIENTED_EDGE ( 'NONE', *, *, #4010, .F. ) ;
#2093 = EDGE_LOOP ( 'NONE', ( #4418, #2373, #4719, #1082 ) ) ;
#2094 = CARTESIAN_POINT ( 'NONE',  ( 16.29999999999999361, 2.500000000000000000, 20.30726231784357694 ) ) ;
#2095 = CARTESIAN_POINT ( 'NONE',  ( 7.499999999999996447, 1.000000000000000000, 27.64999999999999147 ) ) ;
#2096 = CYLINDRICAL_SURFACE ( 'NONE', #506, 0.5000000000000004441 ) ;
#2097 = EDGE_CURVE ( 'NONE', #1840, #4981, #5172, .T. ) ;
#2098 = ORIENTED_EDGE ( 'NONE', *, *, #3637, .F. ) ;
#2099 = AXIS2_PLACEMENT_3D ( 'NONE', #2805, #4498, #4545 ) ;
#2100 = CARTESIAN_POINT ( 'NONE',  ( 13.87335500670138266, 2.500000000000000000, -20.67613692876645715 ) ) ;
#2101 = CARTESIAN_POINT ( 'NONE',  ( 21.00000000000000355, 3.500000000000006661, 27.99999999999999645 ) ) ;
#2102 = DIRECTION ( 'NONE',  ( 0.000000000000000000, 0.000000000000000000, -1.000000000000000000 ) ) ;
#2103 = LINE ( 'NONE', #2020, #119 ) ;
#2104 = DIRECTION ( 'NONE',  ( 0.000000000000000000, 0.000000000000000000, -1.000000000000000000 ) ) ;
#2105 = AXIS2_PLACEMENT_3D ( 'NONE', #4031, #4087, #4060 ) ;
#2106 = VERTEX_POINT ( 'NONE', #4678 ) ;
#2107 = EDGE_CURVE ( 'NONE', #310, #5127, #1296, .T. ) ;
#2108 = DIRECTION ( 'NONE',  ( -0.000000000000000000, -1.000000000000000000, -0.000000000000000000 ) ) ;
#2109 = DIRECTION ( 'NONE',  ( 0.000000000000000000, 0.000000000000000000, 1.000000000000000000 ) ) ;
#2110 = VECTOR ( 'NONE', #437, 1000.000000000000000 ) ;
#2111 = AXIS2_PLACEMENT_3D ( 'NONE', #331, #1678, #4132 ) ;
#2112 = ORIENTED_EDGE ( 'NONE', *, *, #3980, .T. ) ;
#2113 = LINE ( 'NONE', #5205, #2110 ) ;
#2114 = EDGE_CURVE ( 'NONE', #4505, #3858, #2623, .T. ) ;
#2115 = EDGE_CURVE ( 'NONE', #5305, #2839, #3560, .T. ) ;
#2116 = DIRECTION ( 'NONE',  ( -0.000000000000000000, -1.000000000000000000, 0.000000000000000000 ) ) ;
#2117 = AXIS2_PLACEMENT_3D ( 'NONE', #98, #4700, #3509 ) ;
#2118 = ORIENTED_EDGE ( 'NONE', *, *, #2428, .T. ) ;
#2119 = AXIS2_PLACEMENT_3D ( 'NONE', #993, #1497, #3932 ) ;
#2120 = VERTEX_POINT ( 'NONE', #2573 ) ;
#2121 = ORIENTED_EDGE ( 'NONE', *, *, #3986, .F. ) ;
#2122 = AXIS2_PLACEMENT_3D ( 'NONE', #1763, #4278, #417 ) ;
#2123 = CARTESIAN_POINT ( 'NONE',  ( 3.499999999999996891, 2.250000000000000444, -4.700000000000002842 ) ) ;
#2124 = EDGE_CURVE ( 'NONE', #1756, #99, #1673, .T. ) ;
#2125 = DIRECTION ( 'NONE',  ( 0.000000000000000000, 0.000000000000000000, -1.000000000000000000 ) ) ;
#2126 = VERTEX_POINT ( 'NONE', #572 ) ;
#2127 = DIRECTION ( 'NONE',  ( -0.000000000000000000, 1.000000000000000000, -0.000000000000000000 ) ) ;
#2128 = ORIENTED_EDGE ( 'NONE', *, *, #2221, .T. ) ;
#2129 = DIRECTION ( 'NONE',  ( 0.000000000000000000, 0.000000000000000000, -1.000000000000000000 ) ) ;
#2130 = LINE ( 'NONE', #5199, #848 ) ;
#2131 = CARTESIAN_POINT ( 'NONE',  ( 10.83185842870419613, 2.600000000000000089, 26.17094808214231350 ) ) ;
#2132 = ORIENTED_EDGE ( 'NONE', *, *, #4617, .F. ) ;
#2133 = PLANE ( 'NONE',  #2251 ) ;
#2134 = CARTESIAN_POINT ( 'NONE',  ( 25.00000000000001066, 2.299999999999999822, -5.000000000000007994 ) ) ;
#2135 = DIRECTION ( 'NONE',  ( 1.156482317317871725E-16, 0.000000000000000000, -1.000000000000000000 ) ) ;
#2136 = ORIENTED_EDGE ( 'NONE', *, *, #2045, .T. ) ;
#2137 = DIRECTION ( 'NONE',  ( 0.000000000000000000, 0.000000000000000000, -1.000000000000000000 ) ) ;
#2138 = FACE_OUTER_BOUND ( 'NONE', #5224, .T. ) ;
#2139 = VERTEX_POINT ( 'NONE', #4833 ) ;
#2140 = DIRECTION ( 'NONE',  ( -0.000000000000000000, -1.000000000000000000, 0.000000000000000000 ) ) ;
#2141 = PLANE ( 'NONE',  #3177 ) ;
#2142 =( NAMED_UNIT ( * ) PLANE_ANGLE_UNIT ( ) SI_UNIT ( $, .RADIAN. ) );
#2143 = ORIENTED_EDGE ( 'NONE', *, *, #3334, .T. ) ;
#2144 = VERTEX_POINT ( 'NONE', #1963 ) ;
#2145 = ADVANCED_FACE ( 'NONE', ( #1046, #3647, #4073, #4395, #2700, #3987, #3158, #2379, #3562 ), #5333, .F. ) ;
#2146 = ADVANCED_FACE ( 'NONE', ( #4014 ), #4453, .F. ) ;
#2147 = ORIENTED_EDGE ( 'NONE', *, *, #4811, .F. ) ;
#2148 = EDGE_LOOP ( 'NONE', ( #1760, #3071, #3387, #3869 ) ) ;
#2149 = FACE_OUTER_BOUND ( 'NONE', #1807, .T. ) ;
#2150 = CARTESIAN_POINT ( 'NONE',  ( 8.750000000000000000, 1.250000000000000222, 6.799999999999998934 ) ) ;
#2151 = ORIENTED_EDGE ( 'NONE', *, *, #4953, .T. ) ;
#2152 = DIRECTION ( 'NONE',  ( 0.000000000000000000, 1.000000000000000000, 0.000000000000000000 ) ) ;
#2153 = ORIENTED_EDGE ( 'NONE', *, *, #146, .T. ) ;
#2154 = AXIS2_PLACEMENT_3D ( 'NONE', #2789, #2757, #3211 ) ;
#2155 = CARTESIAN_POINT ( 'NONE',  ( 20.50000000000001776, 4.000000000000000000, 26.00000000000000000 ) ) ;
#2156 = ORIENTED_EDGE ( 'NONE', *, *, #943, .T. ) ;
#2157 = CARTESIAN_POINT ( 'NONE',  ( 4.250000000000000888, 4.000000000000000000, 5.699999999999998401 ) ) ;
#2158 = DIRECTION ( 'NONE',  ( 0.000000000000000000, 1.000000000000000000, 0.000000000000000000 ) ) ;
#2159 = DIRECTION ( 'NONE',  ( 0.000000000000000000, 1.000000000000000000, 0.000000000000000000 ) ) ;
#2160 = AXIS2_PLACEMENT_3D ( 'NONE', #332, #2532, #5377 ) ;
#2161 = CIRCLE ( 'NONE', #5156, 0.5000000000000004441 ) ;
#2162 = ADVANCED_FACE ( 'NONE', ( #598 ), #657, .F. ) ;
#2163 = LINE ( 'NONE', #1777, #2502 ) ;
#2164 = LINE ( 'NONE', #3795, #4240 ) ;
#2165 = AXIS2_PLACEMENT_3D ( 'NONE', #792, #3790, #2434 ) ;
#2166 = EDGE_LOOP ( 'NONE', ( #2176, #2367, #678, #3946 ) ) ;
#2167 = EDGE_CURVE ( 'NONE', #4505, #3414, #2301, .T. ) ;
#2168 = DIRECTION ( 'NONE',  ( -0.000000000000000000, -1.000000000000000000, 0.000000000000000000 ) ) ;
#2169 = LINE ( 'NONE', #4707, #1725 ) ;
#2170 = ORIENTED_EDGE ( 'NONE', *, *, #3805, .F. ) ;
#2171 = EDGE_CURVE ( 'NONE', #4373, #2054, #5244, .T. ) ;
#2172 = FACE_OUTER_BOUND ( 'NONE', #1185, .T. ) ;
#2173 = VECTOR ( 'NONE', #4626, 1000.000000000000000 ) ;
#2174 = ORIENTED_EDGE ( 'NONE', *, *, #4211, .F. ) ;
#2175 = FACE_OUTER_BOUND ( 'NONE', #3382, .T. ) ;
#2176 = ORIENTED_EDGE ( 'NONE', *, *, #5034, .F. ) ;
#2177 = DIRECTION ( 'NONE',  ( 0.000000000000000000, 0.000000000000000000, -1.000000000000000000 ) ) ;
#2178 = CIRCLE ( 'NONE', #140, 2.649999999999999467 ) ;
#2179 = DIRECTION ( 'NONE',  ( -0.000000000000000000, -1.000000000000000000, -0.000000000000000000 ) ) ;
#2180 = DIRECTION ( 'NONE',  ( 0.000000000000000000, -1.000000000000000000, 0.000000000000000000 ) ) ;
#2181 = ORIENTED_EDGE ( 'NONE', *, *, #2518, .T. ) ;
#2182 = VERTEX_POINT ( 'NONE', #183 ) ;
#2183 = DIRECTION ( 'NONE',  ( 0.000000000000000000, 1.000000000000000000, 0.000000000000000000 ) ) ;
#2184 = ORIENTED_EDGE ( 'NONE', *, *, #2750, .T. ) ;
#2185 = CARTESIAN_POINT ( 'NONE',  ( 16.00000000000001066, 0.000000000000000000, 24.94999999999999574 ) ) ;
#2186 = DIRECTION ( 'NONE',  ( 0.000000000000000000, 0.000000000000000000, 1.000000000000000000 ) ) ;
#2187 = ADVANCED_FACE ( 'NONE', ( #266 ), #3131, .F. ) ;
#2188 = EDGE_CURVE ( 'NONE', #834, #5346, #3592, .T. ) ;
#2189 = CARTESIAN_POINT ( 'NONE',  ( 18.50000000000001066, 2.299999999999999822, -29.99999999999999645 ) ) ;
#2190 = DIRECTION ( 'NONE',  ( 0.000000000000000000, 0.000000000000000000, -1.000000000000000000 ) ) ;
#2191 = CARTESIAN_POINT ( 'NONE',  ( 11.49999999999999289, 2.500000000000000000, 2.000000000000000000 ) ) ;
#2192 = VERTEX_POINT ( 'NONE', #4805 ) ;
#2193 = LINE ( 'NONE', #5179, #3926 ) ;
#2194 = CARTESIAN_POINT ( 'NONE',  ( 26.00000000000000355, 3.500000000000006661, 23.00000000000000000 ) ) ;
#2195 = ORIENTED_EDGE ( 'NONE', *, *, #2279, .T. ) ;
#2196 = CIRCLE ( 'NONE', #3606, 0.5000000000000004441 ) ;
#2197 = EDGE_CURVE ( 'NONE', #1430, #636, #284, .T. ) ;
#2198 = CARTESIAN_POINT ( 'NONE',  ( 14.42628246223865673, 0.000000000000000000, 22.82258064516128471 ) ) ;
#2199 = ORIENTED_EDGE ( 'NONE', *, *, #2220, .F. ) ;
#2200 = CARTESIAN_POINT ( 'NONE',  ( 8.750000000000007105, 2.600000000000000089, -26.98997487421323527 ) ) ;
#2201 = CIRCLE ( 'NONE', #154, 2.999999999999999112 ) ;
#2202 = AXIS2_PLACEMENT_3D ( 'NONE', #4909, #1118, #2807 ) ;
#2203 = ORIENTED_EDGE ( 'NONE', *, *, #595, .T. ) ;
#2204 = CARTESIAN_POINT ( 'NONE',  ( 3.499999999999999556, -6.000000000000000000, 26.96887112585072188 ) ) ;
#2205 = CARTESIAN_POINT ( 'NONE',  ( 6.531128874149271013, 3.499999999999999556, 29.99999999999999645 ) ) ;
#2206 = VECTOR ( 'NONE', #1961, 1000.000000000000000 ) ;
#2207 = CIRCLE ( 'NONE', #3527, 0.7500000000000006661 ) ;
#2208 = CARTESIAN_POINT ( 'NONE',  ( 4.168141571295796766, 2.600000000000000089, 23.82905191785766874 ) ) ;
#2209 = ORIENTED_EDGE ( 'NONE', *, *, #2345, .T. ) ;
#2210 = ORIENTED_EDGE ( 'NONE', *, *, #683, .F. ) ;
#2211 = CARTESIAN_POINT ( 'NONE',  ( 24.00000000000001421, 3.500000000000020428, -23.00000000000000355 ) ) ;
#2212 = AXIS2_PLACEMENT_3D ( 'NONE', #1539, #1513, #1032 ) ;
#2213 = CIRCLE ( 'NONE', #2298, 4.000000000000000888 ) ;
#2214 = LINE ( 'NONE', #4232, #5147 ) ;
#2215 = DIRECTION ( 'NONE',  ( 0.000000000000000000, 0.000000000000000000, -1.000000000000000000 ) ) ;
#2216 = EDGE_CURVE ( 'NONE', #1393, #396, #3385, .T. ) ;
#2217 = DIRECTION ( 'NONE',  ( 0.000000000000000000, 0.000000000000000000, -1.000000000000000000 ) ) ;
#2218 = ADVANCED_FACE ( 'NONE', ( #4892 ), #1466, .T. ) ;
#2219 = DIRECTION ( 'NONE',  ( 0.000000000000000000, 1.000000000000000000, 0.000000000000000000 ) ) ;
#2220 = EDGE_CURVE ( 'NONE', #4301, #3037, #2057, .T. ) ;
#2221 = EDGE_CURVE ( 'NONE', #1738, #1895, #1797, .T. ) ;
#2222 = LINE ( 'NONE', #1468, #2822 ) ;
#2223 = ORIENTED_EDGE ( 'NONE', *, *, #4853, .T. ) ;
#2224 = DIRECTION ( 'NONE',  ( -0.000000000000000000, -1.000000000000000000, -0.000000000000000000 ) ) ;
#2225 = CARTESIAN_POINT ( 'NONE',  ( 8.151858428704230164, 4.850152435273161977, 21.52905191785770000 ) ) ;
#2226 = CARTESIAN_POINT ( 'NONE',  ( 4.499999999999997335, 4.000000000000000000, -29.50000000000000711 ) ) ;
#2227 = VERTEX_POINT ( 'NONE', #72 ) ;
#2228 = PLANE ( 'NONE',  #4974 ) ;
#2229 = ORIENTED_EDGE ( 'NONE', *, *, #2650, .T. ) ;
#2230 = CYLINDRICAL_SURFACE ( 'NONE', #3160, 2.000000000000001776 ) ;
#2231 = CARTESIAN_POINT ( 'NONE',  ( 26.00000000000000355, 4.000000000000000000, 20.99999999999999645 ) ) ;
#2232 = FACE_OUTER_BOUND ( 'NONE', #147, .T. ) ;
#2233 = ORIENTED_EDGE ( 'NONE', *, *, #4653, .T. ) ;
#2234 = ORIENTED_EDGE ( 'NONE', *, *, #2455, .T. ) ;
#2235 = EDGE_CURVE ( 'NONE', #3154, #3364, #1381, .T. ) ;
#2236 = EDGE_LOOP ( 'NONE', ( #1867, #4034, #4557, #2151 ) ) ;
#2237 = DIRECTION ( 'NONE',  ( 0.000000000000000000, 1.000000000000000000, 0.000000000000000000 ) ) ;
#2238 = FACE_OUTER_BOUND ( 'NONE', #4550, .T. ) ;
#2239 = VECTOR ( 'NONE', #5283, 1000.000000000000000 ) ;
#2240 = VERTEX_POINT ( 'NONE', #959 ) ;
#2241 = PLANE ( 'NONE',  #823 ) ;
#2242 = CARTESIAN_POINT ( 'NONE',  ( 8.151858428704230164, 2.600000000000000089, 21.52905191785770000 ) ) ;
#2243 = LINE ( 'NONE', #130, #4501 ) ;
#2244 = CARTESIAN_POINT ( 'NONE',  ( 4.055555555555554470, 3.499999999999999556, 27.86467754232833727 ) ) ;
#2245 = AXIS2_PLACEMENT_3D ( 'NONE', #5061, #1646, #4541 ) ;
#2246 = EDGE_LOOP ( 'NONE', ( #54, #1971, #5409, #1002 ) ) ;
#2247 = CYLINDRICAL_SURFACE ( 'NONE', #1364, 1.000000000000000888 ) ;
#2248 = EDGE_CURVE ( 'NONE', #4336, #1509, #483, .T. ) ;
#2249 = DIRECTION ( 'NONE',  ( 0.000000000000000000, 0.000000000000000000, -1.000000000000000000 ) ) ;
#2250 = VECTOR ( 'NONE', #742, 1000.000000000000000 ) ;
#2251 = AXIS2_PLACEMENT_3D ( 'NONE', #903, #2159, #3819 ) ;
#2252 = FACE_OUTER_BOUND ( 'NONE', #3768, .T. ) ;
#2253 = EDGE_CURVE ( 'NONE', #5072, #1476, #3425, .T. ) ;
#2254 = ADVANCED_FACE ( 'NONE', ( #2592 ), #5166, .F. ) ;
#2255 = EDGE_LOOP ( 'NONE', ( #5099, #750, #2568, #994 ) ) ;
#2256 = ORIENTED_EDGE ( 'NONE', *, *, #5460, .T. ) ;
#2257 = CIRCLE ( 'NONE', #299, 8.999999999999998224 ) ;
#2258 = ORIENTED_EDGE ( 'NONE', *, *, #4107, .T. ) ;
#2259 = CARTESIAN_POINT ( 'NONE',  ( 18.50000000000001066, 3.500000000000006661, 29.99999999999999645 ) ) ;
#2260 = CARTESIAN_POINT ( 'NONE',  ( 16.00000000000001066, 0.000000000000000000, 26.49999999999999289 ) ) ;
#2261 = AXIS2_PLACEMENT_3D ( 'NONE', #4470, #4053, #252 ) ;
#2262 = FACE_BOUND ( 'NONE', #921, .T. ) ;
#2263 = ORIENTED_EDGE ( 'NONE', *, *, #3629, .T. ) ;
#2264 = ORIENTED_EDGE ( 'NONE', *, *, #1910, .F. ) ;
#2265 = AXIS2_PLACEMENT_3D ( 'NONE', #5225, #203, #3181 ) ;
#2266 = VERTEX_POINT ( 'NONE', #3476 ) ;
#2267 = CARTESIAN_POINT ( 'NONE',  ( 21.00000000000001066, 3.500000000000020428, -30.00000000000000711 ) ) ;
#2268 = DIRECTION ( 'NONE',  ( 0.000000000000000000, 1.000000000000000000, 0.000000000000000000 ) ) ;
#2269 = EDGE_CURVE ( 'NONE', #39, #3151, #3074, .T. ) ;
#2270 = DIRECTION ( 'NONE',  ( 0.000000000000000000, 0.000000000000000000, -1.000000000000000000 ) ) ;
#2271 = CARTESIAN_POINT ( 'NONE',  ( 19.30825215254416705, 2.500000000000000000, -7.458456109224194996 ) ) ;
#2272 = DIRECTION ( 'NONE',  ( 0.000000000000000000, 1.000000000000000000, 0.000000000000000000 ) ) ;
#2273 = CARTESIAN_POINT ( 'NONE',  ( 16.00000000000001066, 0.000000000000000000, -28.04999999999999716 ) ) ;
#2274 = ORIENTED_EDGE ( 'NONE', *, *, #3073, .T. ) ;
#2275 = AXIS2_PLACEMENT_3D ( 'NONE', #1202, #3342, #3234 ) ;
#2276 = FACE_OUTER_BOUND ( 'NONE', #440, .T. ) ;
#2277 = CARTESIAN_POINT ( 'NONE',  ( 21.47481828337179977, 2.500000000000000000, -7.076368160250957828 ) ) ;
#2278 = PLANE ( 'NONE',  #73 ) ;
#2279 = EDGE_CURVE ( 'NONE', #1605, #1, #1350, .T. ) ;
#2280 = EDGE_LOOP ( 'NONE', ( #5092, #5477, #2578, #4051, #1238, #3496, #1786, #314 ) ) ;
#2281 = VERTEX_POINT ( 'NONE', #875 ) ;
#2282 = AXIS2_PLACEMENT_3D ( 'NONE', #3541, #5206, #1048 ) ;
#2283 = EDGE_CURVE ( 'NONE', #5097, #3858, #1717, .T. ) ;
#2284 = EDGE_CURVE ( 'NONE', #2192, #4942, #2214, .T. ) ;
#2285 = ORIENTED_EDGE ( 'NONE', *, *, #5265, .T. ) ;
#2286 = FACE_OUTER_BOUND ( 'NONE', #2246, .T. ) ;
#2287 = CARTESIAN_POINT ( 'NONE',  ( 16.00000000000001066, 2.299999999999999822, 26.49999999999999289 ) ) ;
#2288 = CARTESIAN_POINT ( 'NONE',  ( 20.49036317236908999, 0.000000000000000000, 5.366507096221478257 ) ) ;
#2289 = AXIS2_PLACEMENT_3D ( 'NONE', #3212, #4895, #1047 ) ;
#2290 = VERTEX_POINT ( 'NONE', #2619 ) ;
#2291 = ORIENTED_EDGE ( 'NONE', *, *, #2750, .F. ) ;
#2292 = ORIENTED_EDGE ( 'NONE', *, *, #4079, .T. ) ;
#2293 = VECTOR ( 'NONE', #1798, 1000.000000000000000 ) ;
#2294 = CARTESIAN_POINT ( 'NONE',  ( 7.499999999999996447, 1.000000000000000000, 24.99999999999998934 ) ) ;
#2295 = CIRCLE ( 'NONE', #4142, 6.000000000000003553 ) ;
#2296 = LINE ( 'NONE', #1520, #4590 ) ;
#2297 = VECTOR ( 'NONE', #255, 1000.000000000000000 ) ;
#2298 = AXIS2_PLACEMENT_3D ( 'NONE', #1820, #3502, #5187 ) ;
#2299 = CIRCLE ( 'NONE', #75, 6.000000000000003553 ) ;
#2300 = DIRECTION ( 'NONE',  ( 0.000000000000000000, 0.000000000000000000, 1.000000000000000000 ) ) ;
#2301 = LINE ( 'NONE', #1074, #4534 ) ;
#2302 = CARTESIAN_POINT ( 'NONE',  ( 10.83185842870419613, 4.000000000000000000, 25.42094808214231350 ) ) ;
#2303 = CIRCLE ( 'NONE', #877, 2.200000000000000622 ) ;
#2304 = CARTESIAN_POINT ( 'NONE',  ( 13.56073781646991172, 0.000000000000000000, 20.79999999999999716 ) ) ;
#2305 = VERTEX_POINT ( 'NONE', #426 ) ;
#2306 = CYLINDRICAL_SURFACE ( 'NONE', #5161, 2.200000000000000178 ) ;
#2307 = CARTESIAN_POINT ( 'NONE',  ( 18.50000000000001066, 4.000000000000000000, 29.99999999999999645 ) ) ;
#2308 = DIRECTION ( 'NONE',  ( 0.000000000000000000, 1.000000000000000000, 0.000000000000000000 ) ) ;
#2309 = ORIENTED_EDGE ( 'NONE', *, *, #837, .F. ) ;
#2310 = CARTESIAN_POINT ( 'NONE',  ( 18.50000000000001066, -1.808568626610816077, -29.50000000000000355 ) ) ;
#2311 = DIRECTION ( 'NONE',  ( 0.000000000000000000, 0.000000000000000000, 1.000000000000000000 ) ) ;
#2312 = EDGE_LOOP ( 'NONE', ( #305, #2184, #4113, #1592, #4662, #476, #3318, #160 ) ) ;
#2313 = CARTESIAN_POINT ( 'NONE',  ( 28.00000000000001066, 3.500000000000020428, -7.795084971874749691 ) ) ;
#2314 = CARTESIAN_POINT ( 'NONE',  ( 20.50000000000001776, 4.000000000000000000, 27.99999999999999645 ) ) ;
#2315 = CARTESIAN_POINT ( 'NONE',  ( 11.73531754730534793, 4.000000000000000000, 20.32616623488780050 ) ) ;
#2316 = ORIENTED_EDGE ( 'NONE', *, *, #2124, .F. ) ;
#2317 = EDGE_CURVE ( 'NONE', #1876, #4388, #4749, .T. ) ;
#2318 = EDGE_CURVE ( 'NONE', #380, #2305, #1828, .T. ) ;
#2319 = VERTEX_POINT ( 'NONE', #4727 ) ;
#2320 = ORIENTED_EDGE ( 'NONE', *, *, #1910, .T. ) ;
#2321 = PLANE ( 'NONE',  #1557 ) ;
#2322 = DIRECTION ( 'NONE',  ( 1.000000000000000000, 0.000000000000000000, 0.000000000000000000 ) ) ;
#2323 = EDGE_CURVE ( 'NONE', #834, #1733, #2972, .T. ) ;
#2324 = EDGE_CURVE ( 'NONE', #861, #31, #4312, .T. ) ;
#2325 = CARTESIAN_POINT ( 'NONE',  ( 19.00000000000001066, 4.000000000000000000, -29.50000000000002132 ) ) ;
#2326 = DIRECTION ( 'NONE',  ( 1.000000000000000000, 0.000000000000000000, 0.000000000000000000 ) ) ;
#2327 = DIRECTION ( 'NONE',  ( 1.188166764367676095E-16, 0.000000000000000000, -1.000000000000000000 ) ) ;
#2328 = DIRECTION ( 'NONE',  ( 0.000000000000000000, 1.000000000000000000, 0.000000000000000000 ) ) ;
#2329 = ORIENTED_EDGE ( 'NONE', *, *, #1525, .F. ) ;
#2330 = DIRECTION ( 'NONE',  ( -0.000000000000000000, -1.000000000000000000, -0.000000000000000000 ) ) ;
#2331 = AXIS2_PLACEMENT_3D ( 'NONE', #1494, #5309, #3187 ) ;
#2332 = CARTESIAN_POINT ( 'NONE',  ( 11.50000000000000000, 0.000000000000000000, 2.000000000000000000 ) ) ;
#2333 = LINE ( 'NONE', #1445, #3265 ) ;
#2334 = ORIENTED_EDGE ( 'NONE', *, *, #4343, .T. ) ;
#2335 = LINE ( 'NONE', #1028, #553 ) ;
#2336 = PLANE ( 'NONE',  #41 ) ;
#2337 = CIRCLE ( 'NONE', #379, 0.5000000000000004441 ) ;
#2338 = CIRCLE ( 'NONE', #4630, 1.000000000000000888 ) ;
#2339 = ORIENTED_EDGE ( 'NONE', *, *, #2091, .T. ) ;
#2340 = CARTESIAN_POINT ( 'NONE',  ( 13.66531754730533343, 2.600000000000000089, 23.66902429349574177 ) ) ;
#2341 = DIRECTION ( 'NONE',  ( 0.000000000000000000, 0.000000000000000000, -1.000000000000000000 ) ) ;
#2342 = PLANE ( 'NONE',  #2713 ) ;
#2343 = VECTOR ( 'NONE', #1502, 1000.000000000000000 ) ;
#2344 = EDGE_LOOP ( 'NONE', ( #2195, #2292, #2748, #2642 ) ) ;
#2345 = EDGE_CURVE ( 'NONE', #16, #4156, #1324, .T. ) ;
#2346 = EDGE_LOOP ( 'NONE', ( #4282, #1586, #1246, #1336 ) ) ;
#2347 = ORIENTED_EDGE ( 'NONE', *, *, #5209, .F. ) ;
#2348 = CIRCLE ( 'NONE', #3741, 1.549999999999995826 ) ;
#2349 = CARTESIAN_POINT ( 'NONE',  ( 19.25800355003317321, 2.500000000000000000, -7.338691251227541734 ) ) ;
#2350 = CIRCLE ( 'NONE', #1374, 25.00000000000000711 ) ;
#2351 = CARTESIAN_POINT ( 'NONE',  ( 19.00000000000001066, 4.000000000000000000, -29.50000000000002132 ) ) ;
#2352 = EDGE_CURVE ( 'NONE', #1207, #58, #2130, .T. ) ;
#2353 = AXIS2_PLACEMENT_3D ( 'NONE', #3436, #3113, #1023 ) ;
#2354 = CARTESIAN_POINT ( 'NONE',  ( 7.000000000000003553, 1.000000000000000000, -27.65000000000000213 ) ) ;
#2355 = DIRECTION ( 'NONE',  ( -0.000000000000000000, -1.000000000000000000, 0.000000000000000000 ) ) ;
#2356 = EDGE_CURVE ( 'NONE', #3232, #1876, #4380, .T. ) ;
#2357 = EDGE_CURVE ( 'NONE', #2768, #3118, #2569, .T. ) ;
#2358 = DIRECTION ( 'NONE',  ( -0.000000000000000000, -1.000000000000000000, -0.000000000000000000 ) ) ;
#2359 = LINE ( 'NONE', #3625, #2817 ) ;
#2360 = VERTEX_POINT ( 'NONE', #1741 ) ;
#2361 = DIRECTION ( 'NONE',  ( -0.000000000000000000, -1.000000000000000000, -0.000000000000000000 ) ) ;
#2362 = DIRECTION ( 'NONE',  ( 0.000000000000000000, 1.000000000000000000, 0.000000000000000000 ) ) ;
#2363 = DIRECTION ( 'NONE',  ( 0.000000000000000000, 0.000000000000000000, -1.000000000000000000 ) ) ;
#2364 = ORIENTED_EDGE ( 'NONE', *, *, #2784, .T. ) ;
#2365 = DIRECTION ( 'NONE',  ( 0.000000000000000000, 1.000000000000000000, 0.000000000000000000 ) ) ;
#2366 = FACE_OUTER_BOUND ( 'NONE', #363, .T. ) ;
#2367 = ORIENTED_EDGE ( 'NONE', *, *, #971, .F. ) ;
#2368 = DIRECTION ( 'NONE',  ( -0.000000000000000000, -1.000000000000000000, -0.000000000000000000 ) ) ;
#2369 = DIRECTION ( 'NONE',  ( 0.000000000000000000, 0.000000000000000000, -1.000000000000000000 ) ) ;
#2370 = CARTESIAN_POINT ( 'NONE',  ( 8.750000000000000000, 4.000000000000000000, 6.799999999999998934 ) ) ;
#2371 = ORIENTED_EDGE ( 'NONE', *, *, #2630, .T. ) ;
#2372 = ORIENTED_EDGE ( 'NONE', *, *, #3296, .T. ) ;
#2373 = ORIENTED_EDGE ( 'NONE', *, *, #4975, .T. ) ;
#2374 = CARTESIAN_POINT ( 'NONE',  ( 24.00000000000001066, 0.000000000000000000, -26.00000000000000355 ) ) ;
#2375 = CARTESIAN_POINT ( 'NONE',  ( 10.83185842870419613, 2.600000000000000089, 26.17094808214231350 ) ) ;
#2376 = AXIS2_PLACEMENT_3D ( 'NONE', #2747, #1090, #1483 ) ;
#2377 = CARTESIAN_POINT ( 'NONE',  ( 12.94999999999999751, 2.500000000000000000, 10.07078063138876622 ) ) ;
#2378 = CIRCLE ( 'NONE', #3700, 0.5000000000000004441 ) ;
#2379 = FACE_BOUND ( 'NONE', #448, .T. ) ;
#2380 = VECTOR ( 'NONE', #4960, 1000.000000000000000 ) ;
#2381 = LINE ( 'NONE', #4074, #2633 ) ;
#2382 = LINE ( 'NONE', #842, #414 ) ;
#2383 = CIRCLE ( 'NONE', #3615, 3.999999999999999112 ) ;
#2384 = EDGE_CURVE ( 'NONE', #4081, #538, #5110, .T. ) ;
#2385 = EDGE_CURVE ( 'NONE', #1605, #2447, #5354, .T. ) ;
#2386 = LINE ( 'NONE', #1442, #2772 ) ;
#2387 = DIRECTION ( 'NONE',  ( 0.000000000000000000, 0.000000000000000000, -1.000000000000000000 ) ) ;
#2388 = AXIS2_PLACEMENT_3D ( 'NONE', #4224, #62, #1737 ) ;
#2389 = EDGE_CURVE ( 'NONE', #5390, #3394, #3153, .T. ) ;
#2390 = DIRECTION ( 'NONE',  ( 0.000000000000000000, 1.000000000000000000, 0.000000000000000000 ) ) ;
#2391 = ORIENTED_EDGE ( 'NONE', *, *, #2074, .T. ) ;
#2392 = DIRECTION ( 'NONE',  ( 1.508455196501570246E-15, 0.000000000000000000, -1.000000000000000000 ) ) ;
#2393 = FACE_OUTER_BOUND ( 'NONE', #3519, .T. ) ;
#2394 = VERTEX_POINT ( 'NONE', #230 ) ;
#2395 = DIRECTION ( 'NONE',  ( 0.000000000000000000, 1.000000000000000000, 0.000000000000000000 ) ) ;
#2396 = LINE ( 'NONE', #1978, #3981 ) ;
#2397 = DIRECTION ( 'NONE',  ( -0.000000000000000000, -1.000000000000000000, -0.000000000000000000 ) ) ;
#2398 = VERTEX_POINT ( 'NONE', #2669 ) ;
#2399 = ORIENTED_EDGE ( 'NONE', *, *, #523, .T. ) ;
#2400 = AXIS2_PLACEMENT_3D ( 'NONE', #1117, #726, #2032 ) ;
#2401 = EDGE_LOOP ( 'NONE', ( #2128, #4210, #532, #5412 ) ) ;
#2402 = CARTESIAN_POINT ( 'NONE',  ( 14.00000000000001066, 2.299999999999999822, -29.99999999999999645 ) ) ;
#2403 = DIRECTION ( 'NONE',  ( -0.000000000000000000, -1.000000000000000000, -0.000000000000000000 ) ) ;
#2404 = EDGE_CURVE ( 'NONE', #3445, #2696, #3589, .T. ) ;
#2405 = FACE_OUTER_BOUND ( 'NONE', #4540, .T. ) ;
#2406 = EDGE_CURVE ( 'NONE', #3568, #2227, #262, .T. ) ;
#2407 = FACE_OUTER_BOUND ( 'NONE', #123, .T. ) ;
#2408 = DIRECTION ( 'NONE',  ( 0.000000000000000000, 0.000000000000000000, -1.000000000000000000 ) ) ;
#2409 = CARTESIAN_POINT ( 'NONE',  ( 16.18988598184790817, 0.000000000000000000, -20.30290847946412924 ) ) ;
#2410 = CARTESIAN_POINT ( 'NONE',  ( 19.00000000000000355, 3.500000000000006661, 29.99999999999999645 ) ) ;
#2411 = VECTOR ( 'NONE', #2994, 1000.000000000000000 ) ;
#2412 = ORIENTED_EDGE ( 'NONE', *, *, #2645, .F. ) ;
#2413 = DIRECTION ( 'NONE',  ( -0.000000000000000000, 1.000000000000000000, -0.000000000000000000 ) ) ;
#2414 = DIRECTION ( 'NONE',  ( 0.000000000000000000, 1.000000000000000000, 0.000000000000000000 ) ) ;
#2415 = EDGE_LOOP ( 'NONE', ( #486, #4331, #1340, #5304 ) ) ;
#2416 = DIRECTION ( 'NONE',  ( 0.000000000000000000, 0.000000000000000000, -1.000000000000000000 ) ) ;
#2417 = EDGE_CURVE ( 'NONE', #3507, #1290, #150, .T. ) ;
#2418 = ADVANCED_FACE ( 'NONE', ( #1038 ), #4362, .F. ) ;
#2419 = DIRECTION ( 'NONE',  ( -0.000000000000000000, 1.000000000000000000, -0.000000000000000000 ) ) ;
#2420 = CARTESIAN_POINT ( 'NONE',  ( 7.499999999999996447, 4.000000000000000000, 24.99999999999998934 ) ) ;
#2421 = ORIENTED_EDGE ( 'NONE', *, *, #2352, .T. ) ;
#2422 = EDGE_LOOP ( 'NONE', ( #4913, #730, #4695, #2900, #2584, #2588, #773, #5223, #862 ) ) ;
#2423 = AXIS2_PLACEMENT_3D ( 'NONE', #1248, #356, #4213 ) ;
#2424 = VERTEX_POINT ( 'NONE', #1461 ) ;
#2425 = CARTESIAN_POINT ( 'NONE',  ( 25.00000000000001066, 2.299999999999999822, -5.000000000000007994 ) ) ;
#2426 = CARTESIAN_POINT ( 'NONE',  ( 16.00000000000001066, 2.500000000000000000, -26.50000000000000355 ) ) ;
#2427 = CIRCLE ( 'NONE', #650, 3.249999999999999556 ) ;
#2428 = EDGE_CURVE ( 'NONE', #5131, #2144, #4035, .T. ) ;
#2429 = CARTESIAN_POINT ( 'NONE',  ( 6.892358909350245533, 4.000000000000000000, 27.57939378632924843 ) ) ;
#2430 = AXIS2_PLACEMENT_3D ( 'NONE', #4039, #571, #3956 ) ;
#2431 = EDGE_CURVE ( 'NONE', #337, #2919, #3616, .T. ) ;
#2432 = CYLINDRICAL_SURFACE ( 'NONE', #1140, 1.100000000000001199 ) ;
#2433 = CIRCLE ( 'NONE', #3148, 2.000000000000001776 ) ;
#2434 = DIRECTION ( 'NONE',  ( 0.000000000000000000, 0.000000000000000000, -1.000000000000000000 ) ) ;
#2435 = DIRECTION ( 'NONE',  ( 0.000000000000000000, 1.000000000000000000, 0.000000000000000000 ) ) ;
#2436 = CARTESIAN_POINT ( 'NONE',  ( 2.499999999999999556, -6.000000000000000000, 30.99999999999999645 ) ) ;
#2437 = ORIENTED_EDGE ( 'NONE', *, *, #1331, .T. ) ;
#2438 = CARTESIAN_POINT ( 'NONE',  ( 7.499999999999996447, 2.600000000000000089, 24.99999999999998934 ) ) ;
#2439 = LINE ( 'NONE', #1535, #3940 ) ;
#2440 = ORIENTED_EDGE ( 'NONE', *, *, #4617, .T. ) ;
#2441 = FACE_OUTER_BOUND ( 'NONE', #708, .T. ) ;
#2442 = CIRCLE ( 'NONE', #2621, 2.200000000000000622 ) ;
#2443 = DIRECTION ( 'NONE',  ( 0.000000000000000000, 0.000000000000000000, -1.000000000000000000 ) ) ;
#2444 = ORIENTED_EDGE ( 'NONE', *, *, #4562, .F. ) ;
#2445 = ORIENTED_EDGE ( 'NONE', *, *, #2999, .F. ) ;
#2446 = EDGE_CURVE ( 'NONE', #5222, #5233, #1569, .T. ) ;
#2447 = VERTEX_POINT ( 'NONE', #3535 ) ;
#2448 = ADVANCED_FACE ( 'NONE', ( #1071 ), #5329, .T. ) ;
#2449 = ORIENTED_EDGE ( 'NONE', *, *, #3905, .F. ) ;
#2450 = CARTESIAN_POINT ( 'NONE',  ( 19.25800355003317321, 0.000000000000000000, -7.338691251227541734 ) ) ;
#2451 = LINE ( 'NONE', #2095, #3273 ) ;
#2452 = ORIENTED_EDGE ( 'NONE', *, *, #1034, .T. ) ;
#2453 = ORIENTED_EDGE ( 'NONE', *, *, #4378, .T. ) ;
#2454 = VECTOR ( 'NONE', #1618, 1000.000000000000000 ) ;
#2455 = EDGE_CURVE ( 'NONE', #3098, #676, #3155, .T. ) ;
#2456 = CARTESIAN_POINT ( 'NONE',  ( 10.74999999999999822, 2.500000000000000000, 0.000000000000000000 ) ) ;
#2457 = VECTOR ( 'NONE', #4643, 1000.000000000000000 ) ;
#2458 = LINE ( 'NONE', #3349, #1492 ) ;
#2459 = CIRCLE ( 'NONE', #4061, 0.5000000000000004441 ) ;
#2460 = AXIS2_PLACEMENT_3D ( 'NONE', #4377, #4050, #608 ) ;
#2461 = DIRECTION ( 'NONE',  ( 0.000000000000000000, 0.000000000000000000, -1.000000000000000000 ) ) ;
#2462 = DIRECTION ( 'NONE',  ( 0.000000000000000000, 0.000000000000000000, -1.000000000000000000 ) ) ;
#2463 = VECTOR ( 'NONE', #394, 1000.000000000000000 ) ;
#2464 = AXIS2_PLACEMENT_3D ( 'NONE', #246, #3630, #2135 ) ;
#2465 = CARTESIAN_POINT ( 'NONE',  ( 17.01668019104464946, 2.500000000000000000, 10.80634763949192845 ) ) ;
#2466 = VERTEX_POINT ( 'NONE', #4390 ) ;
#2467 = ADVANCED_FACE ( 'NONE', ( #5306 ), #2321, .T. ) ;
#2468 = CARTESIAN_POINT ( 'NONE',  ( 4.200000000000001954, 2.250000000000000444, -19.30000000000000426 ) ) ;
#2469 = CIRCLE ( 'NONE', #4949, 0.7500000000000006661 ) ;
#2470 = CIRCLE ( 'NONE', #954, 0.5000000000000004441 ) ;
#2471 = CARTESIAN_POINT ( 'NONE',  ( 25.00000000000001066, 2.500000000000000000, -5.000000000000007994 ) ) ;
#2472 = ORIENTED_EDGE ( 'NONE', *, *, #1915, .T. ) ;
#2473 = CARTESIAN_POINT ( 'NONE',  ( 16.00000000000001066, 0.000000000000000000, -26.50000000000000355 ) ) ;
#2474 = FACE_OUTER_BOUND ( 'NONE', #200, .T. ) ;
#2475 = AXIS2_PLACEMENT_3D ( 'NONE', #2260, #2419, #3281 ) ;
#2476 = DIRECTION ( 'NONE',  ( -0.8660254037844423713, 0.000000000000000000, 0.4999999999999933942 ) ) ;
#2477 = ORIENTED_EDGE ( 'NONE', *, *, #4043, .F. ) ;
#2478 = ORIENTED_EDGE ( 'NONE', *, *, #2490, .T. ) ;
#2479 = EDGE_LOOP ( 'NONE', ( #3724, #828, #1220, #282, #4066 ) ) ;
#2480 = ORIENTED_EDGE ( 'NONE', *, *, #4598, .T. ) ;
#2481 = CARTESIAN_POINT ( 'NONE',  ( 16.73905426840038757, 0.000000000000000000, 5.090681215000284254 ) ) ;
#2482 = DIRECTION ( 'NONE',  ( 0.000000000000000000, -1.000000000000000000, 0.000000000000000000 ) ) ;
#2483 = ORIENTED_EDGE ( 'NONE', *, *, #4341, .T. ) ;
#2484 = CARTESIAN_POINT ( 'NONE',  ( 10.24999999999996625, 2.600000000000000089, 1.546166576414104429E-14 ) ) ;
#2485 = ADVANCED_FACE ( 'NONE', ( #5250 ), #4008, .T. ) ;
#2486 = EDGE_LOOP ( 'NONE', ( #5078, #5046, #4225, #2316 ) ) ;
#2487 = CARTESIAN_POINT ( 'NONE',  ( 13.50000000000001243, 2.299999999999999822, -29.99999999999999645 ) ) ;
#2488 = LINE ( 'NONE', #4971, #4674 ) ;
#2489 = EDGE_CURVE ( 'NONE', #4943, #3588, #3678, .T. ) ;
#2490 = EDGE_CURVE ( 'NONE', #778, #1393, #4829, .T. ) ;
#2491 = LINE ( 'NONE', #2520, #2516 ) ;
#2492 = DIRECTION ( 'NONE',  ( 0.000000000000000000, 1.000000000000000000, 0.000000000000000000 ) ) ;
#2493 = DIRECTION ( 'NONE',  ( -0.000000000000000000, -1.000000000000000000, -0.000000000000000000 ) ) ;
#2494 = VERTEX_POINT ( 'NONE', #648 ) ;
#2495 = ORIENTED_EDGE ( 'NONE', *, *, #5271, .T. ) ;
#2496 = DIRECTION ( 'NONE',  ( 0.000000000000000000, 0.000000000000000000, -1.000000000000000000 ) ) ;
#2497 = CARTESIAN_POINT ( 'NONE',  ( 4.000000000000000000, 4.000000000000000000, 24.55996122276641103 ) ) ;
#2498 = ORIENTED_EDGE ( 'NONE', *, *, #3452, .F. ) ;
#2499 = CARTESIAN_POINT ( 'NONE',  ( 23.00000000000001066, 0.000000000000000000, 13.44999999999999929 ) ) ;
#2500 = EDGE_CURVE ( 'NONE', #702, #1950, #5267, .T. ) ;
#2501 = DIRECTION ( 'NONE',  ( 0.000000000000000000, 0.000000000000000000, 1.000000000000000000 ) ) ;
#2502 = VECTOR ( 'NONE', #3051, 1000.000000000000000 ) ;
#2503 = DIRECTION ( 'NONE',  ( -0.000000000000000000, -1.000000000000000000, -0.000000000000000000 ) ) ;
#2504 = VERTEX_POINT ( 'NONE', #2781 ) ;
#2505 = ORIENTED_EDGE ( 'NONE', *, *, #1010, .T. ) ;
#2506 = AXIS2_PLACEMENT_3D ( 'NONE', #3863, #2685, #1341 ) ;
#2507 = ORIENTED_EDGE ( 'NONE', *, *, #533, .F. ) ;
#2508 = DIRECTION ( 'NONE',  ( 0.000000000000000000, 1.000000000000000000, 0.000000000000000000 ) ) ;
#2509 = DIRECTION ( 'NONE',  ( 5.071510359137166603E-16, 0.000000000000000000, -1.000000000000000000 ) ) ;
#2510 = ORIENTED_EDGE ( 'NONE', *, *, #3636, .T. ) ;
#2511 = LINE ( 'NONE', #5311, #1753 ) ;
#2512 = VECTOR ( 'NONE', #2392, 1000.000000000000000 ) ;
#2513 = ORIENTED_EDGE ( 'NONE', *, *, #1974, .T. ) ;
#2514 = DIRECTION ( 'NONE',  ( 0.000000000000000000, 0.000000000000000000, -1.000000000000000000 ) ) ;
#2515 = VECTOR ( 'NONE', #4516, 1000.000000000000000 ) ;
#2516 = VECTOR ( 'NONE', #3681, 1000.000000000000000 ) ;
#2517 = CARTESIAN_POINT ( 'NONE',  ( 13.50000000000001243, 3.500000000000006661, -30.00000000000000355 ) ) ;
#2518 = EDGE_CURVE ( 'NONE', #2575, #498, #3698, .T. ) ;
#2519 = VECTOR ( 'NONE', #4452, 1000.000000000000000 ) ;
#2520 = CARTESIAN_POINT ( 'NONE',  ( 28.00000000000000711, 4.000000000000000000, -7.795084971874751467 ) ) ;
#2521 = EDGE_CURVE ( 'NONE', #5127, #1333, #3408, .T. ) ;
#2522 = CARTESIAN_POINT ( 'NONE',  ( 23.00000000000001066, 4.000000000000000000, 14.99999999999999645 ) ) ;
#2523 = EDGE_CURVE ( 'NONE', #1035, #796, #3779, .T. ) ;
#2524 = VECTOR ( 'NONE', #4521, 1000.000000000000000 ) ;
#2525 = DIRECTION ( 'NONE',  ( 0.000000000000000000, 0.000000000000000000, -1.000000000000000000 ) ) ;
#2526 = ORIENTED_EDGE ( 'NONE', *, *, #631, .F. ) ;
#2527 = CARTESIAN_POINT ( 'NONE',  ( 13.50000000000001243, 3.500000000000006661, -30.00000000000000355 ) ) ;
#2528 = CARTESIAN_POINT ( 'NONE',  ( 3.666762827808755176, 3.666762827808762282, 23.25249766659142736 ) ) ;
#2529 = EDGE_LOOP ( 'NONE', ( #1419, #977, #1567, #1559, #3641 ) ) ;
#2530 = CARTESIAN_POINT ( 'NONE',  ( 16.00000000000001066, 0.000000000000000000, -24.95000000000000639 ) ) ;
#2531 = DIRECTION ( 'NONE',  ( -5.071510359137166603E-16, 0.000000000000000000, 1.000000000000000000 ) ) ;
#2532 = DIRECTION ( 'NONE',  ( -0.000000000000000000, -1.000000000000000000, -0.000000000000000000 ) ) ;
#2533 = ORIENTED_EDGE ( 'NONE', *, *, #313, .T. ) ;
#2534 = EDGE_LOOP ( 'NONE', ( #4090, #4228, #3834, #1518, #917 ) ) ;
#2535 = ORIENTED_EDGE ( 'NONE', *, *, #3379, .T. ) ;
#2536 = DIRECTION ( 'NONE',  ( -0.7660444431189747938, 0.000000000000000000, -0.6427876096865432487 ) ) ;
#2537 = LINE ( 'NONE', #3391, #3620 ) ;
#2538 = CARTESIAN_POINT ( 'NONE',  ( 28.00000000000000711, 3.500000000000006661, -2.204915028125265852 ) ) ;
#2539 = ORIENTED_EDGE ( 'NONE', *, *, #1061, .T. ) ;
#2540 = DIRECTION ( 'NONE',  ( 0.000000000000000000, -0.7071067811865474617, -0.7071067811865474617 ) ) ;
#2541 = DIRECTION ( 'NONE',  ( 0.7071067811865474617, 0.7071067811865474617, 0.000000000000000000 ) ) ;
#2542 = DIRECTION ( 'NONE',  ( 0.7660444431189746828, 0.000000000000000000, 0.6427876096865432487 ) ) ;
#2543 = DIRECTION ( 'NONE',  ( -0.000000000000000000, 1.000000000000000000, -0.000000000000000000 ) ) ;
#2544 = PLANE ( 'NONE',  #1262 ) ;
#2545 = LINE ( 'NONE', #1697, #4069 ) ;
#2546 = VECTOR ( 'NONE', #1552, 1000.000000000000000 ) ;
#2547 = ADVANCED_FACE ( 'NONE', ( #1546 ), #3752, .F. ) ;
#2548 = EDGE_CURVE ( 'NONE', #5022, #5106, #753, .T. ) ;
#2549 = ORIENTED_EDGE ( 'NONE', *, *, #4125, .F. ) ;
#2550 = DIRECTION ( 'NONE',  ( 0.000000000000000000, 0.000000000000000000, 1.000000000000000000 ) ) ;
#2551 = CYLINDRICAL_SURFACE ( 'NONE', #4646, 3.999999999999999112 ) ;
#2552 = VECTOR ( 'NONE', #4289, 1000.000000000000000 ) ;
#2553 = AXIS2_PLACEMENT_3D ( 'NONE', #4787, #3165, #1505 ) ;
#2554 = VERTEX_POINT ( 'NONE', #4138 ) ;
#2555 = DIRECTION ( 'NONE',  ( 0.000000000000000000, 1.000000000000000000, 0.000000000000000000 ) ) ;
#2556 = CARTESIAN_POINT ( 'NONE',  ( 16.29999999999999361, 0.000000000000000000, 20.30726231784357694 ) ) ;
#2557 = CONICAL_SURFACE ( 'NONE', #3437, 1.500000000000015099, 0.7853981633974396193 ) ;
#2558 = ORIENTED_EDGE ( 'NONE', *, *, #2324, .T. ) ;
#2559 = AXIS2_PLACEMENT_3D ( 'NONE', #2798, #322, #1996 ) ;
#2560 = ORIENTED_EDGE ( 'NONE', *, *, #3452, .T. ) ;
#2561 = ORIENTED_EDGE ( 'NONE', *, *, #1575, .T. ) ;
#2562 = AXIS2_PLACEMENT_3D ( 'NONE', #3448, #3040, #5133 ) ;
#2563 = CARTESIAN_POINT ( 'NONE',  ( 28.00000000000001066, 0.000000000000000000, -23.00000000000000355 ) ) ;
#2564 = DIRECTION ( 'NONE',  ( -0.000000000000000000, -1.000000000000000000, -0.000000000000000000 ) ) ;
#2565 = CARTESIAN_POINT ( 'NONE',  ( 8.750000000000000000, 1.250000000000000222, 20.29999999999999716 ) ) ;
#2566 = ORIENTED_EDGE ( 'NONE', *, *, #3715, .F. ) ;
#2567 = CARTESIAN_POINT ( 'NONE',  ( 7.499999999999996447, 1.000000000000000000, 22.34999999999999076 ) ) ;
#2568 = ORIENTED_EDGE ( 'NONE', *, *, #1267, .F. ) ;
#2569 = LINE ( 'NONE', #2157, #1196 ) ;
#2570 = CARTESIAN_POINT ( 'NONE',  ( 25.00000000000001066, 2.299999999999999822, -8.250000000000007105 ) ) ;
#2571 = EDGE_CURVE ( 'NONE', #2780, #2928, #2815, .T. ) ;
#2572 = CARTESIAN_POINT ( 'NONE',  ( 8.750000000000007105, 2.600000000000000089, -27.30000000000000426 ) ) ;
#2573 = CARTESIAN_POINT ( 'NONE',  ( 26.00000000000000355, 4.000000000000000000, 22.50000000000001421 ) ) ;
#2574 = PLANE ( 'NONE',  #3438 ) ;
#2575 = VERTEX_POINT ( 'NONE', #5413 ) ;
#2576 = CARTESIAN_POINT ( 'NONE',  ( 3.499999999999999556, 3.500000000000006661, 30.00000000000000355 ) ) ;
#2577 = CARTESIAN_POINT ( 'NONE',  ( 8.800000000000002487, 1.250000000000000222, -4.700000000000001954 ) ) ;
#2578 = ORIENTED_EDGE ( 'NONE', *, *, #4580, .F. ) ;
#2579 = FACE_OUTER_BOUND ( 'NONE', #1772, .T. ) ;
#2580 = ADVANCED_FACE ( 'NONE', ( #5024 ), #366, .F. ) ;
#2581 = ORIENTED_EDGE ( 'NONE', *, *, #2656, .T. ) ;
#2582 = LINE ( 'NONE', #978, #1889 ) ;
#2583 = EDGE_CURVE ( 'NONE', #4882, #1094, #4967, .T. ) ;
#2584 = ORIENTED_EDGE ( 'NONE', *, *, #709, .T. ) ;
#2585 = CARTESIAN_POINT ( 'NONE',  ( 10.79999999999999893, 2.500000000000000000, -20.75060438757617831 ) ) ;
#2586 = CARTESIAN_POINT ( 'NONE',  ( 22.55065473270367704, 2.500000000000000000, 6.137998305772234708 ) ) ;
#2587 = ORIENTED_EDGE ( 'NONE', *, *, #2854, .T. ) ;
#2588 = ORIENTED_EDGE ( 'NONE', *, *, #5320, .F. ) ;
#2589 = ORIENTED_EDGE ( 'NONE', *, *, #4811, .T. ) ;
#2590 = VECTOR ( 'NONE', #43, 1000.000000000000000 ) ;
#2591 = LINE ( 'NONE', #2770, #2524 ) ;
#2592 = FACE_OUTER_BOUND ( 'NONE', #4683, .T. ) ;
#2593 = CARTESIAN_POINT ( 'NONE',  ( 20.49036317236908999, 2.500000000000000000, 7.566507096221478434 ) ) ;
#2594 = CIRCLE ( 'NONE', #913, 0.5000000000000073275 ) ;
#2595 = DIRECTION ( 'NONE',  ( -0.000000000000000000, 1.000000000000000000, -0.000000000000000000 ) ) ;
#2596 = DIRECTION ( 'NONE',  ( -0.000000000000000000, -1.000000000000000000, -0.000000000000000000 ) ) ;
#2597 = EDGE_CURVE ( 'NONE', #3098, #39, #2178, .T. ) ;
#2598 = CYLINDRICAL_SURFACE ( 'NONE', #3270, 0.5000000000000004441 ) ;
#2599 = ORIENTED_EDGE ( 'NONE', *, *, #3104, .T. ) ;
#2600 = DIRECTION ( 'NONE',  ( 0.000000000000000000, 0.000000000000000000, -1.000000000000000000 ) ) ;
#2601 = CARTESIAN_POINT ( 'NONE',  ( 21.29548616131172878, 0.000000000000000000, -6.508833065308095911 ) ) ;
#2602 = AXIS2_PLACEMENT_3D ( 'NONE', #4615, #1692, #2129 ) ;
#2603 = ORIENTED_EDGE ( 'NONE', *, *, #307, .F. ) ;
#2604 = CARTESIAN_POINT ( 'NONE',  ( 3.499999999999999556, 3.499999999999999556, 30.00000000000000355 ) ) ;
#2605 = CIRCLE ( 'NONE', #4815, 3.999999999999999112 ) ;
#2606 = ORIENTED_EDGE ( 'NONE', *, *, #5450, .T. ) ;
#2607 = CARTESIAN_POINT ( 'NONE',  ( 4.249999999999995559, 2.250000000000000444, 20.29999999999999716 ) ) ;
#2608 = ORIENTED_EDGE ( 'NONE', *, *, #1234, .T. ) ;
#2609 = FACE_OUTER_BOUND ( 'NONE', #722, .T. ) ;
#2610 = VECTOR ( 'NONE', #315, 1000.000000000000000 ) ;
#2611 = CARTESIAN_POINT ( 'NONE',  ( 0.000000000000000000, 2.500000000000000000, 0.000000000000000000 ) ) ;
#2612 = EDGE_LOOP ( 'NONE', ( #5403, #5139 ) ) ;
#2613 = DIRECTION ( 'NONE',  ( 0.000000000000000000, 1.000000000000000000, 0.000000000000000000 ) ) ;
#2614 = ORIENTED_EDGE ( 'NONE', *, *, #4155, .F. ) ;
#2615 = EDGE_CURVE ( 'NONE', #4981, #1876, #3246, .T. ) ;
#2616 = EDGE_CURVE ( 'NONE', #805, #2773, #846, .T. ) ;
#2617 = ORIENTED_EDGE ( 'NONE', *, *, #1025, .T. ) ;
#2618 = LINE ( 'NONE', #170, #1732 ) ;
#2619 = CARTESIAN_POINT ( 'NONE',  ( 3.499999999999993783, 1.250000000000000222, 20.29999999999999716 ) ) ;
#2620 = CARTESIAN_POINT ( 'NONE',  ( 6.531128874149271013, 4.000000000000000000, 29.99999999999999645 ) ) ;
#2621 = AXIS2_PLACEMENT_3D ( 'NONE', #35, #90, #4692 ) ;
#2622 = CARTESIAN_POINT ( 'NONE',  ( 21.00000000000001066, 0.000000000000000000, -30.00000000000000711 ) ) ;
#2623 = LINE ( 'NONE', #3877, #1715 ) ;
#2624 = CYLINDRICAL_SURFACE ( 'NONE', #4591, 2.200000000000000178 ) ;
#2625 = ORIENTED_EDGE ( 'NONE', *, *, #3941, .T. ) ;
#2626 = DIRECTION ( 'NONE',  ( 0.000000000000000000, 0.000000000000000000, 1.000000000000000000 ) ) ;
#2627 = DIRECTION ( 'NONE',  ( 0.000000000000000000, 1.000000000000000000, 0.000000000000000000 ) ) ;
#2628 = AXIS2_PLACEMENT_3D ( 'NONE', #2208, #4335, #2985 ) ;
#2629 = CARTESIAN_POINT ( 'NONE',  ( 11.49999999999999289, 0.000000000000000000, 2.000000000000000000 ) ) ;
#2630 = EDGE_CURVE ( 'NONE', #2424, #260, #806, .T. ) ;
#2631 = ORIENTED_EDGE ( 'NONE', *, *, #2167, .T. ) ;
#2632 = CARTESIAN_POINT ( 'NONE',  ( 27.50000000000001776, 4.000000000000000000, 20.99999999999999645 ) ) ;
#2633 = VECTOR ( 'NONE', #267, 1000.000000000000000 ) ;
#2634 = AXIS2_PLACEMENT_3D ( 'NONE', #3656, #1110, #3328 ) ;
#2635 = ORIENTED_EDGE ( 'NONE', *, *, #3832, .T. ) ;
#2636 = CARTESIAN_POINT ( 'NONE',  ( -27.99999999999998934, 4.000000000000000000, -30.00000000000000355 ) ) ;
#2637 = LINE ( 'NONE', #1709, #4593 ) ;
#2638 = AXIS2_PLACEMENT_3D ( 'NONE', #3426, #484, #2186 ) ;
#2639 = CIRCLE ( 'NONE', #3886, 0.5000000000000004441 ) ;
#2640 = CARTESIAN_POINT ( 'NONE',  ( 13.00000000000000000, 2.500000000000000000, -20.75060438757617831 ) ) ;
#2641 = VERTEX_POINT ( 'NONE', #2869 ) ;
#2642 = ORIENTED_EDGE ( 'NONE', *, *, #2385, .F. ) ;
#2643 = AXIS2_PLACEMENT_3D ( 'NONE', #4305, #4693, #1373 ) ;
#2644 = DIRECTION ( 'NONE',  ( -0.000000000000000000, -1.000000000000000000, 0.000000000000000000 ) ) ;
#2645 = EDGE_CURVE ( 'NONE', #1476, #218, #5452, .T. ) ;
#2646 = CARTESIAN_POINT ( 'NONE',  ( 21.00000000000001066, 3.500000000000020428, -28.00000000000000355 ) ) ;
#2647 = DIRECTION ( 'NONE',  ( 0.000000000000000000, 0.000000000000000000, -1.000000000000000000 ) ) ;
#2648 = CARTESIAN_POINT ( 'NONE',  ( 13.56073781646991172, 2.500000000000000000, 22.99999999999999645 ) ) ;
#2649 = EDGE_CURVE ( 'NONE', #2494, #2305, #5185, .T. ) ;
#2650 = EDGE_CURVE ( 'NONE', #1653, #5023, #4919, .T. ) ;
#2651 = CARTESIAN_POINT ( 'NONE',  ( 27.50000000000002842, 4.000000000000000000, -21.00000000000000711 ) ) ;
#2652 = CARTESIAN_POINT ( 'NONE',  ( 3.499999999999995115, 1.250000000000000222, 5.699999999999998401 ) ) ;
#2653 = ORIENTED_EDGE ( 'NONE', *, *, #3302, .T. ) ;
#2654 = FACE_OUTER_BOUND ( 'NONE', #2344, .T. ) ;
#2655 = CARTESIAN_POINT ( 'NONE',  ( 22.27745760031749711, 2.500000000000000000, -2.069511494318579725 ) ) ;
#2656 = EDGE_CURVE ( 'NONE', #1998, #179, #286, .T. ) ;
#2657 = CARTESIAN_POINT ( 'NONE',  ( 25.00000000000001066, 0.000000000000000000, -6.550000000000005151 ) ) ;
#2658 = SURFACE_STYLE_FILL_AREA ( #3309 ) ;
#2659 = ORIENTED_EDGE ( 'NONE', *, *, #1880, .F. ) ;
#2660 = ORIENTED_EDGE ( 'NONE', *, *, #936, .T. ) ;
#2661 = ORIENTED_EDGE ( 'NONE', *, *, #177, .F. ) ;
#2662 = EDGE_CURVE ( 'NONE', #1245, #4579, #2800, .T. ) ;
#2663 = DIRECTION ( 'NONE',  ( 0.000000000000000000, 1.000000000000000000, 0.000000000000000000 ) ) ;
#2664 = DIRECTION ( 'NONE',  ( 0.000000000000000000, 1.000000000000000000, 0.000000000000000000 ) ) ;
#2665 = CARTESIAN_POINT ( 'NONE',  ( 18.16666666666667496, 2.299999999999999822, -28.92240697562477791 ) ) ;
#2666 = ORIENTED_EDGE ( 'NONE', *, *, #2649, .T. ) ;
#2667 = ORIENTED_EDGE ( 'NONE', *, *, #850, .T. ) ;
#2668 = ORIENTED_EDGE ( 'NONE', *, *, #2784, .F. ) ;
#2669 = CARTESIAN_POINT ( 'NONE',  ( 7.776858428704232828, 2.600000000000000089, 20.87953286501936745 ) ) ;
#2670 = DIRECTION ( 'NONE',  ( -0.000000000000000000, -1.000000000000000000, -0.000000000000000000 ) ) ;
#2671 = CARTESIAN_POINT ( 'NONE',  ( 3.123927615716455275, 2.500000000000000000, -3.722951959034311642 ) ) ;
#2672 = PLANE ( 'NONE',  #812 ) ;
#2673 = DIRECTION ( 'NONE',  ( 0.000000000000000000, 0.000000000000000000, -1.000000000000000000 ) ) ;
#2674 = CARTESIAN_POINT ( 'NONE',  ( 8.791826197258878040, 1.250000000000000222, 18.70054679054907609 ) ) ;
#2675 = CIRCLE ( 'NONE', #2160, 3.249999999999999556 ) ;
#2676 = ORIENTED_EDGE ( 'NONE', *, *, #4378, .F. ) ;
#2677 = EDGE_CURVE ( 'NONE', #2447, #1738, #4554, .T. ) ;
#2678 = ADVANCED_FACE ( 'NONE', ( #2898 ), #4530, .F. ) ;
#2679 = DIRECTION ( 'NONE',  ( 0.000000000000000000, 0.000000000000000000, -1.000000000000000000 ) ) ;
#2680 = CYLINDRICAL_SURFACE ( 'NONE', #5348, 5.999999999999996447 ) ;
#2681 = VECTOR ( 'NONE', #5057, 1000.000000000000000 ) ;
#2682 = CIRCLE ( 'NONE', #2777, 1.600000000000000755 ) ;
#2683 = CARTESIAN_POINT ( 'NONE',  ( 4.000000000000000000, 4.000000000000000000, 24.16976710787182725 ) ) ;
#2684 = ORIENTED_EDGE ( 'NONE', *, *, #2999, .T. ) ;
#2685 = DIRECTION ( 'NONE',  ( 0.000000000000000000, 1.000000000000000000, 0.000000000000000000 ) ) ;
#2686 = VECTOR ( 'NONE', #2540, 1000.000000000000114 ) ;
#2687 = ADVANCED_FACE ( 'NONE', ( #4742 ), #1688, .T. ) ;
#2688 = ORIENTED_EDGE ( 'NONE', *, *, #692, .T. ) ;
#2689 = DIRECTION ( 'NONE',  ( -2.376333528735352191E-16, -0.000000000000000000, 1.000000000000000000 ) ) ;
#2690 = CYLINDRICAL_SURFACE ( 'NONE', #4421, 3.249999999999999556 ) ;
#2691 = VECTOR ( 'NONE', #220, 1000.000000000000114 ) ;
#2692 = DIRECTION ( 'NONE',  ( 0.7071067811865426878, -0.7071067811865524577, 0.000000000000000000 ) ) ;
#2693 = ORIENTED_EDGE ( 'NONE', *, *, #3166, .F. ) ;
#2694 = ORIENTED_EDGE ( 'NONE', *, *, #5394, .F. ) ;
#2695 = VECTOR ( 'NONE', #5280, 1000.000000000000000 ) ;
#2696 = VERTEX_POINT ( 'NONE', #61 ) ;
#2697 = DIRECTION ( 'NONE',  ( 0.000000000000000000, 1.000000000000000000, 0.000000000000000000 ) ) ;
#2698 = DIRECTION ( 'NONE',  ( -0.000000000000000000, -1.000000000000000000, -0.000000000000000000 ) ) ;
#2699 = DIRECTION ( 'NONE',  ( -0.000000000000000000, 1.000000000000000000, -0.000000000000000000 ) ) ;
#2700 = FACE_BOUND ( 'NONE', #4467, .T. ) ;
#2701 = CARTESIAN_POINT ( 'NONE',  ( 13.50000000000001066, 2.299999999999999822, 29.29508497187472926 ) ) ;
#2702 = DIRECTION ( 'NONE',  ( -0.000000000000000000, -1.000000000000000000, -0.000000000000000000 ) ) ;
#2703 = EDGE_LOOP ( 'NONE', ( #4858, #1969, #355, #2660 ) ) ;
#2704 = CARTESIAN_POINT ( 'NONE',  ( 20.69881374351695769, 0.000000000000000000, -0.5346000417609658717 ) ) ;
#2705 = DIRECTION ( 'NONE',  ( -0.000000000000000000, -1.000000000000000000, -0.000000000000000000 ) ) ;
#2706 = ADVANCED_FACE ( 'NONE', ( #3038 ), #1313, .F. ) ;
#2707 = EDGE_CURVE ( 'NONE', #1121, #630, #2442, .T. ) ;
#2708 = LINE ( 'NONE', #2683, #4841 ) ;
#2709 = ORIENTED_EDGE ( 'NONE', *, *, #3854, .T. ) ;
#2710 = EDGE_CURVE ( 'NONE', #283, #310, #228, .T. ) ;
#2711 = CARTESIAN_POINT ( 'NONE',  ( 14.00000000000001066, 4.000000000000000000, -29.29508497187473992 ) ) ;
#2712 = DIRECTION ( 'NONE',  ( 0.000000000000000000, 0.000000000000000000, -1.000000000000000000 ) ) ;
#2713 = AXIS2_PLACEMENT_3D ( 'NONE', #3204, #1429, #4500 ) ;
#2714 = ORIENTED_EDGE ( 'NONE', *, *, #146, .F. ) ;
#2715 = CARTESIAN_POINT ( 'NONE',  ( 26.00000000000000355, 4.000000000000000000, 22.50000000000001421 ) ) ;
#2716 = CARTESIAN_POINT ( 'NONE',  ( 20.50000000000003197, 4.000000000000000000, -26.00000000000000355 ) ) ;
#2717 = DIRECTION ( 'NONE',  ( 0.000000000000000000, 0.000000000000000000, -1.000000000000000000 ) ) ;
#2718 = AXIS2_PLACEMENT_3D ( 'NONE', #398, #4533, #1693 ) ;
#2719 = ORIENTED_EDGE ( 'NONE', *, *, #3636, .F. ) ;
#2720 = EDGE_LOOP ( 'NONE', ( #4215, #888, #3523, #3068, #226 ) ) ;
#2721 = ORIENTED_EDGE ( 'NONE', *, *, #4175, .T. ) ;
#2722 = ORIENTED_EDGE ( 'NONE', *, *, #2615, .T. ) ;
#2723 = AXIS2_PLACEMENT_3D ( 'NONE', #2131, #3818, #19 ) ;
#2724 = CARTESIAN_POINT ( 'NONE',  ( 2.499999999999999556, 3.499999999999999556, 30.99999999999999645 ) ) ;
#2725 = AXIS2_PLACEMENT_3D ( 'NONE', #4078, #4154, #4927 ) ;
#2726 = DIRECTION ( 'NONE',  ( -0.4999999999999932276, 0.000000000000000000, -0.8660254037844425934 ) ) ;
#2727 = EDGE_CURVE ( 'NONE', #2773, #5473, #1790, .T. ) ;
#2728 = CIRCLE ( 'NONE', #2388, 2.200000000000000622 ) ;
#2729 = AXIS2_PLACEMENT_3D ( 'NONE', #695, #2881, #5315 ) ;
#2730 = LINE ( 'NONE', #4013, #3143 ) ;
#2731 = DIRECTION ( 'NONE',  ( 0.000000000000000000, 0.000000000000000000, -1.000000000000000000 ) ) ;
#2732 = ADVANCED_FACE ( 'NONE', ( #865 ), #5158, .T. ) ;
#2733 = DIRECTION ( 'NONE',  ( 0.000000000000000000, 0.000000000000000000, -1.000000000000000000 ) ) ;
#2734 = AXIS2_PLACEMENT_3D ( 'NONE', #2775, #3638, #5220 ) ;
#2735 = DIRECTION ( 'NONE',  ( -0.000000000000000000, -1.000000000000000000, 0.000000000000000000 ) ) ;
#2736 = ADVANCED_FACE ( 'NONE', ( #5100 ), #3417, .F. ) ;
#2737 = ORIENTED_EDGE ( 'NONE', *, *, #5428, .T. ) ;
#2738 = DIRECTION ( 'NONE',  ( -0.000000000000000000, 1.000000000000000000, -0.000000000000000000 ) ) ;
#2739 = CYLINDRICAL_SURFACE ( 'NONE', #3927, 0.7499999999999972244 ) ;
#2740 = CARTESIAN_POINT ( 'NONE',  ( 13.83333333333334281, 4.000000000000000000, -28.92240697562477436 ) ) ;
#2741 = ORIENTED_EDGE ( 'NONE', *, *, #4379, .F. ) ;
#2742 = CARTESIAN_POINT ( 'NONE',  ( 16.00000000000001066, 2.299999999999999822, 26.49999999999999289 ) ) ;
#2743 = CARTESIAN_POINT ( 'NONE',  ( 8.800000000000002487, 4.000000000000000000, -18.20000000000000284 ) ) ;
#2744 = ORIENTED_EDGE ( 'NONE', *, *, #3909, .F. ) ;
#2745 = DIRECTION ( 'NONE',  ( 0.000000000000000000, 1.000000000000000000, 0.000000000000000000 ) ) ;
#2746 = CARTESIAN_POINT ( 'NONE',  ( 4.000000000000000000, 4.000000000000000000, 26.96887112585072188 ) ) ;
#2747 = CARTESIAN_POINT ( 'NONE',  ( 8.151858428704230164, 1.250000000000000222, 21.52905191785770000 ) ) ;
#2748 = ORIENTED_EDGE ( 'NONE', *, *, #3016, .T. ) ;
#2749 = VERTEX_POINT ( 'NONE', #2585 ) ;
#2750 = EDGE_CURVE ( 'NONE', #4166, #1282, #1920, .T. ) ;
#2751 = EDGE_CURVE ( 'NONE', #3613, #4790, #502, .T. ) ;
#2752 = ORIENTED_EDGE ( 'NONE', *, *, #77, .F. ) ;
#2753 = DIRECTION ( 'NONE',  ( 0.000000000000000000, 1.000000000000000000, 0.000000000000000000 ) ) ;
#2754 = DIRECTION ( 'NONE',  ( 0.8660254037844425934, 0.000000000000000000, -0.4999999999999932276 ) ) ;
#2755 = CARTESIAN_POINT ( 'NONE',  ( 27.79289321881347163, 3.707106781186558120, -7.295084971874761237 ) ) ;
#2756 = ADVANCED_FACE ( 'NONE', ( #534 ), #2230, .T. ) ;
#2757 = DIRECTION ( 'NONE',  ( 0.000000000000000000, -1.000000000000000000, 0.000000000000000000 ) ) ;
#2758 = DIRECTION ( 'NONE',  ( -0.000000000000000000, -1.000000000000000000, -0.000000000000000000 ) ) ;
#2759 = AXIS2_PLACEMENT_3D ( 'NONE', #1269, #352, #3353 ) ;
#2760 = SURFACE_STYLE_FILL_AREA ( #237 ) ;
#2761 = ORIENTED_EDGE ( 'NONE', *, *, #3942, .T. ) ;
#2762 = ADVANCED_FACE ( 'NONE', ( #2609 ), #5469, .F. ) ;
#2763 = CARTESIAN_POINT ( 'NONE',  ( 14.00000000000001066, 2.299999999999999822, -29.29508497187473992 ) ) ;
#2764 = CARTESIAN_POINT ( 'NONE',  ( 8.438740531849417081, 4.850152435273161977, 20.26110134354693670 ) ) ;
#2765 = CARTESIAN_POINT ( 'NONE',  ( 8.799999999999998934, 2.250000000000000444, -4.700000000000002842 ) ) ;
#2766 = ORIENTED_EDGE ( 'NONE', *, *, #3878, .F. ) ;
#2767 = AXIS2_PLACEMENT_3D ( 'NONE', #3653, #5313, #4462 ) ;
#2768 = VERTEX_POINT ( 'NONE', #3369 ) ;
#2769 = CARTESIAN_POINT ( 'NONE',  ( 18.50000000000001066, 2.299999999999999822, -29.50000000000000355 ) ) ;
#2770 = CARTESIAN_POINT ( 'NONE',  ( 16.64072110592089260, 2.500000000000000000, 7.618984473295812521 ) ) ;
#2771 = VECTOR ( 'NONE', #1810, 999.9999999999998863 ) ;
#2772 = VECTOR ( 'NONE', #1966, 1000.000000000000000 ) ;
#2773 = VERTEX_POINT ( 'NONE', #3447 ) ;
#2774 = CARTESIAN_POINT ( 'NONE',  ( 12.94999999999999751, 2.500000000000000000, 20.79999999999999716 ) ) ;
#2775 = CARTESIAN_POINT ( 'NONE',  ( 25.00000000000001066, 2.299999999999999822, -5.000000000000007994 ) ) ;
#2776 = CARTESIAN_POINT ( 'NONE',  ( 6.083225665910465985, 4.000000000000000000, 29.22222222222221788 ) ) ;
#2777 = AXIS2_PLACEMENT_3D ( 'NONE', #20, #1720, #3023 ) ;
#2778 = ORIENTED_EDGE ( 'NONE', *, *, #2171, .T. ) ;
#2779 = ORIENTED_EDGE ( 'NONE', *, *, #2248, .T. ) ;
#2780 = VERTEX_POINT ( 'NONE', #4665 ) ;
#2781 = CARTESIAN_POINT ( 'NONE',  ( 26.00000000000001066, 3.500000000000020428, -23.00000000000000355 ) ) ;
#2782 = AXIS2_PLACEMENT_3D ( 'NONE', #4173, #3679, #4510 ) ;
#2783 = LINE ( 'NONE', #4036, #518 ) ;
#2784 = EDGE_CURVE ( 'NONE', #811, #1851, #4304, .T. ) ;
#2785 = EDGE_CURVE ( 'NONE', #3944, #3022, #12, .T. ) ;
#2786 = AXIS2_PLACEMENT_3D ( 'NONE', #2294, #2753, #3983 ) ;
#2787 = AXIS2_PLACEMENT_3D ( 'NONE', #2803, #1923, #4542 ) ;
#2788 = LINE ( 'NONE', #1858, #4290 ) ;
#2789 = CARTESIAN_POINT ( 'NONE',  ( 24.00000000000001066, 0.000000000000000000, -26.00000000000000355 ) ) ;
#2790 = PLANE ( 'NONE',  #5109 ) ;
#2791 = ADVANCED_FACE ( 'NONE', ( #2149 ), #923, .F. ) ;
#2792 = CARTESIAN_POINT ( 'NONE',  ( 14.10236294594450079, 2.500000000000000000, -22.86418522891058558 ) ) ;
#2793 = ORIENTED_EDGE ( 'NONE', *, *, #2097, .F. ) ;
#2794 = LINE ( 'NONE', #188, #4898 ) ;
#2795 = DIRECTION ( 'NONE',  ( 0.000000000000000000, 0.000000000000000000, -1.000000000000000000 ) ) ;
#2796 =( BOUNDED_CURVE ( )  B_SPLINE_CURVE ( 3, ( #269, #1052, #663, #4430 ),
 .UNSPECIFIED., .F., .T. ) 
 B_SPLINE_CURVE_WITH_KNOTS ( ( 4, 4 ),
 ( 1.796906856071191605, 2.670021047087385746 ),
 .UNSPECIFIED. ) 
 CURVE ( )  GEOMETRIC_REPRESENTATION_ITEM ( )  RATIONAL_B_SPLINE_CURVE ( ( 1.000000000000000000, 0.9374751779649482808, 0.9374751779649482808, 1.000000000000000000 ) ) 
 REPRESENTATION_ITEM ( '' )  );
#2797 = ADVANCED_FACE ( 'NONE', ( #3835 ), #1510, .T. ) ;
#2798 = CARTESIAN_POINT ( 'NONE',  ( 20.78005928049211093, 0.000000000000000000, -0.4577428161937956430 ) ) ;
#2799 = ADVANCED_FACE ( 'NONE', ( #2286 ), #1031, .F. ) ;
#2800 = CIRCLE ( 'NONE', #3682, 2.200000000000000622 ) ;
#2801 = ORIENTED_EDGE ( 'NONE', *, *, #3431, .F. ) ;
#2802 = CARTESIAN_POINT ( 'NONE',  ( 25.00000000000001066, 2.299999999999999822, -6.550000000000005151 ) ) ;
#2803 = CARTESIAN_POINT ( 'NONE',  ( 0.000000000000000000, 2.500000000000000000, 22.99999999999999645 ) ) ;
#2804 = EDGE_LOOP ( 'NONE', ( #4636, #343, #999, #68 ) ) ;
#2805 = CARTESIAN_POINT ( 'NONE',  ( 9.500000000000007105, 2.600000000000000089, -27.30000000000000071 ) ) ;
#2806 = EDGE_CURVE ( 'NONE', #4186, #1862, #2809, .T. ) ;
#2807 = DIRECTION ( 'NONE',  ( 0.000000000000000000, 0.000000000000000000, -1.000000000000000000 ) ) ;
#2808 = CARTESIAN_POINT ( 'NONE',  ( 26.00000000000000355, 3.500000000000006661, 23.00000000000000000 ) ) ;
#2809 = CIRCLE ( 'NONE', #232, 1.549999999999997602 ) ;
#2810 = VERTEX_POINT ( 'NONE', #1481 ) ;
#2811 = EDGE_CURVE ( 'NONE', #5178, #168, #223, .T. ) ;
#2812 = VERTEX_POINT ( 'NONE', #3552 ) ;
#2813 = ORIENTED_EDGE ( 'NONE', *, *, #3237, .T. ) ;
#2814 = AXIS2_PLACEMENT_3D ( 'NONE', #330, #2368, #2416 ) ;
#2815 = LINE ( 'NONE', #4168, #1019 ) ;
#2816 = PLANE ( 'NONE',  #3354 ) ;
#2817 = VECTOR ( 'NONE', #4587, 1000.000000000000000 ) ;
#2818 = CARTESIAN_POINT ( 'NONE',  ( 13.83333333333334281, 2.299999999999999822, 28.92240697562476370 ) ) ;
#2819 = CIRCLE ( 'NONE', #2202, 1.549999999999997602 ) ;
#2820 = CYLINDRICAL_SURFACE ( 'NONE', #1672, 3.249999999999999556 ) ;
#2821 = CIRCLE ( 'NONE', #5113, 2.200000000000000622 ) ;
#2822 = VECTOR ( 'NONE', #3513, 1000.000000000000000 ) ;
#2823 = DIRECTION ( 'NONE',  ( -0.000000000000000000, -1.000000000000000000, -0.000000000000000000 ) ) ;
#2824 = EDGE_CURVE ( 'NONE', #5242, #2394, #3524, .T. ) ;
#2825 = CARTESIAN_POINT ( 'NONE',  ( 13.56073781646991172, 0.000000000000000000, 22.99999999999999645 ) ) ;
#2826 = EDGE_CURVE ( 'NONE', #381, #2928, #1460, .T. ) ;
#2827 = AXIS2_PLACEMENT_3D ( 'NONE', #841, #4092, #3261 ) ;
#2828 = DIRECTION ( 'NONE',  ( 0.000000000000000000, 0.000000000000000000, -1.000000000000000000 ) ) ;
#2829 = ORIENTED_EDGE ( 'NONE', *, *, #5173, .T. ) ;
#2830 = ORIENTED_EDGE ( 'NONE', *, *, #2963, .T. ) ;
#2831 = FACE_OUTER_BOUND ( 'NONE', #2703, .T. ) ;
#2832 = CARTESIAN_POINT ( 'NONE',  ( 11.49999999999999289, 0.000000000000000000, 2.000000000000000000 ) ) ;
#2833 = ADVANCED_FACE ( 'NONE', ( #172 ), #4001, .F. ) ;
#2834 = ORIENTED_EDGE ( 'NONE', *, *, #4884, .F. ) ;
#2835 = CARTESIAN_POINT ( 'NONE',  ( 16.00000000000001066, 2.299999999999999822, -26.50000000000000355 ) ) ;
#2836 = CARTESIAN_POINT ( 'NONE',  ( 13.00000000000000000, 2.500000000000000000, -20.75060438757617831 ) ) ;
#2837 = VERTEX_POINT ( 'NONE', #980 ) ;
#2838 = DIRECTION ( 'NONE',  ( 0.4999999999999934497, 0.000000000000000000, 0.8660254037844424824 ) ) ;
#2839 = VERTEX_POINT ( 'NONE', #640 ) ;
#2840 = ORIENTED_EDGE ( 'NONE', *, *, #3296, .F. ) ;
#2841 = ORIENTED_EDGE ( 'NONE', *, *, #4992, .F. ) ;
#2842 = EDGE_CURVE ( 'NONE', #4000, #1617, #1088, .T. ) ;
#2843 = ORIENTED_EDGE ( 'NONE', *, *, #1808, .T. ) ;
#2844 = ORIENTED_EDGE ( 'NONE', *, *, #1477, .T. ) ;
#2845 = EDGE_LOOP ( 'NONE', ( #1953, #2793, #4119, #2668 ) ) ;
#2846 = DIRECTION ( 'NONE',  ( 0.000000000000000000, 0.000000000000000000, 1.000000000000000000 ) ) ;
#2847 = FACE_OUTER_BOUND ( 'NONE', #1602, .T. ) ;
#2848 = EDGE_LOOP ( 'NONE', ( #4270, #1149, #586, #639 ) ) ;
#2849 = LINE ( 'NONE', #347, #3058 ) ;
#2850 = CARTESIAN_POINT ( 'NONE',  ( 14.00000000000000888, 3.707106781186550570, -29.79289321881345742 ) ) ;
#2851 = CARTESIAN_POINT ( 'NONE',  ( 2.499999999999999556, 3.499999999999999556, 30.99999999999999645 ) ) ;
#2852 = CARTESIAN_POINT ( 'NONE',  ( 21.00000000000001066, 0.000000000000000000, -28.00000000000000355 ) ) ;
#2853 = CARTESIAN_POINT ( 'NONE',  ( 4.962358909350262692, 4.000000000000000000, 24.23653572772130005 ) ) ;
#2854 = EDGE_CURVE ( 'NONE', #2120, #1667, #1896, .T. ) ;
#2855 = EDGE_CURVE ( 'NONE', #5198, #811, #1631, .T. ) ;
#2856 = VECTOR ( 'NONE', #4699, 1000.000000000000000 ) ;
#2857 = EDGE_LOOP ( 'NONE', ( #1842, #1068, #4022, #2445 ) ) ;
#2858 = CARTESIAN_POINT ( 'NONE',  ( 0.000000000000000000, 2.500000000000000000, 22.99999999999999645 ) ) ;
#2859 = PLANE ( 'NONE',  #481 ) ;
#2860 = ORIENTED_EDGE ( 'NONE', *, *, #3166, .T. ) ;
#2861 = DIRECTION ( 'NONE',  ( 0.000000000000000000, 0.000000000000000000, -1.000000000000000000 ) ) ;
#2862 = FACE_OUTER_BOUND ( 'NONE', #1186, .T. ) ;
#2863 = CYLINDRICAL_SURFACE ( 'NONE', #1363, 2.200000000000000622 ) ;
#2864 = ORIENTED_EDGE ( 'NONE', *, *, #141, .T. ) ;
#2865 = VERTEX_POINT ( 'NONE', #4822 ) ;
#2866 = AXIS2_PLACEMENT_3D ( 'NONE', #1566, #3692, #1979 ) ;
#2867 = ORIENTED_EDGE ( 'NONE', *, *, #95, .F. ) ;
#2868 = VERTEX_POINT ( 'NONE', #2313 ) ;
#2869 = CARTESIAN_POINT ( 'NONE',  ( 27.16666666666667496, 2.299999999999999822, -2.577593024375232744 ) ) ;
#2870 = DIRECTION ( 'NONE',  ( 0.000000000000000000, 0.000000000000000000, -1.000000000000000000 ) ) ;
#2871 = CONICAL_SURFACE ( 'NONE', #3929, 3.499999999999999556, 0.7853981633974482790 ) ;
#2872 = EDGE_LOOP ( 'NONE', ( #1204, #3231, #2037, #1779 ) ) ;
#2873 = DIRECTION ( 'NONE',  ( 0.000000000000000000, 0.000000000000000000, -1.000000000000000000 ) ) ;
#2874 = AXIS2_PLACEMENT_3D ( 'NONE', #1208, #736, #2514 ) ;
#2875 = CARTESIAN_POINT ( 'NONE',  ( 12.56097560975609539, 2.500000000000000000, 7.905449242479584804 ) ) ;
#2876 = ADVANCED_FACE ( 'NONE', ( #3172 ), #4851, .F. ) ;
#2877 = CIRCLE ( 'NONE', #2353, 2.200000000000000622 ) ;
#2878 = VERTEX_POINT ( 'NONE', #1926 ) ;
#2879 = CARTESIAN_POINT ( 'NONE',  ( 25.00000000000001066, 2.500000000000000000, -5.000000000000007994 ) ) ;
#2880 = CARTESIAN_POINT ( 'NONE',  ( 23.00000000000001066, 2.299999999999999822, 13.44999999999999929 ) ) ;
#2881 = DIRECTION ( 'NONE',  ( 0.4999999999999934497, 0.000000000000000000, 0.8660254037844424824 ) ) ;
#2882 = VERTEX_POINT ( 'NONE', #4355 ) ;
#2883 = LINE ( 'NONE', #746, #4459 ) ;
#2884 = DIRECTION ( 'NONE',  ( 0.000000000000000000, -1.000000000000000000, 0.000000000000000000 ) ) ;
#2885 = EDGE_CURVE ( 'NONE', #4081, #5287, #2348, .T. ) ;
#2886 = ORIENTED_EDGE ( 'NONE', *, *, #65, .T. ) ;
#2887 = DIRECTION ( 'NONE',  ( 0.000000000000000000, 1.000000000000000000, 0.000000000000000000 ) ) ;
#2888 = CYLINDRICAL_SURFACE ( 'NONE', #245, 2.000000000000001776 ) ;
#2889 = FACE_OUTER_BOUND ( 'NONE', #1707, .T. ) ;
#2890 = EDGE_LOOP ( 'NONE', ( #1199, #2008, #4170, #482 ) ) ;
#2891 = AXIS2_PLACEMENT_3D ( 'NONE', #5243, #2745, #1454 ) ;
#2892 = ORIENTED_EDGE ( 'NONE', *, *, #3461, .T. ) ;
#2893 = ORIENTED_EDGE ( 'NONE', *, *, #4295, .T. ) ;
#2894 = ADVANCED_FACE ( 'NONE', ( #672 ), #4326, .T. ) ;
#2895 = EDGE_CURVE ( 'NONE', #1333, #5127, #2213, .T. ) ;
#2896 = EDGE_LOOP ( 'NONE', ( #4134, #133, #3150, #4272, #5218, #2068, #3465, #3597, #1571, #4828, #1600, #2452, #4419, #5045, #3693, #2709, #2391, #2560, #3813, #4576, #4773, #2667, #3634, #2893, #1316, #609, #3967, #3416, #3642, #4163, #2170, #4434, #2256, #3034, #3388, #2147, #354, #2661, #4115, #4859, #3534, #137, #5037, #3029, #1191, #2233, #468, #2507, #311, #897, #3106, #1545, #3585, #1480, #5067, #2526, #2263, #4551, #5015, #3372, #3179, #3176, #2136, #902, #3870, #4145, #87 ) ) ;
#2897 = VERTEX_POINT ( 'NONE', #1398 ) ;
#2898 = FACE_OUTER_BOUND ( 'NONE', #1541, .T. ) ;
#2899 = CARTESIAN_POINT ( 'NONE',  ( 3.999999999999993339, 4.000000000000000000, -29.00000000000000000 ) ) ;
#2900 = ORIENTED_EDGE ( 'NONE', *, *, #3064, .F. ) ;
#2901 = CARTESIAN_POINT ( 'NONE',  ( 19.00000000000000355, 4.000000000000000000, 27.99999999999999645 ) ) ;
#2902 = VERTEX_POINT ( 'NONE', #3093 ) ;
#2903 = CARTESIAN_POINT ( 'NONE',  ( 26.00000000000001066, 4.000000000000000000, -22.50000000000002487 ) ) ;
#2904 = CIRCLE ( 'NONE', #1935, 1.500000000000015099 ) ;
#2905 = ADVANCED_FACE ( 'NONE', ( #3948, #3119 ), #2920, .T. ) ;
#2906 = CARTESIAN_POINT ( 'NONE',  ( 10.83185842870419613, 2.600000000000000089, 25.42094808214231350 ) ) ;
#2907 = VECTOR ( 'NONE', #774, 1000.000000000000000 ) ;
#2908 = VECTOR ( 'NONE', #3032, 1000.000000000000000 ) ;
#2909 = CARTESIAN_POINT ( 'NONE',  ( 18.50000000000001066, 4.000000000000000000, -29.29508497187474347 ) ) ;
#2910 = DIRECTION ( 'NONE',  ( 0.000000000000000000, 0.000000000000000000, -1.000000000000000000 ) ) ;
#2911 = ADVANCED_FACE ( 'NONE', ( #2441 ), #5016, .T. ) ;
#2912 = VECTOR ( 'NONE', #2322, 1000.000000000000000 ) ;
#2913 = CIRCLE ( 'NONE', #519, 8.999999999999998224 ) ;
#2914 = DIRECTION ( 'NONE',  ( 0.000000000000000000, 1.000000000000000000, 0.000000000000000000 ) ) ;
#2915 = ORIENTED_EDGE ( 'NONE', *, *, #3152, .F. ) ;
#2916 = DIRECTION ( 'NONE',  ( 0.000000000000000000, 0.000000000000000000, 1.000000000000000000 ) ) ;
#2917 = VECTOR ( 'NONE', #2870, 1000.000000000000000 ) ;
#2918 = CARTESIAN_POINT ( 'NONE',  ( 12.56097560975609539, 2.500000000000000000, 7.905449242479584804 ) ) ;
#2919 = VERTEX_POINT ( 'NONE', #3306 ) ;
#2920 = PLANE ( 'NONE',  #699 ) ;
#2921 = DIRECTION ( 'NONE',  ( 0.000000000000000000, 1.000000000000000000, 0.000000000000000000 ) ) ;
#2922 = DIRECTION ( 'NONE',  ( -0.000000000000000000, -1.000000000000000000, 0.000000000000000000 ) ) ;
#2923 = ORIENTED_EDGE ( 'NONE', *, *, #3992, .F. ) ;
#2924 = VERTEX_POINT ( 'NONE', #703 ) ;
#2925 = ORIENTED_EDGE ( 'NONE', *, *, #241, .F. ) ;
#2926 = DIRECTION ( 'NONE',  ( 0.000000000000000000, 1.000000000000000000, 0.000000000000000000 ) ) ;
#2927 = CARTESIAN_POINT ( 'NONE',  ( 13.66531754730533343, 4.000000000000000000, 23.66902429349574177 ) ) ;
#2928 = VERTEX_POINT ( 'NONE', #5433 ) ;
#2929 = FACE_OUTER_BOUND ( 'NONE', #5240, .T. ) ;
#2930 = ADVANCED_FACE ( 'NONE', ( #4160 ), #254, .F. ) ;
#2931 = ADVANCED_FACE ( 'NONE', ( #4058 ), #751, .T. ) ;
#2932 = EDGE_LOOP ( 'NONE', ( #1151, #2950, #2483, #3065 ) ) ;
#2933 = CARTESIAN_POINT ( 'NONE',  ( 16.73661379950458894, 2.500000000000000000, -22.43389151398138281 ) ) ;
#2934 = DIRECTION ( 'NONE',  ( 0.000000000000000000, 0.000000000000000000, -1.000000000000000000 ) ) ;
#2935 = CARTESIAN_POINT ( 'NONE',  ( 19.34042906660437566, 0.000000000000000000, 4.401597812196119897 ) ) ;
#2936 = DIRECTION ( 'NONE',  ( -0.000000000000000000, 1.000000000000000000, -0.000000000000000000 ) ) ;
#2937 = DIRECTION ( 'NONE',  ( 0.000000000000000000, 1.000000000000000000, 0.000000000000000000 ) ) ;
#2938 = VERTEX_POINT ( 'NONE', #1144 ) ;
#2939 = ORIENTED_EDGE ( 'NONE', *, *, #5320, .T. ) ;
#2940 = DIRECTION ( 'NONE',  ( 0.000000000000000000, 1.000000000000000000, 0.000000000000000000 ) ) ;
#2941 = DIRECTION ( 'NONE',  ( -0.000000000000000000, -1.000000000000000000, 0.000000000000000000 ) ) ;
#2942 = ORIENTED_EDGE ( 'NONE', *, *, #1788, .T. ) ;
#2943 = LINE ( 'NONE', #1702, #1219 ) ;
#2944 = DIRECTION ( 'NONE',  ( 0.000000000000000000, 0.000000000000000000, -1.000000000000000000 ) ) ;
#2945 = AXIS2_PLACEMENT_3D ( 'NONE', #5008, #2936, #4620 ) ;
#2946 = DIRECTION ( 'NONE',  ( -0.8660254037844423713, 0.000000000000000000, 0.4999999999999933942 ) ) ;
#2947 = VERTEX_POINT ( 'NONE', #4602 ) ;
#2948 = VERTEX_POINT ( 'NONE', #4131 ) ;
#2949 = VERTEX_POINT ( 'NONE', #1954 ) ;
#2950 = ORIENTED_EDGE ( 'NONE', *, *, #5259, .T. ) ;
#2951 = DIRECTION ( 'NONE',  ( 0.000000000000000000, -0.000000000000000000, 1.000000000000000000 ) ) ;
#2952 = FACE_OUTER_BOUND ( 'NONE', #5381, .T. ) ;
#2953 = LINE ( 'NONE', #3652, #3348 ) ;
#2954 = AXIS2_PLACEMENT_3D ( 'NONE', #1652, #3254, #3338 ) ;
#2955 = CIRCLE ( 'NONE', #5252, 1.100000000000001199 ) ;
#2956 = VERTEX_POINT ( 'NONE', #1192 ) ;
#2957 = DIRECTION ( 'NONE',  ( -1.000000000000000000, 0.000000000000000000, 0.000000000000000000 ) ) ;
#2958 = CIRCLE ( 'NONE', #1532, 2.000000000000001776 ) ;
#2959 = VECTOR ( 'NONE', #1022, 1000.000000000000114 ) ;
#2960 = EDGE_CURVE ( 'NONE', #4522, #1094, #4085, .T. ) ;
#2961 = EDGE_CURVE ( 'NONE', #662, #4607, #3920, .T. ) ;
#2962 = DIRECTION ( 'NONE',  ( -0.000000000000000000, -1.000000000000000000, -0.000000000000000000 ) ) ;
#2963 = EDGE_CURVE ( 'NONE', #5157, #4907, #4229, .T. ) ;
#2964 = VECTOR ( 'NONE', #4921, 1000.000000000000000 ) ;
#2965 = CARTESIAN_POINT ( 'NONE',  ( 18.00000000000001066, 2.299999999999999822, 29.06173769148989550 ) ) ;
#2966 = CARTESIAN_POINT ( 'NONE',  ( 23.00000000000001066, 2.299999999999999822, 18.24999999999999645 ) ) ;
#2967 = VECTOR ( 'NONE', #3331, 1000.000000000000000 ) ;
#2968 = FACE_OUTER_BOUND ( 'NONE', #239, .T. ) ;
#2969 = EDGE_CURVE ( 'NONE', #3364, #4525, #1221, .T. ) ;
#2970 = VERTEX_POINT ( 'NONE', #5352 ) ;
#2971 = LINE ( 'NONE', #4657, #1001 ) ;
#2972 = CIRCLE ( 'NONE', #3239, 0.5000000000000004441 ) ;
#2973 = DIRECTION ( 'NONE',  ( -0.000000000000000000, 1.000000000000000000, -0.000000000000000000 ) ) ;
#2974 = EDGE_LOOP ( 'NONE', ( #4088, #148, #1836, #4387 ) ) ;
#2975 = EDGE_CURVE ( 'NONE', #2948, #4883, #3227, .T. ) ;
#2976 = CYLINDRICAL_SURFACE ( 'NONE', #5472, 2.200000000000000622 ) ;
#2977 = DIRECTION ( 'NONE',  ( -0.000000000000000000, -1.000000000000000000, -0.000000000000000000 ) ) ;
#2978 = SHAPE_DEFINITION_REPRESENTATION ( #1114, #4038 ) ;
#2979 = ORIENTED_EDGE ( 'NONE', *, *, #3817, .F. ) ;
#2980 = ORIENTED_EDGE ( 'NONE', *, *, #5150, .T. ) ;
#2981 = ORIENTED_EDGE ( 'NONE', *, *, #720, .T. ) ;
#2982 = EDGE_CURVE ( 'NONE', #2947, #2360, #3896, .T. ) ;
#2983 = DIRECTION ( 'NONE',  ( -0.000000000000000000, -1.000000000000000000, -0.000000000000000000 ) ) ;
#2984 = CARTESIAN_POINT ( 'NONE',  ( 23.00000000000001066, 0.000000000000000000, 14.99999999999999645 ) ) ;
#2985 = DIRECTION ( 'NONE',  ( 0.000000000000000000, 0.000000000000000000, -1.000000000000000000 ) ) ;
#2986 = VECTOR ( 'NONE', #4448, 1000.000000000000000 ) ;
#2987 = ORIENTED_EDGE ( 'NONE', *, *, #5271, .F. ) ;
#2988 = CARTESIAN_POINT ( 'NONE',  ( 22.90673953227155479, 0.000000000000000000, -1.020975544904873411 ) ) ;
#2989 = ORIENTED_EDGE ( 'NONE', *, *, #3563, .T. ) ;
#2990 = CARTESIAN_POINT ( 'NONE',  ( 3.499999999999999556, 3.500000000000006661, -19.30000000000000782 ) ) ;
#2991 = CARTESIAN_POINT ( 'NONE',  ( 25.00000000000001066, 2.299999999999999822, -1.750000000000007550 ) ) ;
#2992 = LINE ( 'NONE', #878, #1098 ) ;
#2993 = VECTOR ( 'NONE', #3906, 1000.000000000000000 ) ;
#2994 = DIRECTION ( 'NONE',  ( 0.000000000000000000, 1.000000000000000000, -0.000000000000000000 ) ) ;
#2995 = EDGE_CURVE ( 'NONE', #2882, #4588, #1407, .T. ) ;
#2996 = FACE_OUTER_BOUND ( 'NONE', #5040, .T. ) ;
#2997 = CIRCLE ( 'NONE', #4231, 5.999999999999996447 ) ;
#2998 = ORIENTED_EDGE ( 'NONE', *, *, #477, .F. ) ;
#2999 = EDGE_CURVE ( 'NONE', #3070, #1380, #5375, .T. ) ;
#3000 = PLANE ( 'NONE',  #3220 ) ;
#3001 = FACE_OUTER_BOUND ( 'NONE', #5316, .T. ) ;
#3002 = AXIS2_PLACEMENT_3D ( 'NONE', #1293, #2158, #3847 ) ;
#3003 = AXIS2_PLACEMENT_3D ( 'NONE', #3691, #4548, #3744 ) ;
#3004 = ORIENTED_EDGE ( 'NONE', *, *, #1423, .T. ) ;
#3005 = CARTESIAN_POINT ( 'NONE',  ( 18.50000000000001066, 3.500000000000020428, -30.00000000000000355 ) ) ;
#3006 = AXIS2_PLACEMENT_3D ( 'NONE', #2065, #1235, #2509 ) ;
#3007 = ORIENTED_EDGE ( 'NONE', *, *, #4485, .F. ) ;
#3008 = VECTOR ( 'NONE', #4680, 1000.000000000000000 ) ;
#3009 = ORIENTED_EDGE ( 'NONE', *, *, #3411, .T. ) ;
#3010 = ORIENTED_EDGE ( 'NONE', *, *, #3673, .F. ) ;
#3011 = AXIS2_PLACEMENT_3D ( 'NONE', #3582, #3228, #1065 ) ;
#3012 = DIRECTION ( 'NONE',  ( 0.000000000000000000, 0.000000000000000000, 1.000000000000000000 ) ) ;
#3013 = DIRECTION ( 'NONE',  ( 0.000000000000000000, -1.000000000000000000, 0.000000000000000000 ) ) ;
#3014 = FACE_OUTER_BOUND ( 'NONE', #2720, .T. ) ;
#3015 = VERTEX_POINT ( 'NONE', #5322 ) ;
#3016 = EDGE_CURVE ( 'NONE', #3259, #2447, #2002, .T. ) ;
#3017 = ORIENTED_EDGE ( 'NONE', *, *, #4291, .T. ) ;
#3018 = LINE ( 'NONE', #40, #1641 ) ;
#3019 = ORIENTED_EDGE ( 'NONE', *, *, #2253, .T. ) ;
#3020 = CARTESIAN_POINT ( 'NONE',  ( 14.00000000000001066, 4.000000000000000000, -29.50000000000000711 ) ) ;
#3021 = LINE ( 'NONE', #3456, #1856 ) ;
#3022 = VERTEX_POINT ( 'NONE', #1593 ) ;
#3023 = DIRECTION ( 'NONE',  ( 0.000000000000000000, 0.000000000000000000, -1.000000000000000000 ) ) ;
#3024 = DIRECTION ( 'NONE',  ( 0.000000000000000000, 1.000000000000000000, 0.000000000000000000 ) ) ;
#3025 = DIRECTION ( 'NONE',  ( 0.000000000000000000, 0.000000000000000000, 1.000000000000000000 ) ) ;
#3026 = VERTEX_POINT ( 'NONE', #1977 ) ;
#3027 = CARTESIAN_POINT ( 'NONE',  ( 10.25000000000000711, 2.600000000000000089, -27.30000000000000071 ) ) ;
#3028 = CARTESIAN_POINT ( 'NONE',  ( 3.499999999999999556, 2.600000000000000089, 23.48833672784351023 ) ) ;
#3029 = ORIENTED_EDGE ( 'NONE', *, *, #2082, .T. ) ;
#3030 = EDGE_CURVE ( 'NONE', #2810, #5357, #1564, .T. ) ;
#3031 = EDGE_CURVE ( 'NONE', #4907, #2106, #4933, .T. ) ;
#3032 = DIRECTION ( 'NONE',  ( -3.401418580346680326E-16, 0.000000000000000000, 1.000000000000000000 ) ) ;
#3033 =( NAMED_UNIT ( * ) SI_UNIT ( $, .STERADIAN. ) SOLID_ANGLE_UNIT ( ) );
#3034 = ORIENTED_EDGE ( 'NONE', *, *, #3247, .F. ) ;
#3035 = ORIENTED_EDGE ( 'NONE', *, *, #1339, .T. ) ;
#3036 = EDGE_LOOP ( 'NONE', ( #3916, #1669, #2513, #2581 ) ) ;
#3037 = VERTEX_POINT ( 'NONE', #3772 ) ;
#3038 = FACE_OUTER_BOUND ( 'NONE', #3689, .T. ) ;
#3039 = VECTOR ( 'NONE', #4672, 1000.000000000000000 ) ;
#3040 = DIRECTION ( 'NONE',  ( -0.000000000000000000, -1.000000000000000000, -0.000000000000000000 ) ) ;
#3041 = ORIENTED_EDGE ( 'NONE', *, *, #3379, .F. ) ;
#3042 = ORIENTED_EDGE ( 'NONE', *, *, #2523, .F. ) ;
#3043 = AXIS2_PLACEMENT_3D ( 'NONE', #3901, #3845, #899 ) ;
#3044 = DIRECTION ( 'NONE',  ( 0.000000000000000000, 0.000000000000000000, -1.000000000000000000 ) ) ;
#3045 = CARTESIAN_POINT ( 'NONE',  ( 16.29999999999999361, 2.500000000000000000, 22.50726231784357623 ) ) ;
#3046 = LINE ( 'NONE', #2646, #4937 ) ;
#3047 = VECTOR ( 'NONE', #2413, 1000.000000000000000 ) ;
#3048 = AXIS2_PLACEMENT_3D ( 'NONE', #718, #4873, #4124 ) ;
#3049 = CARTESIAN_POINT ( 'NONE',  ( 4.055555555555554470, -6.000000000000000000, 27.86467754232833727 ) ) ;
#3050 = CIRCLE ( 'NONE', #1982, 2.649999999999999467 ) ;
#3051 = DIRECTION ( 'NONE',  ( 1.000000000000000000, 0.000000000000000000, 0.000000000000000000 ) ) ;
#3052 = ADVANCED_FACE ( 'NONE', ( #3931 ), #1833, .F. ) ;
#3053 = CARTESIAN_POINT ( 'NONE',  ( 23.00000000000001066, 0.000000000000000000, 16.54999999999999005 ) ) ;
#3054 = VECTOR ( 'NONE', #5115, 1000.000000000000000 ) ;
#3055 = EDGE_LOOP ( 'NONE', ( #2080, #3275, #3178, #1868 ) ) ;
#3056 = DIRECTION ( 'NONE',  ( 0.000000000000000000, 1.000000000000000000, 0.000000000000000000 ) ) ;
#3057 = CARTESIAN_POINT ( 'NONE',  ( 4.409502835089541328, 2.500000000000000000, -5.255040845272261230 ) ) ;
#3058 = VECTOR ( 'NONE', #2014, 1000.000000000000000 ) ;
#3059 = ORIENTED_EDGE ( 'NONE', *, *, #2284, .T. ) ;
#3060 = DIRECTION ( 'NONE',  ( 0.000000000000000000, 1.000000000000000000, 0.000000000000000000 ) ) ;
#3061 = VECTOR ( 'NONE', #911, 1000.000000000000000 ) ;
#3062 = EDGE_LOOP ( 'NONE', ( #5272, #2480, #4964, #4303 ) ) ;
#3063 = DIRECTION ( 'NONE',  ( 0.000000000000000000, 0.000000000000000000, -1.000000000000000000 ) ) ;
#3064 = EDGE_CURVE ( 'NONE', #1361, #2902, #2378, .T. ) ;
#3065 = ORIENTED_EDGE ( 'NONE', *, *, #3787, .F. ) ;
#3066 = CARTESIAN_POINT ( 'NONE',  ( 27.50000000000000711, 2.299999999999999822, -2.204915028125265852 ) ) ;
#3067 = CARTESIAN_POINT ( 'NONE',  ( 3.999999999999993339, 4.000000000000000000, -29.00000000000000000 ) ) ;
#3068 = ORIENTED_EDGE ( 'NONE', *, *, #3030, .T. ) ;
#3069 = DIRECTION ( 'NONE',  ( 0.000000000000000000, 1.000000000000000000, 0.000000000000000000 ) ) ;
#3070 = VERTEX_POINT ( 'NONE', #3109 ) ;
#3071 = ORIENTED_EDGE ( 'NONE', *, *, #5369, .F. ) ;
#3072 = ADVANCED_FACE ( 'NONE', ( #4216 ), #3512, .T. ) ;
#3073 = EDGE_CURVE ( 'NONE', #1380, #2749, #2113, .T. ) ;
#3074 = LINE ( 'NONE', #3872, #4972 ) ;
#3075 = LINE ( 'NONE', #4750, #5378 ) ;
#3076 = ORIENTED_EDGE ( 'NONE', *, *, #1917, .T. ) ;
#3077 = FACE_OUTER_BOUND ( 'NONE', #4601, .T. ) ;
#3078 = DIRECTION ( 'NONE',  ( 0.000000000000000000, 0.000000000000000000, -1.000000000000000000 ) ) ;
#3079 = LINE ( 'NONE', #544, #1758 ) ;
#3080 = CARTESIAN_POINT ( 'NONE',  ( 14.49999999999999467, 2.500000000000000000, -13.71623364550170976 ) ) ;
#3081 = ORIENTED_EDGE ( 'NONE', *, *, #5350, .T. ) ;
#3082 = EDGE_CURVE ( 'NONE', #636, #4826, #3540, .T. ) ;
#3083 = CARTESIAN_POINT ( 'NONE',  ( 9.500000000000007105, 2.600000000000000089, -28.05000000000000071 ) ) ;
#3084 = CARTESIAN_POINT ( 'NONE',  ( 13.50000000000001066, 2.299999999999999822, -29.29508497187473992 ) ) ;
#3085 = AXIS2_PLACEMENT_3D ( 'NONE', #3149, #1956, #4857 ) ;
#3086 = CARTESIAN_POINT ( 'NONE',  ( 20.50000000000001776, 4.000000000000000000, 27.99999999999999645 ) ) ;
#3087 =( LENGTH_UNIT ( ) NAMED_UNIT ( * ) SI_UNIT ( .MILLI., .METRE. ) );
#3088 = EDGE_LOOP ( 'NONE', ( #3196, #2942, #2688, #4422 ) ) ;
#3089 = ORIENTED_EDGE ( 'NONE', *, *, #2597, .T. ) ;
#3090 = CIRCLE ( 'NONE', #1493, 0.5000000000000000000 ) ;
#3091 = ORIENTED_EDGE ( 'NONE', *, *, #3703, .T. ) ;
#3092 = ORIENTED_EDGE ( 'NONE', *, *, #5259, .F. ) ;
#3093 = CARTESIAN_POINT ( 'NONE',  ( 18.50000000000001066, 2.299999999999999822, 29.99999999999999645 ) ) ;
#3094 = DIRECTION ( 'NONE',  ( 0.000000000000000000, 0.000000000000000000, -1.000000000000000000 ) ) ;
#3095 = VECTOR ( 'NONE', #2403, 1000.000000000000000 ) ;
#3096 = VECTOR ( 'NONE', #3377, 1000.000000000000000 ) ;
#3097 = CARTESIAN_POINT ( 'NONE',  ( 10.74999999999999822, 2.500000000000000000, 20.79999999999999716 ) ) ;
#3098 = VERTEX_POINT ( 'NONE', #968 ) ;
#3099 = EDGE_LOOP ( 'NONE', ( #3548, #4236, #4711, #4308 ) ) ;
#3100 = AXIS2_PLACEMENT_3D ( 'NONE', #2984, #4666, #4718 ) ;
#3101 = VERTEX_POINT ( 'NONE', #573 ) ;
#3102 = DIRECTION ( 'NONE',  ( 0.000000000000000000, 0.000000000000000000, -1.000000000000000000 ) ) ;
#3103 = DIRECTION ( 'NONE',  ( -0.000000000000000000, -1.000000000000000000, -0.000000000000000000 ) ) ;
#3104 = EDGE_CURVE ( 'NONE', #5208, #537, #3362, .T. ) ;
#3105 = EDGE_CURVE ( 'NONE', #4566, #218, #5231, .T. ) ;
#3106 = ORIENTED_EDGE ( 'NONE', *, *, #470, .F. ) ;
#3107 = DIRECTION ( 'NONE',  ( 0.000000000000000000, 0.000000000000000000, 1.000000000000000000 ) ) ;
#3108 = DIRECTION ( 'NONE',  ( 0.000000000000000000, 1.000000000000000000, 0.000000000000000000 ) ) ;
#3109 = CARTESIAN_POINT ( 'NONE',  ( 10.79999999999999893, 0.000000000000000000, -6.061637550770937466 ) ) ;
#3110 = CARTESIAN_POINT ( 'NONE',  ( 13.56073781646991172, 2.500000000000000000, 22.99999999999999645 ) ) ;
#3111 = VERTEX_POINT ( 'NONE', #5 ) ;
#3112 = CARTESIAN_POINT ( 'NONE',  ( 10.25000000000000711, 4.000000000000000000, -27.30000000000000071 ) ) ;
#3113 = DIRECTION ( 'NONE',  ( -0.000000000000000000, -1.000000000000000000, -0.000000000000000000 ) ) ;
#3114 = EDGE_CURVE ( 'NONE', #2054, #1862, #3801, .T. ) ;
#3115 = FACE_OUTER_BOUND ( 'NONE', #4438, .T. ) ;
#3116 = ORIENTED_EDGE ( 'NONE', *, *, #1453, .T. ) ;
#3117 = ORIENTED_EDGE ( 'NONE', *, *, #4812, .T. ) ;
#3118 = VERTEX_POINT ( 'NONE', #1415 ) ;
#3119 = FACE_BOUND ( 'NONE', #3340, .T. ) ;
#3120 = DIRECTION ( 'NONE',  ( 0.000000000000000000, 1.000000000000000000, 0.000000000000000000 ) ) ;
#3121 = CARTESIAN_POINT ( 'NONE',  ( 24.00000000000000711, 4.000000000000000000, 22.50000000000001421 ) ) ;
#3122 = ORIENTED_EDGE ( 'NONE', *, *, #3467, .F. ) ;
#3123 = ORIENTED_EDGE ( 'NONE', *, *, #5168, .T. ) ;
#3124 = VERTEX_POINT ( 'NONE', #1439 ) ;
#3125 = CARTESIAN_POINT ( 'NONE',  ( 8.799999999999998934, -0.8612698372208114073, -6.900000000000003020 ) ) ;
#3126 = DIRECTION ( 'NONE',  ( 0.000000000000000000, 1.000000000000000000, 0.000000000000000000 ) ) ;
#3127 = AXIS2_PLACEMENT_3D ( 'NONE', #4867, #2355, #4040 ) ;
#3128 =( BOUNDED_CURVE ( )  B_SPLINE_CURVE ( 3, ( #3756, #3392, #2067, #2538 ),
 .UNSPECIFIED., .F., .T. ) 
 B_SPLINE_CURVE_WITH_KNOTS ( ( 4, 4 ),
 ( 1.570796326794924314, 3.141592653589793116 ),
 .UNSPECIFIED. ) 
 CURVE ( )  GEOMETRIC_REPRESENTATION_ITEM ( )  RATIONAL_B_SPLINE_CURVE ( ( 1.000000000000000000, 0.8047378541243714878, 0.8047378541243714878, 1.000000000000000000 ) ) 
 REPRESENTATION_ITEM ( '' )  );
#3129 = CARTESIAN_POINT ( 'NONE',  ( 19.51990690801881101, 0.000000000000000000, 0.2908794113017860172 ) ) ;
#3130 = EDGE_CURVE ( 'NONE', #4588, #261, #4346, .T. ) ;
#3131 = CYLINDRICAL_SURFACE ( 'NONE', #3213, 2.200000000000000622 ) ;
#3132 = ADVANCED_FACE ( 'NONE', ( #386 ), #2976, .F. ) ;
#3133 = DIRECTION ( 'NONE',  ( -0.000000000000000000, -1.000000000000000000, 0.000000000000000000 ) ) ;
#3134 = CARTESIAN_POINT ( 'NONE',  ( 13.66531754730533343, 2.600000000000000089, 23.66902429349574177 ) ) ;
#3135 =( GEOMETRIC_REPRESENTATION_CONTEXT ( 3 ) GLOBAL_UNCERTAINTY_ASSIGNED_CONTEXT ( ( #5396 ) ) GLOBAL_UNIT_ASSIGNED_CONTEXT ( ( #3087, #2142, #3033 ) ) REPRESENTATION_CONTEXT ( 'NONE', 'WORKASPACE' ) );
#3136 = ORIENTED_EDGE ( 'NONE', *, *, #886, .F. ) ;
#3137 = CARTESIAN_POINT ( 'NONE',  ( 0.000000000000000000, 2.600000000000000089, 0.000000000000000000 ) ) ;
#3138 = LINE ( 'NONE', #4760, #4721 ) ;
#3139 = CIRCLE ( 'NONE', #740, 2.200000000000000622 ) ;
#3140 = LINE ( 'NONE', #1081, #867 ) ;
#3141 = ORIENTED_EDGE ( 'NONE', *, *, #717, .F. ) ;
#3142 = ORIENTED_EDGE ( 'NONE', *, *, #1880, .T. ) ;
#3143 = VECTOR ( 'NONE', #3591, 1000.000000000000000 ) ;
#3144 = CARTESIAN_POINT ( 'NONE',  ( 7.776858428704232828, 4.000000000000000000, 20.87953286501936745 ) ) ;
#3145 = ORIENTED_EDGE ( 'NONE', *, *, #4547, .T. ) ;
#3146 = DIRECTION ( 'NONE',  ( -0.000000000000000000, -1.000000000000000000, 0.000000000000000000 ) ) ;
#3147 = LINE ( 'NONE', #144, #80 ) ;
#3148 = AXIS2_PLACEMENT_3D ( 'NONE', #304, #2414, #638 ) ;
#3149 = CARTESIAN_POINT ( 'NONE',  ( 3.499999999999999556, -6.000000000000000000, 30.00000000000000355 ) ) ;
#3150 = ORIENTED_EDGE ( 'NONE', *, *, #5369, .T. ) ;
#3151 = VERTEX_POINT ( 'NONE', #4754 ) ;
#3152 = EDGE_CURVE ( 'NONE', #1676, #5178, #2017, .T. ) ;
#3153 = CIRCLE ( 'NONE', #4297, 2.999999999999999112 ) ;
#3154 = VERTEX_POINT ( 'NONE', #1251 ) ;
#3155 = LINE ( 'NONE', #1487, #3494 ) ;
#3156 = FACE_OUTER_BOUND ( 'NONE', #436, .T. ) ;
#3157 = DIRECTION ( 'NONE',  ( 0.000000000000000000, 0.000000000000000000, -1.000000000000000000 ) ) ;
#3158 = FACE_BOUND ( 'NONE', #1036, .T. ) ;
#3159 = CARTESIAN_POINT ( 'NONE',  ( 3.499999999999999556, 0.000000000000000000, -29.00000000000000000 ) ) ;
#3160 = AXIS2_PLACEMENT_3D ( 'NONE', #472, #1343, #2177 ) ;
#3161 = CARTESIAN_POINT ( 'NONE',  ( 4.168141571295796766, 2.600000000000000089, 23.82905191785766874 ) ) ;
#3162 = ORIENTED_EDGE ( 'NONE', *, *, #522, .T. ) ;
#3163 = CARTESIAN_POINT ( 'NONE',  ( 28.00000000000001066, 0.000000000000000000, -21.00000000000000711 ) ) ;
#3164 = FACE_OUTER_BOUND ( 'NONE', #1560, .T. ) ;
#3165 = DIRECTION ( 'NONE',  ( -0.000000000000000000, -1.000000000000000000, 0.000000000000000000 ) ) ;
#3166 = EDGE_CURVE ( 'NONE', #1706, #5149, #3079, .T. ) ;
#3167 = EDGE_CURVE ( 'NONE', #1981, #1067, #2243, .T. ) ;
#3168 = ORIENTED_EDGE ( 'NONE', *, *, #4451, .T. ) ;
#3169 = CARTESIAN_POINT ( 'NONE',  ( 10.24999999999996625, 2.600000000000000089, 1.546166576414104429E-14 ) ) ;
#3170 = CARTESIAN_POINT ( 'NONE',  ( 11.50000000000000000, 4.000000000000000000, -2.000000000000000888 ) ) ;
#3171 = ORIENTED_EDGE ( 'NONE', *, *, #3942, .F. ) ;
#3172 = FACE_OUTER_BOUND ( 'NONE', #3997, .T. ) ;
#3173 = DIRECTION ( 'NONE',  ( 0.000000000000000000, 1.000000000000000000, 0.000000000000000000 ) ) ;
#3174 = CARTESIAN_POINT ( 'NONE',  ( 14.00000000000001066, 2.299999999999999822, 29.49999999999999645 ) ) ;
#3175 = VECTOR ( 'NONE', #3133, 1000.000000000000000 ) ;
#3176 = ORIENTED_EDGE ( 'NONE', *, *, #4220, .F. ) ;
#3177 = AXIS2_PLACEMENT_3D ( 'NONE', #2604, #830, #86 ) ;
#3178 = ORIENTED_EDGE ( 'NONE', *, *, #3105, .T. ) ;
#3179 = ORIENTED_EDGE ( 'NONE', *, *, #1814, .F. ) ;
#3180 = VECTOR ( 'NONE', #2268, 1000.000000000000000 ) ;
#3181 = DIRECTION ( 'NONE',  ( 0.000000000000000000, 0.000000000000000000, -1.000000000000000000 ) ) ;
#3182 = VECTOR ( 'NONE', #2735, 1000.000000000000000 ) ;
#3183 = DIRECTION ( 'NONE',  ( -0.000000000000000000, 1.000000000000000000, -0.000000000000000000 ) ) ;
#3184 = EDGE_CURVE ( 'NONE', #3259, #4790, #2943, .T. ) ;
#3185 = VECTOR ( 'NONE', #4059, 1000.000000000000000 ) ;
#3186 = DIRECTION ( 'NONE',  ( -0.000000000000000000, -1.000000000000000000, -0.000000000000000000 ) ) ;
#3187 = DIRECTION ( 'NONE',  ( 0.000000000000000000, 0.000000000000000000, -1.000000000000000000 ) ) ;
#3188 = CARTESIAN_POINT ( 'NONE',  ( 7.000000000000003553, 1.000000000000000000, -25.00000000000000000 ) ) ;
#3189 = CARTESIAN_POINT ( 'NONE',  ( 7.000000000000003553, 4.000000000000000000, -27.65000000000000213 ) ) ;
#3190 = ORIENTED_EDGE ( 'NONE', *, *, #2114, .T. ) ;
#3191 = CARTESIAN_POINT ( 'NONE',  ( 12.59756097560975263, 2.500000000000000000, -3.898759183490929647 ) ) ;
#3192 = DIRECTION ( 'NONE',  ( 0.000000000000000000, 0.000000000000000000, -1.000000000000000000 ) ) ;
#3193 = CYLINDRICAL_SURFACE ( 'NONE', #159, 2.649999999999999467 ) ;
#3194 = ORIENTED_EDGE ( 'NONE', *, *, #1663, .T. ) ;
#3195 = EDGE_CURVE ( 'NONE', #2641, #5305, #3383, .T. ) ;
#3196 = ORIENTED_EDGE ( 'NONE', *, *, #522, .F. ) ;
#3197 = CARTESIAN_POINT ( 'NONE',  ( 5.635322457671657403, -6.000000000000000000, 29.44444444444443931 ) ) ;
#3198 = CARTESIAN_POINT ( 'NONE',  ( 10.79999999999999893, 2.500000000000000000, -6.061637550770937466 ) ) ;
#3199 = EDGE_CURVE ( 'NONE', #93, #2360, #2997, .T. ) ;
#3200 = EDGE_CURVE ( 'NONE', #2060, #1358, #3433, .T. ) ;
#3201 = ORIENTED_EDGE ( 'NONE', *, *, #938, .T. ) ;
#3202 = CARTESIAN_POINT ( 'NONE',  ( 18.00000000000001066, 4.000000000000000000, 29.50000000000000711 ) ) ;
#3203 = DIRECTION ( 'NONE',  ( -0.000000000000000000, -1.000000000000000000, 0.000000000000000000 ) ) ;
#3204 = CARTESIAN_POINT ( 'NONE',  ( 0.000000000000000000, 4.000000000000000000, -29.50000000000000711 ) ) ;
#3205 = VERTEX_POINT ( 'NONE', #4015 ) ;
#3206 = ORIENTED_EDGE ( 'NONE', *, *, #936, .F. ) ;
#3207 = ORIENTED_EDGE ( 'NONE', *, *, #3461, .F. ) ;
#3208 = DIRECTION ( 'NONE',  ( -0.000000000000000000, 1.000000000000000000, -0.000000000000000000 ) ) ;
#3209 = DIRECTION ( 'NONE',  ( 0.000000000000000000, 1.000000000000000000, 0.000000000000000000 ) ) ;
#3210 = LINE ( 'NONE', #1101, #1729 ) ;
#3211 = DIRECTION ( 'NONE',  ( 0.000000000000000000, 0.000000000000000000, 1.000000000000000000 ) ) ;
#3212 = CARTESIAN_POINT ( 'NONE',  ( 10.98531754730535859, 2.600000000000000089, 19.02712812921112828 ) ) ;
#3213 = AXIS2_PLACEMENT_3D ( 'NONE', #5230, #1436, #1017 ) ;
#3214 = ORIENTED_EDGE ( 'NONE', *, *, #5470, .T. ) ;
#3215 = DIRECTION ( 'NONE',  ( 0.000000000000000000, 0.000000000000000000, 1.000000000000000000 ) ) ;
#3216 = CARTESIAN_POINT ( 'NONE',  ( 14.00000000000001066, 4.000000000000000000, 29.49999999999999645 ) ) ;
#3217 = ADVANCED_FACE ( 'NONE', ( #2407 ), #5365, .T. ) ;
#3218 = DIRECTION ( 'NONE',  ( -0.000000000000000000, -1.000000000000000000, 0.000000000000000000 ) ) ;
#3219 = PRESENTATION_LAYER_ASSIGNMENT (  '', '', ( #4801 ) ) ;
#3220 = AXIS2_PLACEMENT_3D ( 'NONE', #5146, #4735, #5124 ) ;
#3221 = ORIENTED_EDGE ( 'NONE', *, *, #4651, .T. ) ;
#3222 = LINE ( 'NONE', #4103, #5153 ) ;
#3223 = CARTESIAN_POINT ( 'NONE',  ( 10.79999999999999893, 0.000000000000000000, 0.000000000000000000 ) ) ;
#3224 = CIRCLE ( 'NONE', #822, 3.249999999999999556 ) ;
#3225 = AXIS2_PLACEMENT_3D ( 'NONE', #2622, #3875, #5086 ) ;
#3226 = ORIENTED_EDGE ( 'NONE', *, *, #4864, .T. ) ;
#3227 = LINE ( 'NONE', #3720, #2454 ) ;
#3228 = DIRECTION ( 'NONE',  ( -0.000000000000000000, -1.000000000000000000, -0.000000000000000000 ) ) ;
#3229 = DIRECTION ( 'NONE',  ( 1.000000000000000000, 0.000000000000000000, 0.000000000000000000 ) ) ;
#3230 = VECTOR ( 'NONE', #3157, 1000.000000000000000 ) ;
#3231 = ORIENTED_EDGE ( 'NONE', *, *, #1438, .T. ) ;
#3232 = VERTEX_POINT ( 'NONE', #599 ) ;
#3233 = ORIENTED_EDGE ( 'NONE', *, *, #3130, .F. ) ;
#3234 = DIRECTION ( 'NONE',  ( 0.000000000000000000, 0.000000000000000000, 1.000000000000000000 ) ) ;
#3235 = AXIS2_PLACEMENT_3D ( 'NONE', #5297, #1086, #3633 ) ;
#3236 = LINE ( 'NONE', #1906, #601 ) ;
#3237 = EDGE_CURVE ( 'NONE', #979, #1706, #693, .T. ) ;
#3238 = ADVANCED_FACE ( 'NONE', ( #4096 ), #4427, .T. ) ;
#3239 = AXIS2_PLACEMENT_3D ( 'NONE', #4339, #540, #3397 ) ;
#3240 = CARTESIAN_POINT ( 'NONE',  ( 10.25000000000000711, 2.600000000000000089, -27.30000000000000071 ) ) ;
#3241 = CARTESIAN_POINT ( 'NONE',  ( 18.16666666666667496, 2.299999999999999822, 28.92240697562476726 ) ) ;
#3242 = FACE_OUTER_BOUND ( 'NONE', #1734, .T. ) ;
#3243 = CARTESIAN_POINT ( 'NONE',  ( 27.50000000000002842, 4.000000000000000000, -6.250000000000018652 ) ) ;
#3244 = DIRECTION ( 'NONE',  ( 0.000000000000000000, 1.000000000000000000, 0.000000000000000000 ) ) ;
#3245 = CARTESIAN_POINT ( 'NONE',  ( 23.00000000000001066, 4.000000000000000000, 14.99999999999999645 ) ) ;
#3246 = CIRCLE ( 'NONE', #5004, 2.200000000000000622 ) ;
#3247 = EDGE_CURVE ( 'NONE', #2780, #1517, #2459, .T. ) ;
#3248 = ORIENTED_EDGE ( 'NONE', *, *, #1080, .T. ) ;
#3249 = CARTESIAN_POINT ( 'NONE',  ( 20.50000000000002842, 4.000000000000000000, -28.00000000000000355 ) ) ;
#3250 = DIRECTION ( 'NONE',  ( -0.000000000000000000, 0.7071067811865426878, 0.7071067811865524577 ) ) ;
#3251 = ORIENTED_EDGE ( 'NONE', *, *, #709, .F. ) ;
#3252 = CARTESIAN_POINT ( 'NONE',  ( 3.499999999999999556, 2.600000000000000089, 24.16976710787182725 ) ) ;
#3253 = CARTESIAN_POINT ( 'NONE',  ( 17.01668019104464946, 2.500000000000000000, 10.80634763949192845 ) ) ;
#3254 = DIRECTION ( 'NONE',  ( -1.000000000000000000, -0.000000000000000000, -0.000000000000000000 ) ) ;
#3255 = VECTOR ( 'NONE', #1003, 1000.000000000000000 ) ;
#3256 = ORIENTED_EDGE ( 'NONE', *, *, #470, .T. ) ;
#3257 = ORIENTED_EDGE ( 'NONE', *, *, #4010, .T. ) ;
#3258 = AXIS2_PLACEMENT_3D ( 'NONE', #4075, #2127, #785 ) ;
#3259 = VERTEX_POINT ( 'NONE', #3159 ) ;
#3260 = DIRECTION ( 'NONE',  ( 0.000000000000000000, 0.000000000000000000, -1.000000000000000000 ) ) ;
#3261 = DIRECTION ( 'NONE',  ( 0.000000000000000000, 0.000000000000000000, -1.000000000000000000 ) ) ;
#3262 = AXIS2_PLACEMENT_3D ( 'NONE', #3565, #4807, #1018 ) ;
#3263 = CARTESIAN_POINT ( 'NONE',  ( 18.50000000000000000, 0.000000000000000000, 14.15894732285653035 ) ) ;
#3264 = AXIS2_PLACEMENT_3D ( 'NONE', #3477, #4263, #1325 ) ;
#3265 = VECTOR ( 'NONE', #998, 1000.000000000000000 ) ;
#3266 = ADVANCED_FACE ( 'NONE', ( #4834 ), #2820, .F. ) ;
#3267 = EDGE_CURVE ( 'NONE', #563, #5344, #3521, .T. ) ;
#3268 = DIRECTION ( 'NONE',  ( 0.000000000000000000, 1.000000000000000000, 0.000000000000000000 ) ) ;
#3269 = CIRCLE ( 'NONE', #1232, 1.000000000000000888 ) ;
#3270 = AXIS2_PLACEMENT_3D ( 'NONE', #1244, #1330, #3405 ) ;
#3271 = CARTESIAN_POINT ( 'NONE',  ( 11.50000000000000000, 0.000000000000000000, 2.000000000000000000 ) ) ;
#3272 = CARTESIAN_POINT ( 'NONE',  ( 22.27745760031749711, 2.500000000000000000, -2.069511494318579725 ) ) ;
#3273 = VECTOR ( 'NONE', #5414, 1000.000000000000000 ) ;
#3274 = FACE_OUTER_BOUND ( 'NONE', #929, .T. ) ;
#3275 = ORIENTED_EDGE ( 'NONE', *, *, #4315, .T. ) ;
#3276 = ORIENTED_EDGE ( 'NONE', *, *, #1522, .T. ) ;
#3277 = CYLINDRICAL_SURFACE ( 'NONE', #737, 6.000000000000003553 ) ;
#3278 = CARTESIAN_POINT ( 'NONE',  ( 11.73531754730534793, 2.600000000000000089, 20.32616623488780050 ) ) ;
#3279 = ORIENTED_EDGE ( 'NONE', *, *, #4917, .T. ) ;
#3280 = DIRECTION ( 'NONE',  ( 0.000000000000000000, 1.000000000000000000, 0.000000000000000000 ) ) ;
#3281 = DIRECTION ( 'NONE',  ( 0.000000000000000000, 0.000000000000000000, 1.000000000000000000 ) ) ;
#3282 =( NAMED_UNIT ( * ) PLANE_ANGLE_UNIT ( ) SI_UNIT ( $, .RADIAN. ) );
#3283 = ORIENTED_EDGE ( 'NONE', *, *, #4094, .T. ) ;
#3284 = EDGE_LOOP ( 'NONE', ( #2038, #1397, #526, #3122 ) ) ;
#3285 = ORIENTED_EDGE ( 'NONE', *, *, #1062, .F. ) ;
#3286 = ORIENTED_EDGE ( 'NONE', *, *, #2389, .F. ) ;
#3287 = DIRECTION ( 'NONE',  ( 0.000000000000000000, 0.000000000000000000, -1.000000000000000000 ) ) ;
#3288 = CARTESIAN_POINT ( 'NONE',  ( 18.00000000000001066, 2.299999999999999822, -29.29508497187474347 ) ) ;
#3289 = VERTEX_POINT ( 'NONE', #5284 ) ;
#3290 = CYLINDRICAL_SURFACE ( 'NONE', #661, 2.200000000000000622 ) ;
#3291 = CARTESIAN_POINT ( 'NONE',  ( 8.800000000000002487, 1.250000000000000222, -4.700000000000001954 ) ) ;
#3292 = PRODUCT_DEFINITION_CONTEXT ( 'detailed design', #3815, 'design' ) ;
#3293 = ADVANCED_FACE ( 'NONE', ( #1911 ), #4869, .T. ) ;
#3294 = CARTESIAN_POINT ( 'NONE',  ( 10.74999999999999822, 2.500000000000000000, 10.07078063138876622 ) ) ;
#3295 = CARTESIAN_POINT ( 'NONE',  ( 16.00000000000001066, 2.299999999999999822, 26.49999999999999289 ) ) ;
#3296 = EDGE_CURVE ( 'NONE', #3858, #276, #2201, .T. ) ;
#3297 = CARTESIAN_POINT ( 'NONE',  ( 17.92629632529398620, 2.500000000000000000, 6.086895587057865598 ) ) ;
#3298 = ORIENTED_EDGE ( 'NONE', *, *, #2455, .F. ) ;
#3299 = CIRCLE ( 'NONE', #635, 1.549999999999995826 ) ;
#3300 = ORIENTED_EDGE ( 'NONE', *, *, #4780, .T. ) ;
#3301 = EDGE_CURVE ( 'NONE', #3867, #4938, #4234, .T. ) ;
#3302 = EDGE_CURVE ( 'NONE', #2290, #4261, #4455, .T. ) ;
#3303 = CARTESIAN_POINT ( 'NONE',  ( 23.00000000000001066, 2.299999999999999822, 14.99999999999999645 ) ) ;
#3304 = DIRECTION ( 'NONE',  ( 0.000000000000000000, 0.000000000000000000, 1.000000000000000000 ) ) ;
#3305 = ORIENTED_EDGE ( 'NONE', *, *, #2842, .F. ) ;
#3306 = CARTESIAN_POINT ( 'NONE',  ( 3.999999999999993339, 4.000000000000000000, 20.29999999999999716 ) ) ;
#3307 = CLOSED_SHELL ( 'NONE', ( #515, #4411, #2580, #1155, #176, #489, #4715, #1194, #1924, #2799, #3735, #3052, #795, #1713, #4546, #5404, #3702, #1041, #3493, #46, #815, #3840, #1278, #721, #2218, #3894, #2145, #2736, #3763, #1247, #3313, #1209, #4195, #2833, #428, #1995, #5361, #810, #2791, #2146, #1644, #240, #2485, #5427, #210, #1370, #3429, #5476, #5188, #2930, #1511, #4714, #5419, #55, #3293, #2254, #5227, #517, #2876, #4918, #1835, #3775, #2547, #2025, #547, #293, #1418, #2678, #3319, #685, #2162, #235, #2911, #4274, #2756, #3072, #869, #4174, #1897, #3266, #1931, #5234, #2905, #403, #4682, #1643, #3457, #5446, #4482, #2931, #4613, #853, #350, #4284, #5292, #3238, #1543, #2467, #1175, #10, #1675, #4781, #248, #264, #3833, #627, #1266, #4445, #344, #3599, #5255, #653, #1521, #2894, #1310, #654, #5122, #3217, #2081, #2448, #112, #195, #1501, #4845, #2732, #991, #3498, #2418, #3873, #3879, #24, #1570, #1495, #2706, #3861, #2797, #1403, #1111, #345, #3572, #441, #1437, #2046, #5211, #5393, #2687, #4831, #4314, #4777, #1100, #1780, #4513, #478, #3132, #126, #2187, #4920, #2063, #908, #1069, #2762, #4206, #5461, #5197, #3619, #222, #1544, #3546, #4041 ) ) ;
#3308 = CYLINDRICAL_SURFACE ( 'NONE', #2111, 2.200000000000000178 ) ;
#3309 = FILL_AREA_STYLE ('',( #1620 ) ) ;
#3310 = ORIENTED_EDGE ( 'NONE', *, *, #924, .F. ) ;
#3311 = AXIS2_PLACEMENT_3D ( 'NONE', #1530, #2362, #5264 ) ;
#3312 = VERTEX_POINT ( 'NONE', #658 ) ;
#3313 = ADVANCED_FACE ( 'NONE', ( #1964 ), #236, .F. ) ;
#3314 = ORIENTED_EDGE ( 'NONE', *, *, #3912, .F. ) ;
#3315 = CARTESIAN_POINT ( 'NONE',  ( 17.36822456684302907, 2.500000000000000000, 0.7494239594891117795 ) ) ;
#3316 = CARTESIAN_POINT ( 'NONE',  ( 18.25803874804650917, 2.500000000000000000, -1.511255086133999948 ) ) ;
#3317 = VECTOR ( 'NONE', #4925, 1000.000000000000000 ) ;
#3318 = ORIENTED_EDGE ( 'NONE', *, *, #2960, .F. ) ;
#3319 = ADVANCED_FACE ( 'NONE', ( #1940 ), #2790, .F. ) ;
#3320 = ORIENTED_EDGE ( 'NONE', *, *, #4037, .T. ) ;
#3321 = FACE_OUTER_BOUND ( 'NONE', #591, .T. ) ;
#3322 = VECTOR ( 'NONE', #1016, 1000.000000000000000 ) ;
#3323 = CARTESIAN_POINT ( 'NONE',  ( 15.45347904902730285, 0.000000000000000000, 6.622770101238232954 ) ) ;
#3324 = AXIS2_PLACEMENT_3D ( 'NONE', #1249, #26, #1700 ) ;
#3325 = CARTESIAN_POINT ( 'NONE',  ( 18.16666666666667496, 2.299999999999999822, 28.92240697562476726 ) ) ;
#3326 = CARTESIAN_POINT ( 'NONE',  ( 21.29548616131172878, 2.500000000000000000, -6.508833065308095911 ) ) ;
#3327 = VECTOR ( 'NONE', #3954, 1000.000000000000000 ) ;
#3328 = DIRECTION ( 'NONE',  ( 0.000000000000000000, 0.000000000000000000, -1.000000000000000000 ) ) ;
#3329 = ORIENTED_EDGE ( 'NONE', *, *, #603, .F. ) ;
#3330 = CARTESIAN_POINT ( 'NONE',  ( 27.50000000000002132, 4.000000000000000000, 3.180326372624149758E-15 ) ) ;
#3331 = DIRECTION ( 'NONE',  ( 0.000000000000000000, 1.000000000000000000, 0.000000000000000000 ) ) ;
#3332 = ORIENTED_EDGE ( 'NONE', *, *, #2235, .T. ) ;
#3333 = DIRECTION ( 'NONE',  ( 0.000000000000000000, 0.000000000000000000, 1.000000000000000000 ) ) ;
#3334 = EDGE_CURVE ( 'NONE', #857, #2878, #2381, .T. ) ;
#3335 = AXIS2_PLACEMENT_3D ( 'NONE', #4333, #2983, #3895 ) ;
#3336 = EDGE_CURVE ( 'NONE', #3414, #5097, #4396, .T. ) ;
#3337 = DIRECTION ( 'NONE',  ( -0.000000000000000000, 1.000000000000000000, -0.000000000000000000 ) ) ;
#3338 = DIRECTION ( 'NONE',  ( 0.000000000000000000, 0.000000000000000000, -1.000000000000000000 ) ) ;
#3339 = EDGE_LOOP ( 'NONE', ( #1200, #1256, #4226, #4112 ) ) ;
#3340 = EDGE_LOOP ( 'NONE', ( #2026, #1349 ) ) ;
#3341 = ORIENTED_EDGE ( 'NONE', *, *, #5195, .T. ) ;
#3342 = DIRECTION ( 'NONE',  ( -0.000000000000000000, 1.000000000000000000, -0.000000000000000000 ) ) ;
#3343 = FACE_OUTER_BOUND ( 'NONE', #69, .T. ) ;
#3344 = EDGE_LOOP ( 'NONE', ( #3233, #34, #1767, #5089 ) ) ;
#3345 = DIRECTION ( 'NONE',  ( 0.000000000000000000, 0.000000000000000000, -1.000000000000000000 ) ) ;
#3346 = VERTEX_POINT ( 'NONE', #2302 ) ;
#3347 = CYLINDRICAL_SURFACE ( 'NONE', #567, 4.000000000000000000 ) ;
#3348 = VECTOR ( 'NONE', #1941, 1000.000000000000000 ) ;
#3349 = CARTESIAN_POINT ( 'NONE',  ( 10.98531754730535859, 2.600000000000000089, 19.02712812921112828 ) ) ;
#3350 = AXIS2_PLACEMENT_3D ( 'NONE', #4616, #2962, #1156 ) ;
#3351 = CIRCLE ( 'NONE', #4408, 3.249999999999999556 ) ;
#3352 = DIRECTION ( 'NONE',  ( 0.000000000000000000, 0.000000000000000000, -1.000000000000000000 ) ) ;
#3353 = DIRECTION ( 'NONE',  ( 0.000000000000000000, 0.000000000000000000, 1.000000000000000000 ) ) ;
#3354 = AXIS2_PLACEMENT_3D ( 'NONE', #1878, #5281, #4508 ) ;
#3355 = CIRCLE ( 'NONE', #4848, 3.499999999999999556 ) ;
#3356 = DIRECTION ( 'NONE',  ( 0.000000000000000000, 1.000000000000000000, 0.000000000000000000 ) ) ;
#3357 = VERTEX_POINT ( 'NONE', #3241 ) ;
#3358 = FACE_OUTER_BOUND ( 'NONE', #2312, .T. ) ;
#3359 = CIRCLE ( 'NONE', #2643, 4.000000000000000000 ) ;
#3360 = CARTESIAN_POINT ( 'NONE',  ( 25.00000000000001066, 0.000000000000000000, -5.000000000000007994 ) ) ;
#3361 = ORIENTED_EDGE ( 'NONE', *, *, #1369, .F. ) ;
#3362 = LINE ( 'NONE', #859, #3175 ) ;
#3363 = LINE ( 'NONE', #5042, #3522 ) ;
#3364 = VERTEX_POINT ( 'NONE', #4512 ) ;
#3365 = ORIENTED_EDGE ( 'NONE', *, *, #4806, .T. ) ;
#3366 = EDGE_CURVE ( 'NONE', #3444, #861, #597, .T. ) ;
#3367 = EDGE_CURVE ( 'NONE', #272, #3364, #2022, .T. ) ;
#3368 = ORIENTED_EDGE ( 'NONE', *, *, #2995, .F. ) ;
#3369 = CARTESIAN_POINT ( 'NONE',  ( 3.999999999999993339, 4.000000000000000000, 5.699999999999998401 ) ) ;
#3370 = DIRECTION ( 'NONE',  ( -0.000000000000000000, -1.000000000000000000, 0.000000000000000000 ) ) ;
#3371 = DIRECTION ( 'NONE',  ( 0.000000000000000000, 1.000000000000000000, 0.000000000000000000 ) ) ;
#3372 = ORIENTED_EDGE ( 'NONE', *, *, #2235, .F. ) ;
#3373 = CARTESIAN_POINT ( 'NONE',  ( 7.000000000000003553, 4.000000000000000000, -25.00000000000000000 ) ) ;
#3374 = CARTESIAN_POINT ( 'NONE',  ( 16.73661379950458894, 2.500000000000000000, -22.43389151398138281 ) ) ;
#3375 = FACE_OUTER_BOUND ( 'NONE', #725, .T. ) ;
#3376 = DIRECTION ( 'NONE',  ( 0.000000000000000000, 1.000000000000000000, 0.000000000000000000 ) ) ;
#3377 = DIRECTION ( 'NONE',  ( -1.000000000000000000, 0.000000000000000000, 0.000000000000000000 ) ) ;
#3378 = ORIENTED_EDGE ( 'NONE', *, *, #1369, .T. ) ;
#3379 = EDGE_CURVE ( 'NONE', #4579, #2060, #4561, .T. ) ;
#3380 = DIRECTION ( 'NONE',  ( 1.000000000000000000, 0.000000000000000000, 0.000000000000000000 ) ) ;
#3381 = LINE ( 'NONE', #3825, #4996 ) ;
#3382 = EDGE_LOOP ( 'NONE', ( #1388, #2339, #5096, #4614 ) ) ;
#3383 = LINE ( 'NONE', #28, #863 ) ;
#3384 = DIRECTION ( 'NONE',  ( -0.000000000000000000, -1.000000000000000000, -0.000000000000000000 ) ) ;
#3385 = CIRCLE ( 'NONE', #5418, 0.7500000000000006661 ) ;
#3386 = EDGE_LOOP ( 'NONE', ( #2132, #1021, #2566, #4276, #5247, #3951, #3811, #647, #3626, #1528, #5426 ) ) ;
#3387 = ORIENTED_EDGE ( 'NONE', *, *, #4056, .F. ) ;
#3388 = ORIENTED_EDGE ( 'NONE', *, *, #2571, .T. ) ;
#3389 = ORIENTED_EDGE ( 'NONE', *, *, #1267, .T. ) ;
#3390 = DIRECTION ( 'NONE',  ( 0.000000000000000000, 1.000000000000000000, 0.000000000000000000 ) ) ;
#3391 = CARTESIAN_POINT ( 'NONE',  ( 18.50000000000000711, 2.500000000000000000, 9.382294164403761272E-15 ) ) ;
#3392 = CARTESIAN_POINT ( 'NONE',  ( 27.79289321881347163, 3.707106781186550570, -2.704915028125257415 ) ) ;
#3393 = AXIS2_PLACEMENT_3D ( 'NONE', #5246, #4386, #1066 ) ;
#3394 = VERTEX_POINT ( 'NONE', #1662 ) ;
#3395 = CYLINDRICAL_SURFACE ( 'NONE', #5075, 1.549999999999997602 ) ;
#3396 = VECTOR ( 'NONE', #1390, 1000.000000000000000 ) ;
#3397 = DIRECTION ( 'NONE',  ( 0.000000000000000000, 0.000000000000000000, -1.000000000000000000 ) ) ;
#3398 = AXIS2_PLACEMENT_3D ( 'NONE', #5201, #2543, #3107 ) ;
#3399 = PLANE ( 'NONE',  #3002 ) ;
#3400 = EDGE_CURVE ( 'NONE', #4588, #2882, #1044, .T. ) ;
#3401 = AXIS2_PLACEMENT_3D ( 'NONE', #153, #2699, #233 ) ;
#3402 = CARTESIAN_POINT ( 'NONE',  ( 14.00000000000001066, 2.299999999999999822, 29.29508497187472926 ) ) ;
#3403 = DIRECTION ( 'NONE',  ( -1.000000000000000000, 0.000000000000000000, -1.156482317317871725E-16 ) ) ;
#3404 = AXIS2_PLACEMENT_3D ( 'NONE', #447, #4697, #898 ) ;
#3405 = DIRECTION ( 'NONE',  ( 0.000000000000000000, 0.000000000000000000, -1.000000000000000000 ) ) ;
#3406 = ORIENTED_EDGE ( 'NONE', *, *, #5342, .T. ) ;
#3407 = DIRECTION ( 'NONE',  ( 0.000000000000000000, 0.000000000000000000, -1.000000000000000000 ) ) ;
#3408 = CIRCLE ( 'NONE', #4120, 4.000000000000000888 ) ;
#3409 = DIRECTION ( 'NONE',  ( 1.156482317317871725E-16, 0.000000000000000000, -1.000000000000000000 ) ) ;
#3410 = ORIENTED_EDGE ( 'NONE', *, *, #2583, .F. ) ;
#3411 = EDGE_CURVE ( 'NONE', #5344, #2139, #244, .T. ) ;
#3412 = DIRECTION ( 'NONE',  ( 0.000000000000000000, 0.000000000000000000, 1.000000000000000000 ) ) ;
#3413 = VERTEX_POINT ( 'NONE', #4149 ) ;
#3414 = VERTEX_POINT ( 'NONE', #2101 ) ;
#3415 = VECTOR ( 'NONE', #340, 999.9999999999998863 ) ;
#3416 = ORIENTED_EDGE ( 'NONE', *, *, #3267, .F. ) ;
#3417 = PLANE ( 'NONE',  #1123 ) ;
#3418 = PLANE ( 'NONE',  #5215 ) ;
#3419 = LINE ( 'NONE', #1375, #858 ) ;
#3420 = ORIENTED_EDGE ( 'NONE', *, *, #4144, .F. ) ;
#3421 = LINE ( 'NONE', #613, #384 ) ;
#3422 = ORIENTED_EDGE ( 'NONE', *, *, #2811, .T. ) ;
#3423 = VECTOR ( 'NONE', #3146, 1000.000000000000000 ) ;
#3424 = APPLICATION_CONTEXT ( 'automotive_design' ) ;
#3425 = LINE ( 'NONE', #124, #4271 ) ;
#3426 = CARTESIAN_POINT ( 'NONE',  ( 24.50000000000000355, 2.500000000000000000, 14.15894732285653213 ) ) ;
#3427 = CARTESIAN_POINT ( 'NONE',  ( 12.94999999999999751, 2.500000000000000000, 22.99999999999999645 ) ) ;
#3428 = VECTOR ( 'NONE', #1400, 1000.000000000000000 ) ;
#3429 = ADVANCED_FACE ( 'NONE', ( #4176 ), #5055, .F. ) ;
#3430 = CARTESIAN_POINT ( 'NONE',  ( 18.43081293235504248, 0.000000000000000000, 9.121049864630185411 ) ) ;
#3431 = EDGE_CURVE ( 'NONE', #2398, #3507, #2458, .T. ) ;
#3432 = CARTESIAN_POINT ( 'NONE',  ( 20.78005928049211093, 2.500000000000000000, -0.4577428161937956430 ) ) ;
#3433 = CIRCLE ( 'NONE', #771, 2.200000000000000622 ) ;
#3434 = VERTEX_POINT ( 'NONE', #5031 ) ;
#3435 = CARTESIAN_POINT ( 'NONE',  ( 13.50000000000001243, 2.299999999999999822, -29.50000000000000355 ) ) ;
#3436 = CARTESIAN_POINT ( 'NONE',  ( 13.87335500670138266, 0.000000000000000000, -20.67613692876645715 ) ) ;
#3437 = AXIS2_PLACEMENT_3D ( 'NONE', #4340, #900, #5200 ) ;
#3438 = AXIS2_PLACEMENT_3D ( 'NONE', #3134, #545, #157 ) ;
#3439 = ORIENTED_EDGE ( 'NONE', *, *, #963, .T. ) ;
#3440 = DIRECTION ( 'NONE',  ( 0.000000000000000000, -0.7071067811865474617, -0.7071067811865474617 ) ) ;
#3441 = CIRCLE ( 'NONE', #2122, 0.5000000000000000000 ) ;
#3442 = ORIENTED_EDGE ( 'NONE', *, *, #4432, .T. ) ;
#3443 = AXIS2_PLACEMENT_3D ( 'NONE', #4896, #5050, #268 ) ;
#3444 = VERTEX_POINT ( 'NONE', #2906 ) ;
#3445 = VERTEX_POINT ( 'NONE', #371 ) ;
#3446 = AXIS2_PLACEMENT_3D ( 'NONE', #4189, #4086, #1145 ) ;
#3447 = CARTESIAN_POINT ( 'NONE',  ( 10.03764109064972665, 2.600000000000000089, 25.76346427227868929 ) ) ;
#3448 = CARTESIAN_POINT ( 'NONE',  ( 19.00000000000001066, 4.000000000000000000, -28.00000000000000355 ) ) ;
#3449 = DIRECTION ( 'NONE',  ( -1.000000000000000000, 0.000000000000000000, 0.000000000000000000 ) ) ;
#3450 = ORIENTED_EDGE ( 'NONE', *, *, #906, .F. ) ;
#3451 = EDGE_LOOP ( 'NONE', ( #221, #2617, #1932, #2744, #972, #3883, #5190, #2998, #3557, #2867, #4998, #2923, #4062, #1308, #5355, #3207, #1533 ) ) ;
#3452 = EDGE_CURVE ( 'NONE', #3346, #31, #4586, .T. ) ;
#3453 = CARTESIAN_POINT ( 'NONE',  ( 4.500000000000000000, 4.000000000000000000, 26.96887112585072188 ) ) ;
#3454 = ORIENTED_EDGE ( 'NONE', *, *, #1685, .T. ) ;
#3455 = DIRECTION ( 'NONE',  ( 1.000000000000000000, 0.000000000000000000, 0.000000000000000000 ) ) ;
#3456 = CARTESIAN_POINT ( 'NONE',  ( 19.43694558354465940, 0.000000000000000000, -2.336734539196752003 ) ) ;
#3457 = ADVANCED_FACE ( 'NONE', ( #427 ), #1241, .T. ) ;
#3458 = LINE ( 'NONE', #3049, #1988 ) ;
#3459 = CARTESIAN_POINT ( 'NONE',  ( 13.50000000000001066, -1.808568626610816077, 29.49999999999999645 ) ) ;
#3460 = LINE ( 'NONE', #3053, #5387 ) ;
#3461 = EDGE_CURVE ( 'NONE', #4938, #1653, #2383, .T. ) ;
#3462 = ORIENTED_EDGE ( 'NONE', *, *, #1193, .F. ) ;
#3463 = DIRECTION ( 'NONE',  ( 0.000000000000000000, 0.000000000000000000, -1.000000000000000000 ) ) ;
#3464 = DIRECTION ( 'NONE',  ( 0.000000000000000000, 0.000000000000000000, -1.000000000000000000 ) ) ;
#3465 = ORIENTED_EDGE ( 'NONE', *, *, #500, .F. ) ;
#3466 = CARTESIAN_POINT ( 'NONE',  ( 25.00000000000001066, 2.299999999999999822, -1.750000000000007550 ) ) ;
#3467 = EDGE_CURVE ( 'NONE', #5239, #1121, #5481, .T. ) ;
#3468 = ORIENTED_EDGE ( 'NONE', *, *, #5465, .F. ) ;
#3469 = CARTESIAN_POINT ( 'NONE',  ( 28.00000000000001066, 3.500000000000020428, -23.00000000000000355 ) ) ;
#3470 = ORIENTED_EDGE ( 'NONE', *, *, #938, .F. ) ;
#3471 = DIRECTION ( 'NONE',  ( 1.000000000000000000, 0.000000000000000000, 2.376333528735352191E-16 ) ) ;
#3472 = DIRECTION ( 'NONE',  ( 0.000000000000000000, -1.000000000000000000, 0.000000000000000000 ) ) ;
#3473 = DIRECTION ( 'NONE',  ( 0.000000000000000000, 0.7071067811865426878, 0.7071067811865524577 ) ) ;
#3474 = EDGE_LOOP ( 'NONE', ( #1710, #2737, #3631, #171 ) ) ;
#3475 = EDGE_LOOP ( 'NONE', ( #5277, #3365, #4309, #1447 ) ) ;
#3476 = CARTESIAN_POINT ( 'NONE',  ( 16.00000000000001066, 2.299999999999999822, -28.04999999999999716 ) ) ;
#3477 = CARTESIAN_POINT ( 'NONE',  ( 10.79999999999999893, 2.500000000000000000, 0.000000000000000000 ) ) ;
#3478 = CIRCLE ( 'NONE', #1722, 2.200000000000000178 ) ;
#3479 = EDGE_CURVE ( 'NONE', #5473, #3444, #1583, .T. ) ;
#3480 = VECTOR ( 'NONE', #5367, 1000.000000000000000 ) ;
#3481 = CARTESIAN_POINT ( 'NONE',  ( 18.16666666666667496, 2.299999999999999822, -28.92240697562477791 ) ) ;
#3482 = AXIS2_PLACEMENT_3D ( 'NONE', #4872, #1158, #2019 ) ;
#3483 = CARTESIAN_POINT ( 'NONE',  ( 16.00000000000001066, 0.000000000000000000, 26.49999999999999289 ) ) ;
#3484 = CARTESIAN_POINT ( 'NONE',  ( 17.01668019104464946, 0.000000000000000000, 10.80634763949192845 ) ) ;
#3485 = FACE_OUTER_BOUND ( 'NONE', #3036, .T. ) ;
#3486 = CIRCLE ( 'NONE', #5436, 0.7500000000000006661 ) ;
#3487 = ORIENTED_EDGE ( 'NONE', *, *, #442, .T. ) ;
#3488 = DIRECTION ( 'NONE',  ( 0.000000000000000000, 1.000000000000000000, 0.000000000000000000 ) ) ;
#3489 = LINE ( 'NONE', #5212, #3396 ) ;
#3490 = VECTOR ( 'NONE', #3985, 1000.000000000000000 ) ;
#3491 = CARTESIAN_POINT ( 'NONE',  ( 16.00000000000001066, 0.000000000000000000, -24.95000000000000639 ) ) ;
#3492 = PRESENTATION_STYLE_ASSIGNMENT (( #1392 ) ) ;
#3493 = ADVANCED_FACE ( 'NONE', ( #1607 ), #4592, .F. ) ;
#3494 = VECTOR ( 'NONE', #566, 1000.000000000000000 ) ;
#3495 = AXIS2_PLACEMENT_3D ( 'NONE', #4958, #1163, #3605 ) ;
#3496 = ORIENTED_EDGE ( 'NONE', *, *, #4143, .F. ) ;
#3497 = ORIENTED_EDGE ( 'NONE', *, *, #4979, .T. ) ;
#3498 = ADVANCED_FACE ( 'NONE', ( #2047 ), #2432, .F. ) ;
#3499 = EDGE_CURVE ( 'NONE', #3520, #2554, #2488, .T. ) ;
#3500 = ORIENTED_EDGE ( 'NONE', *, *, #2975, .T. ) ;
#3501 = VERTEX_POINT ( 'NONE', #3291 ) ;
#3502 = DIRECTION ( 'NONE',  ( -0.000000000000000000, -1.000000000000000000, -0.000000000000000000 ) ) ;
#3503 = DIRECTION ( 'NONE',  ( -0.000000000000000000, 1.000000000000000000, -0.000000000000000000 ) ) ;
#3504 =( NAMED_UNIT ( * ) SI_UNIT ( $, .STERADIAN. ) SOLID_ANGLE_UNIT ( ) );
#3505 = VERTEX_POINT ( 'NONE', #2875 ) ;
#3506 = VERTEX_POINT ( 'NONE', #763 ) ;
#3507 = VERTEX_POINT ( 'NONE', #986 ) ;
#3508 = DIRECTION ( 'NONE',  ( -0.000000000000000000, -1.000000000000000000, 0.000000000000000000 ) ) ;
#3509 = DIRECTION ( 'NONE',  ( 0.000000000000000000, 0.000000000000000000, -1.000000000000000000 ) ) ;
#3510 = DIRECTION ( 'NONE',  ( 0.000000000000000000, 1.000000000000000000, 0.000000000000000000 ) ) ;
#3511 = CYLINDRICAL_SURFACE ( 'NONE', #4886, 0.5000000000000004441 ) ;
#3512 = CYLINDRICAL_SURFACE ( 'NONE', #5373, 2.000000000000001776 ) ;
#3513 = DIRECTION ( 'NONE',  ( -0.000000000000000000, -1.000000000000000000, -0.000000000000000000 ) ) ;
#3514 = EDGE_LOOP ( 'NONE', ( #3226, #4772, #3332, #4477 ) ) ;
#3515 = CARTESIAN_POINT ( 'NONE',  ( 16.29999999999999361, 2.500000000000000000, 22.50726231784357623 ) ) ;
#3516 = FACE_OUTER_BOUND ( 'NONE', #2059, .T. ) ;
#3517 = CIRCLE ( 'NONE', #66, 1.549999999999995826 ) ;
#3518 = CARTESIAN_POINT ( 'NONE',  ( 8.151858428704230164, 2.600000000000000089, 20.77905191785770000 ) ) ;
#3519 = EDGE_LOOP ( 'NONE', ( #2886, #452, #2589, #4932 ) ) ;
#3520 = VERTEX_POINT ( 'NONE', #1774 ) ;
#3521 = CIRCLE ( 'NONE', #1135, 0.5000000000000004441 ) ;
#3522 = VECTOR ( 'NONE', #2531, 1000.000000000000000 ) ;
#3523 = ORIENTED_EDGE ( 'NONE', *, *, #1794, .T. ) ;
#3524 = LINE ( 'NONE', #4384, #408 ) ;
#3525 = CARTESIAN_POINT ( 'NONE',  ( 10.74999999999999822, 2.500000000000000000, 20.79999999999999716 ) ) ;
#3526 = CIRCLE ( 'NONE', #1764, 0.5000000000000004441 ) ;
#3527 = AXIS2_PLACEMENT_3D ( 'NONE', #5232, #2702, #525 ) ;
#3528 = CYLINDRICAL_SURFACE ( 'NONE', #4628, 1.549999999999995826 ) ;
#3529 = ORIENTED_EDGE ( 'NONE', *, *, #1948, .T. ) ;
#3530 = EDGE_CURVE ( 'NONE', #2126, #4301, #3046, .T. ) ;
#3531 = EDGE_CURVE ( 'NONE', #3015, #2227, #3021, .T. ) ;
#3532 = VERTEX_POINT ( 'NONE', #4728 ) ;
#3533 = AXIS2_PLACEMENT_3D ( 'NONE', #1791, #445, #5159 ) ;
#3534 = ORIENTED_EDGE ( 'NONE', *, *, #3941, .F. ) ;
#3535 = CARTESIAN_POINT ( 'NONE',  ( 3.499999999999999556, 3.500000000000006661, -29.00000000000000000 ) ) ;
#3536 = FACE_OUTER_BOUND ( 'NONE', #3804, .T. ) ;
#3537 = CARTESIAN_POINT ( 'NONE',  ( 3.499999999999998668, 1.250000000000000222, -19.30000000000000426 ) ) ;
#3538 = DIRECTION ( 'NONE',  ( -0.000000000000000000, -1.000000000000000000, -0.000000000000000000 ) ) ;
#3539 = EDGE_CURVE ( 'NONE', #4004, #3575, #4776, .T. ) ;
#3540 = LINE ( 'NONE', #2651, #4320 ) ;
#3541 = CARTESIAN_POINT ( 'NONE',  ( 6.848141571295762731, 4.000000000000000000, 28.47094808214228223 ) ) ;
#3542 = ORIENTED_EDGE ( 'NONE', *, *, #3598, .T. ) ;
#3543 = DIRECTION ( 'NONE',  ( -0.3142696805273561544, -0.7071067811865477948, 0.6334307917217422146 ) ) ;
#3544 = LINE ( 'NONE', #2655, #127 ) ;
#3545 = CARTESIAN_POINT ( 'NONE',  ( 7.499999999999996447, 1.000000000000000000, 24.99999999999998934 ) ) ;
#3546 = ADVANCED_FACE ( 'NONE', ( #2238 ), #1351, .F. ) ;
#3547 = VERTEX_POINT ( 'NONE', #2570 ) ;
#3548 = ORIENTED_EDGE ( 'NONE', *, *, #3806, .F. ) ;
#3549 = FACE_OUTER_BOUND ( 'NONE', #729, .T. ) ;
#3550 = EDGE_CURVE ( 'NONE', #2424, #115, #1382, .T. ) ;
#3551 = ORIENTED_EDGE ( 'NONE', *, *, #4212, .T. ) ;
#3552 = CARTESIAN_POINT ( 'NONE',  ( 13.14473684210526372, 0.000000000000000000, -22.94583814427212687 ) ) ;
#3553 = DIRECTION ( 'NONE',  ( 0.8660254037844422603, 0.000000000000000000, -0.4999999999999938383 ) ) ;
#3554 = CARTESIAN_POINT ( 'NONE',  ( 24.00000000000001421, 0.000000000000000000, -23.00000000000000355 ) ) ;
#3555 = ORIENTED_EDGE ( 'NONE', *, *, #2727, .F. ) ;
#3556 = VERTEX_POINT ( 'NONE', #2991 ) ;
#3557 = ORIENTED_EDGE ( 'NONE', *, *, #1338, .F. ) ;
#3558 = DIRECTION ( 'NONE',  ( 0.000000000000000000, 1.000000000000000000, 0.000000000000000000 ) ) ;
#3559 = DIRECTION ( 'NONE',  ( -1.000000000000000000, -0.000000000000000000, 0.000000000000000000 ) ) ;
#3560 = CIRCLE ( 'NONE', #3918, 0.5000000000000000000 ) ;
#3561 = LINE ( 'NONE', #265, #2519 ) ;
#3562 = FACE_BOUND ( 'NONE', #3451, .T. ) ;
#3563 = EDGE_CURVE ( 'NONE', #1667, #168, #4407, .T. ) ;
#3564 = EDGE_CURVE ( 'NONE', #2878, #3893, #1829, .T. ) ;
#3565 = CARTESIAN_POINT ( 'NONE',  ( 16.00000000000001066, 0.000000000000000000, -26.50000000000000355 ) ) ;
#3566 = DIRECTION ( 'NONE',  ( 0.000000000000000000, 0.000000000000000000, 1.000000000000000000 ) ) ;
#3567 = AXIS2_PLACEMENT_3D ( 'NONE', #4759, #973, #492 ) ;
#3568 = VERTEX_POINT ( 'NONE', #1718 ) ;
#3569 = LINE ( 'NONE', #4813, #2959 ) ;
#3570 = CARTESIAN_POINT ( 'NONE',  ( 17.11088587534442595, 0.000000000000000000, -3.149559174711987541 ) ) ;
#3571 = VECTOR ( 'NONE', #351, 1000.000000000000000 ) ;
#3572 = ADVANCED_FACE ( 'NONE', ( #4313 ), #516, .T. ) ;
#3573 = DIRECTION ( 'NONE',  ( 1.000000000000000000, 0.000000000000000000, -0.000000000000000000 ) ) ;
#3574 = ORIENTED_EDGE ( 'NONE', *, *, #3400, .F. ) ;
#3575 = VERTEX_POINT ( 'NONE', #568 ) ;
#3576 = FACE_OUTER_BOUND ( 'NONE', #1484, .T. ) ;
#3577 = VECTOR ( 'NONE', #1661, 1000.000000000000000 ) ;
#3578 = FACE_OUTER_BOUND ( 'NONE', #1254, .T. ) ;
#3579 = ORIENTED_EDGE ( 'NONE', *, *, #1303, .T. ) ;
#3580 = EDGE_CURVE ( 'NONE', #4959, #3124, #3955, .T. ) ;
#3581 = DIRECTION ( 'NONE',  ( 0.000000000000000000, -0.7071067811865524577, 0.7071067811865426878 ) ) ;
#3582 = CARTESIAN_POINT ( 'NONE',  ( 20.49036317236908999, 0.000000000000000000, 5.366507096221478257 ) ) ;
#3583 = VECTOR ( 'NONE', #2957, 1000.000000000000000 ) ;
#3584 = FACE_OUTER_BOUND ( 'NONE', #3514, .T. ) ;
#3585 = ORIENTED_EDGE ( 'NONE', *, *, #4028, .F. ) ;
#3586 = EDGE_LOOP ( 'NONE', ( #1825, #391, #1431, #4026 ) ) ;
#3587 = AXIS2_PLACEMENT_3D ( 'NONE', #783, #733, #3287 ) ;
#3588 = VERTEX_POINT ( 'NONE', #5169 ) ;
#3589 = LINE ( 'NONE', #1433, #840 ) ;
#3590 = CYLINDRICAL_SURFACE ( 'NONE', #250, 1.549999999999997602 ) ;
#3591 = DIRECTION ( 'NONE',  ( 0.000000000000000000, -0.7071067811865524577, 0.7071067811865426878 ) ) ;
#3592 = LINE ( 'NONE', #4484, #2239 ) ;
#3593 = VECTOR ( 'NONE', #2846, 1000.000000000000000 ) ;
#3594 = DIRECTION ( 'NONE',  ( 0.000000000000000000, 0.7071067811865475727, -0.7071067811865475727 ) ) ;
#3595 = VECTOR ( 'NONE', #5047, 1000.000000000000000 ) ;
#3596 = DIRECTION ( 'NONE',  ( -0.000000000000000000, -1.000000000000000000, 0.000000000000000000 ) ) ;
#3597 = ORIENTED_EDGE ( 'NONE', *, *, #4853, .F. ) ;
#3598 = EDGE_CURVE ( 'NONE', #2810, #1655, #3075, .T. ) ;
#3599 = ADVANCED_FACE ( 'NONE', ( #4673 ), #2557, .T. ) ;
#3600 = LINE ( 'NONE', #3243, #4984 ) ;
#3601 = FACE_OUTER_BOUND ( 'NONE', #1058, .T. ) ;
#3602 = DIRECTION ( 'NONE',  ( 0.000000000000000000, 0.000000000000000000, -1.000000000000000000 ) ) ;
#3603 = VERTEX_POINT ( 'NONE', #541 ) ;
#3604 = PLANE ( 'NONE',  #915 ) ;
#3605 = DIRECTION ( 'NONE',  ( 0.000000000000000000, 0.000000000000000000, -1.000000000000000000 ) ) ;
#3606 = AXIS2_PLACEMENT_3D ( 'NONE', #4795, #3977, #1873 ) ;
#3607 = ORIENTED_EDGE ( 'NONE', *, *, #1849, .F. ) ;
#3608 = CARTESIAN_POINT ( 'NONE',  ( 18.00000000000001421, 3.707106781186550570, 29.79289321881346098 ) ) ;
#3609 = CARTESIAN_POINT ( 'NONE',  ( 16.00000000000001066, 0.000000000000000000, 24.94999999999999574 ) ) ;
#3610 = DIRECTION ( 'NONE',  ( 0.000000000000000000, 1.000000000000000000, 0.000000000000000000 ) ) ;
#3611 = ORIENTED_EDGE ( 'NONE', *, *, #4806, .F. ) ;
#3612 = VECTOR ( 'NONE', #2116, 1000.000000000000000 ) ;
#3613 = VERTEX_POINT ( 'NONE', #3925 ) ;
#3614 = ORIENTED_EDGE ( 'NONE', *, *, #4345, .T. ) ;
#3615 = AXIS2_PLACEMENT_3D ( 'NONE', #3707, #1210, #816 ) ;
#3616 = LINE ( 'NONE', #1012, #485 ) ;
#3617 = AXIS2_PLACEMENT_3D ( 'NONE', #4955, #2390, #4565 ) ;
#3618 = DIRECTION ( 'NONE',  ( 0.000000000000000000, 0.000000000000000000, -1.000000000000000000 ) ) ;
#3619 = ADVANCED_FACE ( 'NONE', ( #125 ), #3399, .T. ) ;
#3620 = VECTOR ( 'NONE', #5074, 1000.000000000000000 ) ;
#3621 = LINE ( 'NONE', #3537, #213 ) ;
#3622 = DIRECTION ( 'NONE',  ( 0.000000000000000000, 1.000000000000000000, 0.000000000000000000 ) ) ;
#3623 = EDGE_CURVE ( 'NONE', #696, #2240, #1410, .T. ) ;
#3624 = DIRECTION ( 'NONE',  ( -0.000000000000000000, -1.000000000000000000, -0.000000000000000000 ) ) ;
#3625 = CARTESIAN_POINT ( 'NONE',  ( 16.00000000000001066, 0.000000000000000000, 28.04999999999998650 ) ) ;
#3626 = ORIENTED_EDGE ( 'NONE', *, *, #5362, .F. ) ;
#3627 = CARTESIAN_POINT ( 'NONE',  ( 16.00000000000001066, 2.299999999999999822, 24.94999999999999574 ) ) ;
#3628 = CARTESIAN_POINT ( 'NONE',  ( 17.23689931702759282, 2.500000000000000000, 3.757266691850818408 ) ) ;
#3629 = EDGE_CURVE ( 'NONE', #23, #4607, #1680, .T. ) ;
#3630 = DIRECTION ( 'NONE',  ( 0.7071067811865475727, 0.7071067811865475727, 8.177564888977997868E-17 ) ) ;
#3631 = ORIENTED_EDGE ( 'NONE', *, *, #5228, .T. ) ;
#3632 = CARTESIAN_POINT ( 'NONE',  ( 3.499999999999999556, 3.500000000000006661, 20.29999999999999716 ) ) ;
#3633 = DIRECTION ( 'NONE',  ( -1.000000000000000000, 0.000000000000000000, 0.000000000000000000 ) ) ;
#3634 = ORIENTED_EDGE ( 'NONE', *, *, #5411, .T. ) ;
#3635 = DIRECTION ( 'NONE',  ( 0.000000000000000000, 0.000000000000000000, -1.000000000000000000 ) ) ;
#3636 = EDGE_CURVE ( 'NONE', #3831, #1981, #1224, .T. ) ;
#3637 = EDGE_CURVE ( 'NONE', #745, #3434, #74, .T. ) ;
#3638 = DIRECTION ( 'NONE',  ( -0.000000000000000000, -1.000000000000000000, -0.000000000000000000 ) ) ;
#3639 = FACE_OUTER_BOUND ( 'NONE', #1449, .T. ) ;
#3640 = EDGE_LOOP ( 'NONE', ( #1485, #644 ) ) ;
#3641 = ORIENTED_EDGE ( 'NONE', *, *, #2221, .F. ) ;
#3642 = ORIENTED_EDGE ( 'NONE', *, *, #5319, .F. ) ;
#3643 = DIRECTION ( 'NONE',  ( -0.000000000000000000, -1.000000000000000000, -0.000000000000000000 ) ) ;
#3644 = CARTESIAN_POINT ( 'NONE',  ( 11.49999999999999289, 2.500000000000000000, 2.000000000000000000 ) ) ;
#3645 = EDGE_CURVE ( 'NONE', #5149, #4994, #4325, .T. ) ;
#3646 = LINE ( 'NONE', #4072, #1818 ) ;
#3647 = FACE_OUTER_BOUND ( 'NONE', #5444, .T. ) ;
#3648 = EDGE_CURVE ( 'NONE', #4202, #5390, #2296, .T. ) ;
#3649 = CARTESIAN_POINT ( 'NONE',  ( 21.00000000000000355, 3.500000000000006661, 26.00000000000000355 ) ) ;
#3650 = CIRCLE ( 'NONE', #106, 0.7500000000000006661 ) ;
#3651 = EDGE_CURVE ( 'NONE', #2868, #4826, #1097, .T. ) ;
#3652 = CARTESIAN_POINT ( 'NONE',  ( 19.02440013978876721, 2.500000000000000000, 11.70582560332145228 ) ) ;
#3653 = CARTESIAN_POINT ( 'NONE',  ( 8.151858428704230164, 4.000000000000000000, 21.52905191785770000 ) ) ;
#3654 = CIRCLE ( 'NONE', #1446, 0.7499999999999972244 ) ;
#3655 = DIRECTION ( 'NONE',  ( -0.8660254037844423713, 0.000000000000000000, 0.4999999999999933942 ) ) ;
#3656 = CARTESIAN_POINT ( 'NONE',  ( 7.514312158959314480, 1.250000000000000222, 18.69999999999999929 ) ) ;
#3657 = ORIENTED_EDGE ( 'NONE', *, *, #5136, .F. ) ;
#3658 = CIRCLE ( 'NONE', #1805, 1.100000000000001199 ) ;
#3659 = AXIS2_PLACEMENT_3D ( 'NONE', #2310, #5269, #4023 ) ;
#3660 = ORIENTED_EDGE ( 'NONE', *, *, #1850, .F. ) ;
#3661 = DIRECTION ( 'NONE',  ( -0.000000000000000000, -1.000000000000000000, -0.000000000000000000 ) ) ;
#3662 = DIRECTION ( 'NONE',  ( 1.188166764367676095E-16, 0.000000000000000000, -1.000000000000000000 ) ) ;
#3663 = AXIS2_PLACEMENT_3D ( 'NONE', #4269, #5148, #1335 ) ;
#3664 = CIRCLE ( 'NONE', #4193, 0.5000000000000004441 ) ;
#3665 = ORIENTED_EDGE ( 'NONE', *, *, #5168, .F. ) ;
#3666 = DIRECTION ( 'NONE',  ( -0.000000000000000000, 1.000000000000000000, -0.000000000000000000 ) ) ;
#3667 = DIRECTION ( 'NONE',  ( -0.000000000000000000, -1.000000000000000000, -0.000000000000000000 ) ) ;
#3668 =( LENGTH_UNIT ( ) NAMED_UNIT ( * ) SI_UNIT ( .MILLI., .METRE. ) );
#3669 = AXIS2_PLACEMENT_3D ( 'NONE', #370, #4203, #397 ) ;
#3670 = EDGE_LOOP ( 'NONE', ( #4985, #2864, #3141, #4033 ) ) ;
#3671 = ORIENTED_EDGE ( 'NONE', *, *, #4923, .F. ) ;
#3672 = EDGE_CURVE ( 'NONE', #498, #5044, #1934, .T. ) ;
#3673 = EDGE_CURVE ( 'NONE', #1740, #1998, #333, .T. ) ;
#3674 = ORIENTED_EDGE ( 'NONE', *, *, #4767, .T. ) ;
#3675 = DIRECTION ( 'NONE',  ( -0.000000000000000000, -1.000000000000000000, 0.000000000000000000 ) ) ;
#3676 = AXIS2_PLACEMENT_3D ( 'NONE', #1716, #5079, #5107 ) ;
#3677 = LINE ( 'NONE', #4531, #4847 ) ;
#3678 = CIRCLE ( 'NONE', #1286, 3.499999999999999556 ) ;
#3679 = DIRECTION ( 'NONE',  ( -0.000000000000000000, -1.000000000000000000, -0.000000000000000000 ) ) ;
#3680 = DIRECTION ( 'NONE',  ( -0.000000000000000000, -1.000000000000000000, -0.000000000000000000 ) ) ;
#3681 = DIRECTION ( 'NONE',  ( 0.000000000000000000, 1.000000000000000000, 0.000000000000000000 ) ) ;
#3682 = AXIS2_PLACEMENT_3D ( 'NONE', #5358, #1572, #4116 ) ;
#3683 = DIRECTION ( 'NONE',  ( -0.000000000000000000, -1.000000000000000000, -0.000000000000000000 ) ) ;
#3684 = LINE ( 'NONE', #3737, #3976 ) ;
#3685 = ORIENTED_EDGE ( 'NONE', *, *, #1794, .F. ) ;
#3686 = ORIENTED_EDGE ( 'NONE', *, *, #456, .T. ) ;
#3687 = DIRECTION ( 'NONE',  ( 0.000000000000000000, 1.000000000000000000, 0.000000000000000000 ) ) ;
#3688 = CARTESIAN_POINT ( 'NONE',  ( 3.499999999999996891, 1.250000000000000222, -4.700000000000002842 ) ) ;
#3689 = EDGE_LOOP ( 'NONE', ( #5165, #4581, #2440, #1749 ) ) ;
#3690 = CARTESIAN_POINT ( 'NONE',  ( 19.00000000000001066, 4.000000000000000000, -28.00000000000000355 ) ) ;
#3691 = CARTESIAN_POINT ( 'NONE',  ( 4.500000000000000000, 4.000000000000000000, -29.00000000000000000 ) ) ;
#3692 = DIRECTION ( 'NONE',  ( 0.000000000000000000, 1.000000000000000000, 0.000000000000000000 ) ) ;
#3693 = ORIENTED_EDGE ( 'NONE', *, *, #5465, .T. ) ;
#3694 = ORIENTED_EDGE ( 'NONE', *, *, #2318, .F. ) ;
#3695 = AXIS2_PLACEMENT_3D ( 'NONE', #1766, #3473, #927 ) ;
#3696 = ORIENTED_EDGE ( 'NONE', *, *, #749, .T. ) ;
#3697 = ORIENTED_EDGE ( 'NONE', *, *, #1781, .F. ) ;
#3698 = LINE ( 'NONE', #2064, #5085 ) ;
#3699 = DIRECTION ( 'NONE',  ( 0.000000000000000000, 0.000000000000000000, 1.000000000000000000 ) ) ;
#3700 = AXIS2_PLACEMENT_3D ( 'NONE', #4247, #1386, #5041 ) ;
#3701 = ORIENTED_EDGE ( 'NONE', *, *, #3580, .F. ) ;
#3702 = ADVANCED_FACE ( 'NONE', ( #3536 ), #3590, .F. ) ;
#3703 = EDGE_CURVE ( 'NONE', #4850, #1980, #3793, .T. ) ;
#3704 = DIRECTION ( 'NONE',  ( -0.000000000000000000, 1.000000000000000000, -0.000000000000000000 ) ) ;
#3705 = AXIS2_PLACEMENT_3D ( 'NONE', #319, #1179, #5003 ) ;
#3706 = CONICAL_SURFACE ( 'NONE', #3003, 0.5000000000000073275, 0.7853981633974482790 ) ;
#3707 = CARTESIAN_POINT ( 'NONE',  ( 25.00000000000001066, 0.000000000000000000, -5.000000000000007994 ) ) ;
#3708 = AXIS2_PLACEMENT_3D ( 'NONE', #2426, #1203, #4118 ) ;
#3709 = VECTOR ( 'NONE', #1298, 1000.000000000000114 ) ;
#3710 = DIRECTION ( 'NONE',  ( 0.000000000000000000, 1.000000000000000000, 0.000000000000000000 ) ) ;
#3711 = DIRECTION ( 'NONE',  ( -0.000000000000000000, -1.000000000000000000, -0.000000000000000000 ) ) ;
#3712 = VECTOR ( 'NONE', #775, 1000.000000000000000 ) ;
#3713 = FACE_OUTER_BOUND ( 'NONE', #1084, .T. ) ;
#3714 = ORIENTED_EDGE ( 'NONE', *, *, #5051, .F. ) ;
#3715 = EDGE_CURVE ( 'NONE', #115, #4004, #2821, .T. ) ;
#3716 = VERTEX_POINT ( 'NONE', #3984 ) ;
#3717 = CARTESIAN_POINT ( 'NONE',  ( 24.00000000000000711, 0.000000000000000000, 23.00000000000000000 ) ) ;
#3718 = FACE_OUTER_BOUND ( 'NONE', #1458, .T. ) ;
#3719 = ORIENTED_EDGE ( 'NONE', *, *, #4631, .T. ) ;
#3720 = CARTESIAN_POINT ( 'NONE',  ( 14.68220808441862779, 2.500000000000000000, -3.086605125961785934 ) ) ;
#3721 = EDGE_CURVE ( 'NONE', #3312, #337, #2783, .T. ) ;
#3722 = CARTESIAN_POINT ( 'NONE',  ( 23.00000000000001066, 2.299999999999999822, 16.54999999999999005 ) ) ;
#3723 = ORIENTED_EDGE ( 'NONE', *, *, #4249, .T. ) ;
#3724 = ORIENTED_EDGE ( 'NONE', *, *, #4056, .T. ) ;
#3725 = EDGE_LOOP ( 'NONE', ( #3007, #4708, #3035, #3378 ) ) ;
#3726 = CARTESIAN_POINT ( 'NONE',  ( 16.29999999999999361, 0.000000000000000000, 20.30726231784357694 ) ) ;
#3727 = DIRECTION ( 'NONE',  ( 0.8660254037844422603, 0.000000000000000000, -0.4999999999999938383 ) ) ;
#3728 = ORIENTED_EDGE ( 'NONE', *, *, #5014, .F. ) ;
#3729 = EDGE_LOOP ( 'NONE', ( #1726, #2561, #1516, #3117 ) ) ;
#3730 = LINE ( 'NONE', #2903, #3577 ) ;
#3731 = CARTESIAN_POINT ( 'NONE',  ( 8.750000000000000000, -0.8612698372208114073, 6.799999999999998934 ) ) ;
#3732 = DIRECTION ( 'NONE',  ( -0.000000000000000000, -1.000000000000000000, -0.000000000000000000 ) ) ;
#3733 = EDGE_CURVE ( 'NONE', #4712, #2812, #4147, .T. ) ;
#3734 = FACE_OUTER_BOUND ( 'NONE', #2804, .T. ) ;
#3735 = ADVANCED_FACE ( 'NONE', ( #1039 ), #4391, .F. ) ;
#3736 = AXIS2_PLACEMENT_3D ( 'NONE', #1414, #4370, #2190 ) ;
#3737 = CARTESIAN_POINT ( 'NONE',  ( 8.750000000000000000, -0.8612698372208114073, 7.899999999999999467 ) ) ;
#3738 = EDGE_LOOP ( 'NONE', ( #2939, #4100, #2043, #85 ) ) ;
#3739 = LINE ( 'NONE', #2858, #4894 ) ;
#3740 = ORIENTED_EDGE ( 'NONE', *, *, #1471, .F. ) ;
#3741 = AXIS2_PLACEMENT_3D ( 'NONE', #1427, #5299, #4472 ) ;
#3742 = DIRECTION ( 'NONE',  ( 0.000000000000000000, 1.000000000000000000, 0.000000000000000000 ) ) ;
#3743 = AXIS2_PLACEMENT_3D ( 'NONE', #2742, #723, #219 ) ;
#3744 = DIRECTION ( 'NONE',  ( 0.000000000000000000, 0.000000000000000000, 1.000000000000000000 ) ) ;
#3745 = PLANE ( 'NONE',  #914 ) ;
#3746 = ORIENTED_EDGE ( 'NONE', *, *, #885, .F. ) ;
#3747 = VECTOR ( 'NONE', #5314, 1000.000000000000000 ) ;
#3748 = ORIENTED_EDGE ( 'NONE', *, *, #2855, .T. ) ;
#3749 = VECTOR ( 'NONE', #105, 1000.000000000000000 ) ;
#3750 = EDGE_CURVE ( 'NONE', #462, #396, #3236, .T. ) ;
#3751 = EDGE_LOOP ( 'NONE', ( #1304, #459, #4993, #3420 ) ) ;
#3752 = CYLINDRICAL_SURFACE ( 'NONE', #3587, 0.7500000000000006661 ) ;
#3753 = CARTESIAN_POINT ( 'NONE',  ( 21.47481828337179621, 0.000000000000000000, -7.076368160250957828 ) ) ;
#3754 = VECTOR ( 'NONE', #2075, 1000.000000000000000 ) ;
#3755 = ORIENTED_EDGE ( 'NONE', *, *, #3645, .F. ) ;
#3756 = CARTESIAN_POINT ( 'NONE',  ( 27.50000000000002132, 4.000000000000000000, -2.704915028125264520 ) ) ;
#3757 = ORIENTED_EDGE ( 'NONE', *, *, #1295, .T. ) ;
#3758 = DIRECTION ( 'NONE',  ( -1.156482317317871478E-16, -0.000000000000000000, 1.000000000000000000 ) ) ;
#3759 = AXIS2_PLACEMENT_3D ( 'NONE', #2774, #1843, #4769 ) ;
#3760 = DIRECTION ( 'NONE',  ( 0.000000000000000000, 0.000000000000000000, -1.000000000000000000 ) ) ;
#3761 = CIRCLE ( 'NONE', #569, 0.7500000000000006661 ) ;
#3762 = FACE_OUTER_BOUND ( 'NONE', #4962, .T. ) ;
#3763 = ADVANCED_FACE ( 'NONE', ( #231, #204, #4916, #1126 ), #2816, .T. ) ;
#3764 = FACE_OUTER_BOUND ( 'NONE', #4127, .T. ) ;
#3765 = LINE ( 'NONE', #5120, #3096 ) ;
#3766 = EDGE_CURVE ( 'NONE', #4607, #5233, #1488, .T. ) ;
#3767 = EDGE_CURVE ( 'NONE', #3588, #3893, #698, .T. ) ;
#3768 = EDGE_LOOP ( 'NONE', ( #418, #1691, #4348, #433 ) ) ;
#3769 = DIRECTION ( 'NONE',  ( 0.000000000000000000, 0.000000000000000000, -1.000000000000000000 ) ) ;
#3770 = CARTESIAN_POINT ( 'NONE',  ( 26.00000000000001066, 4.000000000000000000, -22.50000000000002487 ) ) ;
#3771 = VERTEX_POINT ( 'NONE', #1855 ) ;
#3772 = CARTESIAN_POINT ( 'NONE',  ( 19.00000000000001066, 3.500000000000020428, -30.00000000000000355 ) ) ;
#3773 = CARTESIAN_POINT ( 'NONE',  ( 21.00000000000001066, 3.500000000000020428, -28.00000000000000355 ) ) ;
#3774 = CARTESIAN_POINT ( 'NONE',  ( 10.45685842870420323, 2.600000000000000089, 25.52142902930398449 ) ) ;
#3775 = ADVANCED_FACE ( 'NONE', ( #3156 ), #4800, .T. ) ;
#3776 = ORIENTED_EDGE ( 'NONE', *, *, #4175, .F. ) ;
#3777 = ORIENTED_EDGE ( 'NONE', *, *, #4466, .T. ) ;
#3778 = ORIENTED_EDGE ( 'NONE', *, *, #2283, .F. ) ;
#3779 = LINE ( 'NONE', #2402, #2610 ) ;
#3780 = LINE ( 'NONE', #1258, #5301 ) ;
#3781 = VERTEX_POINT ( 'NONE', #4449 ) ;
#3782 = CARTESIAN_POINT ( 'NONE',  ( 18.00000000000001066, -1.808568626610816077, 29.29508497187473282 ) ) ;
#3783 = EDGE_LOOP ( 'NONE', ( #3611, #4871, #2558, #2498 ) ) ;
#3784 = DIRECTION ( 'NONE',  ( 0.000000000000000000, 0.000000000000000000, 1.000000000000000000 ) ) ;
#3785 = VECTOR ( 'NONE', #2692, 1000.000000000000000 ) ;
#3786 = DIRECTION ( 'NONE',  ( -0.000000000000000000, -1.000000000000000000, -0.000000000000000000 ) ) ;
#3787 = EDGE_CURVE ( 'NONE', #4826, #2504, #424, .T. ) ;
#3788 = AXIS2_PLACEMENT_3D ( 'NONE', #3188, #4042, #3988 ) ;
#3789 = AXIS2_PLACEMENT_3D ( 'NONE', #2836, #4961, #2501 ) ;
#3790 = DIRECTION ( 'NONE',  ( 0.000000000000000000, 1.000000000000000000, 0.000000000000000000 ) ) ;
#3791 = EDGE_CURVE ( 'NONE', #3979, #2447, #1629, .T. ) ;
#3792 = DIRECTION ( 'NONE',  ( 0.000000000000000000, 0.000000000000000000, -1.000000000000000000 ) ) ;
#3793 = CIRCLE ( 'NONE', #5295, 3.249999999999999556 ) ;
#3794 = CIRCLE ( 'NONE', #1050, 1.600000000000000755 ) ;
#3795 = CARTESIAN_POINT ( 'NONE',  ( 14.00000000000001066, 4.000000000000000000, -29.06173769148989550 ) ) ;
#3796 = ORIENTED_EDGE ( 'NONE', *, *, #580, .T. ) ;
#3797 = CARTESIAN_POINT ( 'NONE',  ( 7.514312158959314480, 4.000000000000000000, 20.29999999999999716 ) ) ;
#3798 = CIRCLE ( 'NONE', #4509, 2.199999999999999734 ) ;
#3799 = FACE_OUTER_BOUND ( 'NONE', #415, .T. ) ;
#3800 = ORIENTED_EDGE ( 'NONE', *, *, #1099, .T. ) ;
#3801 = LINE ( 'NONE', #2499, #1580 ) ;
#3802 = CARTESIAN_POINT ( 'NONE',  ( 3.499999999999998668, 1.250000000000000222, -19.30000000000000426 ) ) ;
#3803 = VERTEX_POINT ( 'NONE', #3288 ) ;
#3804 = EDGE_LOOP ( 'NONE', ( #422, #4311, #1824, #301 ) ) ;
#3805 = EDGE_CURVE ( 'NONE', #554, #1984, #3526, .T. ) ;
#3806 = EDGE_CURVE ( 'NONE', #3111, #5131, #3677, .T. ) ;
#3807 = EDGE_LOOP ( 'NONE', ( #2693, #576, #5196, #3755 ) ) ;
#3808 = CARTESIAN_POINT ( 'NONE',  ( 13.66531754730533343, 2.600000000000000089, 23.66902429349574177 ) ) ;
#3809 = DIRECTION ( 'NONE',  ( 0.000000000000000000, 0.000000000000000000, -1.000000000000000000 ) ) ;
#3810 = EDGE_LOOP ( 'NONE', ( #3214, #4723, #3422, #1346 ) ) ;
#3811 = ORIENTED_EDGE ( 'NONE', *, *, #1974, .F. ) ;
#3812 = LINE ( 'NONE', #894, #3876 ) ;
#3813 = ORIENTED_EDGE ( 'NONE', *, *, #3832, .F. ) ;
#3814 = DIRECTION ( 'NONE',  ( -0.000000000000000000, -1.000000000000000000, -0.000000000000000000 ) ) ;
#3815 = APPLICATION_CONTEXT ( 'automotive_design' ) ;
#3816 = CARTESIAN_POINT ( 'NONE',  ( 11.20685842870419258, 2.600000000000000089, 26.82046713498064250 ) ) ;
#3817 = EDGE_CURVE ( 'NONE', #3413, #2949, #4198, .T. ) ;
#3818 = DIRECTION ( 'NONE',  ( -0.000000000000000000, -1.000000000000000000, -0.000000000000000000 ) ) ;
#3819 = DIRECTION ( 'NONE',  ( 0.000000000000000000, 0.000000000000000000, -1.000000000000000000 ) ) ;
#3820 = CARTESIAN_POINT ( 'NONE',  ( 28.00000000000000355, 4.000000000000000000, 29.99999999999999645 ) ) ;
#3821 = EDGE_CURVE ( 'NONE', #4166, #805, #2451, .T. ) ;
#3822 = CARTESIAN_POINT ( 'NONE',  ( 8.800000000000002487, -0.8612698372208114073, -17.10000000000000497 ) ) ;
#3823 = ORIENTED_EDGE ( 'NONE', *, *, #4248, .F. ) ;
#3824 = DIRECTION ( 'NONE',  ( 1.156482317317871725E-16, 0.000000000000000000, -1.000000000000000000 ) ) ;
#3825 = CARTESIAN_POINT ( 'NONE',  ( 8.151858428704230164, 2.600000000000000089, 20.77905191785770000 ) ) ;
#3826 = ORIENTED_EDGE ( 'NONE', *, *, #1470, .F. ) ;
#3827 = DIRECTION ( 'NONE',  ( 0.000000000000000000, 0.000000000000000000, 1.000000000000000000 ) ) ;
#3828 = CARTESIAN_POINT ( 'NONE',  ( 18.00000000000001066, -1.808568626610816077, 29.06173769148989550 ) ) ;
#3829 = VECTOR ( 'NONE', #2541, 1000.000000000000114 ) ;
#3830 = EDGE_LOOP ( 'NONE', ( #2510, #1506, #5279, #3826, #4258, #1658, #196, #1227, #4527, #1091, #1623, #258, #4765, #619 ) ) ;
#3831 = VERTEX_POINT ( 'NONE', #5359 ) ;
#3832 = EDGE_CURVE ( 'NONE', #4389, #31, #3780, .T. ) ;
#3833 = ADVANCED_FACE ( 'NONE', ( #784 ), #4329, .T. ) ;
#3834 = ORIENTED_EDGE ( 'NONE', *, *, #186, .F. ) ;
#3835 = FACE_OUTER_BOUND ( 'NONE', #1913, .T. ) ;
#3836 = CARTESIAN_POINT ( 'NONE',  ( 15.84901771537212589, 0.000000000000000000, -4.951693672147772673 ) ) ;
#3837 = CARTESIAN_POINT ( 'NONE',  ( 16.73661379950458894, 0.000000000000000000, -22.43389151398138281 ) ) ;
#3838 = CIRCLE ( 'NONE', #1721, 2.649999999999999467 ) ;
#3839 = AXIS2_PLACEMENT_3D ( 'NONE', #1837, #2168, #4349 ) ;
#3840 = ADVANCED_FACE ( 'NONE', ( #3343 ), #5025, .T. ) ;
#3841 = EDGE_CURVE ( 'NONE', #1051, #2919, #4968, .T. ) ;
#3842 = ORIENTED_EDGE ( 'NONE', *, *, #4049, .T. ) ;
#3843 = CARTESIAN_POINT ( 'NONE',  ( 24.00000000000001066, 4.000000000000000000, -26.00000000000000355 ) ) ;
#3844 = VERTEX_POINT ( 'NONE', #760 ) ;
#3845 = DIRECTION ( 'NONE',  ( 0.000000000000000000, 1.000000000000000000, 0.000000000000000000 ) ) ;
#3846 = CIRCLE ( 'NONE', #3482, 3.499999999999985789 ) ;
#3847 = DIRECTION ( 'NONE',  ( 0.000000000000000000, 0.000000000000000000, -1.000000000000000000 ) ) ;
#3848 = CIRCLE ( 'NONE', #2782, 0.7500000000000006661 ) ;
#3849 = ORIENTED_EDGE ( 'NONE', *, *, #3105, .F. ) ;
#3850 = CARTESIAN_POINT ( 'NONE',  ( 19.00000000000000355, 4.000000000000000000, 29.99999999999999645 ) ) ;
#3851 = CARTESIAN_POINT ( 'NONE',  ( 0.000000000000000000, 2.600000000000000089, 0.000000000000000000 ) ) ;
#3852 = VECTOR ( 'NONE', #3409, 1000.000000000000000 ) ;
#3853 = DIRECTION ( 'NONE',  ( 0.000000000000000000, 1.000000000000000000, -0.000000000000000000 ) ) ;
#3854 = EDGE_CURVE ( 'NONE', #1312, #4552, #807, .T. ) ;
#3855 = VERTEX_POINT ( 'NONE', #1153 ) ;
#3856 = CARTESIAN_POINT ( 'NONE',  ( 8.800000000000002487, 4.000000000000000000, -5.800000000000003375 ) ) ;
#3857 = CARTESIAN_POINT ( 'NONE',  ( 9.500000000000007105, 2.600000000000000089, -27.30000000000000071 ) ) ;
#3858 = VERTEX_POINT ( 'NONE', #4169 ) ;
#3859 = DIRECTION ( 'NONE',  ( 0.000000000000000000, 0.000000000000000000, -1.000000000000000000 ) ) ;
#3860 = PRODUCT_CONTEXT ( 'NONE', #3424, 'mechanical' ) ;
#3861 = ADVANCED_FACE ( 'NONE', ( #2041 ), #1573, .T. ) ;
#3862 = VERTEX_POINT ( 'NONE', #2010 ) ;
#3863 = CARTESIAN_POINT ( 'NONE',  ( 8.151858428704230164, 2.600000000000000089, 21.52905191785770000 ) ) ;
#3864 = VERTEX_POINT ( 'NONE', #4139 ) ;
#3865 = DIRECTION ( 'NONE',  ( -2.376333528735352191E-16, 0.000000000000000000, 1.000000000000000000 ) ) ;
#3866 = LINE ( 'NONE', #36, #339 ) ;
#3867 = VERTEX_POINT ( 'NONE', #3753 ) ;
#3868 = PLANE ( 'NONE',  #3695 ) ;
#3869 = ORIENTED_EDGE ( 'NONE', *, *, #3912, .T. ) ;
#3870 = ORIENTED_EDGE ( 'NONE', *, *, #3806, .T. ) ;
#3871 = CARTESIAN_POINT ( 'NONE',  ( 14.22677197410524208, 0.000000000000000000, 7.344596766944555988 ) ) ;
#3872 = CARTESIAN_POINT ( 'NONE',  ( 8.750000000000007105, 2.600000000000000089, -26.98997487421323527 ) ) ;
#3873 = ADVANCED_FACE ( 'NONE', ( #2952 ), #5443, .F. ) ;
#3874 = CARTESIAN_POINT ( 'NONE',  ( 4.199999999999998401, 4.000000000000000000, -4.700000000000002842 ) ) ;
#3875 = DIRECTION ( 'NONE',  ( -1.000000000000000000, -0.000000000000000000, -0.000000000000000000 ) ) ;
#3876 = VECTOR ( 'NONE', #3950, 1000.000000000000000 ) ;
#3877 = CARTESIAN_POINT ( 'NONE',  ( 21.00000000000000355, 0.000000000000000000, 29.99999999999999289 ) ) ;
#3878 = EDGE_CURVE ( 'NONE', #4994, #3151, #4764, .T. ) ;
#3879 = ADVANCED_FACE ( 'NONE', ( #2847 ), #734, .T. ) ;
#3880 = CARTESIAN_POINT ( 'NONE',  ( 6.531128874149272789, 4.000000000000000000, 29.49999999999999645 ) ) ;
#3881 = AXIS2_PLACEMENT_3D ( 'NONE', #4233, #348, #5417 ) ;
#3882 = VECTOR ( 'NONE', #4433, 1000.000000000000000 ) ;
#3883 = ORIENTED_EDGE ( 'NONE', *, *, #1574, .F. ) ;
#3884 = FACE_OUTER_BOUND ( 'NONE', #4528, .T. ) ;
#3885 = DIRECTION ( 'NONE',  ( 0.000000000000000000, -1.000000000000000000, 0.000000000000000000 ) ) ;
#3886 = AXIS2_PLACEMENT_3D ( 'NONE', #458, #5454, #50 ) ;
#3887 = ORIENTED_EDGE ( 'NONE', *, *, #1010, .F. ) ;
#3888 = EDGE_CURVE ( 'NONE', #3568, #1943, #342, .T. ) ;
#3889 = CARTESIAN_POINT ( 'NONE',  ( 18.00000000000001066, 4.000000000000000000, -29.50000000000002132 ) ) ;
#3890 = VECTOR ( 'NONE', #3727, 999.9999999999998863 ) ;
#3891 = ORIENTED_EDGE ( 'NONE', *, *, #5257, .F. ) ;
#3892 = LINE ( 'NONE', #585, #4713 ) ;
#3893 = VERTEX_POINT ( 'NONE', #2205 ) ;
#3894 = ADVANCED_FACE ( 'NONE', ( #4334 ), #3418, .T. ) ;
#3895 = DIRECTION ( 'NONE',  ( 0.000000000000000000, 0.000000000000000000, -1.000000000000000000 ) ) ;
#3896 = CIRCLE ( 'NONE', #660, 2.199999999999999734 ) ;
#3897 = DIRECTION ( 'NONE',  ( 1.508455196501568866E-15, 0.000000000000000000, -1.000000000000000000 ) ) ;
#3898 = ORIENTED_EDGE ( 'NONE', *, *, #4049, .F. ) ;
#3899 = VERTEX_POINT ( 'NONE', #925 ) ;
#3900 = DIRECTION ( 'NONE',  ( -0.000000000000000000, -1.000000000000000000, -0.000000000000000000 ) ) ;
#3901 = CARTESIAN_POINT ( 'NONE',  ( 4.168141571295796766, 2.600000000000000089, 23.82905191785766874 ) ) ;
#3902 = CARTESIAN_POINT ( 'NONE',  ( 27.16666666666667496, 2.299999999999999822, -7.422406975624783243 ) ) ;
#3903 = CARTESIAN_POINT ( 'NONE',  ( 13.14473684210526372, 2.500000000000000000, -22.94583814427212687 ) ) ;
#3904 = FACE_OUTER_BOUND ( 'NONE', #3729, .T. ) ;
#3905 = EDGE_CURVE ( 'NONE', #2054, #4373, #1589, .T. ) ;
#3906 = DIRECTION ( 'NONE',  ( 1.000000000000000000, 0.000000000000000000, 0.000000000000000000 ) ) ;
#3907 = ORIENTED_EDGE ( 'NONE', *, *, #2885, .F. ) ;
#3908 = EDGE_CURVE ( 'NONE', #2182, #4261, #3866, .T. ) ;
#3909 = EDGE_CURVE ( 'NONE', #537, #2956, #3359, .T. ) ;
#3910 = DIRECTION ( 'NONE',  ( -0.7071067811865475727, 0.7071067811865475727, 0.000000000000000000 ) ) ;
#3911 = LINE ( 'NONE', #2277, #3061 ) ;
#3912 = EDGE_CURVE ( 'NONE', #3506, #3520, #429, .T. ) ;
#3913 = DIRECTION ( 'NONE',  ( -0.000000000000000000, -1.000000000000000000, 0.000000000000000000 ) ) ;
#3914 = EDGE_LOOP ( 'NONE', ( #2477, #4774 ) ) ;
#3915 = DIRECTION ( 'NONE',  ( -1.156482317317871725E-16, 0.000000000000000000, 1.000000000000000000 ) ) ;
#3916 = ORIENTED_EDGE ( 'NONE', *, *, #906, .T. ) ;
#3917 = DIRECTION ( 'NONE',  ( 0.000000000000000000, -1.000000000000000000, 0.000000000000000000 ) ) ;
#3918 = AXIS2_PLACEMENT_3D ( 'NONE', #5143, #879, #990 ) ;
#3920 = CIRCLE ( 'NONE', #2814, 0.5000000000000004441 ) ;
#3919 = CARTESIAN_POINT ( 'NONE',  ( 3.499999999999996891, 1.250000000000000222, -4.700000000000002842 ) ) ;
#3921 = ORIENTED_EDGE ( 'NONE', *, *, #3499, .F. ) ;
#3922 = ORIENTED_EDGE ( 'NONE', *, *, #4965, .F. ) ;
#3923 = ORIENTED_EDGE ( 'NONE', *, *, #1696, .F. ) ;
#3924 = CARTESIAN_POINT ( 'NONE',  ( 7.866061825025475684, 4.850152435273161977, 20.26085623054218132 ) ) ;
#3925 = CARTESIAN_POINT ( 'NONE',  ( 3.499999999999999556, 3.499999999999999556, 26.96887112585072188 ) ) ;
#3926 = VECTOR ( 'NONE', #1420, 1000.000000000000000 ) ;
#3927 = AXIS2_PLACEMENT_3D ( 'NONE', #4431, #4926, #1134 ) ;
#3928 = CARTESIAN_POINT ( 'NONE',  ( 3.499999999999999556, 3.500000000000006661, 30.00000000000000355 ) ) ;
#3929 = AXIS2_PLACEMENT_3D ( 'NONE', #2851, #3710, #2102 ) ;
#3930 = DIRECTION ( 'NONE',  ( 0.000000000000000000, 1.000000000000000000, 0.000000000000000000 ) ) ;
#3931 = FACE_OUTER_BOUND ( 'NONE', #2872, .T. ) ;
#3932 = DIRECTION ( 'NONE',  ( 0.000000000000000000, 0.000000000000000000, 1.000000000000000000 ) ) ;
#3933 =( BOUNDED_CURVE ( )  B_SPLINE_CURVE ( 3, ( #5091, #770, #2528, #5039 ),
 .UNSPECIFIED., .F., .T. ) 
 B_SPLINE_CURVE_WITH_KNOTS ( ( 4, 4 ),
 ( 3.613164260092200486, 4.188790204786397631 ),
 .UNSPECIFIED. ) 
 CURVE ( )  GEOMETRIC_REPRESENTATION_ITEM ( )  RATIONAL_B_SPLINE_CURVE ( ( 1.000000000000000000, 0.9725779791703003108, 0.9725779791703003108, 1.000000000000000000 ) ) 
 REPRESENTATION_ITEM ( '' )  );
#3934 = VECTOR ( 'NONE', #3758, 1000.000000000000000 ) ;
#3935 = ORIENTED_EDGE ( 'NONE', *, *, #1395, .T. ) ;
#3936 = ORIENTED_EDGE ( 'NONE', *, *, #3031, .T. ) ;
#3937 = EDGE_CURVE ( 'NONE', #2281, #2106, #2469, .T. ) ;
#3938 = CYLINDRICAL_SURFACE ( 'NONE', #5065, 2.200000000000000622 ) ;
#3939 = DIRECTION ( 'NONE',  ( 0.000000000000000000, 0.000000000000000000, 1.000000000000000000 ) ) ;
#3940 = VECTOR ( 'NONE', #701, 1000.000000000000000 ) ;
#3941 = EDGE_CURVE ( 'NONE', #5410, #2120, #782, .T. ) ;
#3942 = EDGE_CURVE ( 'NONE', #4907, #3098, #1314, .T. ) ;
#3943 = DIRECTION ( 'NONE',  ( 0.000000000000000000, 1.000000000000000000, -0.000000000000000000 ) ) ;
#3944 = VERTEX_POINT ( 'NONE', #3919 ) ;
#3945 = EDGE_CURVE ( 'NONE', #2837, #1784, #4071, .T. ) ;
#3946 = ORIENTED_EDGE ( 'NONE', *, *, #4923, .T. ) ;
#3947 = VERTEX_POINT ( 'NONE', #2586 ) ;
#3948 = FACE_OUTER_BOUND ( 'NONE', #4479, .T. ) ;
#3949 = CARTESIAN_POINT ( 'NONE',  ( 16.00000000000001066, 2.299999999999999822, -26.50000000000000355 ) ) ;
#3950 = DIRECTION ( 'NONE',  ( -0.8660254037844423713, 0.000000000000000000, 0.4999999999999936162 ) ) ;
#3951 = ORIENTED_EDGE ( 'NONE', *, *, #3673, .T. ) ;
#3952 = ORIENTED_EDGE ( 'NONE', *, *, #209, .F. ) ;
#3953 = VECTOR ( 'NONE', #3675, 1000.000000000000000 ) ;
#3954 = DIRECTION ( 'NONE',  ( 0.8191520442889930198, 0.000000000000000000, -0.5735764363510442720 ) ) ;
#3955 = LINE ( 'NONE', #3902, #2293 ) ;
#3956 = DIRECTION ( 'NONE',  ( 0.000000000000000000, 0.000000000000000000, -1.000000000000000000 ) ) ;
#3957 = DIRECTION ( 'NONE',  ( 0.5735764363510443831, 0.000000000000000000, 0.8191520442889931308 ) ) ;
#3958 = EDGE_CURVE ( 'NONE', #4826, #539, #535, .T. ) ;
#3959 = CARTESIAN_POINT ( 'NONE',  ( 25.00000000000001066, 0.000000000000000000, -6.550000000000005151 ) ) ;
#3960 = DIRECTION ( 'NONE',  ( -0.000000000000000000, -1.000000000000000000, -0.000000000000000000 ) ) ;
#3961 = VECTOR ( 'NONE', #5475, 1000.000000000000000 ) ;
#3962 = ORIENTED_EDGE ( 'NONE', *, *, #4392, .T. ) ;
#3963 = DIRECTION ( 'NONE',  ( 0.000000000000000000, 1.000000000000000000, 0.000000000000000000 ) ) ;
#3964 = DIRECTION ( 'NONE',  ( 0.000000000000000000, 0.000000000000000000, -1.000000000000000000 ) ) ;
#3965 = AXIS2_PLACEMENT_3D ( 'NONE', #992, #4371, #2673 ) ;
#3966 = CARTESIAN_POINT ( 'NONE',  ( 11.49999999999999289, 2.500000000000000000, 2.000000000000000000 ) ) ;
#3967 = ORIENTED_EDGE ( 'NONE', *, *, #3411, .F. ) ;
#3968 = DIRECTION ( 'NONE',  ( 1.000000000000000000, 0.000000000000000000, 0.000000000000000000 ) ) ;
#3969 = ORIENTED_EDGE ( 'NONE', *, *, #690, .F. ) ;
#3970 = VECTOR ( 'NONE', #56, 1000.000000000000000 ) ;
#3971 = ORIENTED_EDGE ( 'NONE', *, *, #1490, .T. ) ;
#3972 = CARTESIAN_POINT ( 'NONE',  ( 18.20710678118656389, 3.500000000000007105, 30.00000000000000355 ) ) ;
#3973 = EDGE_CURVE ( 'NONE', #756, #3026, #705, .T. ) ;
#3974 = DIRECTION ( 'NONE',  ( 0.000000000000000000, 0.000000000000000000, 1.000000000000000000 ) ) ;
#3975 = AXIS2_PLACEMENT_3D ( 'NONE', #316, #4640, #1173 ) ;
#3976 = VECTOR ( 'NONE', #5368, 1000.000000000000000 ) ;
#3977 = DIRECTION ( 'NONE',  ( 0.000000000000000000, 1.000000000000000000, 0.000000000000000000 ) ) ;
#3978 = ORIENTED_EDGE ( 'NONE', *, *, #4211, .T. ) ;
#3979 = VERTEX_POINT ( 'NONE', #3067 ) ;
#3980 = EDGE_CURVE ( 'NONE', #1740, #4768, #4679, .T. ) ;
#3981 = VECTOR ( 'NONE', #1166, 1000.000000000000000 ) ;
#3982 = ORIENTED_EDGE ( 'NONE', *, *, #1975, .F. ) ;
#3983 = DIRECTION ( 'NONE',  ( 0.000000000000000000, 0.000000000000000000, -1.000000000000000000 ) ) ;
#3984 = CARTESIAN_POINT ( 'NONE',  ( 12.56097560975609539, 0.000000000000000000, 7.905449242479584804 ) ) ;
#3985 = DIRECTION ( 'NONE',  ( 0.000000000000000000, 1.000000000000000000, 0.000000000000000000 ) ) ;
#3986 = EDGE_CURVE ( 'NONE', #3394, #1903, #2637, .T. ) ;
#3987 = FACE_BOUND ( 'NONE', #1426, .T. ) ;
#3988 = DIRECTION ( 'NONE',  ( 0.000000000000000000, 0.000000000000000000, -1.000000000000000000 ) ) ;
#3989 = CARTESIAN_POINT ( 'NONE',  ( 13.50000000000001066, 2.299999999999999822, 29.49999999999999645 ) ) ;
#3990 = ORIENTED_EDGE ( 'NONE', *, *, #1684, .F. ) ;
#3991 = ORIENTED_EDGE ( 'NONE', *, *, #901, .F. ) ;
#3992 = EDGE_CURVE ( 'NONE', #1617, #2948, #3798, .T. ) ;
#3993 = CARTESIAN_POINT ( 'NONE',  ( 15.84901771537212589, 2.500000000000000000, -4.951693672147772673 ) ) ;
#3994 = DIRECTION ( 'NONE',  ( 0.000000000000000000, 0.000000000000000000, -1.000000000000000000 ) ) ;
#3995 = CARTESIAN_POINT ( 'NONE',  ( 16.64072110592089260, 0.000000000000000000, 7.618984473295812521 ) ) ;
#3996 = EDGE_LOOP ( 'NONE', ( #590, #2320 ) ) ;
#3997 = EDGE_LOOP ( 'NONE', ( #5455, #2987, #4659, #346 ) ) ;
#3998 = DIRECTION ( 'NONE',  ( 0.000000000000000000, 0.000000000000000000, -1.000000000000000000 ) ) ;
#3999 = CYLINDRICAL_SURFACE ( 'NONE', #1102, 3.249999999999999556 ) ;
#4000 = VERTEX_POINT ( 'NONE', #4770 ) ;
#4001 = CYLINDRICAL_SURFACE ( 'NONE', #2891, 1.549999999999995826 ) ;
#4002 = LINE ( 'NONE', #198, #1326 ) ;
#4003 = CARTESIAN_POINT ( 'NONE',  ( 6.531128874149271013, 4.000000000000000000, 29.49999999999999645 ) ) ;
#4004 = VERTEX_POINT ( 'NONE', #473 ) ;
#4005 = ORIENTED_EDGE ( 'NONE', *, *, #3030, .F. ) ;
#4006 = EDGE_CURVE ( 'NONE', #1981, #688, #2537, .T. ) ;
#4007 = ORIENTED_EDGE ( 'NONE', *, *, #2597, .F. ) ;
#4008 = PLANE ( 'NONE',  #2786 ) ;
#4009 = DIRECTION ( 'NONE',  ( 0.000000000000000000, 1.000000000000000000, 0.000000000000000000 ) ) ;
#4010 = EDGE_CURVE ( 'NONE', #2240, #3716, #2728, .T. ) ;
#4011 = EDGE_CURVE ( 'NONE', #1509, #1796, #3441, .T. ) ;
#4012 = AXIS2_PLACEMENT_3D ( 'NONE', #1801, #4753, #1329 ) ;
#4013 = CARTESIAN_POINT ( 'NONE',  ( 24.00000000000000355, 4.000000000000000000, 22.50000000000001421 ) ) ;
#4014 = FACE_OUTER_BOUND ( 'NONE', #5464, .T. ) ;
#4015 = CARTESIAN_POINT ( 'NONE',  ( 14.62797097206541075, 0.000000000000000000, -22.74266898630093792 ) ) ;
#4016 = CARTESIAN_POINT ( 'NONE',  ( 6.473141571295768060, 2.600000000000000089, 27.82142902930395678 ) ) ;
#4017 = ORIENTED_EDGE ( 'NONE', *, *, #2995, .T. ) ;
#4018 = LINE ( 'NONE', #1914, #2343 ) ;
#4019 = CYLINDRICAL_SURFACE ( 'NONE', #3311, 2.649999999999999467 ) ;
#4020 = AXIS2_PLACEMENT_3D ( 'NONE', #4400, #689, #5288 ) ;
#4021 = LINE ( 'NONE', #634, #5474 ) ;
#4022 = ORIENTED_EDGE ( 'NONE', *, *, #3073, .F. ) ;
#4023 = DIRECTION ( 'NONE',  ( 0.000000000000000000, 0.000000000000000000, 1.000000000000000000 ) ) ;
#4024 = AXIS2_PLACEMENT_3D ( 'NONE', #5448, #1176, #3784 ) ;
#4025 = LINE ( 'NONE', #3278, #2691 ) ;
#4026 = ORIENTED_EDGE ( 'NONE', *, *, #3530, .T. ) ;
#4027 = DIRECTION ( 'NONE',  ( -0.4999999999999938383, 0.000000000000000000, -0.8660254037844422603 ) ) ;
#4028 = EDGE_CURVE ( 'NONE', #5044, #201, #1146, .T. ) ;
#4029 = CARTESIAN_POINT ( 'NONE',  ( 7.514312158959314480, 4.850152435273161977, 18.69999999999999929 ) ) ;
#4030 = AXIS2_PLACEMENT_3D ( 'NONE', #4324, #84, #5180 ) ;
#4031 = CARTESIAN_POINT ( 'NONE',  ( 20.69881374351695769, 2.500000000000000000, -0.5346000417609658717 ) ) ;
#4032 = ORIENTED_EDGE ( 'NONE', *, *, #1228, .F. ) ;
#4033 = ORIENTED_EDGE ( 'NONE', *, *, #5460, .F. ) ;
#4034 = ORIENTED_EDGE ( 'NONE', *, *, #1297, .T. ) ;
#4035 = LINE ( 'NONE', #3125, #4474 ) ;
#4036 = CARTESIAN_POINT ( 'NONE',  ( 7.514312158959314480, 4.000000000000000000, 20.29999999999999716 ) ) ;
#4037 = EDGE_CURVE ( 'NONE', #5097, #5020, #1946, .T. ) ;
#4038 = ADVANCED_BREP_SHAPE_REPRESENTATION ( '镜向挤出机顶盖（适配嘉立创特价打样）', ( #5193, #291 ), #4893 ) ;
#4039 = CARTESIAN_POINT ( 'NONE',  ( 8.750000000000000000, -0.8612698372208114073, 19.19999999999999929 ) ) ;
#4040 = DIRECTION ( 'NONE',  ( 0.000000000000000000, 0.000000000000000000, 1.000000000000000000 ) ) ;
#4041 = ADVANCED_FACE ( 'NONE', ( #674 ), #4823, .F. ) ;
#4042 = DIRECTION ( 'NONE',  ( -0.000000000000000000, -1.000000000000000000, -0.000000000000000000 ) ) ;
#4043 = EDGE_CURVE ( 'NONE', #538, #5154, #1770, .T. ) ;
#4044 = SURFACE_STYLE_USAGE ( .BOTH. , #659 ) ;
#4045 = VERTEX_POINT ( 'NONE', #2746 ) ;
#4046 = FACE_OUTER_BOUND ( 'NONE', #3099, .T. ) ;
#4047 = EDGE_CURVE ( 'NONE', #2266, #261, #4855, .T. ) ;
#4048 = CARTESIAN_POINT ( 'NONE',  ( 4.500000000000000000, 4.000000000000000000, 26.96887112585072188 ) ) ;
#4049 = EDGE_CURVE ( 'NONE', #3864, #4522, #4385, .T. ) ;
#4050 = DIRECTION ( 'NONE',  ( -0.000000000000000000, 1.000000000000000000, -0.000000000000000000 ) ) ;
#4051 = ORIENTED_EDGE ( 'NONE', *, *, #2279, .F. ) ;
#4052 = LINE ( 'NONE', #3197, #5421 ) ;
#4053 = DIRECTION ( 'NONE',  ( -0.000000000000000000, 1.000000000000000000, -0.000000000000000000 ) ) ;
#4054 = EDGE_CURVE ( 'NONE', #5410, #168, #3147, .T. ) ;
#4055 = AXIS2_PLACEMENT_3D ( 'NONE', #475, #2152, #1845 ) ;
#4056 = EDGE_CURVE ( 'NONE', #3506, #3118, #642, .T. ) ;
#4057 = EDGE_LOOP ( 'NONE', ( #4878, #1901, #4330, #3059 ) ) ;
#4058 = FACE_OUTER_BOUND ( 'NONE', #57, .T. ) ;
#4059 = DIRECTION ( 'NONE',  ( 0.000000000000000000, 1.000000000000000000, 0.000000000000000000 ) ) ;
#4060 = DIRECTION ( 'NONE',  ( 0.000000000000000000, 0.000000000000000000, 1.000000000000000000 ) ) ;
#4061 = AXIS2_PLACEMENT_3D ( 'NONE', #4922, #2358, #628 ) ;
#4062 = ORIENTED_EDGE ( 'NONE', *, *, #5052, .F. ) ;
#4063 = CIRCLE ( 'NONE', #1045, 0.7500000000000006661 ) ;
#4064 = ORIENTED_EDGE ( 'NONE', *, *, #177, .T. ) ;
#4065 = EDGE_CURVE ( 'NONE', #3862, #2878, #1687, .T. ) ;
#4066 = ORIENTED_EDGE ( 'NONE', *, *, #5051, .T. ) ;
#4067 = AXIS2_PLACEMENT_3D ( 'NONE', #738, #3268, #4951 ) ;
#4068 = DIRECTION ( 'NONE',  ( -0.000000000000000000, -1.000000000000000000, -0.000000000000000000 ) ) ;
#4069 = VECTOR ( 'NONE', #3356, 1000.000000000000000 ) ;
#4070 = DIRECTION ( 'NONE',  ( 0.000000000000000000, 0.000000000000000000, 1.000000000000000000 ) ) ;
#4071 = CIRCLE ( 'NONE', #1416, 0.7500000000000006661 ) ;
#4072 = CARTESIAN_POINT ( 'NONE',  ( 16.12250708506317309, 2.500000000000000000, -22.50187643836395424 ) ) ;
#4073 = FACE_BOUND ( 'NONE', #621, .T. ) ;
#4074 = CARTESIAN_POINT ( 'NONE',  ( -27.99999999999999645, 0.000000000000000000, 29.99999999999999645 ) ) ;
#4075 = CARTESIAN_POINT ( 'NONE',  ( 25.00000000000001066, 2.500000000000000000, -5.000000000000007994 ) ) ;
#4076 = DIRECTION ( 'NONE',  ( -0.000000000000000000, -1.000000000000000000, 0.000000000000000000 ) ) ;
#4077 = CARTESIAN_POINT ( 'NONE',  ( 11.73531754730534793, 2.600000000000000089, 20.32616623488780050 ) ) ;
#4078 = CARTESIAN_POINT ( 'NONE',  ( 25.00000000000001066, 4.000000000000000000, -5.000000000000007994 ) ) ;
#4079 = EDGE_CURVE ( 'NONE', #1, #3259, #3269, .T. ) ;
#4080 = EDGE_CURVE ( 'NONE', #201, #4497, #173, .T. ) ;
#4081 = VERTEX_POINT ( 'NONE', #3609 ) ;
#4082 = DIRECTION ( 'NONE',  ( 0.000000000000000000, 1.000000000000000000, 0.000000000000000000 ) ) ;
#4083 = DIRECTION ( 'NONE',  ( -0.000000000000000000, 1.000000000000000000, -0.000000000000000000 ) ) ;
#4084 = ORIENTED_EDGE ( 'NONE', *, *, #885, .T. ) ;
#4085 = LINE ( 'NONE', #2055, #4447 ) ;
#4086 = DIRECTION ( 'NONE',  ( -0.000000000000000000, -1.000000000000000000, -0.000000000000000000 ) ) ;
#4087 = DIRECTION ( 'NONE',  ( -0.000000000000000000, 1.000000000000000000, -0.000000000000000000 ) ) ;
#4088 = ORIENTED_EDGE ( 'NONE', *, *, #3082, .F. ) ;
#4089 = ORIENTED_EDGE ( 'NONE', *, *, #5083, .F. ) ;
#4090 = ORIENTED_EDGE ( 'NONE', *, *, #5257, .T. ) ;
#4091 = DIRECTION ( 'NONE',  ( -9.819189486661174428E-16, 0.000000000000000000, -1.000000000000000000 ) ) ;
#4092 = DIRECTION ( 'NONE',  ( -0.000000000000000000, -1.000000000000000000, -0.000000000000000000 ) ) ;
#4093 = ORIENTED_EDGE ( 'NONE', *, *, #1332, .F. ) ;
#4094 = EDGE_CURVE ( 'NONE', #1851, #1371, #5482, .T. ) ;
#4095 = CARTESIAN_POINT ( 'NONE',  ( 3.999999999999991562, 4.000000000000000000, 23.06010309552283033 ) ) ;
#4096 = FACE_OUTER_BOUND ( 'NONE', #5076, .T. ) ;
#4097 = CARTESIAN_POINT ( 'NONE',  ( 15.84901771537212589, 2.500000000000000000, -4.951693672147772673 ) ) ;
#4098 = CARTESIAN_POINT ( 'NONE',  ( 3.499999999999999556, 3.500000000000006661, 5.699999999999998401 ) ) ;
#4099 = CARTESIAN_POINT ( 'NONE',  ( 18.43081293235504248, 0.000000000000000000, 9.121049864630185411 ) ) ;
#4100 = ORIENTED_EDGE ( 'NONE', *, *, #5136, .T. ) ;
#4101 = VECTOR ( 'NONE', #2946, 1000.000000000000114 ) ;
#4102 = ORIENTED_EDGE ( 'NONE', *, *, #3651, .F. ) ;
#4103 = CARTESIAN_POINT ( 'NONE',  ( 22.55065473270367704, 2.500000000000000000, 6.137998305772235597 ) ) ;
#4104 = DIRECTION ( 'NONE',  ( -1.000000000000000000, 0.000000000000000000, -1.508455196501568866E-15 ) ) ;
#4105 = VECTOR ( 'NONE', #243, 1000.000000000000000 ) ;
#4106 = CIRCLE ( 'NONE', #3401, 6.000000000000005329 ) ;
#4107 = EDGE_CURVE ( 'NONE', #1371, #5198, #1872, .T. ) ;
#4108 = EDGE_CURVE ( 'NONE', #2641, #3556, #5125, .T. ) ;
#4109 = ORIENTED_EDGE ( 'NONE', *, *, #1813, .T. ) ;
#4110 = CARTESIAN_POINT ( 'NONE',  ( 14.00000000000001066, 2.299999999999999822, -29.50000000000000355 ) ) ;
#4111 = DIRECTION ( 'NONE',  ( 0.000000000000000000, 0.000000000000000000, 1.000000000000000000 ) ) ;
#4112 = ORIENTED_EDGE ( 'NONE', *, *, #3195, .F. ) ;
#4113 = ORIENTED_EDGE ( 'NONE', *, *, #603, .T. ) ;
#4114 = ORIENTED_EDGE ( 'NONE', *, *, #1594, .T. ) ;
#4115 = ORIENTED_EDGE ( 'NONE', *, *, #620, .F. ) ;
#4116 = DIRECTION ( 'NONE',  ( 0.000000000000000000, 0.000000000000000000, -1.000000000000000000 ) ) ;
#4117 = AXIS2_PLACEMENT_3D ( 'NONE', #4214, #5457, #1671 ) ;
#4118 = DIRECTION ( 'NONE',  ( 0.000000000000000000, 0.000000000000000000, 1.000000000000000000 ) ) ;
#4119 = ORIENTED_EDGE ( 'NONE', *, *, #4514, .T. ) ;
#4120 = AXIS2_PLACEMENT_3D ( 'NONE', #5441, #5386, #3260 ) ;
#4121 = FACE_OUTER_BOUND ( 'NONE', #2236, .T. ) ;
#4122 = DIRECTION ( 'NONE',  ( 0.000000000000000000, 1.000000000000000000, 0.000000000000000000 ) ) ;
#4123 = FACE_OUTER_BOUND ( 'NONE', #82, .T. ) ;
#4124 = DIRECTION ( 'NONE',  ( 0.000000000000000000, 0.000000000000000000, -1.000000000000000000 ) ) ;
#4125 = EDGE_CURVE ( 'NONE', #3101, #4133, #1428, .T. ) ;
#4126 = DIRECTION ( 'NONE',  ( 0.000000000000000000, 0.000000000000000000, -1.000000000000000000 ) ) ;
#4127 = EDGE_LOOP ( 'NONE', ( #1847, #3551, #3701, #4529 ) ) ;
#4128 = CYLINDRICAL_SURFACE ( 'NONE', #1894, 2.649999999999999467 ) ;
#4129 = LINE ( 'NONE', #3223, #4475 ) ;
#4130 = ORIENTED_EDGE ( 'NONE', *, *, #2097, .T. ) ;
#4131 = CARTESIAN_POINT ( 'NONE',  ( 14.68220808441862779, 0.000000000000000000, -3.086605125961786378 ) ) ;
#4132 = DIRECTION ( 'NONE',  ( 0.000000000000000000, 0.000000000000000000, 1.000000000000000000 ) ) ;
#4133 = VERTEX_POINT ( 'NONE', #5323 ) ;
#4134 = ORIENTED_EDGE ( 'NONE', *, *, #5428, .F. ) ;
#4135 = CIRCLE ( 'NONE', #152, 1.600000000000000755 ) ;
#4136 = EDGE_LOOP ( 'NONE', ( #5447, #4627, #420, #4567, #1683, #4381, #1752, #1272, #4352 ) ) ;
#4137 = ORIENTED_EDGE ( 'NONE', *, *, #2385, .T. ) ;
#4138 = CARTESIAN_POINT ( 'NONE',  ( 8.749999999999998224, 1.250000000000000222, 18.09999999999999787 ) ) ;
#4139 = CARTESIAN_POINT ( 'NONE',  ( 6.473141571295768060, 2.600000000000000089, 27.82142902930395678 ) ) ;
#4140 = AXIS2_PLACEMENT_3D ( 'NONE', #2087, #5064, #5174 ) ;
#4141 = VERTEX_POINT ( 'NONE', #2314 ) ;
#4142 = AXIS2_PLACEMENT_3D ( 'NONE', #2629, #4632, #3412 ) ;
#4143 = EDGE_CURVE ( 'NONE', #1035, #272, #4002, .T. ) ;
#4144 = EDGE_CURVE ( 'NONE', #5106, #4712, #1089, .T. ) ;
#4145 = ORIENTED_EDGE ( 'NONE', *, *, #450, .T. ) ;
#4146 = DIRECTION ( 'NONE',  ( 1.000000000000000000, 0.000000000000000000, -0.000000000000000000 ) ) ;
#4147 = CIRCLE ( 'NONE', #1942, 25.00000000000000711 ) ;
#4148 = VECTOR ( 'NONE', #5285, 1000.000000000000000 ) ;
#4149 = CARTESIAN_POINT ( 'NONE',  ( 8.107641090649757132, 2.600000000000000089, 22.42060621367073736 ) ) ;
#4150 = AXIS2_PLACEMENT_3D ( 'NONE', #5134, #2613, #505 ) ;
#4151 = CARTESIAN_POINT ( 'NONE',  ( 7.223141571295758290, 2.600000000000000089, 29.12046713498061123 ) ) ;
#4152 = CARTESIAN_POINT ( 'NONE',  ( 18.25803874804651628, 2.500000000000000000, -1.511255086134002168 ) ) ;
#4153 = AXIS2_PLACEMENT_3D ( 'NONE', #4854, #1455, #2341 ) ;
#4154 = DIRECTION ( 'NONE',  ( -0.000000000000000000, -1.000000000000000000, -0.000000000000000000 ) ) ;
#4155 = EDGE_CURVE ( 'NONE', #389, #3575, #4860, .T. ) ;
#4156 = VERTEX_POINT ( 'NONE', #1004 ) ;
#4157 = CARTESIAN_POINT ( 'NONE',  ( 4.500000000000000000, 3.499999999999999556, 26.96887112585072188 ) ) ;
#4158 = CARTESIAN_POINT ( 'NONE',  ( 28.00000000000000711, 2.299999999999999822, -2.204915028125264076 ) ) ;
#4159 = ORIENTED_EDGE ( 'NONE', *, *, #4094, .F. ) ;
#4160 = FACE_OUTER_BOUND ( 'NONE', #1095, .T. ) ;
#4161 = FACE_OUTER_BOUND ( 'NONE', #2932, .T. ) ;
#4162 = LINE ( 'NONE', #5435, #818 ) ;
#4163 = ORIENTED_EDGE ( 'NONE', *, *, #748, .T. ) ;
#4164 = ORIENTED_EDGE ( 'NONE', *, *, #3992, .T. ) ;
#4165 = ORIENTED_EDGE ( 'NONE', *, *, #4992, .T. ) ;
#4166 = VERTEX_POINT ( 'NONE', #4473 ) ;
#4167 = EDGE_LOOP ( 'NONE', ( #5432, #2329, #3442, #1087 ) ) ;
#4168 = CARTESIAN_POINT ( 'NONE',  ( 18.00000000000001066, 4.000000000000000000, 29.06173769148989550 ) ) ;
#4169 = CARTESIAN_POINT ( 'NONE',  ( 21.00000000000000355, 0.000000000000000000, 26.00000000000000355 ) ) ;
#4170 = ORIENTED_EDGE ( 'NONE', *, *, #896, .T. ) ;
#4171 = DIRECTION ( 'NONE',  ( -1.000000000000000000, 0.000000000000000000, -1.508455196501570246E-15 ) ) ;
#4172 = ORIENTED_EDGE ( 'NONE', *, *, #4011, .T. ) ;
#4173 = CARTESIAN_POINT ( 'NONE',  ( 9.500000000000007105, 2.600000000000000089, -27.30000000000000071 ) ) ;
#4174 = ADVANCED_FACE ( 'NONE', ( #4439 ), #2690, .F. ) ;
#4175 = EDGE_CURVE ( 'NONE', #4914, #4388, #1057, .T. ) ;
#4176 = FACE_OUTER_BOUND ( 'NONE', #1768, .T. ) ;
#4177 = EDGE_CURVE ( 'NONE', #3831, #1402, #2303, .T. ) ;
#4178 = CYLINDRICAL_SURFACE ( 'NONE', #469, 4.000000000000000888 ) ;
#4179 = LINE ( 'NONE', #5422, #2681 ) ;
#4180 = CIRCLE ( 'NONE', #4012, 6.000000000000003553 ) ;
#4181 = CARTESIAN_POINT ( 'NONE',  ( 3.499999999999999556, 3.500000000000006661, 5.700000000000000178 ) ) ;
#4182 = ORIENTED_EDGE ( 'NONE', *, *, #4460, .F. ) ;
#4183 = ORIENTED_EDGE ( 'NONE', *, *, #871, .T. ) ;
#4184 = DIRECTION ( 'NONE',  ( 0.000000000000000000, 0.000000000000000000, 1.000000000000000000 ) ) ;
#4185 = FACE_OUTER_BOUND ( 'NONE', #4664, .T. ) ;
#4186 = VERTEX_POINT ( 'NONE', #3722 ) ;
#4187 = DIRECTION ( 'NONE',  ( 0.000000000000000000, 0.000000000000000000, 1.000000000000000000 ) ) ;
#4188 = AXIS2_PLACEMENT_3D ( 'NONE', #4929, #2365, #274 ) ;
#4189 = CARTESIAN_POINT ( 'NONE',  ( 25.00000000000001066, 2.299999999999999822, -5.000000000000007994 ) ) ;
#4190 = EDGE_LOOP ( 'NONE', ( #1441, #3719, #1599, #5137 ) ) ;
#4191 = ORIENTED_EDGE ( 'NONE', *, *, #477, .T. ) ;
#4192 = COLOUR_RGB ( '',1.000000000000000000, 1.000000000000000000, 1.000000000000000000 ) ;
#4193 = AXIS2_PLACEMENT_3D ( 'NONE', #2909, #3732, #4535 ) ;
#4194 = VERTEX_POINT ( 'NONE', #4499 ) ;
#4195 = ADVANCED_FACE ( 'NONE', ( #2474 ), #360, .F. ) ;
#4196 = ORIENTED_EDGE ( 'NONE', *, *, #1949, .F. ) ;
#4197 = DIRECTION ( 'NONE',  ( 0.000000000000000000, 0.000000000000000000, -1.000000000000000000 ) ) ;
#4198 = LINE ( 'NONE', #4584, #2463 ) ;
#4199 = AXIS2_PLACEMENT_3D ( 'NONE', #1577, #1634, #2873 ) ;
#4200 = VERTEX_POINT ( 'NONE', #4987 ) ;
#4201 = DIRECTION ( 'NONE',  ( 0.000000000000000000, 0.000000000000000000, -1.000000000000000000 ) ) ;
#4202 = VERTEX_POINT ( 'NONE', #308 ) ;
#4203 = DIRECTION ( 'NONE',  ( -0.000000000000000000, -1.000000000000000000, -0.000000000000000000 ) ) ;
#4204 = CIRCLE ( 'NONE', #666, 1.100000000000000311 ) ;
#4205 = CARTESIAN_POINT ( 'NONE',  ( 16.00000000000001066, 0.000000000000000000, -26.50000000000000355 ) ) ;
#4206 = ADVANCED_FACE ( 'NONE', ( #1595 ), #4935, .F. ) ;
#4207 = LINE ( 'NONE', #3325, #1180 ) ;
#4208 = DIRECTION ( 'NONE',  ( -0.000000000000000000, -1.000000000000000000, -0.000000000000000000 ) ) ;
#4209 = CARTESIAN_POINT ( 'NONE',  ( 27.50000000000002842, 4.000000000000000000, -7.295084971874749691 ) ) ;
#4210 = ORIENTED_EDGE ( 'NONE', *, *, #4220, .T. ) ;
#4211 = EDGE_CURVE ( 'NONE', #5346, #1756, #2396, .T. ) ;
#4212 = EDGE_CURVE ( 'NONE', #3547, #3124, #1596, .T. ) ;
#4213 = DIRECTION ( 'NONE',  ( 1.000000000000000000, 0.000000000000000000, 0.000000000000000000 ) ) ;
#4214 = CARTESIAN_POINT ( 'NONE',  ( 16.29999999999999361, 2.500000000000000000, 20.30726231784357694 ) ) ;
#4215 = ORIENTED_EDGE ( 'NONE', *, *, #4295, .F. ) ;
#4216 = FACE_OUTER_BOUND ( 'NONE', #4246, .T. ) ;
#4217 = DIRECTION ( 'NONE',  ( 0.000000000000000000, 1.000000000000000000, 0.000000000000000000 ) ) ;
#4218 = CYLINDRICAL_SURFACE ( 'NONE', #2866, 0.7500000000000006661 ) ;
#4219 = ORIENTED_EDGE ( 'NONE', *, *, #787, .T. ) ;
#4220 = EDGE_CURVE ( 'NONE', #1895, #3979, #4603, .T. ) ;
#4221 = ORIENTED_EDGE ( 'NONE', *, *, #2500, .F. ) ;
#4222 = ORIENTED_EDGE ( 'NONE', *, *, #3431, .T. ) ;
#4223 = DIRECTION ( 'NONE',  ( -0.000000000000000000, -1.000000000000000000, 0.000000000000000000 ) ) ;
#4224 = CARTESIAN_POINT ( 'NONE',  ( 12.94999999999999751, 0.000000000000000000, 10.07078063138876622 ) ) ;
#4225 = ORIENTED_EDGE ( 'NONE', *, *, #1949, .T. ) ;
#4226 = ORIENTED_EDGE ( 'NONE', *, *, #2082, .F. ) ;
#4227 = DIRECTION ( 'NONE',  ( 0.000000000000000000, -1.000000000000000000, 0.000000000000000000 ) ) ;
#4228 = ORIENTED_EDGE ( 'NONE', *, *, #4404, .T. ) ;
#4229 = CIRCLE ( 'NONE', #2400, 0.7500000000000006661 ) ;
#4230 = DIRECTION ( 'NONE',  ( 0.000000000000000000, 1.000000000000000000, 0.000000000000000000 ) ) ;
#4231 = AXIS2_PLACEMENT_3D ( 'NONE', #1277, #4660, #3827 ) ;
#4232 = CARTESIAN_POINT ( 'NONE',  ( 4.543141571295792325, 2.600000000000000089, 24.47857097069600130 ) ) ;
#4233 = CARTESIAN_POINT ( 'NONE',  ( 8.749999999999966249, 2.600000000000000089, 1.319898296938867541E-14 ) ) ;
#4234 = CIRCLE ( 'NONE', #1937, 2.199999999999999734 ) ;
#4235 = VECTOR ( 'NONE', #5181, 1000.000000000000000 ) ;
#4236 = ORIENTED_EDGE ( 'NONE', *, *, #4917, .F. ) ;
#4237 = CARTESIAN_POINT ( 'NONE',  ( 11.20685842870419258, 2.600000000000000089, 26.82046713498064250 ) ) ;
#4238 = CARTESIAN_POINT ( 'NONE',  ( 12.94999999999999751, 0.000000000000000000, 22.99999999999999645 ) ) ;
#4239 = AXIS2_PLACEMENT_3D ( 'NONE', #935, #5112, #2215 ) ;
#4240 = VECTOR ( 'NONE', #3025, 1000.000000000000000 ) ;
#4241 = CARTESIAN_POINT ( 'NONE',  ( 6.473141571295768060, 4.000000000000000000, 27.82142902930395678 ) ) ;
#4242 = ORIENTED_EDGE ( 'NONE', *, *, #4681, .F. ) ;
#4243 = CARTESIAN_POINT ( 'NONE',  ( 24.00000000000000355, 0.000000000000000000, 26.00000000000000000 ) ) ;
#4244 = AXIS2_PLACEMENT_3D ( 'NONE', #2287, #1955, #5245 ) ;
#4245 = CARTESIAN_POINT ( 'NONE',  ( 20.50000000000002842, 4.000000000000000000, -28.00000000000000355 ) ) ;
#4246 = EDGE_LOOP ( 'NONE', ( #412, #2086, #2631, #3361 ) ) ;
#4247 = CARTESIAN_POINT ( 'NONE',  ( 18.50000000000001066, 2.299999999999999822, 29.49999999999999645 ) ) ;
#4248 = EDGE_CURVE ( 'NONE', #4850, #2924, #387, .T. ) ;
#4249 = EDGE_CURVE ( 'NONE', #799, #2749, #1317, .T. ) ;
#4250 = FACE_OUTER_BOUND ( 'NONE', #2001, .T. ) ;
#4251 = ORIENTED_EDGE ( 'NONE', *, *, #4965, .T. ) ;
#4252 = ORIENTED_EDGE ( 'NONE', *, *, #1504, .T. ) ;
#4253 = ORIENTED_EDGE ( 'NONE', *, *, #404, .T. ) ;
#4254 = DIRECTION ( 'NONE',  ( -1.000000000000000000, 0.000000000000000000, 0.000000000000000000 ) ) ;
#4255 = CARTESIAN_POINT ( 'NONE',  ( 8.151858428704230164, 4.000000000000000000, 21.52905191785770000 ) ) ;
#4256 = ORIENTED_EDGE ( 'NONE', *, *, #5123, .T. ) ;
#4257 = LINE ( 'NONE', #5077, #1401 ) ;
#4258 = ORIENTED_EDGE ( 'NONE', *, *, #2356, .T. ) ;
#4259 = CARTESIAN_POINT ( 'NONE',  ( 23.00000000000001066, 2.299999999999999822, 14.99999999999999645 ) ) ;
#4260 =( BOUNDED_CURVE ( )  B_SPLINE_CURVE ( 3, ( #1073, #5308, #2755, #4394 ),
 .UNSPECIFIED., .F., .T. ) 
 B_SPLINE_CURVE_WITH_KNOTS ( ( 4, 4 ),
 ( 3.141592653589793116, 4.712388980384647041 ),
 .UNSPECIFIED. ) 
 CURVE ( )  GEOMETRIC_REPRESENTATION_ITEM ( )  RATIONAL_B_SPLINE_CURVE ( ( 1.000000000000000000, 0.8047378541243750405, 0.8047378541243750405, 1.000000000000000000 ) ) 
 REPRESENTATION_ITEM ( '' )  );
#4261 = VERTEX_POINT ( 'NONE', #4573 ) ;
#4262 = DIRECTION ( 'NONE',  ( 0.000000000000000000, 0.000000000000000000, -1.000000000000000000 ) ) ;
#4263 = DIRECTION ( 'NONE',  ( 1.000000000000000000, 0.000000000000000000, -0.000000000000000000 ) ) ;
#4264 = FACE_OUTER_BOUND ( 'NONE', #1164, .T. ) ;
#4265 = CARTESIAN_POINT ( 'NONE',  ( 25.00000000000001066, 4.000000000000000000, -5.000000000000007994 ) ) ;
#4266 = DIRECTION ( 'NONE',  ( -0.000000000000000000, -1.000000000000000000, 0.000000000000000000 ) ) ;
#4267 = ORIENTED_EDGE ( 'NONE', *, *, #3805, .T. ) ;
#4268 = DIRECTION ( 'NONE',  ( -0.000000000000000000, 1.000000000000000000, -0.000000000000000000 ) ) ;
#4269 = CARTESIAN_POINT ( 'NONE',  ( 21.00000000000000355, 0.000000000000000000, 29.99999999999999289 ) ) ;
#4270 = ORIENTED_EDGE ( 'NONE', *, *, #1470, .T. ) ;
#4271 = VECTOR ( 'NONE', #1292, 1000.000000000000000 ) ;
#4272 = ORIENTED_EDGE ( 'NONE', *, *, #2824, .T. ) ;
#4273 = LINE ( 'NONE', #531, #1802 ) ;
#4274 = ADVANCED_FACE ( 'NONE', ( #4161 ), #2888, .T. ) ;
#4275 = AXIS2_PLACEMENT_3D ( 'NONE', #138, #5155, #5217 ) ;
#4276 = ORIENTED_EDGE ( 'NONE', *, *, #1684, .T. ) ;
#4277 = DIRECTION ( 'NONE',  ( -0.000000000000000000, -1.000000000000000000, -0.000000000000000000 ) ) ;
#4278 = DIRECTION ( 'NONE',  ( 0.000000000000000000, 1.000000000000000000, 0.000000000000000000 ) ) ;
#4279 = ORIENTED_EDGE ( 'NONE', *, *, #1685, .F. ) ;
#4280 = FACE_OUTER_BOUND ( 'NONE', #5325, .T. ) ;
#4281 = AXIS2_PLACEMENT_3D ( 'NONE', #2576, #3910, #3463 ) ;
#4282 = ORIENTED_EDGE ( 'NONE', *, *, #2707, .T. ) ;
#4283 = ORIENTED_EDGE ( 'NONE', *, *, #1849, .T. ) ;
#4284 = ADVANCED_FACE ( 'NONE', ( #2862 ), #3706, .T. ) ;
#4285 = DIRECTION ( 'NONE',  ( -0.000000000000000000, 1.000000000000000000, -0.000000000000000000 ) ) ;
#4286 = ORIENTED_EDGE ( 'NONE', *, *, #4442, .F. ) ;
#4287 = CARTESIAN_POINT ( 'NONE',  ( 21.00000000000000355, 0.000000000000000000, 26.00000000000000000 ) ) ;
#4288 = CIRCLE ( 'NONE', #4543, 2.200000000000000178 ) ;
#4289 = DIRECTION ( 'NONE',  ( -0.000000000000000000, -1.000000000000000000, -0.000000000000000000 ) ) ;
#4290 = VECTOR ( 'NONE', #681, 1000.000000000000000 ) ;
#4291 = EDGE_CURVE ( 'NONE', #1380, #614, #960, .T. ) ;
#4292 = CARTESIAN_POINT ( 'NONE',  ( 7.499999999999996447, 2.600000000000000089, 27.64999999999999147 ) ) ;
#4293 = DIRECTION ( 'NONE',  ( 0.000000000000000000, 0.000000000000000000, -1.000000000000000000 ) ) ;
#4294 = ORIENTED_EDGE ( 'NONE', *, *, #4054, .F. ) ;
#4295 = EDGE_CURVE ( 'NONE', #4942, #1542, #4063, .T. ) ;
#4296 = DIRECTION ( 'NONE',  ( 0.000000000000000000, 1.000000000000000000, 0.000000000000000000 ) ) ;
#4297 = AXIS2_PLACEMENT_3D ( 'NONE', #2374, #4068, #4862 ) ;
#4298 = DIRECTION ( 'NONE',  ( 0.8660254037844425934, 0.000000000000000000, -0.4999999999999932832 ) ) ;
#4299 = EDGE_LOOP ( 'NONE', ( #1816, #2372, #4084, #4670 ) ) ;
#4300 = CARTESIAN_POINT ( 'NONE',  ( 22.23018100228647853, 0.000000000000000000, -9.107079528758690756 ) ) ;
#4301 = VERTEX_POINT ( 'NONE', #3773 ) ;
#4302 = DIRECTION ( 'NONE',  ( 0.000000000000000000, 0.000000000000000000, 1.000000000000000000 ) ) ;
#4303 = ORIENTED_EDGE ( 'NONE', *, *, #3531, .T. ) ;
#4304 = LINE ( 'NONE', #416, #3595 ) ;
#4305 = CARTESIAN_POINT ( 'NONE',  ( 16.00000000000001066, 0.000000000000000000, -26.50000000000000355 ) ) ;
#4306 = VERTEX_POINT ( 'NONE', #1651 ) ;
#4307 = LINE ( 'NONE', #1899, #3785 ) ;
#4308 = ORIENTED_EDGE ( 'NONE', *, *, #2428, .F. ) ;
#4309 = ORIENTED_EDGE ( 'NONE', *, *, #2074, .F. ) ;
#4310 = DIRECTION ( 'NONE',  ( 0.000000000000000000, 1.000000000000000000, 0.000000000000000000 ) ) ;
#4311 = ORIENTED_EDGE ( 'NONE', *, *, #4884, .T. ) ;
#4312 = LINE ( 'NONE', #3816, #47 ) ;
#4313 = FACE_OUTER_BOUND ( 'NONE', #2857, .T. ) ;
#4314 = ADVANCED_FACE ( 'NONE', ( #5462 ), #3308, .F. ) ;
#4315 = EDGE_CURVE ( 'NONE', #5072, #4566, #2819, .T. ) ;
#4316 = DIRECTION ( 'NONE',  ( 0.000000000000000000, 1.000000000000000000, 0.000000000000000000 ) ) ;
#4317 = AXIS2_PLACEMENT_3D ( 'NONE', #2640, #536, #5191 ) ;
#4318 = CARTESIAN_POINT ( 'NONE',  ( 13.50000000000001066, 3.499999999999999556, 29.99999999999999645 ) ) ;
#4319 = CARTESIAN_POINT ( 'NONE',  ( 19.00000000000001066, 4.000000000000000000, -29.50000000000002132 ) ) ;
#4320 = VECTOR ( 'NONE', #1803, 1000.000000000000114 ) ;
#4321 = CIRCLE ( 'NONE', #772, 11.80000000000000604 ) ;
#4322 = ORIENTED_EDGE ( 'NONE', *, *, #2710, .F. ) ;
#4323 = CARTESIAN_POINT ( 'NONE',  ( 24.00000000000001066, 4.000000000000000000, -26.00000000000000355 ) ) ;
#4324 = CARTESIAN_POINT ( 'NONE',  ( 19.00000000000001066, 4.000000000000000000, -28.00000000000000355 ) ) ;
#4325 = CIRCLE ( 'NONE', #1049, 2.649999999999999467 ) ;
#4326 = CONICAL_SURFACE ( 'NONE', #1601, 1.500000000000015099, 0.7853981633974396193 ) ;
#4327 = VECTOR ( 'NONE', #1947, 1000.000000000000000 ) ;
#4328 = DIRECTION ( 'NONE',  ( 0.000000000000000000, 1.000000000000000000, 0.000000000000000000 ) ) ;
#4329 = CONICAL_SURFACE ( 'NONE', #607, 0.5000000000000004441, 0.7853981633974473908 ) ;
#4330 = ORIENTED_EDGE ( 'NONE', *, *, #1832, .T. ) ;
#4331 = ORIENTED_EDGE ( 'NONE', *, *, #139, .T. ) ;
#4332 = ORIENTED_EDGE ( 'NONE', *, *, #1490, .F. ) ;
#4333 = CARTESIAN_POINT ( 'NONE',  ( 7.499999999999996447, 1.000000000000000000, 24.99999999999998934 ) ) ;
#4334 = FACE_OUTER_BOUND ( 'NONE', #4471, .T. ) ;
#4335 = DIRECTION ( 'NONE',  ( 0.000000000000000000, 1.000000000000000000, 0.000000000000000000 ) ) ;
#4336 = VERTEX_POINT ( 'NONE', #280 ) ;
#4337 = ORIENTED_EDGE ( 'NONE', *, *, #5203, .F. ) ;
#4338 = ORIENTED_EDGE ( 'NONE', *, *, #497, .T. ) ;
#4339 = CARTESIAN_POINT ( 'NONE',  ( 13.50000000000001066, 2.299999999999999822, 29.29508497187472926 ) ) ;
#4340 = CARTESIAN_POINT ( 'NONE',  ( 26.00000000000000355, 4.000000000000000000, 20.99999999999999645 ) ) ;
#4341 = EDGE_CURVE ( 'NONE', #4202, #2504, #5353, .T. ) ;
#4342 = DIRECTION ( 'NONE',  ( 0.000000000000000000, 0.000000000000000000, -1.000000000000000000 ) ) ;
#4343 = EDGE_CURVE ( 'NONE', #3556, #3547, #3351, .T. ) ;
#4344 = DIRECTION ( 'NONE',  ( 0.000000000000000000, 0.000000000000000000, -1.000000000000000000 ) ) ;
#4345 = EDGE_CURVE ( 'NONE', #1950, #1653, #1252, .T. ) ;
#4346 = LINE ( 'NONE', #2530, #958 ) ;
#4347 = CARTESIAN_POINT ( 'NONE',  ( 4.543141571295792325, 4.000000000000000000, 24.47857097069600130 ) ) ;
#4348 = ORIENTED_EDGE ( 'NONE', *, *, #4791, .T. ) ;
#4349 = DIRECTION ( 'NONE',  ( 0.000000000000000000, 0.000000000000000000, 1.000000000000000000 ) ) ;
#4350 = DIRECTION ( 'NONE',  ( -0.000000000000000000, -1.000000000000000000, 0.000000000000000000 ) ) ;
#4351 = DIRECTION ( 'NONE',  ( 0.000000000000000000, 1.000000000000000000, -0.000000000000000000 ) ) ;
#4352 = ORIENTED_EDGE ( 'NONE', *, *, #3878, .T. ) ;
#4353 = DIRECTION ( 'NONE',  ( 1.000000000000000000, 0.000000000000000000, 0.000000000000000000 ) ) ;
#4354 = VERTEX_POINT ( 'NONE', #4300 ) ;
#4355 = CARTESIAN_POINT ( 'NONE',  ( 16.00000000000001066, 0.000000000000000000, -28.04999999999999716 ) ) ;
#4356 = CARTESIAN_POINT ( 'NONE',  ( 16.00000000000001066, 2.299999999999999822, 26.49999999999999289 ) ) ;
#4357 = DIRECTION ( 'NONE',  ( -0.7071067811865474617, -0.7071067811865474617, -0.000000000000000000 ) ) ;
#4358 = ORIENTED_EDGE ( 'NONE', *, *, #930, .T. ) ;
#4359 = ORIENTED_EDGE ( 'NONE', *, *, #404, .F. ) ;
#4360 = EDGE_CURVE ( 'NONE', #3026, #2144, #1703, .T. ) ;
#4361 = ORIENTED_EDGE ( 'NONE', *, *, #4979, .F. ) ;
#4362 = CYLINDRICAL_SURFACE ( 'NONE', #2265, 1.100000000000001199 ) ;
#4363 = DIRECTION ( 'NONE',  ( -0.000000000000000000, 1.000000000000000000, -0.000000000000000000 ) ) ;
#4364 = PRODUCT_DEFINITION_FORMATION_WITH_SPECIFIED_SOURCE ( '任何', '', #4520, .NOT_KNOWN. ) ;
#4365 = AXIS2_PLACEMENT_3D ( 'NONE', #434, #382, #4625 ) ;
#4366 = ORIENTED_EDGE ( 'NONE', *, *, #673, .F. ) ;
#4367 = VECTOR ( 'NONE', #3655, 1000.000000000000114 ) ;
#4368 = CYLINDRICAL_SURFACE ( 'NONE', #2430, 1.100000000000000311 ) ;
#4369 = VECTOR ( 'NONE', #399, 1000.000000000000000 ) ;
#4370 = DIRECTION ( 'NONE',  ( -0.000000000000000000, -1.000000000000000000, -0.000000000000000000 ) ) ;
#4371 = DIRECTION ( 'NONE',  ( 0.000000000000000000, 1.000000000000000000, 0.000000000000000000 ) ) ;
#4372 = DIRECTION ( 'NONE',  ( -0.000000000000000000, -1.000000000000000000, -0.000000000000000000 ) ) ;
#4373 = VERTEX_POINT ( 'NONE', #1306 ) ;
#4374 = FACE_OUTER_BOUND ( 'NONE', #3339, .T. ) ;
#4375 = DIRECTION ( 'NONE',  ( -0.000000000000000000, -1.000000000000000000, -0.000000000000000000 ) ) ;
#4376 = VECTOR ( 'NONE', #724, 1000.000000000000227 ) ;
#4377 = CARTESIAN_POINT ( 'NONE',  ( 16.00000000000001066, 2.500000000000000000, -26.50000000000000355 ) ) ;
#4378 = EDGE_CURVE ( 'NONE', #1862, #4186, #514, .T. ) ;
#4379 = EDGE_CURVE ( 'NONE', #3151, #1393, #1365, .T. ) ;
#4380 = CIRCLE ( 'NONE', #665, 4.000000000000000000 ) ;
#4381 = ORIENTED_EDGE ( 'NONE', *, *, #1239, .T. ) ;
#4382 = DIRECTION ( 'NONE',  ( 0.000000000000000000, 1.000000000000000000, 0.000000000000000000 ) ) ;
#4383 = ORIENTED_EDGE ( 'NONE', *, *, #5184, .T. ) ;
#4384 = CARTESIAN_POINT ( 'NONE',  ( 8.749999999999998224, 4.000000000000000000, 20.29999999999999716 ) ) ;
#4385 = LINE ( 'NONE', #1898, #163 ) ;
#4386 = DIRECTION ( 'NONE',  ( 0.6427876096865432487, 0.000000000000000000, -0.7660444431189747938 ) ) ;
#4387 = ORIENTED_EDGE ( 'NONE', *, *, #3651, .T. ) ;
#4388 = VERTEX_POINT ( 'NONE', #2198 ) ;
#4389 = VERTEX_POINT ( 'NONE', #4688 ) ;
#4390 = CARTESIAN_POINT ( 'NONE',  ( 22.22504112484965333, 2.500000000000000000, -2.119096801136108876 ) ) ;
#4391 = CYLINDRICAL_SURFACE ( 'NONE', #1315, 0.7500000000000006661 ) ;
#4392 = EDGE_CURVE ( 'NONE', #498, #4642, #5385, .T. ) ;
#4393 = AXIS2_PLACEMENT_3D ( 'NONE', #4792, #587, #197 ) ;
#4394 = CARTESIAN_POINT ( 'NONE',  ( 27.50000000000002842, 4.000000000000000000, -7.295084971874749691 ) ) ;
#4395 = FACE_BOUND ( 'NONE', #852, .T. ) ;
#4396 = LINE ( 'NONE', #3649, #2546 ) ;
#4397 = CARTESIAN_POINT ( 'NONE',  ( 27.16666666666667496, 4.000000000000000000, -7.422406975624783243 ) ) ;
#4398 = VECTOR ( 'NONE', #3610, 1000.000000000000000 ) ;
#4399 = ORIENTED_EDGE ( 'NONE', *, *, #5345, .T. ) ;
#4400 = CARTESIAN_POINT ( 'NONE',  ( 8.799999999999998934, 2.250000000000000444, -4.700000000000002842 ) ) ;
#4401 = DIRECTION ( 'NONE',  ( -0.000000000000000000, -1.000000000000000000, -0.000000000000000000 ) ) ;
#4402 = VECTOR ( 'NONE', #359, 1000.000000000000000 ) ;
#4403 = LINE ( 'NONE', #3086, #4235 ) ;
#4404 = EDGE_CURVE ( 'NONE', #2290, #3899, #860, .T. ) ;
#4405 = ORIENTED_EDGE ( 'NONE', *, *, #584, .F. ) ;
#4406 = DIRECTION ( 'NONE',  ( 0.000000000000000000, 0.000000000000000000, 1.000000000000000000 ) ) ;
#4407 = CIRCLE ( 'NONE', #2117, 2.000000000000001776 ) ;
#4408 = AXIS2_PLACEMENT_3D ( 'NONE', #5094, #1279, #3859 ) ;
#4409 = CYLINDRICAL_SURFACE ( 'NONE', #1647, 3.249999999999999556 ) ;
#4410 = EDGE_CURVE ( 'NONE', #3154, #1605, #529, .T. ) ;
#4411 = ADVANCED_FACE ( 'NONE', ( #2579 ), #947, .F. ) ;
#4412 = ORIENTED_EDGE ( 'NONE', *, *, #4107, .F. ) ;
#4413 = CARTESIAN_POINT ( 'NONE',  ( 23.00000000000001066, 2.299999999999999822, 14.99999999999999645 ) ) ;
#4414 = CARTESIAN_POINT ( 'NONE',  ( 24.00000000000001066, 4.000000000000000000, -22.50000000000002487 ) ) ;
#4415 = VECTOR ( 'NONE', #3897, 1000.000000000000000 ) ;
#4416 = AXIS2_PLACEMENT_3D ( 'NONE', #3245, #2050, #2828 ) ;
#4417 = CARTESIAN_POINT ( 'NONE',  ( 27.50000000000001776, 4.000000000000000000, 20.99999999999999645 ) ) ;
#4418 = ORIENTED_EDGE ( 'NONE', *, *, #3539, .F. ) ;
#4419 = ORIENTED_EDGE ( 'NONE', *, *, #3945, .T. ) ;
#4420 = ORIENTED_EDGE ( 'NONE', *, *, #2077, .T. ) ;
#4421 = AXIS2_PLACEMENT_3D ( 'NONE', #4356, #224, #559 ) ;
#4422 = ORIENTED_EDGE ( 'NONE', *, *, #307, .T. ) ;
#4423 = CARTESIAN_POINT ( 'NONE',  ( 8.750000000000007105, 2.600000000000000089, -27.30000000000000426 ) ) ;
#4424 = CARTESIAN_POINT ( 'NONE',  ( 7.000000000000003553, 4.000000000000000000, -25.00000000000000000 ) ) ;
#4425 = LINE ( 'NONE', #4483, #3322 ) ;
#4426 = DIRECTION ( 'NONE',  ( 0.000000000000000000, 0.000000000000000000, -1.000000000000000000 ) ) ;
#4427 = PLANE ( 'NONE',  #4840 ) ;
#4428 = CARTESIAN_POINT ( 'NONE',  ( 14.62797097206541075, 2.500000000000000000, -22.74266898630093792 ) ) ;
#4429 = ORIENTED_EDGE ( 'NONE', *, *, #273, .F. ) ;
#4430 = CARTESIAN_POINT ( 'NONE',  ( 3.499999999999999556, 3.499999999999999556, 24.16976710787182725 ) ) ;
#4431 = CARTESIAN_POINT ( 'NONE',  ( 6.848141571295762731, 2.600000000000000089, 28.47094808214228223 ) ) ;
#4432 = EDGE_CURVE ( 'NONE', #3716, #1245, #2295, .T. ) ;
#4433 = DIRECTION ( 'NONE',  ( -0.000000000000000000, -1.000000000000000000, -0.000000000000000000 ) ) ;
#4434 = ORIENTED_EDGE ( 'NONE', *, *, #1404, .T. ) ;
#4435 = ORIENTED_EDGE ( 'NONE', *, *, #375, .F. ) ;
#4436 = FACE_OUTER_BOUND ( 'NONE', #5262, .T. ) ;
#4437 = DIRECTION ( 'NONE',  ( 0.000000000000000000, 0.000000000000000000, -1.000000000000000000 ) ) ;
#4438 = EDGE_LOOP ( 'NONE', ( #2722, #1701, #956, #4130 ) ) ;
#4439 = FACE_OUTER_BOUND ( 'NONE', #3670, .T. ) ;
#4440 = DIRECTION ( 'NONE',  ( -0.000000000000000000, -1.000000000000000000, -0.000000000000000000 ) ) ;
#4441 = ORIENTED_EDGE ( 'NONE', *, *, #2107, .F. ) ;
#4442 = EDGE_CURVE ( 'NONE', #2305, #4914, #5114, .T. ) ;
#4443 = ORIENTED_EDGE ( 'NONE', *, *, #4460, .T. ) ;
#4444 = CIRCLE ( 'NONE', #2945, 2.200000000000000178 ) ;
#4445 = ADVANCED_FACE ( 'NONE', ( #2172 ), #2141, .T. ) ;
#4446 = ORIENTED_EDGE ( 'NONE', *, *, #3064, .T. ) ;
#4447 = VECTOR ( 'NONE', #3280, 1000.000000000000000 ) ;
#4448 = DIRECTION ( 'NONE',  ( 0.000000000000000000, 1.000000000000000000, 0.000000000000000000 ) ) ;
#4449 = CARTESIAN_POINT ( 'NONE',  ( 19.00000000000000355, 4.000000000000000000, 29.50000000000001066 ) ) ;
#4450 = EDGE_CURVE ( 'NONE', #3556, #4306, #1785, .T. ) ;
#4451 = EDGE_CURVE ( 'NONE', #1067, #2494, #3363, .T. ) ;
#4452 = DIRECTION ( 'NONE',  ( 0.000000000000000000, 1.000000000000000000, 0.000000000000000000 ) ) ;
#4453 = PLANE ( 'NONE',  #996 ) ;
#4454 = CIRCLE ( 'NONE', #1178, 3.499999999999978684 ) ;
#4455 = LINE ( 'NONE', #1130, #1852 ) ;
#4456 = CARTESIAN_POINT ( 'NONE',  ( 18.50000000000001066, 4.000000000000000000, 29.49999999999999645 ) ) ;
#4457 = AXIS2_PLACEMENT_3D ( 'NONE', #664, #2705, #2795 ) ;
#4458 = VECTOR ( 'NONE', #2503, 1000.000000000000000 ) ;
#4459 = VECTOR ( 'NONE', #2916, 1000.000000000000000 ) ;
#4460 = EDGE_CURVE ( 'NONE', #614, #5438, #411, .T. ) ;
#4461 = VERTEX_POINT ( 'NONE', #3802 ) ;
#4462 = DIRECTION ( 'NONE',  ( 0.000000000000000000, 0.000000000000000000, -1.000000000000000000 ) ) ;
#4463 = LINE ( 'NONE', #1582, #32 ) ;
#4464 = VECTOR ( 'NONE', #3352, 1000.000000000000000 ) ;
#4465 = CARTESIAN_POINT ( 'NONE',  ( 6.892358909350245533, 2.600000000000000089, 27.57939378632924843 ) ) ;
#4466 = EDGE_CURVE ( 'NONE', #4566, #5072, #4757, .T. ) ;
#4467 = EDGE_LOOP ( 'NONE', ( #2449, #922 ) ) ;
#4468 = DIRECTION ( 'NONE',  ( -0.000000000000000000, -1.000000000000000000, -0.000000000000000000 ) ) ;
#4469 = CIRCLE ( 'NONE', #1013, 2.649999999999999467 ) ;
#4470 = CARTESIAN_POINT ( 'NONE',  ( 15.84901771537212589, 2.500000000000000000, -4.951693672147772673 ) ) ;
#4471 = EDGE_LOOP ( 'NONE', ( #4383, #4221, #2472, #3969, #4493, #4420, #1627, #2274, #5298, #3462, #511, #334, #4963, #5407, #983, #5095, #1890 ) ) ;
#4472 = DIRECTION ( 'NONE',  ( 0.000000000000000000, 0.000000000000000000, -1.000000000000000000 ) ) ;
#4473 = CARTESIAN_POINT ( 'NONE',  ( 7.499999999999996447, 1.000000000000000000, 27.64999999999999147 ) ) ;
#4474 = VECTOR ( 'NONE', #1853, 1000.000000000000000 ) ;
#4475 = VECTOR ( 'NONE', #1508, 1000.000000000000000 ) ;
#4476 = DIRECTION ( 'NONE',  ( -0.000000000000000000, -1.000000000000000000, 0.000000000000000000 ) ) ;
#4477 = ORIENTED_EDGE ( 'NONE', *, *, #3367, .F. ) ;
#4478 = ORIENTED_EDGE ( 'NONE', *, *, #886, .T. ) ;
#4479 = EDGE_LOOP ( 'NONE', ( #3042, #4359, #3991, #3923, #4966, #1027, #338, #2714 ) ) ;
#4480 = DIRECTION ( 'NONE',  ( 0.000000000000000000, 1.000000000000000000, 0.000000000000000000 ) ) ;
#4481 = DIRECTION ( 'NONE',  ( 0.000000000000000000, 0.000000000000000000, 1.000000000000000000 ) ) ;
#4482 = ADVANCED_FACE ( 'NONE', ( #4250 ), #438, .F. ) ;
#4483 = CARTESIAN_POINT ( 'NONE',  ( 18.00000000000001066, 2.299999999999999822, -29.29508497187474347 ) ) ;
#4484 = CARTESIAN_POINT ( 'NONE',  ( 14.00000000000001066, 2.299999999999999822, 29.06173769148989550 ) ) ;
#4485 = EDGE_CURVE ( 'NONE', #4141, #3414, #4403, .T. ) ;
#4486 = DIRECTION ( 'NONE',  ( 0.000000000000000000, 0.000000000000000000, -1.000000000000000000 ) ) ;
#4487 = CARTESIAN_POINT ( 'NONE',  ( 11.50000000000000000, 4.000000000000000000, 6.000000000000000888 ) ) ;
#4488 = ORIENTED_EDGE ( 'NONE', *, *, #3672, .T. ) ;
#4489 = CARTESIAN_POINT ( 'NONE',  ( 18.00000000000001066, 4.000000000000000000, -29.06173769148989550 ) ) ;
#4490 = LINE ( 'NONE', #3570, #4105 ) ;
#4491 = EDGE_CURVE ( 'NONE', #2398, #4538, #1854, .T. ) ;
#4492 = DIRECTION ( 'NONE',  ( 0.000000000000000000, 1.000000000000000000, 0.000000000000000000 ) ) ;
#4493 = ORIENTED_EDGE ( 'NONE', *, *, #1423, .F. ) ;
#4494 = LINE ( 'NONE', #2711, #3047 ) ;
#4495 = CARTESIAN_POINT ( 'NONE',  ( 0.000000000000000000, 4.000000000000000000, 29.50000000000000711 ) ) ;
#4496 = PRESENTATION_LAYER_ASSIGNMENT (  '', '', ( #4836 ) ) ;
#4497 = VERTEX_POINT ( 'NONE', #1866 ) ;
#4498 = DIRECTION ( 'NONE',  ( 0.000000000000000000, 1.000000000000000000, 0.000000000000000000 ) ) ;
#4499 = CARTESIAN_POINT ( 'NONE',  ( 25.00000000000001066, 4.000000000000000000, -8.250000000000007105 ) ) ;
#4500 = DIRECTION ( 'NONE',  ( -1.000000000000000000, 0.000000000000000000, 0.000000000000000000 ) ) ;
#4501 = VECTOR ( 'NONE', #5459, 1000.000000000000000 ) ;
#4502 = ORIENTED_EDGE ( 'NONE', *, *, #2384, .F. ) ;
#4503 = VECTOR ( 'NONE', #3440, 1000.000000000000114 ) ;
#4504 = ORIENTED_EDGE ( 'NONE', *, *, #720, .F. ) ;
#4505 = VERTEX_POINT ( 'NONE', #1422 ) ;
#4506 = AXIS2_PLACEMENT_3D ( 'NONE', #4830, #2726, #2754 ) ;
#4507 = DIRECTION ( 'NONE',  ( 0.000000000000000000, 1.000000000000000000, 0.000000000000000000 ) ) ;
#4508 = DIRECTION ( 'NONE',  ( 0.000000000000000000, 0.000000000000000000, -1.000000000000000000 ) ) ;
#4509 = AXIS2_PLACEMENT_3D ( 'NONE', #3836, #2179, #3094 ) ;
#4510 = DIRECTION ( 'NONE',  ( 0.000000000000000000, 0.000000000000000000, -1.000000000000000000 ) ) ;
#4511 = EDGE_CURVE ( 'NONE', #3501, #745, #217, .T. ) ;
#4512 = CARTESIAN_POINT ( 'NONE',  ( 14.00000000000001066, 4.000000000000000000, -29.50000000000000711 ) ) ;
#4513 = ADVANCED_FACE ( 'NONE', ( #3115 ), #5238, .F. ) ;
#4514 = EDGE_CURVE ( 'NONE', #1840, #1851, #552, .T. ) ;
#4515 = FACE_OUTER_BOUND ( 'NONE', #1319, .T. ) ;
#4516 = DIRECTION ( 'NONE',  ( 0.000000000000000000, 1.000000000000000000, 0.000000000000000000 ) ) ;
#4517 = DIRECTION ( 'NONE',  ( -0.000000000000000000, -1.000000000000000000, -0.000000000000000000 ) ) ;
#4518 = ORIENTED_EDGE ( 'NONE', *, *, #3767, .F. ) ;
#4519 = DIRECTION ( 'NONE',  ( 0.000000000000000000, 0.000000000000000000, 1.000000000000000000 ) ) ;
#4520 = PRODUCT ( '镜向挤出机顶盖（适配嘉立创特价打样）', '镜向挤出机顶盖（适配嘉立创特价打样）', '', ( #3860 ) ) ;
#4521 = DIRECTION ( 'NONE',  ( 0.000000000000000000, 1.000000000000000000, 0.000000000000000000 ) ) ;
#4522 = VERTEX_POINT ( 'NONE', #4465 ) ;
#4523 = DIRECTION ( 'NONE',  ( 0.000000000000000000, 0.000000000000000000, -1.000000000000000000 ) ) ;
#4524 = DIRECTION ( 'NONE',  ( 0.000000000000000000, 1.000000000000000000, 0.000000000000000000 ) ) ;
#4525 = VERTEX_POINT ( 'NONE', #581 ) ;
#4526 = CYLINDRICAL_SURFACE ( 'NONE', #651, 2.649999999999999467 ) ;
#4527 = ORIENTED_EDGE ( 'NONE', *, *, #837, .T. ) ;
#4528 = EDGE_LOOP ( 'NONE', ( #3694, #3529, #3497, #2666 ) ) ;
#4529 = ORIENTED_EDGE ( 'NONE', *, *, #4653, .F. ) ;
#4530 = PLANE ( 'NONE',  #5007 ) ;
#4531 = CARTESIAN_POINT ( 'NONE',  ( 8.799999999999998934, 4.000000000000000000, -4.700000000000002842 ) ) ;
#4532 = CARTESIAN_POINT ( 'NONE',  ( 18.50000000000001066, 2.299999999999999822, -30.00000000000000355 ) ) ;
#4533 = DIRECTION ( 'NONE',  ( 0.000000000000000000, 1.000000000000000000, 0.000000000000000000 ) ) ;
#4534 = VECTOR ( 'NONE', #208, 1000.000000000000000 ) ;
#4535 = DIRECTION ( 'NONE',  ( 0.000000000000000000, 0.000000000000000000, -1.000000000000000000 ) ) ;
#4536 = LINE ( 'NONE', #49, #2411 ) ;
#4537 = CARTESIAN_POINT ( 'NONE',  ( 17.11088587534442595, 0.000000000000000000, -3.149559174711987986 ) ) ;
#4538 = VERTEX_POINT ( 'NONE', #3518 ) ;
#4539 = CIRCLE ( 'NONE', #4365, 11.80000000000000604 ) ;
#4540 = EDGE_LOOP ( 'NONE', ( #1614, #957, #1383, #5326 ) ) ;
#4541 = DIRECTION ( 'NONE',  ( 0.000000000000000000, 0.000000000000000000, 1.000000000000000000 ) ) ;
#4542 = DIRECTION ( 'NONE',  ( 1.000000000000000000, 0.000000000000000000, 0.000000000000000000 ) ) ;
#4543 = AXIS2_PLACEMENT_3D ( 'NONE', #4097, #1609, #5366 ) ;
#4544 = ORIENTED_EDGE ( 'NONE', *, *, #4410, .T. ) ;
#4545 = DIRECTION ( 'NONE',  ( 0.000000000000000000, 0.000000000000000000, -1.000000000000000000 ) ) ;
#4546 = ADVANCED_FACE ( 'NONE', ( #667 ), #3193, .F. ) ;
#4547 = EDGE_CURVE ( 'NONE', #5157, #2281, #2333, .T. ) ;
#4548 = DIRECTION ( 'NONE',  ( 0.000000000000000000, -1.000000000000000000, 0.000000000000000000 ) ) ;
#4549 = CIRCLE ( 'NONE', #827, 2.200000000000000622 ) ;
#4550 = EDGE_LOOP ( 'NONE', ( #4183, #4337, #4582, #982 ) ) ;
#4551 = ORIENTED_EDGE ( 'NONE', *, *, #2961, .F. ) ;
#4552 = VERTEX_POINT ( 'NONE', #5214 ) ;
#4553 = ORIENTED_EDGE ( 'NONE', *, *, #2489, .F. ) ;
#4554 = LINE ( 'NONE', #4945, #3593 ) ;
#4555 = VECTOR ( 'NONE', #826, 1000.000000000000000 ) ;
#4556 = CARTESIAN_POINT ( 'NONE',  ( 3.999999999999993339, 4.000000000000000000, 20.29999999999999716 ) ) ;
#4557 = ORIENTED_EDGE ( 'NONE', *, *, #556, .T. ) ;
#4558 = VECTOR ( 'NONE', #2040, 999.9999999999998863 ) ;
#4559 = CARTESIAN_POINT ( 'NONE',  ( 28.00000000000000355, 0.000000000000000000, 29.99999999999999645 ) ) ;
#4560 = EDGE_CURVE ( 'NONE', #2812, #799, #3140, .T. ) ;
#4561 = LINE ( 'NONE', #3323, #1846 ) ;
#4562 = EDGE_CURVE ( 'NONE', #3205, #5022, #4021, .T. ) ;
#4563 = DIRECTION ( 'NONE',  ( 0.000000000000000000, 0.000000000000000000, 1.000000000000000000 ) ) ;
#4564 = FACE_BOUND ( 'NONE', #1288, .T. ) ;
#4565 = DIRECTION ( 'NONE',  ( 0.000000000000000000, 0.000000000000000000, -1.000000000000000000 ) ) ;
#4566 = VERTEX_POINT ( 'NONE', #2657 ) ;
#4567 = ORIENTED_EDGE ( 'NONE', *, *, #4767, .F. ) ;
#4568 = CARTESIAN_POINT ( 'NONE',  ( 17.92629632529397909, 0.000000000000000000, 6.086895587057864709 ) ) ;
#4569 = DIRECTION ( 'NONE',  ( 0.000000000000000000, 0.000000000000000000, 1.000000000000000000 ) ) ;
#4570 = ORIENTED_EDGE ( 'NONE', *, *, #2975, .F. ) ;
#4571 = CARTESIAN_POINT ( 'NONE',  ( 8.750000000000000000, 2.600000000000000089, -22.69999999999999929 ) ) ;
#4572 = EDGE_CURVE ( 'NONE', #4045, #1542, #2708, .T. ) ;
#4573 = CARTESIAN_POINT ( 'NONE',  ( 3.499999999999995115, 1.250000000000000222, 5.699999999999998401 ) ) ;
#4574 = FACE_OUTER_BOUND ( 'NONE', #2066, .T. ) ;
#4575 = ORIENTED_EDGE ( 'NONE', *, *, #209, .T. ) ;
#4576 = ORIENTED_EDGE ( 'NONE', *, *, #5034, .T. ) ;
#4577 = CIRCLE ( 'NONE', #4856, 2.199999999999999734 ) ;
#4578 = EDGE_CURVE ( 'NONE', #5022, #5208, #1584, .T. ) ;
#4579 = VERTEX_POINT ( 'NONE', #3995 ) ;
#4580 = EDGE_CURVE ( 'NONE', #1, #1255, #4843, .T. ) ;
#4581 = ORIENTED_EDGE ( 'NONE', *, *, #103, .F. ) ;
#4582 = ORIENTED_EDGE ( 'NONE', *, *, #5082, .T. ) ;
#4583 = CARTESIAN_POINT ( 'NONE',  ( 7.499999999999996447, 2.600000000000000089, 24.99999999999998934 ) ) ;
#4584 = CARTESIAN_POINT ( 'NONE',  ( 8.107641090649757132, 2.600000000000000089, 22.42060621367073381 ) ) ;
#4585 = ORIENTED_EDGE ( 'NONE', *, *, #2013, .F. ) ;
#4586 = CIRCLE ( 'NONE', #3350, 0.7500000000000006661 ) ;
#4587 = DIRECTION ( 'NONE',  ( 0.000000000000000000, 1.000000000000000000, 0.000000000000000000 ) ) ;
#4588 = VERTEX_POINT ( 'NONE', #3491 ) ;
#4589 = DIRECTION ( 'NONE',  ( -0.000000000000000000, -1.000000000000000000, -0.000000000000000000 ) ) ;
#4590 = VECTOR ( 'NONE', #1434, 1000.000000000000000 ) ;
#4591 = AXIS2_PLACEMENT_3D ( 'NONE', #5177, #3596, #3566 ) ;
#4592 = CYLINDRICAL_SURFACE ( 'NONE', #4067, 1.549999999999995826 ) ;
#4593 = VECTOR ( 'NONE', #1399, 1000.000000000000000 ) ;
#4594 = CYLINDRICAL_SURFACE ( 'NONE', #296, 0.5000000000000004441 ) ;
#4595 = CARTESIAN_POINT ( 'NONE',  ( 14.42628246223865673, 2.500000000000000000, 22.82258064516128471 ) ) ;
#4596 = FACE_OUTER_BOUND ( 'NONE', #2974, .T. ) ;
#4597 = ORIENTED_EDGE ( 'NONE', *, *, #5104, .T. ) ;
#4598 = EDGE_CURVE ( 'NONE', #3855, #2466, #4762, .T. ) ;
#4599 = CARTESIAN_POINT ( 'NONE',  ( 11.49999999999999289, 2.500000000000000000, 2.000000000000000000 ) ) ;
#4600 = FACE_OUTER_BOUND ( 'NONE', #3830, .T. ) ;
#4601 = EDGE_LOOP ( 'NONE', ( #4478, #557, #2719, #843 ) ) ;
#4602 = CARTESIAN_POINT ( 'NONE',  ( 21.32790461454462516, 2.500000000000000000, -6.586100715628516511 ) ) ;
#4603 = LINE ( 'NONE', #1195, #610 ) ;
#4604 = LINE ( 'NONE', #802, #4458 ) ;
#4605 = ORIENTED_EDGE ( 'NONE', *, *, #2969, .T. ) ;
#4606 = EDGE_LOOP ( 'NONE', ( #2549, #60, #1174, #2608 ) ) ;
#4607 = VERTEX_POINT ( 'NONE', #2740 ) ;
#4608 = ORIENTED_EDGE ( 'NONE', *, *, #1813, .F. ) ;
#4609 = ORIENTED_EDGE ( 'NONE', *, *, #95, .T. ) ;
#4610 = DIRECTION ( 'NONE',  ( 0.000000000000000000, 0.000000000000000000, 1.000000000000000000 ) ) ;
#4611 = CARTESIAN_POINT ( 'NONE',  ( 6.531128874149273678, 4.000000000000000000, 28.99999999999999289 ) ) ;
#4612 = DIRECTION ( 'NONE',  ( 0.000000000000000000, 1.000000000000000000, 0.000000000000000000 ) ) ;
#4613 = ADVANCED_FACE ( 'NONE', ( #2252 ), #2278, .T. ) ;
#4614 = ORIENTED_EDGE ( 'NONE', *, *, #3945, .F. ) ;
#4615 = CARTESIAN_POINT ( 'NONE',  ( 19.00000000000000355, 0.000000000000000000, 27.99999999999999645 ) ) ;
#4616 = CARTESIAN_POINT ( 'NONE',  ( 10.83185842870419613, 4.000000000000000000, 26.17094808214231350 ) ) ;
#4617 = EDGE_CURVE ( 'NONE', #3947, #58, #4321, .T. ) ;
#4618 = EDGE_CURVE ( 'NONE', #4768, #260, #1839, .T. ) ;
#4619 = DIRECTION ( 'NONE',  ( 0.000000000000000000, 1.000000000000000000, 0.000000000000000000 ) ) ;
#4620 = DIRECTION ( 'NONE',  ( 0.000000000000000000, 0.000000000000000000, 1.000000000000000000 ) ) ;
#4621 = AXIS2_PLACEMENT_3D ( 'NONE', #1212, #4208, #3792 ) ;
#4622 = DIRECTION ( 'NONE',  ( -1.000000000000000000, 0.000000000000000000, 0.000000000000000000 ) ) ;
#4623 = CIRCLE ( 'NONE', #3743, 3.249999999999999556 ) ;
#4624 = VERTEX_POINT ( 'NONE', #4537 ) ;
#4625 = DIRECTION ( 'NONE',  ( 0.000000000000000000, 0.000000000000000000, 1.000000000000000000 ) ) ;
#4626 = DIRECTION ( 'NONE',  ( 0.000000000000000000, 1.000000000000000000, -0.000000000000000000 ) ) ;
#4627 = ORIENTED_EDGE ( 'NONE', *, *, #2216, .T. ) ;
#4628 = AXIS2_PLACEMENT_3D ( 'NONE', #5221, #1033, #2717 ) ;
#4629 = DIRECTION ( 'NONE',  ( 0.000000000000000000, 0.000000000000000000, 1.000000000000000000 ) ) ;
#4630 = AXIS2_PLACEMENT_3D ( 'NONE', #4157, #2940, #2052 ) ;
#4631 = EDGE_CURVE ( 'NONE', #1796, #2641, #3090, .T. ) ;
#4632 = DIRECTION ( 'NONE',  ( -0.000000000000000000, 1.000000000000000000, -0.000000000000000000 ) ) ;
#4633 = CARTESIAN_POINT ( 'NONE',  ( 7.000000000000003553, 1.000000000000000000, -25.00000000000000000 ) ) ;
#4634 = ORIENTED_EDGE ( 'NONE', *, *, #3550, .F. ) ;
#4635 = AXIS2_PLACEMENT_3D ( 'NONE', #5453, #2492, #5398 ) ;
#4636 = ORIENTED_EDGE ( 'NONE', *, *, #1879, .T. ) ;
#4637 = CIRCLE ( 'NONE', #3398, 5.999999999999996447 ) ;
#4638 = ORIENTED_EDGE ( 'NONE', *, *, #2220, .T. ) ;
#4639 = DIRECTION ( 'NONE',  ( -0.000000000000000000, -1.000000000000000000, -0.000000000000000000 ) ) ;
#4640 = DIRECTION ( 'NONE',  ( 0.000000000000000000, 1.000000000000000000, 0.000000000000000000 ) ) ;
#4641 = CIRCLE ( 'NONE', #3669, 2.649999999999999467 ) ;
#4642 = VERTEX_POINT ( 'NONE', #1160 ) ;
#4643 = DIRECTION ( 'NONE',  ( -0.000000000000000000, 1.000000000000000000, -0.000000000000000000 ) ) ;
#4644 = ORIENTED_EDGE ( 'NONE', *, *, #2785, .F. ) ;
#4645 = LINE ( 'NONE', #5054, #4905 ) ;
#4646 = AXIS2_PLACEMENT_3D ( 'NONE', #2471, #2941, #2109 ) ;
#4647 = DIRECTION ( 'NONE',  ( 0.000000000000000000, 1.000000000000000000, -0.000000000000000000 ) ) ;
#4648 = DIRECTION ( 'NONE',  ( 0.000000000000000000, 1.000000000000000000, -0.000000000000000000 ) ) ;
#4649 = VECTOR ( 'NONE', #3508, 1000.000000000000000 ) ;
#4650 = CARTESIAN_POINT ( 'NONE',  ( 18.50000000000001066, 2.299999999999999822, 29.29508497187473282 ) ) ;
#4651 = EDGE_CURVE ( 'NONE', #4156, #3312, #5026, .T. ) ;
#4652 = CARTESIAN_POINT ( 'NONE',  ( 14.00000000000001066, 4.000000000000000000, 29.29508497187472926 ) ) ;
#4653 = EDGE_CURVE ( 'NONE', #4194, #4959, #694, .T. ) ;
#4654 = LINE ( 'NONE', #3822, #3008 ) ;
#4655 = VERTEX_POINT ( 'NONE', #2024 ) ;
#4656 = AXIS2_PLACEMENT_3D ( 'NONE', #3066, #1257, #1736 ) ;
#4657 = CARTESIAN_POINT ( 'NONE',  ( 23.00000000000001066, 2.299999999999999822, 18.24999999999999645 ) ) ;
#4658 = LINE ( 'NONE', #4245, #1379 ) ;
#4659 = ORIENTED_EDGE ( 'NONE', *, *, #2727, .T. ) ;
#4660 = DIRECTION ( 'NONE',  ( -0.000000000000000000, 1.000000000000000000, -0.000000000000000000 ) ) ;
#4661 = CARTESIAN_POINT ( 'NONE',  ( 12.59756097560975263, 2.500000000000000000, -3.898759183490929647 ) ) ;
#4662 = ORIENTED_EDGE ( 'NONE', *, *, #548, .T. ) ;
#4663 = ORIENTED_EDGE ( 'NONE', *, *, #65, .F. ) ;
#4664 = EDGE_LOOP ( 'NONE', ( #4696, #1432, #1819, #4638 ) ) ;
#4665 = CARTESIAN_POINT ( 'NONE',  ( 18.00000000000001066, 4.000000000000000000, 29.29508497187473282 ) ) ;
#4666 = DIRECTION ( 'NONE',  ( -0.000000000000000000, -1.000000000000000000, -0.000000000000000000 ) ) ;
#4667 = CIRCLE ( 'NONE', #3443, 2.649999999999999467 ) ;
#4668 = VERTEX_POINT ( 'NONE', #2853 ) ;
#4669 = CARTESIAN_POINT ( 'NONE',  ( 16.00000000000001066, 2.299999999999999822, -26.50000000000000355 ) ) ;
#4670 = ORIENTED_EDGE ( 'NONE', *, *, #4037, .F. ) ;
#4671 = AXIS2_PLACEMENT_3D ( 'NONE', #2701, #5258, #1467 ) ;
#4672 = DIRECTION ( 'NONE',  ( -1.156482317317871725E-16, 0.000000000000000000, 1.000000000000000000 ) ) ;
#4673 = FACE_OUTER_BOUND ( 'NONE', #175, .T. ) ;
#4674 = VECTOR ( 'NONE', #5395, 1000.000000000000000 ) ;
#4675 = AXIS2_PLACEMENT_3D ( 'NONE', #752, #1565, #2004 ) ;
#4676 = ORIENTED_EDGE ( 'NONE', *, *, #766, .F. ) ;
#4677 = CARTESIAN_POINT ( 'NONE',  ( 19.00000000000000355, 0.000000000000000000, 29.99999999999999645 ) ) ;
#4678 = CARTESIAN_POINT ( 'NONE',  ( 8.750000000000000000, 4.000000000000000000, -22.69999999999999929 ) ) ;
#4679 = CIRCLE ( 'NONE', #256, 2.200000000000000622 ) ;
#4680 = DIRECTION ( 'NONE',  ( 0.000000000000000000, 1.000000000000000000, 0.000000000000000000 ) ) ;
#4681 = EDGE_CURVE ( 'NONE', #1402, #2060, #5399, .T. ) ;
#4682 = ADVANCED_FACE ( 'NONE', ( #1137 ), #1531, .F. ) ;
#4683 = EDGE_LOOP ( 'NONE', ( #3922, #4165, #1929, #4332 ) ) ;
#4684 = CARTESIAN_POINT ( 'NONE',  ( 8.800000000000002487, 1.250000000000000222, -5.800000000000003375 ) ) ;
#4685 = AXIS2_PLACEMENT_3D ( 'NONE', #5017, #2921, #1222 ) ;
#4686 = PLANE ( 'NONE',  #932 ) ;
#4687 = EDGE_LOOP ( 'NONE', ( #948, #768, #884, #4502 ) ) ;
#4688 = CARTESIAN_POINT ( 'NONE',  ( 7.223141571295758290, 4.000000000000000000, 29.12046713498061123 ) ) ;
#4689 = ORIENTED_EDGE ( 'NONE', *, *, #1575, .F. ) ;
#4690 = ORIENTED_EDGE ( 'NONE', *, *, #3888, .F. ) ;
#4691 = EDGE_LOOP ( 'NONE', ( #405, #3978, #390, #5356 ) ) ;
#4692 = DIRECTION ( 'NONE',  ( 0.000000000000000000, 0.000000000000000000, 1.000000000000000000 ) ) ;
#4693 = DIRECTION ( 'NONE',  ( -0.000000000000000000, 1.000000000000000000, -0.000000000000000000 ) ) ;
#4694 =( NAMED_UNIT ( * ) PLANE_ANGLE_UNIT ( ) SI_UNIT ( $, .RADIAN. ) );
#4695 = ORIENTED_EDGE ( 'NONE', *, *, #5291, .T. ) ;
#4696 = ORIENTED_EDGE ( 'NONE', *, *, #989, .F. ) ;
#4697 = DIRECTION ( 'NONE',  ( 0.000000000000000000, 1.000000000000000000, 0.000000000000000000 ) ) ;
#4698 = EDGE_LOOP ( 'NONE', ( #928, #471, #7, #5400 ) ) ;
#4699 = DIRECTION ( 'NONE',  ( 1.000000000000000000, 0.000000000000000000, 0.000000000000000000 ) ) ;
#4700 = DIRECTION ( 'NONE',  ( 0.000000000000000000, 1.000000000000000000, 0.000000000000000000 ) ) ;
#4701 = EDGE_CURVE ( 'NONE', #3532, #1207, #1322, .T. ) ;
#4702 = CARTESIAN_POINT ( 'NONE',  ( 8.800000000000002487, 1.250000000000000222, -19.30000000000000426 ) ) ;
#4703 = DIRECTION ( 'NONE',  ( -0.000000000000000000, -1.000000000000000000, -0.000000000000000000 ) ) ;
#4704 = DIRECTION ( 'NONE',  ( -0.000000000000000000, -1.000000000000000000, -0.000000000000000000 ) ) ;
#4705 = ORIENTED_EDGE ( 'NONE', *, *, #3817, .T. ) ;
#4706 = CARTESIAN_POINT ( 'NONE',  ( 4.500000000000000000, -6.000000000000000000, -29.00000000000000000 ) ) ;
#4707 = CARTESIAN_POINT ( 'NONE',  ( 14.41531754730530501, 2.600000000000000089, 24.96806239917241399 ) ) ;
#4708 = ORIENTED_EDGE ( 'NONE', *, *, #5117, .T. ) ;
#4709 = CARTESIAN_POINT ( 'NONE',  ( 23.00000000000001066, 2.299999999999999822, 14.99999999999999645 ) ) ;
#4710 = AXIS2_PLACEMENT_3D ( 'NONE', #2134, #2435, #2462 ) ;
#4711 = ORIENTED_EDGE ( 'NONE', *, *, #4360, .T. ) ;
#4712 = VERTEX_POINT ( 'NONE', #4902 ) ;
#4713 = VECTOR ( 'NONE', #3968, 1000.000000000000000 ) ;
#4714 = ADVANCED_FACE ( 'NONE', ( #5343 ), #271, .F. ) ;
#4715 = ADVANCED_FACE ( 'NONE', ( #3713 ), #300, .F. ) ;
#4716 = ORIENTED_EDGE ( 'NONE', *, *, #4651, .F. ) ;
#4717 = CARTESIAN_POINT ( 'NONE',  ( 13.00000000000000000, 2.500000000000000000, -6.061637550770937466 ) ) ;
#4718 = DIRECTION ( 'NONE',  ( 0.000000000000000000, 0.000000000000000000, -1.000000000000000000 ) ) ;
#4719 = ORIENTED_EDGE ( 'NONE', *, *, #103, .T. ) ;
#4720 = DIRECTION ( 'NONE',  ( -0.8191520442889930198, 0.000000000000000000, 0.5735764363510442720 ) ) ;
#4721 = VECTOR ( 'NONE', #2627, 1000.000000000000000 ) ;
#4722 = CIRCLE ( 'NONE', #205, 3.249999999999999556 ) ;
#4723 = ORIENTED_EDGE ( 'NONE', *, *, #3152, .T. ) ;
#4724 = ORIENTED_EDGE ( 'NONE', *, *, #2963, .F. ) ;
#4725 = CARTESIAN_POINT ( 'NONE',  ( 26.00000000000001066, 4.000000000000000000, -22.50000000000002487 ) ) ;
#4726 = ORIENTED_EDGE ( 'NONE', *, *, #4701, .T. ) ;
#4727 = CARTESIAN_POINT ( 'NONE',  ( 16.64072110592089970, 2.500000000000000000, 7.618984473295815185 ) ) ;
#4728 = CARTESIAN_POINT ( 'NONE',  ( 22.27745760031749711, 0.000000000000000000, -2.069511494318579725 ) ) ;
#4729 = AXIS2_PLACEMENT_3D ( 'NONE', #3843, #2183, #1769 ) ;
#4730 = DIRECTION ( 'NONE',  ( 0.000000000000000000, 1.000000000000000000, 0.000000000000000000 ) ) ;
#4731 = CARTESIAN_POINT ( 'NONE',  ( 14.00000000000001066, 3.707106781186547906, 29.79289321881344677 ) ) ;
#4732 = EDGE_CURVE ( 'NONE', #99, #3289, #1558, .T. ) ;
#4733 = LINE ( 'NONE', #5035, #873 ) ;
#4734 = ORIENTED_EDGE ( 'NONE', *, *, #110, .T. ) ;
#4735 = DIRECTION ( 'NONE',  ( 0.000000000000000000, 0.000000000000000000, -1.000000000000000000 ) ) ;
#4736 = FACE_OUTER_BOUND ( 'NONE', #4698, .T. ) ;
#4737 = ORIENTED_EDGE ( 'NONE', *, *, #3130, .T. ) ;
#4738 = CARTESIAN_POINT ( 'NONE',  ( 3.499999999999993783, 2.250000000000000444, 20.29999999999999716 ) ) ;
#4739 = ORIENTED_EDGE ( 'NONE', *, *, #1303, .F. ) ;
#4740 = LINE ( 'NONE', #2632, #288 ) ;
#4741 = ORIENTED_EDGE ( 'NONE', *, *, #1092, .F. ) ;
#4742 = FACE_OUTER_BOUND ( 'NONE', #4991, .T. ) ;
#4743 = CARTESIAN_POINT ( 'NONE',  ( 19.34042906660437566, 2.500000000000000000, 4.401597812196119897 ) ) ;
#4744 =( LENGTH_UNIT ( ) NAMED_UNIT ( * ) SI_UNIT ( .MILLI., .METRE. ) );
#4745 = ORIENTED_EDGE ( 'NONE', *, *, #692, .F. ) ;
#4746 = EDGE_CURVE ( 'NONE', #2924, #4810, #5213, .T. ) ;
#4747 = EDGE_CURVE ( 'NONE', #2062, #3862, #3355, .T. ) ;
#4748 = VERTEX_POINT ( 'NONE', #2410 ) ;
#4749 = LINE ( 'NONE', #5140, #131 ) ;
#4750 = CARTESIAN_POINT ( 'NONE',  ( 3.499999999999999556, 2.600000000000000089, 0.000000000000000000 ) ) ;
#4751 = FACE_OUTER_BOUND ( 'NONE', #324, .T. ) ;
#4752 = CIRCLE ( 'NONE', #5467, 2.200000000000000178 ) ;
#4753 = DIRECTION ( 'NONE',  ( -0.000000000000000000, 1.000000000000000000, -0.000000000000000000 ) ) ;
#4754 = CARTESIAN_POINT ( 'NONE',  ( 8.750000000000007105, 4.000000000000000000, -26.98997487421323527 ) ) ;
#4755 = CARTESIAN_POINT ( 'NONE',  ( 20.51987171000547150, 0.000000000000000000, -5.536556753791761487 ) ) ;
#4756 = AXIS2_PLACEMENT_3D ( 'NONE', #2072, #3786, #3760 ) ;
#4757 = CIRCLE ( 'NONE', #2023, 1.549999999999997602 ) ;
#4758 = ORIENTED_EDGE ( 'NONE', *, *, #1832, .F. ) ;
#4759 = CARTESIAN_POINT ( 'NONE',  ( 13.00000000000000000, 0.000000000000000000, -20.75060438757617831 ) ) ;
#4760 = CARTESIAN_POINT ( 'NONE',  ( 10.45685842870420323, 2.600000000000000089, 25.52142902930398449 ) ) ;
#4761 = AXIS2_PLACEMENT_3D ( 'NONE', #1356, #4704, #4293 ) ;
#4762 = LINE ( 'NONE', #1888, #328 ) ;
#4763 = EDGE_CURVE ( 'NONE', #3520, #5242, #3684, .T. ) ;
#4764 = CIRCLE ( 'NONE', #2827, 2.649999999999999467 ) ;
#4765 = ORIENTED_EDGE ( 'NONE', *, *, #987, .F. ) ;
#4766 = EDGE_LOOP ( 'NONE', ( #3697, #3256, #668, #5194 ) ) ;
#4767 = EDGE_CURVE ( 'NONE', #2281, #467, #5423, .T. ) ;
#4768 = VERTEX_POINT ( 'NONE', #3297 ) ;
#4769 = DIRECTION ( 'NONE',  ( 0.000000000000000000, 0.000000000000000000, 1.000000000000000000 ) ) ;
#4770 = CARTESIAN_POINT ( 'NONE',  ( 15.84901771537212589, 2.500000000000000000, -2.751693672147772052 ) ) ;
#4771 = LINE ( 'NONE', #1823, #1578 ) ;
#4772 = ORIENTED_EDGE ( 'NONE', *, *, #4410, .F. ) ;
#4773 = ORIENTED_EDGE ( 'NONE', *, *, #2583, .T. ) ;
#4774 = ORIENTED_EDGE ( 'NONE', *, *, #5093, .F. ) ;
#4775 = DIRECTION ( 'NONE',  ( 0.000000000000000000, 0.000000000000000000, -1.000000000000000000 ) ) ;
#4776 = LINE ( 'NONE', #2593, #5030 ) ;
#4777 = ADVANCED_FACE ( 'NONE', ( #3274 ), #4977, .F. ) ;
#4778 = CARTESIAN_POINT ( 'NONE',  ( 7.499999999999996447, 2.600000000000000089, 24.99999999999998934 ) ) ;
#4779 = DIRECTION ( 'NONE',  ( 0.000000000000000000, 0.000000000000000000, -1.000000000000000000 ) ) ;
#4780 = EDGE_CURVE ( 'NONE', #3394, #2126, #1585, .T. ) ;
#4781 = ADVANCED_FACE ( 'NONE', ( #4596 ), #794, .T. ) ;
#4782 = CARTESIAN_POINT ( 'NONE',  ( 12.94999999999999751, 2.500000000000000000, 10.07078063138876622 ) ) ;
#4783 = CARTESIAN_POINT ( 'NONE',  ( 25.00000000000001066, 0.000000000000000000, -3.450000000000010392 ) ) ;
#4784 = ORIENTED_EDGE ( 'NONE', *, *, #749, .F. ) ;
#4785 = DIRECTION ( 'NONE',  ( -0.000000000000000000, -1.000000000000000000, 0.000000000000000000 ) ) ;
#4786 = CARTESIAN_POINT ( 'NONE',  ( 8.800000000000002487, 2.250000000000000444, -19.30000000000000426 ) ) ;
#4787 = CARTESIAN_POINT ( 'NONE',  ( 13.56073781646991172, 2.500000000000000000, 20.79999999999999716 ) ) ;
#4788 = ORIENTED_EDGE ( 'NONE', *, *, #3539, .T. ) ;
#4789 = FACE_OUTER_BOUND ( 'NONE', #3284, .T. ) ;
#4790 = VERTEX_POINT ( 'NONE', #1666 ) ;
#4791 = EDGE_CURVE ( 'NONE', #3364, #662, #2164, .T. ) ;
#4792 = CARTESIAN_POINT ( 'NONE',  ( 16.00000000000001066, 2.500000000000000000, 26.49999999999999289 ) ) ;
#4793 = CIRCLE ( 'NONE', #4621, 3.249999999999999556 ) ;
#4794 = DIRECTION ( 'NONE',  ( -0.000000000000000000, -1.000000000000000000, 0.000000000000000000 ) ) ;
#4795 = CARTESIAN_POINT ( 'NONE',  ( 18.50000000000001066, 2.299999999999999822, 29.29508497187473282 ) ) ;
#4796 = ORIENTED_EDGE ( 'NONE', *, *, #4514, .F. ) ;
#4797 = ORIENTED_EDGE ( 'NONE', *, *, #508, .F. ) ;
#4798 = ORIENTED_EDGE ( 'NONE', *, *, #2751, .T. ) ;
#4799 = DIRECTION ( 'NONE',  ( 0.000000000000000000, 1.000000000000000000, 0.000000000000000000 ) ) ;
#4800 = PLANE ( 'NONE',  #4506 ) ;
#4801 = STYLED_ITEM ( 'NONE', ( #3492 ), #4038 ) ;
#4802 = AXIS2_PLACEMENT_3D ( 'NONE', #910, #4268, #5210 ) ;
#4803 = CIRCLE ( 'NONE', #1827, 0.5000000000000004441 ) ;
#4804 = VECTOR ( 'NONE', #1413, 1000.000000000000000 ) ;
#4805 = CARTESIAN_POINT ( 'NONE',  ( 4.543141571295792325, 2.600000000000000089, 24.47857097069600130 ) ) ;
#4806 = EDGE_CURVE ( 'NONE', #3444, #3346, #2545, .T. ) ;
#4807 = DIRECTION ( 'NONE',  ( 0.000000000000000000, 1.000000000000000000, 0.000000000000000000 ) ) ;
#4808 = DIRECTION ( 'NONE',  ( 0.000000000000000000, 0.000000000000000000, -1.000000000000000000 ) ) ;
#4809 = CIRCLE ( 'NONE', #2078, 1.100000000000000311 ) ;
#4810 = VERTEX_POINT ( 'NONE', #5088 ) ;
#4811 = EDGE_CURVE ( 'NONE', #3781, #2928, #3765, .T. ) ;
#4812 = EDGE_CURVE ( 'NONE', #4938, #2947, #1748, .T. ) ;
#4813 = CARTESIAN_POINT ( 'NONE',  ( 7.391610027031612518, 7.391610027031619623, 21.10195613342992260 ) ) ;
#4814 = FACE_OUTER_BOUND ( 'NONE', #1870, .T. ) ;
#4815 = AXIS2_PLACEMENT_3D ( 'NONE', #3360, #2973, #4569 ) ;
#4816 = DIRECTION ( 'NONE',  ( 0.000000000000000000, 0.000000000000000000, -1.000000000000000000 ) ) ;
#4817 = AXIS2_PLACEMENT_3D ( 'NONE', #2094, #4915, #1985 ) ;
#4818 = ORIENTED_EDGE ( 'NONE', *, *, #4404, .F. ) ;
#4819 = CARTESIAN_POINT ( 'NONE',  ( 27.50000000000000711, 2.299999999999999822, -2.204915028125265852 ) ) ;
#4820 = DIRECTION ( 'NONE',  ( 0.000000000000000000, 0.000000000000000000, 1.000000000000000000 ) ) ;
#4821 = ORIENTED_EDGE ( 'NONE', *, *, #757, .F. ) ;
#4822 = CARTESIAN_POINT ( 'NONE',  ( 7.499999999999996447, 2.600000000000000089, 22.34999999999999076 ) ) ;
#4823 = CYLINDRICAL_SURFACE ( 'NONE', #167, 1.600000000000000755 ) ;
#4824 = FACE_OUTER_BOUND ( 'NONE', #4687, .T. ) ;
#4825 = ORIENTED_EDGE ( 'NONE', *, *, #673, .T. ) ;
#4826 = VERTEX_POINT ( 'NONE', #432 ) ;
#4827 = EDGE_CURVE ( 'NONE', #3803, #5222, #2639, .T. ) ;
#4828 = ORIENTED_EDGE ( 'NONE', *, *, #3841, .F. ) ;
#4829 = LINE ( 'NONE', #4423, #2986 ) ;
#4830 = CARTESIAN_POINT ( 'NONE',  ( 14.41531754730530501, 2.600000000000000089, 24.96806239917241399 ) ) ;
#4831 = ADVANCED_FACE ( 'NONE', ( #2968 ), #5144, .F. ) ;
#4832 = DIRECTION ( 'NONE',  ( -0.000000000000000000, -1.000000000000000000, 0.000000000000000000 ) ) ;
#4833 = CARTESIAN_POINT ( 'NONE',  ( 4.277777777777776791, 4.000000000000000000, 27.41677433408952780 ) ) ;
#4834 = FACE_OUTER_BOUND ( 'NONE', #1626, .T. ) ;
#4835 = DIRECTION ( 'NONE',  ( -0.000000000000000000, 1.000000000000000000, -0.000000000000000000 ) ) ;
#4836 = STYLED_ITEM ( 'NONE', ( #1527 ), #5193 ) ;
#4837 = ORIENTED_EDGE ( 'NONE', *, *, #4578, .F. ) ;
#4838 = DIRECTION ( 'NONE',  ( 0.000000000000000000, 0.000000000000000000, 1.000000000000000000 ) ) ;
#4839 = LINE ( 'NONE', #4077, #4367 ) ;
#4840 = AXIS2_PLACEMENT_3D ( 'NONE', #294, #3594, #5310 ) ;
#4841 = VECTOR ( 'NONE', #2363, 1000.000000000000000 ) ;
#4842 = EDGE_CURVE ( 'NONE', #563, #3893, #402, .T. ) ;
#4843 = LINE ( 'NONE', #1815, #5111 ) ;
#4844 = ORIENTED_EDGE ( 'NONE', *, *, #2091, .F. ) ;
#4845 = ADVANCED_FACE ( 'NONE', ( #2996 ), #2598, .T. ) ;
#4846 = CARTESIAN_POINT ( 'NONE',  ( 13.50000000000001066, 3.499999999999999556, 29.99999999999999645 ) ) ;
#4847 = VECTOR ( 'NONE', #1986, 1000.000000000000000 ) ;
#4848 = AXIS2_PLACEMENT_3D ( 'NONE', #1213, #4517, #719 ) ;
#4849 = DIRECTION ( 'NONE',  ( 1.508455196501568866E-15, 0.000000000000000000, -1.000000000000000000 ) ) ;
#4850 = VERTEX_POINT ( 'NONE', #907 ) ;
#4851 = PLANE ( 'NONE',  #1093 ) ;
#4852 = EDGE_CURVE ( 'NONE', #4133, #2126, #341, .T. ) ;
#4853 = EDGE_CURVE ( 'NONE', #337, #16, #3794, .T. ) ;
#4854 = CARTESIAN_POINT ( 'NONE',  ( 12.94999999999999751, 0.000000000000000000, 20.79999999999999716 ) ) ;
#4855 = CIRCLE ( 'NONE', #969, 1.549999999999995826 ) ;
#4856 = AXIS2_PLACEMENT_3D ( 'NONE', #102, #1804, #1417 ) ;
#4857 = DIRECTION ( 'NONE',  ( 0.000000000000000000, 0.000000000000000000, 1.000000000000000000 ) ) ;
#4858 = ORIENTED_EDGE ( 'NONE', *, *, #4827, .T. ) ;
#4859 = ORIENTED_EDGE ( 'NONE', *, *, #5278, .F. ) ;
#4860 = CIRCLE ( 'NONE', #3011, 2.200000000000000178 ) ;
#4861 = ORIENTED_EDGE ( 'NONE', *, *, #1576, .T. ) ;
#4862 = DIRECTION ( 'NONE',  ( 0.000000000000000000, 0.000000000000000000, -1.000000000000000000 ) ) ;
#4863 = CARTESIAN_POINT ( 'NONE',  ( 6.531128874149273678, 3.499999999999999556, 28.99999999999999289 ) ) ;
#4864 = EDGE_CURVE ( 'NONE', #272, #1605, #4733, .T. ) ;
#4865 = ORIENTED_EDGE ( 'NONE', *, *, #2806, .F. ) ;
#4866 = FACE_OUTER_BOUND ( 'NONE', #2346, .T. ) ;
#4867 = CARTESIAN_POINT ( 'NONE',  ( 11.49999999999999289, 2.500000000000000000, 2.000000000000000000 ) ) ;
#4868 = EDGE_CURVE ( 'NONE', #3505, #5439, #2299, .T. ) ;
#4869 = PLANE ( 'NONE',  #2289 ) ;
#4870 = CARTESIAN_POINT ( 'NONE',  ( 24.00000000000000355, 3.500000000000006661, 23.00000000000000000 ) ) ;
#4871 = ORIENTED_EDGE ( 'NONE', *, *, #3366, .T. ) ;
#4872 = CARTESIAN_POINT ( 'NONE',  ( 24.00000000000000355, 4.000000000000000000, 26.00000000000000000 ) ) ;
#4873 = DIRECTION ( 'NONE',  ( -0.000000000000000000, -1.000000000000000000, -0.000000000000000000 ) ) ;
#4874 = DIRECTION ( 'NONE',  ( 0.000000000000000000, 1.000000000000000000, 0.000000000000000000 ) ) ;
#4875 = ORIENTED_EDGE ( 'NONE', *, *, #9, .T. ) ;
#4876 = FACE_OUTER_BOUND ( 'NONE', #1925, .T. ) ;
#4877 = FACE_OUTER_BOUND ( 'NONE', #2845, .T. ) ;
#4878 = ORIENTED_EDGE ( 'NONE', *, *, #5411, .F. ) ;
#4879 = CARTESIAN_POINT ( 'NONE',  ( 28.00000000000000355, 4.000000000000000000, 20.99999999999999645 ) ) ;
#4880 = CARTESIAN_POINT ( 'NONE',  ( 8.750000000000000000, 2.250000000000000444, 5.699999999999998401 ) ) ;
#4881 = CARTESIAN_POINT ( 'NONE',  ( 27.16666666666667496, 4.000000000000000000, -2.577593024375232744 ) ) ;
#4882 = VERTEX_POINT ( 'NONE', #4241 ) ;
#4883 = VERTEX_POINT ( 'NONE', #5485 ) ;
#4884 = EDGE_CURVE ( 'NONE', #4373, #4186, #3460, .T. ) ;
#4885 = EDGE_CURVE ( 'NONE', #2182, #2768, #821, .T. ) ;
#4886 = AXIS2_PLACEMENT_3D ( 'NONE', #3459, #3024, #5087 ) ;
#4887 = ORIENTED_EDGE ( 'NONE', *, *, #186, .T. ) ;
#4888 = DIRECTION ( 'NONE',  ( 0.000000000000000000, 0.000000000000000000, 1.000000000000000000 ) ) ;
#4889 = CARTESIAN_POINT ( 'NONE',  ( 23.00000000000001066, 2.299999999999999822, 14.99999999999999645 ) ) ;
#4890 = EDGE_CURVE ( 'NONE', #2394, #1405, #251, .T. ) ;
#4891 = DIRECTION ( 'NONE',  ( 1.000000000000000000, 0.000000000000000000, 0.000000000000000000 ) ) ;
#4892 = FACE_OUTER_BOUND ( 'NONE', #984, .T. ) ;
#4893 =( GEOMETRIC_REPRESENTATION_CONTEXT ( 3 ) GLOBAL_UNCERTAINTY_ASSIGNED_CONTEXT ( ( #453 ) ) GLOBAL_UNIT_ASSIGNED_CONTEXT ( ( #3668, #3282, #1679 ) ) REPRESENTATION_CONTEXT ( 'NONE', 'WORKASPACE' ) );
#4894 = VECTOR ( 'NONE', #5429, 1000.000000000000000 ) ;
#4895 = DIRECTION ( 'NONE',  ( 0.4999999999999936717, 0.000000000000000000, 0.8660254037844423713 ) ) ;
#4896 = CARTESIAN_POINT ( 'NONE',  ( 7.499999999999996447, 2.600000000000000089, 24.99999999999998934 ) ) ;
#4897 = CIRCLE ( 'NONE', #2070, 6.000000000000003553 ) ;
#4898 = VECTOR ( 'NONE', #3543, 1000.000000000000114 ) ;
#4899 = ORIENTED_EDGE ( 'NONE', *, *, #854, .T. ) ;
#4900 = CARTESIAN_POINT ( 'NONE',  ( 6.531128874149272789, 4.000000000000000000, 29.49999999999999645 ) ) ;
#4901 = CARTESIAN_POINT ( 'NONE',  ( 12.94999999999999751, 2.500000000000000000, 20.79999999999999716 ) ) ;
#4902 = CARTESIAN_POINT ( 'NONE',  ( 14.10236294594450079, 0.000000000000000000, -22.86418522891058558 ) ) ;
#4903 = EDGE_LOOP ( 'NONE', ( #941, #1875, #2606, #4608 ) ) ;
#4904 = DIRECTION ( 'NONE',  ( -0.7071067811865474617, -0.7071067811865474617, -0.000000000000000000 ) ) ;
#4905 = VECTOR ( 'NONE', #3814, 1000.000000000000000 ) ;
#4906 = LINE ( 'NONE', #747, #1189 ) ;
#4907 = VERTEX_POINT ( 'NONE', #5059 ) ;
#4908 = CARTESIAN_POINT ( 'NONE',  ( 3.499999999999999556, -6.000000000000000000, -29.00000000000000000 ) ) ;
#4909 = CARTESIAN_POINT ( 'NONE',  ( 25.00000000000001066, 0.000000000000000000, -5.000000000000007994 ) ) ;
#4910 = CONICAL_SURFACE ( 'NONE', #1548, 1.500000000000018652, 0.7853981633974500554 ) ;
#4911 = LINE ( 'NONE', #2808, #5334 ) ;
#4912 = VERTEX_POINT ( 'NONE', #4209 ) ;
#4913 = ORIENTED_EDGE ( 'NONE', *, *, #2188, .T. ) ;
#4914 = VERTEX_POINT ( 'NONE', #1270 ) ;
#4915 = DIRECTION ( 'NONE',  ( -0.000000000000000000, -1.000000000000000000, 0.000000000000000000 ) ) ;
#4916 = FACE_BOUND ( 'NONE', #3996, .T. ) ;
#4917 = EDGE_CURVE ( 'NONE', #3026, #3111, #4654, .T. ) ;
#4918 = ADVANCED_FACE ( 'NONE', ( #22 ), #2574, .F. ) ;
#4919 = CIRCLE ( 'NONE', #2003, 2.200000000000000622 ) ;
#4920 = ADVANCED_FACE ( 'NONE', ( #3485 ), #2624, .F. ) ;
#4921 = DIRECTION ( 'NONE',  ( -0.000000000000000000, -1.000000000000000000, -0.000000000000000000 ) ) ;
#4922 = CARTESIAN_POINT ( 'NONE',  ( 18.50000000000001066, 4.000000000000000000, 29.29508497187473282 ) ) ;
#4923 = EDGE_CURVE ( 'NONE', #3864, #4882, #212, .T. ) ;
#4924 = AXIS2_PLACEMENT_3D ( 'NONE', #1537, #4986, #1650 ) ;
#4925 = DIRECTION ( 'NONE',  ( 0.000000000000000000, 1.000000000000000000, 0.000000000000000000 ) ) ;
#4926 = DIRECTION ( 'NONE',  ( 0.000000000000000000, 1.000000000000000000, 0.000000000000000000 ) ) ;
#4927 = DIRECTION ( 'NONE',  ( 0.000000000000000000, 0.000000000000000000, -1.000000000000000000 ) ) ;
#4928 = EDGE_LOOP ( 'NONE', ( #507, #2036, #788, #2495, #3468, #2979, #1997, #3329 ) ) ;
#4929 = CARTESIAN_POINT ( 'NONE',  ( 8.750000000000000000, 1.250000000000000222, 19.19999999999999929 ) ) ;
#4930 = CARTESIAN_POINT ( 'NONE',  ( 10.03764109064972665, 4.000000000000000000, 25.76346427227868929 ) ) ;
#4931 = AXIS2_PLACEMENT_3D ( 'NONE', #4205, #5449, #2934 ) ;
#4932 = ORIENTED_EDGE ( 'NONE', *, *, #2826, .F. ) ;
#4933 = LINE ( 'NONE', #4571, #4402 ) ;
#4934 = EDGE_CURVE ( 'NONE', #3289, #5346, #1412, .T. ) ;
#4935 = CYLINDRICAL_SURFACE ( 'NONE', #5391, 2.200000000000000178 ) ;
#4936 = DIRECTION ( 'NONE',  ( -0.000000000000000000, -1.000000000000000000, -0.000000000000000000 ) ) ;
#4937 = VECTOR ( 'NONE', #44, 1000.000000000000000 ) ;
#4938 = VERTEX_POINT ( 'NONE', #185 ) ;
#4939 = VECTOR ( 'NONE', #2308, 1000.000000000000000 ) ;
#4940 = ORIENTED_EDGE ( 'NONE', *, *, #1332, .T. ) ;
#4941 = ORIENTED_EDGE ( 'NONE', *, *, #3200, .T. ) ;
#4942 = VERTEX_POINT ( 'NONE', #4347 ) ;
#4943 = VERTEX_POINT ( 'NONE', #2244 ) ;
#4944 = VECTOR ( 'NONE', #4363, 1000.000000000000000 ) ;
#4945 = CARTESIAN_POINT ( 'NONE',  ( 3.499999999999999556, 3.500000000000006661, -19.30000000000000426 ) ) ;
#4946 = CIRCLE ( 'NONE', #2282, 0.7499999999999972244 ) ;
#4947 = DIRECTION ( 'NONE',  ( 0.000000000000000000, 0.000000000000000000, -1.000000000000000000 ) ) ;
#4948 = ORIENTED_EDGE ( 'NONE', *, *, #2854, .F. ) ;
#4949 = AXIS2_PLACEMENT_3D ( 'NONE', #503, #2564, #5101 ) ;
#4950 = DIRECTION ( 'NONE',  ( 0.000000000000000000, 1.000000000000000000, 0.000000000000000000 ) ) ;
#4951 = DIRECTION ( 'NONE',  ( 0.000000000000000000, 0.000000000000000000, -1.000000000000000000 ) ) ;
#4952 = DIRECTION ( 'NONE',  ( -0.000000000000000000, -1.000000000000000000, -0.000000000000000000 ) ) ;
#4953 = EDGE_CURVE ( 'NONE', #5439, #1245, #1884, .T. ) ;
#4954 = CARTESIAN_POINT ( 'NONE',  ( 8.526858428704224835, 4.000000000000000000, 22.17857097069603611 ) ) ;
#4955 = CARTESIAN_POINT ( 'NONE',  ( 25.00000000000001066, 2.299999999999999822, -5.000000000000007994 ) ) ;
#4956 = ORIENTED_EDGE ( 'NONE', *, *, #2649, .F. ) ;
#4957 = CARTESIAN_POINT ( 'NONE',  ( 11.50000000000000000, 0.000000000000000000, -2.000000000000000888 ) ) ;
#4958 = CARTESIAN_POINT ( 'NONE',  ( 16.00000000000001066, 4.000000000000000000, 26.49999999999999289 ) ) ;
#4959 = VERTEX_POINT ( 'NONE', #4397 ) ;
#4960 = DIRECTION ( 'NONE',  ( -0.000000000000000000, -1.000000000000000000, -0.000000000000000000 ) ) ;
#4961 = DIRECTION ( 'NONE',  ( -0.000000000000000000, 1.000000000000000000, -0.000000000000000000 ) ) ;
#4962 = EDGE_LOOP ( 'NONE', ( #3887, #113, #2285, #3320 ) ) ;
#4963 = ORIENTED_EDGE ( 'NONE', *, *, #375, .T. ) ;
#4964 = ORIENTED_EDGE ( 'NONE', *, *, #5362, .T. ) ;
#4965 = EDGE_CURVE ( 'NONE', #1655, #2938, #1834, .T. ) ;
#4966 = ORIENTED_EDGE ( 'NONE', *, *, #2446, .F. ) ;
#4967 = LINE ( 'NONE', #1125, #4558 ) ;
#4968 = LINE ( 'NONE', #4556, #2917 ) ;
#4969 = ORIENTED_EDGE ( 'NONE', *, *, #5237, .F. ) ;
#4970 = CYLINDRICAL_SURFACE ( 'NONE', #4024, 2.200000000000000622 ) ;
#4971 = CARTESIAN_POINT ( 'NONE',  ( 8.750000000000000000, 1.250000000000000222, 7.899999999999999467 ) ) ;
#4972 = VECTOR ( 'NONE', #18, 1000.000000000000000 ) ;
#4973 = CARTESIAN_POINT ( 'NONE',  ( 20.51987171000547505, 2.500000000000000000, -5.536556753791764152 ) ) ;
#4974 = AXIS2_PLACEMENT_3D ( 'NONE', #2607, #4302, #1000 ) ;
#4975 = EDGE_CURVE ( 'NONE', #4004, #3947, #700, .T. ) ;
#4976 = DIRECTION ( 'NONE',  ( 0.000000000000000000, 0.000000000000000000, -1.000000000000000000 ) ) ;
#4977 = CYLINDRICAL_SURFACE ( 'NONE', #1590, 2.200000000000000622 ) ;
#4978 = AXIS2_PLACEMENT_3D ( 'NONE', #1699, #1615, #5456 ) ;
#4979 = EDGE_CURVE ( 'NONE', #688, #2494, #2222, .T. ) ;
#4980 = EDGE_CURVE ( 'NONE', #2882, #2266, #1912, .T. ) ;
#4981 = VERTEX_POINT ( 'NONE', #3110 ) ;
#4982 = DIRECTION ( 'NONE',  ( 0.000000000000000000, 1.000000000000000000, 0.000000000000000000 ) ) ;
#4983 = PLANE ( 'NONE',  #1992 ) ;
#4984 = VECTOR ( 'NONE', #1886, 1000.000000000000000 ) ;
#4985 = ORIENTED_EDGE ( 'NONE', *, *, #2404, .F. ) ;
#4986 = DIRECTION ( 'NONE',  ( -1.000000000000000000, 0.000000000000000000, 0.000000000000000000 ) ) ;
#4987 = CARTESIAN_POINT ( 'NONE',  ( 28.00000000000000711, 3.500000000000006661, -2.204915028125265852 ) ) ;
#4988 = DIRECTION ( 'NONE',  ( 0.000000000000000000, 1.000000000000000000, 0.000000000000000000 ) ) ;
#4989 = AXIS2_PLACEMENT_3D ( 'NONE', #1523, #4832, #206 ) ;
#4990 = EDGE_LOOP ( 'NONE', ( #122, #4690, #446, #336 ) ) ;
#4991 = EDGE_LOOP ( 'NONE', ( #27, #893, #2535, #4242 ) ) ;
#4992 = EDGE_CURVE ( 'NONE', #1655, #3507, #779, .T. ) ;
#4993 = ORIENTED_EDGE ( 'NONE', *, *, #3733, .F. ) ;
#4994 = VERTEX_POINT ( 'NONE', #3189 ) ;
#4995 = DIRECTION ( 'NONE',  ( 9.819189486661174428E-16, 0.000000000000000000, -1.000000000000000000 ) ) ;
#4996 = VECTOR ( 'NONE', #383, 1000.000000000000000 ) ;
#4997 = DIRECTION ( 'NONE',  ( 0.000000000000000000, 1.000000000000000000, 0.000000000000000000 ) ) ;
#4998 = ORIENTED_EDGE ( 'NONE', *, *, #1808, .F. ) ;
#4999 = CARTESIAN_POINT ( 'NONE',  ( 10.25000000000000000, 2.600000000000000089, -22.69999999999999929 ) ) ;
#5000 = ORIENTED_EDGE ( 'NONE', *, *, #1477, .F. ) ;
#5001 = AXIS2_PLACEMENT_3D ( 'NONE', #2349, #3208, #4888 ) ;
#5002 = LINE ( 'NONE', #2818, #1183 ) ;
#5003 = DIRECTION ( 'NONE',  ( 0.000000000000000000, 0.000000000000000000, -1.000000000000000000 ) ) ;
#5004 = AXIS2_PLACEMENT_3D ( 'NONE', #2009, #1172, #4610 ) ;
#5005 = EDGE_CURVE ( 'NONE', #396, #467, #2207, .T. ) ;
#5006 = DIRECTION ( 'NONE',  ( -0.000000000000000000, -1.000000000000000000, 0.000000000000000000 ) ) ;
#5007 = AXIS2_PLACEMENT_3D ( 'NONE', #759, #3471, #3865 ) ;
#5008 = CARTESIAN_POINT ( 'NONE',  ( 19.51990690801881101, 2.500000000000000000, 0.2908794113017860172 ) ) ;
#5009 = CARTESIAN_POINT ( 'NONE',  ( 21.00000000000001066, 4.000000000000000000, -26.00000000000000355 ) ) ;
#5010 = ORIENTED_EDGE ( 'NONE', *, *, #4560, .T. ) ;
#5011 = DIRECTION ( 'NONE',  ( 0.7071067811865524577, 0.7071067811865426878, 8.177564888978054568E-17 ) ) ;
#5012 = DIRECTION ( 'NONE',  ( 0.000000000000000000, 0.000000000000000000, -1.000000000000000000 ) ) ;
#5013 = AXIS2_PLACEMENT_3D ( 'NONE', #5273, #1871, #1064 ) ;
#5014 = EDGE_CURVE ( 'NONE', #4388, #1840, #1141, .T. ) ;
#5015 = ORIENTED_EDGE ( 'NONE', *, *, #4791, .F. ) ;
#5016 = CYLINDRICAL_SURFACE ( 'NONE', #1301, 2.000000000000001776 ) ;
#5017 = CARTESIAN_POINT ( 'NONE',  ( 23.00000000000001066, 0.000000000000000000, 14.99999999999999645 ) ) ;
#5018 = CARTESIAN_POINT ( 'NONE',  ( 19.25800355003317321, 2.500000000000000000, -7.338691251227541734 ) ) ;
#5019 = EDGE_LOOP ( 'NONE', ( #4322, #836 ) ) ;
#5020 = VERTEX_POINT ( 'NONE', #4870 ) ;
#5021 = EDGE_CURVE ( 'NONE', #93, #1121, #2913, .T. ) ;
#5022 = VERTEX_POINT ( 'NONE', #4428 ) ;
#5023 = VERTEX_POINT ( 'NONE', #4755 ) ;
#5024 = FACE_OUTER_BOUND ( 'NONE', #2848, .T. ) ;
#5025 = CYLINDRICAL_SURFACE ( 'NONE', #5384, 6.000000000000003553 ) ;
#5026 = CIRCLE ( 'NONE', #2634, 1.600000000000000755 ) ;
#5027 = DIRECTION ( 'NONE',  ( 0.000000000000000000, 0.000000000000000000, -1.000000000000000000 ) ) ;
#5028 = ORIENTED_EDGE ( 'NONE', *, *, #2500, .T. ) ;
#5029 = CARTESIAN_POINT ( 'NONE',  ( 16.00000000000001066, 2.500000000000000000, -26.50000000000000355 ) ) ;
#5030 = VECTOR ( 'NONE', #5141, 1000.000000000000000 ) ;
#5031 = CARTESIAN_POINT ( 'NONE',  ( 3.999999999999993339, 4.000000000000000000, -4.700000000000002842 ) ) ;
#5032 = DIRECTION ( 'NONE',  ( 0.000000000000000000, 1.000000000000000000, 0.000000000000000000 ) ) ;
#5033 = CARTESIAN_POINT ( 'NONE',  ( 14.00000000000001066, 3.499999999999999556, 29.99999999999999645 ) ) ;
#5034 = EDGE_CURVE ( 'NONE', #4389, #4882, #4946, .T. ) ;
#5035 = CARTESIAN_POINT ( 'NONE',  ( 4.499999999999997335, 3.500000000000006661, -30.00000000000000355 ) ) ;
#5036 = ORIENTED_EDGE ( 'NONE', *, *, #4631, .F. ) ;
#5037 = ORIENTED_EDGE ( 'NONE', *, *, #2115, .F. ) ;
#5038 = DIRECTION ( 'NONE',  ( 0.000000000000000000, -1.000000000000000000, 0.000000000000000000 ) ) ;
#5039 = CARTESIAN_POINT ( 'NONE',  ( 3.793141571295800318, 3.793141571295807424, 23.17953286501933619 ) ) ;
#5040 = EDGE_LOOP ( 'NONE', ( #3248, #4825, #4358, #4597, #358 ) ) ;
#5041 = DIRECTION ( 'NONE',  ( 0.000000000000000000, 0.000000000000000000, -1.000000000000000000 ) ) ;
#5042 = CARTESIAN_POINT ( 'NONE',  ( 18.50000000000000711, 0.000000000000000000, 9.382294164403761272E-15 ) ) ;
#5043 = FACE_OUTER_BOUND ( 'NONE', #3807, .T. ) ;
#5044 = VERTEX_POINT ( 'NONE', #4319 ) ;
#5045 = ORIENTED_EDGE ( 'NONE', *, *, #1187, .T. ) ;
#5046 = ORIENTED_EDGE ( 'NONE', *, *, #4842, .T. ) ;
#5047 = DIRECTION ( 'NONE',  ( 0.000000000000000000, -1.000000000000000000, 0.000000000000000000 ) ) ;
#5048 = DIRECTION ( 'NONE',  ( 0.000000000000000000, 0.000000000000000000, 1.000000000000000000 ) ) ;
#5049 = ORIENTED_EDGE ( 'NONE', *, *, #1311, .F. ) ;
#5050 = DIRECTION ( 'NONE',  ( 0.000000000000000000, 1.000000000000000000, 0.000000000000000000 ) ) ;
#5051 = EDGE_CURVE ( 'NONE', #4261, #3506, #970, .T. ) ;
#5052 = EDGE_CURVE ( 'NONE', #4624, #1617, #4577, .T. ) ;
#5053 = ORIENTED_EDGE ( 'NONE', *, *, #2269, .F. ) ;
#5054 = CARTESIAN_POINT ( 'NONE',  ( 21.00000000000001066, 0.000000000000000000, -28.00000000000000355 ) ) ;
#5055 = PLANE ( 'NONE',  #3881 ) ;
#5056 = DIRECTION ( 'NONE',  ( -0.7071067811865474617, -0.7071067811865474617, -0.000000000000000000 ) ) ;
#5057 = DIRECTION ( 'NONE',  ( 1.508455196501568866E-15, 0.000000000000000000, -1.000000000000000000 ) ) ;
#5058 = AXIS2_PLACEMENT_3D ( 'NONE', #2271, #1859, #101 ) ;
#5059 = CARTESIAN_POINT ( 'NONE',  ( 8.750000000000000000, 2.600000000000000089, -22.69999999999999929 ) ) ;
#5060 = ORIENTED_EDGE ( 'NONE', *, *, #5470, .F. ) ;
#5061 = CARTESIAN_POINT ( 'NONE',  ( 16.00000000000001066, 0.000000000000000000, -26.50000000000000355 ) ) ;
#5062 = DIRECTION ( 'NONE',  ( 0.000000000000000000, 1.000000000000000000, 0.000000000000000000 ) ) ;
#5063 = EDGE_LOOP ( 'NONE', ( #3410, #3671, #3842, #229 ) ) ;
#5064 = DIRECTION ( 'NONE',  ( 0.000000000000000000, 1.000000000000000000, 0.000000000000000000 ) ) ;
#5065 = AXIS2_PLACEMENT_3D ( 'NONE', #1727, #4785, #83 ) ;
#5066 = DIRECTION ( 'NONE',  ( 0.000000000000000000, 0.000000000000000000, -1.000000000000000000 ) ) ;
#5067 = ORIENTED_EDGE ( 'NONE', *, *, #579, .F. ) ;
#5068 = CIRCLE ( 'NONE', #4457, 0.7500000000000006661 ) ;
#5069 = ORIENTED_EDGE ( 'NONE', *, *, #814, .F. ) ;
#5070 = CIRCLE ( 'NONE', #656, 2.649999999999999467 ) ;
#5071 = ORIENTED_EDGE ( 'NONE', *, *, #1177, .T. ) ;
#5072 = VERTEX_POINT ( 'NONE', #4783 ) ;
#5073 = DIRECTION ( 'NONE',  ( 0.8660254037844422603, 0.000000000000000000, -0.4999999999999938383 ) ) ;
#5074 = DIRECTION ( 'NONE',  ( -5.071510359137166603E-16, 0.000000000000000000, 1.000000000000000000 ) ) ;
#5075 = AXIS2_PLACEMENT_3D ( 'NONE', #510, #194, #1263 ) ;
#5076 = EDGE_LOOP ( 'NONE', ( #4488, #1323, #2437, #1168 ) ) ;
#5077 = CARTESIAN_POINT ( 'NONE',  ( 3.499999999999998668, 4.000000000000000000, -19.30000000000000426 ) ) ;
#5078 = ORIENTED_EDGE ( 'NONE', *, *, #5319, .T. ) ;
#5079 = DIRECTION ( 'NONE',  ( 0.000000000000000000, -1.000000000000000000, 0.000000000000000000 ) ) ;
#5080 = CIRCLE ( 'NONE', #3404, 1.000000000000000888 ) ;
#5081 = DIRECTION ( 'NONE',  ( -0.000000000000000000, 1.000000000000000000, -0.000000000000000000 ) ) ;
#5082 = EDGE_CURVE ( 'NONE', #121, #2897, #4135, .T. ) ;
#5083 = EDGE_CURVE ( 'NONE', #4522, #805, #4667, .T. ) ;
#5084 = CARTESIAN_POINT ( 'NONE',  ( 19.07623043105869698, 0.000000000000000000, 7.051804871083221293 ) ) ;
#5085 = VECTOR ( 'NONE', #1603, 1000.000000000000000 ) ;
#5086 = DIRECTION ( 'NONE',  ( 0.000000000000000000, 0.000000000000000000, -1.000000000000000000 ) ) ;
#5087 = DIRECTION ( 'NONE',  ( 0.000000000000000000, 0.000000000000000000, -1.000000000000000000 ) ) ;
#5088 = CARTESIAN_POINT ( 'NONE',  ( 23.00000000000001066, 4.000000000000000000, 18.24999999999999645 ) ) ;
#5089 = ORIENTED_EDGE ( 'NONE', *, *, #4047, .T. ) ;
#5090 = CARTESIAN_POINT ( 'NONE',  ( 17.11088587534443306, 2.500000000000000000, -3.149559174711991982 ) ) ;
#5091 = CARTESIAN_POINT ( 'NONE',  ( 3.499999999999999556, 3.500000000000006661, 23.48833672784351023 ) ) ;
#5092 = ORIENTED_EDGE ( 'NONE', *, *, #1331, .F. ) ;
#5093 = EDGE_CURVE ( 'NONE', #5154, #538, #3517, .T. ) ;
#5094 = CARTESIAN_POINT ( 'NONE',  ( 25.00000000000001066, 2.299999999999999822, -5.000000000000007994 ) ) ;
#5095 = ORIENTED_EDGE ( 'NONE', *, *, #3199, .T. ) ;
#5096 = ORIENTED_EDGE ( 'NONE', *, *, #5209, .T. ) ;
#5097 = VERTEX_POINT ( 'NONE', #395 ) ;
#5098 = EDGE_CURVE ( 'NONE', #5023, #702, #1965, .T. ) ;
#5099 = ORIENTED_EDGE ( 'NONE', *, *, #4780, .F. ) ;
#5100 = FACE_OUTER_BOUND ( 'NONE', #2280, .T. ) ;
#5101 = DIRECTION ( 'NONE',  ( 0.000000000000000000, 0.000000000000000000, -1.000000000000000000 ) ) ;
#5102 = ORIENTED_EDGE ( 'NONE', *, *, #4054, .T. ) ;
#5103 = CARTESIAN_POINT ( 'NONE',  ( 16.98848870208500017, 0.000000000000000000, -0.6223065738172707251 ) ) ;
#5104 = EDGE_CURVE ( 'NONE', #4912, #4959, #2470, .T. ) ;
#5105 = VECTOR ( 'NONE', #3229, 1000.000000000000000 ) ;
#5106 = VERTEX_POINT ( 'NONE', #2792 ) ;
#5107 = DIRECTION ( 'NONE',  ( 0.000000000000000000, 0.000000000000000000, 1.000000000000000000 ) ) ;
#5108 = ORIENTED_EDGE ( 'NONE', *, *, #4341, .F. ) ;
#5109 = AXIS2_PLACEMENT_3D ( 'NONE', #715, #4486, #684 ) ;
#5110 = LINE ( 'NONE', #2185, #1109 ) ;
#5111 = VECTOR ( 'NONE', #1391, 1000.000000000000000 ) ;
#5112 = DIRECTION ( 'NONE',  ( 0.000000000000000000, 1.000000000000000000, 0.000000000000000000 ) ) ;
#5113 = AXIS2_PLACEMENT_3D ( 'NONE', #624, #3183, #4481 ) ;
#5114 = CIRCLE ( 'NONE', #1674, 2.200000000000000622 ) ;
#5115 = DIRECTION ( 'NONE',  ( 0.000000000000000000, 0.000000000000000000, -1.000000000000000000 ) ) ;
#5116 = CARTESIAN_POINT ( 'NONE',  ( 4.055555555555553582, 0.000000000000000000, 27.86467754232833727 ) ) ;
#5117 = EDGE_CURVE ( 'NONE', #4141, #3781, #2904, .T. ) ;
#5118 = AXIS2_PLACEMENT_3D ( 'NONE', #2231, #117, #3809 ) ;
#5119 = AXIS2_PLACEMENT_3D ( 'NONE', #3432, #4266, #851 ) ;
#5120 = CARTESIAN_POINT ( 'NONE',  ( 18.00000000000001066, 4.000000000000000000, 29.50000000000000711 ) ) ;
#5121 = ORIENTED_EDGE ( 'NONE', *, *, #1742, .T. ) ;
#5122 = ADVANCED_FACE ( 'NONE', ( #2929 ), #2096, .T. ) ;
#5123 = EDGE_CURVE ( 'NONE', #1358, #3831, #2953, .T. ) ;
#5124 = DIRECTION ( 'NONE',  ( 1.000000000000000000, 0.000000000000000000, 0.000000000000000000 ) ) ;
#5125 = CIRCLE ( 'NONE', #2734, 3.249999999999999556 ) ;
#5126 = PLANE ( 'NONE',  #3663 ) ;
#5127 = VERTEX_POINT ( 'NONE', #4487 ) ;
#5128 = DIRECTION ( 'NONE',  ( -0.000000000000000000, -1.000000000000000000, 0.000000000000000000 ) ) ;
#5129 = EDGE_LOOP ( 'NONE', ( #4734, #1150, #2042, #4518 ) ) ;
#5130 = FACE_OUTER_BOUND ( 'NONE', #2534, .T. ) ;
#5131 = VERTEX_POINT ( 'NONE', #5337 ) ;
#5132 = DIRECTION ( 'NONE',  ( -0.6427876096865432487, -0.000000000000000000, 0.7660444431189747938 ) ) ;
#5133 = DIRECTION ( 'NONE',  ( 0.000000000000000000, 0.000000000000000000, -1.000000000000000000 ) ) ;
#5134 = CARTESIAN_POINT ( 'NONE',  ( 26.00000000000001066, 0.000000000000000000, -21.00000000000000355 ) ) ;
#5135 = EDGE_LOOP ( 'NONE', ( #2223, #2209, #3221, #1705 ) ) ;
#5136 = EDGE_CURVE ( 'NONE', #1457, #2780, #15, .T. ) ;
#5137 = ORIENTED_EDGE ( 'NONE', *, *, #2115, .T. ) ;
#5138 = DIRECTION ( 'NONE',  ( 0.000000000000000000, -1.000000000000000000, 0.000000000000000000 ) ) ;
#5139 = ORIENTED_EDGE ( 'NONE', *, *, #1128, .F. ) ;
#5140 = CARTESIAN_POINT ( 'NONE',  ( 14.42628246223865673, 2.500000000000000000, 22.82258064516128471 ) ) ;
#5141 = DIRECTION ( 'NONE',  ( -0.000000000000000000, -1.000000000000000000, 0.000000000000000000 ) ) ;
#5142 = CARTESIAN_POINT ( 'NONE',  ( 25.00000000000001066, 2.500000000000000000, -5.000000000000007994 ) ) ;
#5143 = CARTESIAN_POINT ( 'NONE',  ( 27.50000000000000711, 4.000000000000000000, -2.204915028125265852 ) ) ;
#5144 = CYLINDRICAL_SURFACE ( 'NONE', #5119, 2.200000000000000178 ) ;
#5145 = ORIENTED_EDGE ( 'NONE', *, *, #595, .F. ) ;
#5146 = CARTESIAN_POINT ( 'NONE',  ( -27.99999999999999645, 4.000000000000000000, 29.99999999999999645 ) ) ;
#5147 = VECTOR ( 'NONE', #934, 1000.000000000000000 ) ;
#5148 = DIRECTION ( 'NONE',  ( -1.000000000000000000, 0.000000000000000000, 0.000000000000000000 ) ) ;
#5149 = VERTEX_POINT ( 'NONE', #686 ) ;
#5150 = EDGE_CURVE ( 'NONE', #2398, #1225, #2511, .T. ) ;
#5151 = EDGE_CURVE ( 'NONE', #5287, #5154, #2359, .T. ) ;
#5152 = CARTESIAN_POINT ( 'NONE',  ( 21.29548616131172878, 2.500000000000000000, -6.508833065308094135 ) ) ;
#5153 = VECTOR ( 'NONE', #1139, 1000.000000000000000 ) ;
#5154 = VERTEX_POINT ( 'NONE', #1711 ) ;
#5155 = DIRECTION ( 'NONE',  ( -0.000000000000000000, -1.000000000000000000, 0.000000000000000000 ) ) ;
#5156 = AXIS2_PLACEMENT_3D ( 'NONE', #3435, #3488, #2600 ) ;
#5157 = VERTEX_POINT ( 'NONE', #4999 ) ;
#5158 = CYLINDRICAL_SURFACE ( 'NONE', #4656, 0.5000000000000000000 ) ;
#5159 = DIRECTION ( 'NONE',  ( 0.000000000000000000, 0.000000000000000000, -1.000000000000000000 ) ) ;
#5160 = CYLINDRICAL_SURFACE ( 'NONE', #4317, 2.200000000000000622 ) ;
#5161 = AXIS2_PLACEMENT_3D ( 'NONE', #3993, #4076, #4838 ) ;
#5162 = ORIENTED_EDGE ( 'NONE', *, *, #2077, .F. ) ;
#5163 = ORIENTED_EDGE ( 'NONE', *, *, #2013, .T. ) ;
#5164 = ORIENTED_EDGE ( 'NONE', *, *, #2489, .T. ) ;
#5165 = ORIENTED_EDGE ( 'NONE', *, *, #279, .F. ) ;
#5166 = CYLINDRICAL_SURFACE ( 'NONE', #3043, 0.7500000000000006661 ) ;
#5167 = CIRCLE ( 'NONE', #1007, 2.649999999999999467 ) ;
#5168 = EDGE_CURVE ( 'NONE', #2839, #4200, #3128, .T. ) ;
#5169 = CARTESIAN_POINT ( 'NONE',  ( 5.635322457671657403, 3.499999999999999556, 29.44444444444443931 ) ) ;
#5170 = AXIS2_PLACEMENT_3D ( 'NONE', #5416, #4950, #1154 ) ;
#5171 = CYLINDRICAL_SURFACE ( 'NONE', #5431, 6.000000000000005329 ) ;
#5172 = LINE ( 'NONE', #2648, #905 ) ;
#5173 = EDGE_CURVE ( 'NONE', #2749, #2051, #2382, .T. ) ;
#5174 = DIRECTION ( 'NONE',  ( 0.000000000000000000, 0.000000000000000000, -1.000000000000000000 ) ) ;
#5175 = AXIS2_PLACEMENT_3D ( 'NONE', #1096, #3643, #4775 ) ;
#5176 = AXIS2_PLACEMENT_3D ( 'NONE', #2832, #4083, #1142 ) ;
#5177 = CARTESIAN_POINT ( 'NONE',  ( 19.51990690801881101, 2.500000000000000000, 0.2908794113017860172 ) ) ;
#5178 = VERTEX_POINT ( 'NONE', #1105 ) ;
#5179 = CARTESIAN_POINT ( 'NONE',  ( 10.74999999999999822, 0.000000000000000000, 0.000000000000000000 ) ) ;
#5180 = DIRECTION ( 'NONE',  ( 0.000000000000000000, 0.000000000000000000, 1.000000000000000000 ) ) ;
#5181 = DIRECTION ( 'NONE',  ( 0.7071067811865426878, -0.7071067811865524577, 0.000000000000000000 ) ) ;
#5182 = ORIENTED_EDGE ( 'NONE', *, *, #2785, .T. ) ;
#5183 = DIRECTION ( 'NONE',  ( 0.000000000000000000, 1.000000000000000000, 0.000000000000000000 ) ) ;
#5184 = EDGE_CURVE ( 'NONE', #2947, #1950, #1215, .T. ) ;
#5185 = CIRCLE ( 'NONE', #761, 2.200000000000000622 ) ;
#5186 = ORIENTED_EDGE ( 'NONE', *, *, #3766, .F. ) ;
#5187 = DIRECTION ( 'NONE',  ( 0.000000000000000000, 0.000000000000000000, -1.000000000000000000 ) ) ;
#5188 = ADVANCED_FACE ( 'NONE', ( #3242 ), #1205, .T. ) ;
#5189 = DIRECTION ( 'NONE',  ( 0.000000000000000000, 0.000000000000000000, 1.000000000000000000 ) ) ;
#5190 = ORIENTED_EDGE ( 'NONE', *, *, #3733, .T. ) ;
#5191 = DIRECTION ( 'NONE',  ( 0.000000000000000000, 0.000000000000000000, 1.000000000000000000 ) ) ;
#5192 = ORIENTED_EDGE ( 'NONE', *, *, #4763, .F. ) ;
#5193 = MANIFOLD_SOLID_BREP ( '<挤出机顶盖（修改3）>-<圆角7>', #3307 ) ;
#5194 = ORIENTED_EDGE ( 'NONE', *, *, #4852, .T. ) ;
#5195 = EDGE_CURVE ( 'NONE', #1225, #1051, #3812, .T. ) ;
#5196 = ORIENTED_EDGE ( 'NONE', *, *, #45, .T. ) ;
#5197 = ADVANCED_FACE ( 'NONE', ( #2232 ), #5160, .F. ) ;
#5198 = VERTEX_POINT ( 'NONE', #3097 ) ;
#5199 = CARTESIAN_POINT ( 'NONE',  ( 22.90673953227155479, 2.500000000000000000, -1.020975544904873855 ) ) ;
#5200 = DIRECTION ( 'NONE',  ( 0.000000000000000000, 0.000000000000000000, 1.000000000000000000 ) ) ;
#5201 = CARTESIAN_POINT ( 'NONE',  ( 27.38363500381079874, 0.000000000000000000, -6.034310117596673351 ) ) ;
#5202 = COLOUR_RGB ( '',1.000000000000000000, 1.000000000000000000, 1.000000000000000000 ) ;
#5203 = EDGE_CURVE ( 'NONE', #121, #1405, #3419, .T. ) ;
#5204 = CARTESIAN_POINT ( 'NONE',  ( 11.50000000000000000, 0.000000000000000000, 6.000000000000000888 ) ) ;
#5205 = CARTESIAN_POINT ( 'NONE',  ( 10.79999999999999893, 2.500000000000000000, 0.000000000000000000 ) ) ;
#5206 = DIRECTION ( 'NONE',  ( -0.000000000000000000, -1.000000000000000000, -0.000000000000000000 ) ) ;
#5207 = AXIS2_PLACEMENT_3D ( 'NONE', #4709, #3060, #2944 ) ;
#5208 = VERTEX_POINT ( 'NONE', #560 ) ;
#5209 = EDGE_CURVE ( 'NONE', #3603, #1784, #118, .T. ) ;
#5210 = DIRECTION ( 'NONE',  ( 0.000000000000000000, 0.000000000000000000, 1.000000000000000000 ) ) ;
#5211 = ADVANCED_FACE ( 'NONE', ( #953 ), #38, .T. ) ;
#5212 = CARTESIAN_POINT ( 'NONE',  ( 18.00000000000001066, -1.808568626610816077, 29.49999999999999645 ) ) ;
#5213 = CIRCLE ( 'NONE', #4416, 3.249999999999999556 ) ;
#5214 = CARTESIAN_POINT ( 'NONE',  ( 10.45685842870420323, 4.000000000000000000, 25.52142902930398449 ) ) ;
#5215 = AXIS2_PLACEMENT_3D ( 'NONE', #2611, #3472, #866 ) ;
#5216 = ORIENTED_EDGE ( 'NONE', *, *, #1080, .F. ) ;
#5217 = DIRECTION ( 'NONE',  ( 0.000000000000000000, 0.000000000000000000, 1.000000000000000000 ) ) ;
#5218 = ORIENTED_EDGE ( 'NONE', *, *, #4890, .T. ) ;
#5219 = DIRECTION ( 'NONE',  ( 0.8660254037844422603, 0.000000000000000000, -0.4999999999999938383 ) ) ;
#5220 = DIRECTION ( 'NONE',  ( 0.000000000000000000, 0.000000000000000000, -1.000000000000000000 ) ) ;
#5221 = CARTESIAN_POINT ( 'NONE',  ( 16.00000000000001066, 0.000000000000000000, 26.49999999999999289 ) ) ;
#5222 = VERTEX_POINT ( 'NONE', #2665 ) ;
#5223 = ORIENTED_EDGE ( 'NONE', *, *, #1879, .F. ) ;
#5224 = EDGE_LOOP ( 'NONE', ( #583, #4064, #1214, #323 ) ) ;
#5225 = CARTESIAN_POINT ( 'NONE',  ( 8.800000000000002487, -0.8612698372208114073, -5.800000000000003375 ) ) ;
#5226 = CARTESIAN_POINT ( 'NONE',  ( 28.00000000000001066, 3.500000000000020428, -21.00000000000000711 ) ) ;
#5227 = ADVANCED_FACE ( 'NONE', ( #3014 ), #1318, .F. ) ;
#5228 = EDGE_CURVE ( 'NONE', #3434, #3022, #4771, .T. ) ;
#5229 = LINE ( 'NONE', #2325, #37 ) ;
#5230 = CARTESIAN_POINT ( 'NONE',  ( 20.49036317236908999, 2.500000000000000000, 5.366507096221478257 ) ) ;
#5231 = LINE ( 'NONE', #3959, #327 ) ;
#5232 = CARTESIAN_POINT ( 'NONE',  ( 9.500000000000007105, 4.000000000000000000, -27.30000000000000071 ) ) ;
#5233 = VERTEX_POINT ( 'NONE', #64 ) ;
#5234 = ADVANCED_FACE ( 'NONE', ( #4280, #2262 ), #145, .T. ) ;
#5235 = CARTESIAN_POINT ( 'NONE',  ( 15.22658836461049958, 2.500000000000000000, 9.304282248157557333 ) ) ;
#5236 = DIRECTION ( 'NONE',  ( -0.000000000000000000, -1.000000000000000000, 0.000000000000000000 ) ) ;
#5237 = EDGE_CURVE ( 'NONE', #1738, #4461, #4257, .T. ) ;
#5238 = CYLINDRICAL_SURFACE ( 'NONE', #2553, 2.200000000000000622 ) ;
#5239 = VERTEX_POINT ( 'NONE', #3837 ) ;
#5240 = EDGE_LOOP ( 'NONE', ( #4446, #4283, #2089, #3454 ) ) ;
#5241 = FACE_OUTER_BOUND ( 'NONE', #3088, .T. ) ;
#5242 = VERTEX_POINT ( 'NONE', #1289 ) ;
#5243 = CARTESIAN_POINT ( 'NONE',  ( 16.00000000000001066, 0.000000000000000000, 26.49999999999999289 ) ) ;
#5244 = CIRCLE ( 'NONE', #1970, 1.549999999999997602 ) ;
#5245 = DIRECTION ( 'NONE',  ( 0.000000000000000000, 0.000000000000000000, -1.000000000000000000 ) ) ;
#5246 = CARTESIAN_POINT ( 'NONE',  ( 16.73905426840038757, 0.000000000000000000, 5.090681215000284254 ) ) ;
#5247 = ORIENTED_EDGE ( 'NONE', *, *, #3980, .F. ) ;
#5248 = ORIENTED_EDGE ( 'NONE', *, *, #1594, .F. ) ;
#5249 = ORIENTED_EDGE ( 'NONE', *, *, #943, .F. ) ;
#5250 = FACE_OUTER_BOUND ( 'NONE', #1459, .T. ) ;
#5251 = DIRECTION ( 'NONE',  ( -0.000000000000000000, 1.000000000000000000, -0.000000000000000000 ) ) ;
#5252 = AXIS2_PLACEMENT_3D ( 'NONE', #4684, #2361, #5340 ) ;
#5253 = DIRECTION ( 'NONE',  ( -0.000000000000000000, -1.000000000000000000, 0.000000000000000000 ) ) ;
#5254 = VECTOR ( 'NONE', #1078, 1000.000000000000000 ) ;
#5255 = ADVANCED_FACE ( 'NONE', ( #868 ), #3868, .T. ) ;
#5256 = DIRECTION ( 'NONE',  ( 0.000000000000000000, 0.000000000000000000, -1.000000000000000000 ) ) ;
#5257 = EDGE_CURVE ( 'NONE', #3312, #2290, #1345, .T. ) ;
#5258 = DIRECTION ( 'NONE',  ( 0.000000000000000000, 1.000000000000000000, 0.000000000000000000 ) ) ;
#5259 = EDGE_CURVE ( 'NONE', #539, #4202, #1305, .T. ) ;
#5260 = DIRECTION ( 'NONE',  ( 0.000000000000000000, 0.000000000000000000, -1.000000000000000000 ) ) ;
#5261 = CIRCLE ( 'NONE', #1462, 2.200000000000000178 ) ;
#5262 = EDGE_LOOP ( 'NONE', ( #4172, #4875, #3123, #3201 ) ) ;
#5263 = CARTESIAN_POINT ( 'NONE',  ( 24.00000000000001066, 0.000000000000000000, -23.00000000000000355 ) ) ;
#5264 = DIRECTION ( 'NONE',  ( 0.000000000000000000, 0.000000000000000000, -1.000000000000000000 ) ) ;
#5265 = EDGE_CURVE ( 'NONE', #1201, #5097, #4307, .T. ) ;
#5266 = DIRECTION ( 'NONE',  ( 0.000000000000000000, 0.000000000000000000, 1.000000000000000000 ) ) ;
#5267 = CIRCLE ( 'NONE', #5001, 2.200000000000000622 ) ;
#5268 = ORIENTED_EDGE ( 'NONE', *, *, #3104, .F. ) ;
#5269 = DIRECTION ( 'NONE',  ( 0.000000000000000000, -1.000000000000000000, 0.000000000000000000 ) ) ;
#5270 = LINE ( 'NONE', #3688, #2084 ) ;
#5271 = EDGE_CURVE ( 'NONE', #2773, #1312, #174, .T. ) ;
#5272 = ORIENTED_EDGE ( 'NONE', *, *, #508, .T. ) ;
#5273 = CARTESIAN_POINT ( 'NONE',  ( 11.50000000000000000, 0.000000000000000000, 2.000000000000000000 ) ) ;
#5274 = CARTESIAN_POINT ( 'NONE',  ( 14.10236294594450079, 2.500000000000000000, -22.86418522891058558 ) ) ;
#5275 = CARTESIAN_POINT ( 'NONE',  ( 3.499999999999999556, 3.499999999999999556, 24.16976710787182725 ) ) ;
#5276 = ORIENTED_EDGE ( 'NONE', *, *, #4450, .F. ) ;
#5277 = ORIENTED_EDGE ( 'NONE', *, *, #3479, .T. ) ;
#5278 = EDGE_CURVE ( 'NONE', #2120, #4655, #643, .T. ) ;
#5279 = ORIENTED_EDGE ( 'NONE', *, *, #1948, .F. ) ;
#5280 = DIRECTION ( 'NONE',  ( 0.000000000000000000, 1.000000000000000000, 0.000000000000000000 ) ) ;
#5281 = DIRECTION ( 'NONE',  ( 0.000000000000000000, 1.000000000000000000, 0.000000000000000000 ) ) ;
#5282 = CARTESIAN_POINT ( 'NONE',  ( 14.49999999999999467, 0.000000000000000000, -13.71623364550170976 ) ) ;
#5283 = DIRECTION ( 'NONE',  ( 0.000000000000000000, 0.000000000000000000, 1.000000000000000000 ) ) ;
#5284 = CARTESIAN_POINT ( 'NONE',  ( 13.50000000000001066, 2.299999999999999822, 29.99999999999999645 ) ) ;
#5285 = DIRECTION ( 'NONE',  ( 0.000000000000000000, 1.000000000000000000, 0.000000000000000000 ) ) ;
#5286 =( GEOMETRIC_REPRESENTATION_CONTEXT ( 3 ) GLOBAL_UNCERTAINTY_ASSIGNED_CONTEXT ( ( #1745 ) ) GLOBAL_UNIT_ASSIGNED_CONTEXT ( ( #4744, #4694, #3504 ) ) REPRESENTATION_CONTEXT ( 'NONE', 'WORKASPACE' ) );
#5287 = VERTEX_POINT ( 'NONE', #1928 ) ;
#5288 = DIRECTION ( 'NONE',  ( -2.376333528735352191E-16, 0.000000000000000000, 1.000000000000000000 ) ) ;
#5289 = LINE ( 'NONE', #2307, #2515 ) ;
#5290 = DIRECTION ( 'NONE',  ( -0.000000000000000000, -1.000000000000000000, -0.000000000000000000 ) ) ;
#5291 = EDGE_CURVE ( 'NONE', #3289, #2902, #1005, .T. ) ;
#5292 = ADVANCED_FACE ( 'NONE', ( #3584 ), #2342, .T. ) ;
#5293 = ORIENTED_EDGE ( 'NONE', *, *, #4511, .F. ) ;
#5294 = CARTESIAN_POINT ( 'NONE',  ( 7.000000000000003553, 1.000000000000000000, -25.00000000000000000 ) ) ;
#5295 = AXIS2_PLACEMENT_3D ( 'NONE', #4889, #2698, #3618 ) ;
#5296 = AXIS2_PLACEMENT_3D ( 'NONE', #2304, #1387, #132 ) ;
#5297 = CARTESIAN_POINT ( 'NONE',  ( 4.199999999999998401, 2.250000000000000444, -4.700000000000002842 ) ) ;
#5298 = ORIENTED_EDGE ( 'NONE', *, *, #4249, .F. ) ;
#5299 = DIRECTION ( 'NONE',  ( -0.000000000000000000, -1.000000000000000000, -0.000000000000000000 ) ) ;
#5300 = DIRECTION ( 'NONE',  ( 0.000000000000000000, -0.7071067811865474617, -0.7071067811865474617 ) ) ;
#5301 = VECTOR ( 'NONE', #1604, 1000.000000000000000 ) ;
#5302 = CARTESIAN_POINT ( 'NONE',  ( 10.03764109064972665, 2.600000000000000089, 25.76346427227868929 ) ) ;
#5303 = ORIENTED_EDGE ( 'NONE', *, *, #241, .T. ) ;
#5304 = ORIENTED_EDGE ( 'NONE', *, *, #3766, .T. ) ;
#5305 = VERTEX_POINT ( 'NONE', #4881 ) ;
#5306 = FACE_OUTER_BOUND ( 'NONE', #3586, .T. ) ;
#5307 = DIRECTION ( 'NONE',  ( -0.000000000000000000, -1.000000000000000000, -0.000000000000000000 ) ) ;
#5308 = CARTESIAN_POINT ( 'NONE',  ( 28.00000000000000711, 3.500000000000021316, -7.502191753061306478 ) ) ;
#5309 = DIRECTION ( 'NONE',  ( -0.000000000000000000, -1.000000000000000000, -0.000000000000000000 ) ) ;
#5310 = DIRECTION ( 'NONE',  ( -1.000000000000000000, 0.000000000000000000, 0.000000000000000000 ) ) ;
#5311 = CARTESIAN_POINT ( 'NONE',  ( 7.776858428704232828, 2.600000000000000089, 20.87953286501936745 ) ) ;
#5312 = ORIENTED_EDGE ( 'NONE', *, *, #5052, .T. ) ;
#5313 = DIRECTION ( 'NONE',  ( -0.000000000000000000, -1.000000000000000000, -0.000000000000000000 ) ) ;
#5314 = DIRECTION ( 'NONE',  ( 0.000000000000000000, 1.000000000000000000, -0.000000000000000000 ) ) ;
#5315 = DIRECTION ( 'NONE',  ( -0.8660254037844423713, 0.000000000000000000, 0.4999999999999933942 ) ) ;
#5316 = EDGE_LOOP ( 'NONE', ( #1686, #4007, #3171, #4724, #4575, #5248, #495 ) ) ;
#5317 = DIRECTION ( 'NONE',  ( 0.000000000000000000, 1.000000000000000000, 0.000000000000000000 ) ) ;
#5318 = DIRECTION ( 'NONE',  ( 1.000000000000000000, 0.000000000000000000, 0.000000000000000000 ) ) ;
#5319 = EDGE_CURVE ( 'NONE', #1756, #563, #199, .T. ) ;
#5320 = EDGE_CURVE ( 'NONE', #3357, #1457, #2196, .T. ) ;
#5321 = ORIENTED_EDGE ( 'NONE', *, *, #279, .T. ) ;
#5322 = CARTESIAN_POINT ( 'NONE',  ( 19.43694558354466295, 2.500000000000000000, -2.336734539196755112 ) ) ;
#5323 = CARTESIAN_POINT ( 'NONE',  ( 24.00000000000001066, 3.500000000000020428, -23.00000000000000355 ) ) ;
#5324 = PLANE ( 'NONE',  #3085 ) ;
#5325 = EDGE_LOOP ( 'NONE', ( #1198, #5036, #1170, #1230, #5216, #909, #677 ) ) ;
#5326 = ORIENTED_EDGE ( 'NONE', *, *, #4562, .T. ) ;
#5327 = AXIS2_PLACEMENT_3D ( 'NONE', #3295, #3376, #4976 ) ;
#5328 = ORIENTED_EDGE ( 'NONE', *, *, #1229, .F. ) ;
#5329 = CYLINDRICAL_SURFACE ( 'NONE', #574, 0.5000000000000004441 ) ;
#5330 = DIRECTION ( 'NONE',  ( 0.000000000000000000, 0.000000000000000000, -1.000000000000000000 ) ) ;
#5331 = AXIS2_PLACEMENT_3D ( 'NONE', #2769, #3687, #1534 ) ;
#5332 = CARTESIAN_POINT ( 'NONE',  ( 18.00000000000001066, 4.000000000000000000, -29.29508497187474347 ) ) ;
#5333 = PLANE ( 'NONE',  #641 ) ;
#5334 = VECTOR ( 'NONE', #1456, 1000.000000000000000 ) ;
#5335 = AXIS2_PLACEMENT_3D ( 'NONE', #3856, #2224, #1334 ) ;
#5336 = DIRECTION ( 'NONE',  ( 0.000000000000000000, 0.000000000000000000, -1.000000000000000000 ) ) ;
#5337 = CARTESIAN_POINT ( 'NONE',  ( 8.799999999999998934, 4.000000000000000000, -6.900000000000003908 ) ) ;
#5338 = AXIS2_PLACEMENT_3D ( 'NONE', #1916, #1079, #270 ) ;
#5339 = AXIS2_PLACEMENT_3D ( 'NONE', #3137, #716, #632 ) ;
#5340 = DIRECTION ( 'NONE',  ( 0.000000000000000000, 0.000000000000000000, -1.000000000000000000 ) ) ;
#5341 = FACE_OUTER_BOUND ( 'NONE', #2166, .T. ) ;
#5342 = EDGE_CURVE ( 'NONE', #4156, #2897, #1668, .T. ) ;
#5343 = FACE_OUTER_BOUND ( 'NONE', #4057, .T. ) ;
#5345 = EDGE_CURVE ( 'NONE', #93, #4354, #706, .T. ) ;
#5344 = VERTEX_POINT ( 'NONE', #2776 ) ;
#5346 = VERTEX_POINT ( 'NONE', #3174 ) ;
#5347 = CYLINDRICAL_SURFACE ( 'NONE', #1265, 0.5000000000000000000 ) ;
#5348 = AXIS2_PLACEMENT_3D ( 'NONE', #945, #494, #1444 ) ;
#5349 = CARTESIAN_POINT ( 'NONE',  ( 19.00000000000000355, 4.000000000000000000, 29.50000000000001066 ) ) ;
#5350 = EDGE_CURVE ( 'NONE', #3575, #2424, #4752, .T. ) ;
#5351 = ORIENTED_EDGE ( 'NONE', *, *, #1471, .T. ) ;
#5352 = CARTESIAN_POINT ( 'NONE',  ( 17.23689931702759282, 0.000000000000000000, 3.757266691850818408 ) ) ;
#5353 = LINE ( 'NONE', #2033, #1409 ) ;
#5354 = CIRCLE ( 'NONE', #1826, 1.000000000000000888 ) ;
#5355 = ORIENTED_EDGE ( 'NONE', *, *, #2650, .F. ) ;
#5356 = ORIENTED_EDGE ( 'NONE', *, *, #4732, .T. ) ;
#5357 = VERTEX_POINT ( 'NONE', #5275 ) ;
#5358 = CARTESIAN_POINT ( 'NONE',  ( 15.22658836461049958, 0.000000000000000000, 9.304282248157557333 ) ) ;
#5359 = CARTESIAN_POINT ( 'NONE',  ( 19.02440013978876721, 2.500000000000000000, 11.70582560332145405 ) ) ;
#5360 = ORIENTED_EDGE ( 'NONE', *, *, #4065, .F. ) ;
#5361 = ADVANCED_FACE ( 'NONE', ( #675 ), #5324, .F. ) ;
#5362 = EDGE_CURVE ( 'NONE', #2466, #3015, #687, .T. ) ;
#5363 = AXIS2_PLACEMENT_3D ( 'NONE', #2563, #2951, #4254 ) ;
#5364 = CYLINDRICAL_SURFACE ( 'NONE', #4199, 1.549999999999997602 ) ;
#5365 = CYLINDRICAL_SURFACE ( 'NONE', #4671, 0.5000000000000004441 ) ;
#5366 = DIRECTION ( 'NONE',  ( 0.000000000000000000, 0.000000000000000000, 1.000000000000000000 ) ) ;
#5367 = DIRECTION ( 'NONE',  ( 0.000000000000000000, 0.000000000000000000, 1.000000000000000000 ) ) ;
#5368 = DIRECTION ( 'NONE',  ( 0.000000000000000000, 1.000000000000000000, 0.000000000000000000 ) ) ;
#5369 = EDGE_CURVE ( 'NONE', #3118, #5242, #3658, .T. ) ;
#5370 = ORIENTED_EDGE ( 'NONE', *, *, #1157, .F. ) ;
#5371 = DIRECTION ( 'NONE',  ( 0.000000000000000000, 0.000000000000000000, -1.000000000000000000 ) ) ;
#5372 = CARTESIAN_POINT ( 'NONE',  ( 18.00000000000001066, 2.299999999999999822, 29.49999999999999645 ) ) ;
#5373 = AXIS2_PLACEMENT_3D ( 'NONE', #800, #1677, #1860 ) ;
#5374 = ORIENTED_EDGE ( 'NONE', *, *, #4701, .F. ) ;
#5375 = LINE ( 'NONE', #306, #2907 ) ;
#5376 = DIRECTION ( 'NONE',  ( 0.000000000000000000, 0.000000000000000000, 1.000000000000000000 ) ) ;
#5377 = DIRECTION ( 'NONE',  ( 0.000000000000000000, 0.000000000000000000, -1.000000000000000000 ) ) ;
#5378 = VECTOR ( 'NONE', #961, 1000.000000000000000 ) ;
#5379 = EDGE_LOOP ( 'NONE', ( #3091, #5389, #1299, #3823 ) ) ;
#5380 = AXIS2_PLACEMENT_3D ( 'NONE', #465, #3913, #1337 ) ;
#5381 = EDGE_LOOP ( 'NONE', ( #3279, #5049, #94, #142 ) ) ;
#5382 = ORIENTED_EDGE ( 'NONE', *, *, #456, .F. ) ;
#5383 = ORIENTED_EDGE ( 'NONE', *, *, #5184, .F. ) ;
#5384 = AXIS2_PLACEMENT_3D ( 'NONE', #5471, #3370, #5048 ) ;
#5385 =( BOUNDED_CURVE ( )  B_SPLINE_CURVE ( 3, ( #3889, #1755, #916, #3005 ),
 .UNSPECIFIED., .F., .T. ) 
 B_SPLINE_CURVE_WITH_KNOTS ( ( 4, 4 ),
 ( 4.712388980384731418, 6.283185307179586232 ),
 .UNSPECIFIED. ) 
 CURVE ( )  GEOMETRIC_REPRESENTATION_ITEM ( )  RATIONAL_B_SPLINE_CURVE ( ( 1.000000000000000000, 0.8047378541243747074, 0.8047378541243747074, 1.000000000000000000 ) ) 
 REPRESENTATION_ITEM ( '' )  );
#5386 = DIRECTION ( 'NONE',  ( -0.000000000000000000, -1.000000000000000000, -0.000000000000000000 ) ) ;
#5387 = VECTOR ( 'NONE', #940, 1000.000000000000000 ) ;
#5388 = DIRECTION ( 'NONE',  ( -0.000000000000000000, -1.000000000000000000, -0.000000000000000000 ) ) ;
#5389 = ORIENTED_EDGE ( 'NONE', *, *, #349, .T. ) ;
#5390 = VERTEX_POINT ( 'NONE', #3554 ) ;
#5391 = AXIS2_PLACEMENT_3D ( 'NONE', #2088, #704, #5376 ) ;
#5392 = DIRECTION ( 'NONE',  ( 0.000000000000000000, 0.000000000000000000, 1.000000000000000000 ) ) ;
#5393 = ADVANCED_FACE ( 'NONE', ( #3639 ), #1540, .T. ) ;
#5394 = EDGE_CURVE ( 'NONE', #5020, #1667, #4911, .T. ) ;
#5395 = DIRECTION ( 'NONE',  ( -3.401418580346680819E-16, 0.000000000000000000, 1.000000000000000000 ) ) ;
#5396 = UNCERTAINTY_MEASURE_WITH_UNIT (LENGTH_MEASURE( 1.000000000000000082E-05 ), #3087, 'distance_accuracy_value', 'NONE');
#5397 = DIRECTION ( 'NONE',  ( 0.000000000000000000, 0.000000000000000000, -1.000000000000000000 ) ) ;
#5398 = DIRECTION ( 'NONE',  ( 0.000000000000000000, 0.000000000000000000, -1.000000000000000000 ) ) ;
#5399 = LINE ( 'NONE', #4099, #2029 ) ;
#5400 = ORIENTED_EDGE ( 'NONE', *, *, #1761, .F. ) ;
#5401 = DIRECTION ( 'NONE',  ( 0.000000000000000000, 1.000000000000000000, 0.000000000000000000 ) ) ;
#5402 = CYLINDRICAL_SURFACE ( 'NONE', #3324, 0.5000000000000004441 ) ;
#5403 = ORIENTED_EDGE ( 'NONE', *, *, #3237, .F. ) ;
#5404 = ADVANCED_FACE ( 'NONE', ( #4824 ), #3528, .F. ) ;
#5405 = CARTESIAN_POINT ( 'NONE',  ( 19.30825215254416705, 2.500000000000000000, -7.458456109224194996 ) ) ;
#5406 = DIRECTION ( 'NONE',  ( 0.000000000000000000, 1.000000000000000000, 0.000000000000000000 ) ) ;
#5407 = ORIENTED_EDGE ( 'NONE', *, *, #2707, .F. ) ;
#5408 = ORIENTED_EDGE ( 'NONE', *, *, #4747, .F. ) ;
#5409 = ORIENTED_EDGE ( 'NONE', *, *, #2895, .F. ) ;
#5410 = VERTEX_POINT ( 'NONE', #4417 ) ;
#5411 = EDGE_CURVE ( 'NONE', #4668, #4942, #617, .T. ) ;
#5412 = ORIENTED_EDGE ( 'NONE', *, *, #2677, .T. ) ;
#5413 = CARTESIAN_POINT ( 'NONE',  ( 18.00000000000001066, 2.299999999999999822, -29.50000000000000355 ) ) ;
#5414 = DIRECTION ( 'NONE',  ( 0.000000000000000000, 1.000000000000000000, 0.000000000000000000 ) ) ;
#5415 = ORIENTED_EDGE ( 'NONE', *, *, #5098, .T. ) ;
#5416 = CARTESIAN_POINT ( 'NONE',  ( 25.00000000000001066, 2.299999999999999822, -5.000000000000007994 ) ) ;
#5417 = DIRECTION ( 'NONE',  ( 1.508455196501568866E-15, 0.000000000000000000, -1.000000000000000000 ) ) ;
#5418 = AXIS2_PLACEMENT_3D ( 'NONE', #1939, #1882, #5256 ) ;
#5419 = ADVANCED_FACE ( 'NONE', ( #2058 ), #3745, .F. ) ;
#5420 = CARTESIAN_POINT ( 'NONE',  ( 8.750000000000000000, 4.000000000000000000, -23.01002512578676118 ) ) ;
#5421 = VECTOR ( 'NONE', #3661, 1000.000000000000000 ) ;
#5422 = CARTESIAN_POINT ( 'NONE',  ( 8.749999999999966249, 2.600000000000000089, 1.319898296938867541E-14 ) ) ;
#5423 = LINE ( 'NONE', #1612, #4327 ) ;
#5424 = AXIS2_PLACEMENT_3D ( 'NONE', #2409, #298, #3994 ) ;
#5425 = CIRCLE ( 'NONE', #4802, 4.000000000000000000 ) ;
#5426 = ORIENTED_EDGE ( 'NONE', *, *, #1742, .F. ) ;
#5427 = ADVANCED_FACE ( 'NONE', ( #5043 ), #4526, .F. ) ;
#5428 = EDGE_CURVE ( 'NONE', #2768, #3434, #4162, .T. ) ;
#5429 = DIRECTION ( 'NONE',  ( -1.000000000000000000, 0.000000000000000000, 0.000000000000000000 ) ) ;
#5430 = LINE ( 'NONE', #1648, #2967 ) ;
#5431 = AXIS2_PLACEMENT_3D ( 'NONE', #1776, #520, #487 ) ;
#5432 = ORIENTED_EDGE ( 'NONE', *, *, #4868, .F. ) ;
#5433 = CARTESIAN_POINT ( 'NONE',  ( 18.00000000000001066, 4.000000000000000000, 29.50000000000000711 ) ) ;
#5434 = CARTESIAN_POINT ( 'NONE',  ( 4.168141571295796766, 4.000000000000000000, 23.82905191785766874 ) ) ;
#5435 = CARTESIAN_POINT ( 'NONE',  ( 3.999999999999993339, 4.000000000000000000, -4.700000000000002842 ) ) ;
#5436 = AXIS2_PLACEMENT_3D ( 'NONE', #290, #4589, #1990 ) ;
#5437 = ORIENTED_EDGE ( 'NONE', *, *, #3648, .T. ) ;
#5438 = VERTEX_POINT ( 'NONE', #831 ) ;
#5439 = VERTEX_POINT ( 'NONE', #1147 ) ;
#5440 = EDGE_LOOP ( 'NONE', ( #2203, #881, #3300, #1757 ) ) ;
#5441 = CARTESIAN_POINT ( 'NONE',  ( 11.50000000000000000, 4.000000000000000000, 2.000000000000000000 ) ) ;
#5442 = AXIS2_PLACEMENT_3D ( 'NONE', #1302, #1274, #5012 ) ;
#5443 = CYLINDRICAL_SURFACE ( 'NONE', #3975, 1.100000000000000311 ) ;
#5444 = EDGE_LOOP ( 'NONE', ( #713, #96, #1795, #1649, #2121, #3286, #755, #3092, #71, #2915, #4784, #2840, #1921, #5370, #2143, #5360, #5408, #1406 ) ) ;
#5445 = DIRECTION ( 'NONE',  ( 0.000000000000000000, 1.000000000000000000, 0.000000000000000000 ) ) ;
#5446 = ADVANCED_FACE ( 'NONE', ( #2889 ), #754, .F. ) ;
#5447 = ORIENTED_EDGE ( 'NONE', *, *, #4379, .T. ) ;
#5448 = CARTESIAN_POINT ( 'NONE',  ( 15.22658836461049958, 2.500000000000000000, 9.304282248157557333 ) ) ;
#5449 = DIRECTION ( 'NONE',  ( -0.000000000000000000, -1.000000000000000000, -0.000000000000000000 ) ) ;
#5450 = EDGE_CURVE ( 'NONE', #5023, #4624, #361, .T. ) ;
#5451 = CARTESIAN_POINT ( 'NONE',  ( 8.799999999999998934, 4.000000000000000000, -4.700000000000002842 ) ) ;
#5452 = CIRCLE ( 'NONE', #1206, 1.549999999999997602 ) ;
#5453 = CARTESIAN_POINT ( 'NONE',  ( 23.00000000000001066, 2.299999999999999822, 14.99999999999999645 ) ) ;
#5454 = DIRECTION ( 'NONE',  ( 0.000000000000000000, 1.000000000000000000, 0.000000000000000000 ) ) ;
#5455 = ORIENTED_EDGE ( 'NONE', *, *, #3854, .F. ) ;
#5456 = DIRECTION ( 'NONE',  ( 0.000000000000000000, 0.000000000000000000, -1.000000000000000000 ) ) ;
#5457 = DIRECTION ( 'NONE',  ( -0.000000000000000000, 1.000000000000000000, -0.000000000000000000 ) ) ;
#5458 = ORIENTED_EDGE ( 'NONE', *, *, #45, .F. ) ;
#5459 = DIRECTION ( 'NONE',  ( -0.000000000000000000, -1.000000000000000000, 0.000000000000000000 ) ) ;
#5460 = EDGE_CURVE ( 'NONE', #2696, #1517, #2675, .T. ) ;
#5461 = ADVANCED_FACE ( 'NONE', ( #4574 ), #2863, .F. ) ;
#5462 = FACE_OUTER_BOUND ( 'NONE', #3062, .T. ) ;
#5463 = CARTESIAN_POINT ( 'NONE',  ( 11.73531754730534793, 2.600000000000000089, 20.32616623488780050 ) ) ;
#5464 = EDGE_LOOP ( 'NONE', ( #3746, #3696, #5060, #2694 ) ) ;
#5465 = EDGE_CURVE ( 'NONE', #2949, #1312, #3838, .T. ) ;
#5466 = ORIENTED_EDGE ( 'NONE', *, *, #3767, .T. ) ;
#5467 = AXIS2_PLACEMENT_3D ( 'NONE', #2288, #2397, #281 ) ;
#5468 = VERTEX_POINT ( 'NONE', #2005 ) ;
#5469 = CYLINDRICAL_SURFACE ( 'NONE', #493, 2.200000000000000178 ) ;
#5470 = EDGE_CURVE ( 'NONE', #1667, #1676, #4604, .T. ) ;
#5471 = CARTESIAN_POINT ( 'NONE',  ( 11.49999999999999289, 2.500000000000000000, 2.000000000000000000 ) ) ;
#5472 = AXIS2_PLACEMENT_3D ( 'NONE', #4782, #2140, #4187 ) ;
#5473 = VERTEX_POINT ( 'NONE', #3774 ) ;
#5474 = VECTOR ( 'NONE', #1024, 1000.000000000000000 ) ;
#5475 = DIRECTION ( 'NONE',  ( 0.000000000000000000, 1.000000000000000000, 0.000000000000000000 ) ) ;
#5476 = ADVANCED_FACE ( 'NONE', ( #1253 ), #4218, .F. ) ;
#5477 = ORIENTED_EDGE ( 'NONE', *, *, #580, .F. ) ;
#5478 = FACE_OUTER_BOUND ( 'NONE', #1874, .T. ) ;
#5479 = VECTOR ( 'NONE', #3559, 1000.000000000000000 ) ;
#5480 = VECTOR ( 'NONE', #2328, 1000.000000000000000 ) ;
#5481 = LINE ( 'NONE', #3374, #1498 ) ;
#5482 = CIRCLE ( 'NONE', #4153, 2.200000000000000622 ) ;
#5483 = DIRECTION ( 'NONE',  ( 0.000000000000000000, 0.000000000000000000, -1.000000000000000000 ) ) ;
#5484 = CARTESIAN_POINT ( 'NONE',  ( 18.50000000000000000, 2.500000000000000000, 14.15894732285653035 ) ) ;
#5485 = CARTESIAN_POINT ( 'NONE',  ( 14.68220808441862779, 2.500000000000000000, -3.086605125961786378 ) ) ;
ENDSEC;
END-ISO-10303-21;
