ISO-10303-21;
HEADER;
FILE_DESCRIPTION (( 'STEP AP214' ),
    '1' );
FILE_NAME ('挤出机顶盖（适配嘉立创特价打样）.STEP',
    '2026-10-01T03:12:40',
    ( '' ),
    ( '' ),
    'SwSTEP 2.0',
    'SolidWorks 2022',
    '' );
FILE_SCHEMA (( 'AUTOMOTIVE_DESIGN' ));
ENDSEC;

DATA;
#1 = CYLINDRICAL_SURFACE ( 'NONE', #2988, 2.000000000000001776 ) ;
#2 = ADVANCED_FACE ( 'NONE', ( #448 ), #539, .F. ) ;
#3 = DIRECTION ( 'NONE',  ( -0.000000000000000000, -1.000000000000000000, -0.000000000000000000 ) ) ;
#4 = FACE_OUTER_BOUND ( 'NONE', #2477, .T. ) ;
#5 = CARTESIAN_POINT ( 'NONE',  ( 7.514312158959314480, 4.000000000000000000, -20.29999999999999716 ) ) ;
#6 = CIRCLE ( 'NONE', #4427, 0.7500000000000006661 ) ;
#7 = VERTEX_POINT ( 'NONE', #4609 ) ;
#8 = CARTESIAN_POINT ( 'NONE',  ( 10.74999999999999822, 2.500000000000000000, -20.79999999999999716 ) ) ;
#9 = ORIENTED_EDGE ( 'NONE', *, *, #500, .F. ) ;
#10 = DIRECTION ( 'NONE',  ( -2.376333528735352191E-16, -0.000000000000000000, -1.000000000000000000 ) ) ;
#11 = CARTESIAN_POINT ( 'NONE',  ( 27.50000000000002842, 4.000000000000000000, -3.180326372624150547E-15 ) ) ;
#12 = LINE ( 'NONE', #4334, #757 ) ;
#13 = ORIENTED_EDGE ( 'NONE', *, *, #1603, .F. ) ;
#14 = ORIENTED_EDGE ( 'NONE', *, *, #1006, .T. ) ;
#15 = DIRECTION ( 'NONE',  ( 0.000000000000000000, 0.000000000000000000, 1.000000000000000000 ) ) ;
#16 = DIRECTION ( 'NONE',  ( 0.000000000000000000, 0.000000000000000000, 1.000000000000000000 ) ) ;
#17 = CIRCLE ( 'NONE', #106, 1.549999999999995826 ) ;
#18 = CARTESIAN_POINT ( 'NONE',  ( 8.791826197258878040, 4.850152435273161977, -18.70054679054907609 ) ) ;
#19 = ORIENTED_EDGE ( 'NONE', *, *, #2915, .T. ) ;
#20 = EDGE_CURVE ( 'NONE', #420, #1805, #180, .T. ) ;
#21 = ORIENTED_EDGE ( 'NONE', *, *, #2785, .F. ) ;
#22 = DIRECTION ( 'NONE',  ( 0.000000000000000000, 1.000000000000000000, 0.000000000000000000 ) ) ;
#23 = DIRECTION ( 'NONE',  ( 1.000000000000000000, 0.000000000000000000, -2.376333528735352191E-16 ) ) ;
#24 = CARTESIAN_POINT ( 'NONE',  ( 28.00000000000000711, 4.000000000000000000, 2.204915028125264076 ) ) ;
#25 = CARTESIAN_POINT ( 'NONE',  ( 10.74999999999999822, 2.500000000000000000, 0.000000000000000000 ) ) ;
#26 = EDGE_CURVE ( 'NONE', #5073, #3230, #2943, .T. ) ;
#27 = LINE ( 'NONE', #4270, #2661 ) ;
#28 = CARTESIAN_POINT ( 'NONE',  ( 15.22658836461049958, 0.000000000000000000, -9.304282248157557333 ) ) ;
#29 = EDGE_CURVE ( 'NONE', #2926, #2037, #27, .T. ) ;
#30 = CYLINDRICAL_SURFACE ( 'NONE', #1203, 3.249999999999999556 ) ;
#31 = ORIENTED_EDGE ( 'NONE', *, *, #560, .T. ) ;
#32 = DIRECTION ( 'NONE',  ( 0.000000000000000000, 1.000000000000000000, -0.000000000000000000 ) ) ;
#33 = ORIENTED_EDGE ( 'NONE', *, *, #1552, .F. ) ;
#34 = CARTESIAN_POINT ( 'NONE',  ( 13.66531754730533343, 2.600000000000000089, -23.66902429349574177 ) ) ;
#35 = DIRECTION ( 'NONE',  ( 0.000000000000000000, 0.000000000000000000, 1.000000000000000000 ) ) ;
#36 = CARTESIAN_POINT ( 'NONE',  ( 16.00000000000001066, 2.500000000000000000, 22.50000000000000355 ) ) ;
#37 = EDGE_CURVE ( 'NONE', #3333, #1024, #3455, .T. ) ;
#38 = CIRCLE ( 'NONE', #2168, 0.7500000000000006661 ) ;
#39 = ORIENTED_EDGE ( 'NONE', *, *, #4988, .F. ) ;
#40 = CIRCLE ( 'NONE', #2172, 1.100000000000000311 ) ;
#41 = VERTEX_POINT ( 'NONE', #4636 ) ;
#42 = LINE ( 'NONE', #1772, #2814 ) ;
#43 = DIRECTION ( 'NONE',  ( -0.000000000000000000, 1.000000000000000000, -0.000000000000000000 ) ) ;
#44 = ADVANCED_FACE ( 'NONE', ( #3807 ), #4241, .F. ) ;
#45 = DIRECTION ( 'NONE',  ( -0.000000000000000000, 1.000000000000000000, -0.000000000000000000 ) ) ;
#46 = VECTOR ( 'NONE', #3492, 1000.000000000000000 ) ;
#47 = ORIENTED_EDGE ( 'NONE', *, *, #3666, .T. ) ;
#48 = ORIENTED_EDGE ( 'NONE', *, *, #2011, .F. ) ;
#49 = FACE_OUTER_BOUND ( 'NONE', #4429, .T. ) ;
#50 = EDGE_CURVE ( 'NONE', #5423, #4571, #4519, .T. ) ;
#51 = DIRECTION ( 'NONE',  ( 0.000000000000000000, 0.000000000000000000, 1.000000000000000000 ) ) ;
#52 = PLANE ( 'NONE',  #3605 ) ;
#53 = EDGE_LOOP ( 'NONE', ( #4413, #1308, #1439, #1081 ) ) ;
#54 = CARTESIAN_POINT ( 'NONE',  ( 25.00000000000001066, 0.000000000000000000, 5.000000000000007994 ) ) ;
#55 = EDGE_CURVE ( 'NONE', #2186, #4115, #2557, .T. ) ;
#56 = FACE_OUTER_BOUND ( 'NONE', #4804, .T. ) ;
#57 = ORIENTED_EDGE ( 'NONE', *, *, #3235, .F. ) ;
#58 = CARTESIAN_POINT ( 'NONE',  ( 25.00000000000001066, 2.299999999999999822, 5.000000000000007994 ) ) ;
#59 = AXIS2_PLACEMENT_3D ( 'NONE', #1078, #3473, #278 ) ;
#60 = EDGE_CURVE ( 'NONE', #2861, #4393, #6, .T. ) ;
#61 = ORIENTED_EDGE ( 'NONE', *, *, #3076, .T. ) ;
#62 = DIRECTION ( 'NONE',  ( -0.000000000000000000, -1.000000000000000000, -0.000000000000000000 ) ) ;
#63 = LINE ( 'NONE', #5133, #2724 ) ;
#64 = LINE ( 'NONE', #1740, #3488 ) ;
#65 = AXIS2_PLACEMENT_3D ( 'NONE', #3296, #5046, #4635 ) ;
#66 = AXIS2_PLACEMENT_3D ( 'NONE', #198, #2332, #1851 ) ;
#67 = ORIENTED_EDGE ( 'NONE', *, *, #5142, .T. ) ;
#68 = EDGE_CURVE ( 'NONE', #4346, #3723, #3912, .T. ) ;
#69 = VECTOR ( 'NONE', #3314, 1000.000000000000000 ) ;
#70 = VERTEX_POINT ( 'NONE', #3099 ) ;
#71 = DIRECTION ( 'NONE',  ( 0.000000000000000000, 0.000000000000000000, 1.000000000000000000 ) ) ;
#72 = AXIS2_PLACEMENT_3D ( 'NONE', #2721, #3973, #5216 ) ;
#73 = DIRECTION ( 'NONE',  ( 0.000000000000000000, 0.000000000000000000, 1.000000000000000000 ) ) ;
#74 = DIRECTION ( 'NONE',  ( 0.000000000000000000, 0.000000000000000000, -1.000000000000000000 ) ) ;
#75 = ORIENTED_EDGE ( 'NONE', *, *, #4656, .T. ) ;
#76 = ADVANCED_FACE ( 'NONE', ( #5208, #2711, #3517, #5233, #2738, #4350, #4794, #2221, #4013 ), #2662, .F. ) ;
#77 = ORIENTED_EDGE ( 'NONE', *, *, #1931, .T. ) ;
#78 = CIRCLE ( 'NONE', #3260, 0.5000000000000004441 ) ;
#79 = CYLINDRICAL_SURFACE ( 'NONE', #4430, 0.5000000000000004441 ) ;
#80 = DIRECTION ( 'NONE',  ( -0.7071067811865475727, 0.7071067811865475727, 0.000000000000000000 ) ) ;
#81 = FACE_OUTER_BOUND ( 'NONE', #1354, .T. ) ;
#82 = ORIENTED_EDGE ( 'NONE', *, *, #4468, .F. ) ;
#83 = CARTESIAN_POINT ( 'NONE',  ( 18.00000000000001066, 4.000000000000000000, -29.50000000000000711 ) ) ;
#84 = DIRECTION ( 'NONE',  ( 0.000000000000000000, 0.000000000000000000, -1.000000000000000000 ) ) ;
#85 = EDGE_LOOP ( 'NONE', ( #3302, #4615, #2038, #3746 ) ) ;
#86 = DIRECTION ( 'NONE',  ( 0.000000000000000000, 0.000000000000000000, 1.000000000000000000 ) ) ;
#87 = EDGE_CURVE ( 'NONE', #3196, #4062, #1444, .T. ) ;
#88 = EDGE_LOOP ( 'NONE', ( #3093, #1532, #4948, #3986, #1566, #843, #2599, #2789 ) ) ;
#89 = DIRECTION ( 'NONE',  ( 0.000000000000000000, 0.000000000000000000, 1.000000000000000000 ) ) ;
#90 = FACE_OUTER_BOUND ( 'NONE', #1904, .T. ) ;
#91 = DIRECTION ( 'NONE',  ( 0.000000000000000000, -1.000000000000000000, 0.000000000000000000 ) ) ;
#92 = AXIS2_PLACEMENT_3D ( 'NONE', #2564, #62, #4190 ) ;
#93 = DIRECTION ( 'NONE',  ( 0.000000000000000000, -1.000000000000000000, 0.000000000000000000 ) ) ;
#94 = ORIENTED_EDGE ( 'NONE', *, *, #3354, .F. ) ;
#95 = CIRCLE ( 'NONE', #2225, 2.200000000000000622 ) ;
#96 = ORIENTED_EDGE ( 'NONE', *, *, #1992, .F. ) ;
#97 = CIRCLE ( 'NONE', #3730, 1.100000000000000311 ) ;
#98 = DIRECTION ( 'NONE',  ( 0.000000000000000000, 0.000000000000000000, -1.000000000000000000 ) ) ;
#99 = DIRECTION ( 'NONE',  ( 0.000000000000000000, 0.000000000000000000, -1.000000000000000000 ) ) ;
#100 = CARTESIAN_POINT ( 'NONE',  ( 7.223141571295758290, 4.000000000000000000, -29.12046713498061123 ) ) ;
#101 = EDGE_CURVE ( 'NONE', #2045, #1942, #188, .T. ) ;
#102 = ORIENTED_EDGE ( 'NONE', *, *, #1479, .F. ) ;
#103 = ORIENTED_EDGE ( 'NONE', *, *, #1627, .T. ) ;
#104 = CARTESIAN_POINT ( 'NONE',  ( 10.03764109064972665, 2.600000000000000089, -25.76346427227868929 ) ) ;
#105 = DIRECTION ( 'NONE',  ( 0.000000000000000000, 1.000000000000000000, 0.000000000000000000 ) ) ;
#106 = AXIS2_PLACEMENT_3D ( 'NONE', #3593, #1466, #1440 ) ;
#107 = CARTESIAN_POINT ( 'NONE',  ( 18.00000000000001066, 2.299999999999999822, -29.49999999999999645 ) ) ;
#108 = DIRECTION ( 'NONE',  ( 0.000000000000000000, 1.000000000000000000, 0.000000000000000000 ) ) ;
#109 = VECTOR ( 'NONE', #4994, 1000.000000000000000 ) ;
#110 = CARTESIAN_POINT ( 'NONE',  ( 18.50000000000001066, 2.299999999999999822, -29.29508497187473282 ) ) ;
#111 = FACE_BOUND ( 'NONE', #2053, .T. ) ;
#112 = ORIENTED_EDGE ( 'NONE', *, *, #4153, .F. ) ;
#113 = DIRECTION ( 'NONE',  ( -0.000000000000000000, -1.000000000000000000, -0.000000000000000000 ) ) ;
#114 = ORIENTED_EDGE ( 'NONE', *, *, #2107, .T. ) ;
#115 = VECTOR ( 'NONE', #1632, 1000.000000000000000 ) ;
#116 = EDGE_CURVE ( 'NONE', #2924, #1589, #1782, .T. ) ;
#117 = CARTESIAN_POINT ( 'NONE',  ( 10.79999999999999893, 0.000000000000000000, 20.75060438757617831 ) ) ;
#118 = DIRECTION ( 'NONE',  ( 0.000000000000000000, 0.000000000000000000, -1.000000000000000000 ) ) ;
#119 = ORIENTED_EDGE ( 'NONE', *, *, #5040, .T. ) ;
#120 = VERTEX_POINT ( 'NONE', #582 ) ;
#121 = DIRECTION ( 'NONE',  ( 0.000000000000000000, 0.000000000000000000, 1.000000000000000000 ) ) ;
#122 = LINE ( 'NONE', #5115, #4753 ) ;
#123 = PLANE ( 'NONE',  #835 ) ;
#124 = EDGE_CURVE ( 'NONE', #533, #5244, #719, .T. ) ;
#125 = AXIS2_PLACEMENT_3D ( 'NONE', #823, #406, #2101 ) ;
#126 = ORIENTED_EDGE ( 'NONE', *, *, #3958, .F. ) ;
#127 = EDGE_LOOP ( 'NONE', ( #3839, #496, #4823, #194 ) ) ;
#128 = ADVANCED_FACE ( 'NONE', ( #3962 ), #1815, .T. ) ;
#129 = EDGE_CURVE ( 'NONE', #4337, #3534, #3545, .T. ) ;
#130 = CARTESIAN_POINT ( 'NONE',  ( 8.750000000000000000, 2.600000000000000089, 23.01002512578676118 ) ) ;
#131 = ORIENTED_EDGE ( 'NONE', *, *, #1870, .F. ) ;
#132 = DIRECTION ( 'NONE',  ( -0.000000000000000000, -1.000000000000000000, -0.000000000000000000 ) ) ;
#133 = COLOUR_RGB ( '',0.8941176470588234615, 0.9137254901960784048, 0.9294117647058823817 ) ;
#134 = CARTESIAN_POINT ( 'NONE',  ( 7.000000000000003553, 1.000000000000000000, 25.00000000000000000 ) ) ;
#135 = AXIS2_PLACEMENT_3D ( 'NONE', #4989, #277, #1974 ) ;
#136 = DIRECTION ( 'NONE',  ( 0.000000000000000000, 0.000000000000000000, -1.000000000000000000 ) ) ;
#137 = DIRECTION ( 'NONE',  ( -0.7660444431189746828, 0.000000000000000000, 0.6427876096865432487 ) ) ;
#138 = LINE ( 'NONE', #1418, #5178 ) ;
#139 = ORIENTED_EDGE ( 'NONE', *, *, #4142, .T. ) ;
#140 = FACE_OUTER_BOUND ( 'NONE', #1792, .T. ) ;
#141 = EDGE_CURVE ( 'NONE', #2655, #5440, #3121, .T. ) ;
#142 = ORIENTED_EDGE ( 'NONE', *, *, #803, .T. ) ;
#143 = DIRECTION ( 'NONE',  ( 0.000000000000000000, 0.000000000000000000, -1.000000000000000000 ) ) ;
#144 = VECTOR ( 'NONE', #43, 1000.000000000000000 ) ;
#145 = CARTESIAN_POINT ( 'NONE',  ( 6.473141571295768060, 2.600000000000000089, -27.82142902930395678 ) ) ;
#146 = ORIENTED_EDGE ( 'NONE', *, *, #3623, .T. ) ;
#147 = AXIS2_PLACEMENT_3D ( 'NONE', #375, #2075, #2452 ) ;
#148 = EDGE_CURVE ( 'NONE', #2211, #1087, #968, .T. ) ;
#149 = VERTEX_POINT ( 'NONE', #2298 ) ;
#150 = ORIENTED_EDGE ( 'NONE', *, *, #2350, .F. ) ;
#151 = CARTESIAN_POINT ( 'NONE',  ( 21.32790461454462516, 2.500000000000000000, 6.586100715628516511 ) ) ;
#152 = CARTESIAN_POINT ( 'NONE',  ( 5.635322457671657403, -6.000000000000000000, -29.44444444444443931 ) ) ;
#153 = AXIS2_PLACEMENT_3D ( 'NONE', #4505, #1986, #1473 ) ;
#154 = CYLINDRICAL_SURFACE ( 'NONE', #4898, 2.200000000000000622 ) ;
#155 = AXIS2_PLACEMENT_3D ( 'NONE', #282, #2474, #2009 ) ;
#156 = AXIS2_PLACEMENT_3D ( 'NONE', #410, #1247, #3226 ) ;
#157 = ORIENTED_EDGE ( 'NONE', *, *, #386, .F. ) ;
#158 = ORIENTED_EDGE ( 'NONE', *, *, #1863, .T. ) ;
#159 = AXIS2_PLACEMENT_3D ( 'NONE', #4415, #4855, #143 ) ;
#160 = EDGE_CURVE ( 'NONE', #2529, #4093, #530, .T. ) ;
#161 = DIRECTION ( 'NONE',  ( 1.156482317317871725E-16, 0.000000000000000000, 1.000000000000000000 ) ) ;
#162 = CARTESIAN_POINT ( 'NONE',  ( 3.793141571295800318, 3.793141571295807424, -23.17953286501933619 ) ) ;
#163 = CIRCLE ( 'NONE', #4595, 3.249999999999999556 ) ;
#164 = VERTEX_POINT ( 'NONE', #4431 ) ;
#165 = VECTOR ( 'NONE', #4020, 999.9999999999998863 ) ;
#166 = CIRCLE ( 'NONE', #3804, 2.000000000000001776 ) ;
#167 = CARTESIAN_POINT ( 'NONE',  ( 0.000000000000000000, 0.000000000000000000, 0.000000000000000000 ) ) ;
#168 = CARTESIAN_POINT ( 'NONE',  ( 16.00000000000001066, 2.299999999999999822, -23.24999999999999289 ) ) ;
#169 = CARTESIAN_POINT ( 'NONE',  ( 18.00000000000001066, 4.000000000000000000, 29.50000000000002132 ) ) ;
#170 = EDGE_CURVE ( 'NONE', #2801, #2926, #446, .T. ) ;
#171 = ORIENTED_EDGE ( 'NONE', *, *, #698, .T. ) ;
#172 = CYLINDRICAL_SURFACE ( 'NONE', #4147, 1.100000000000000311 ) ;
#173 = ORIENTED_EDGE ( 'NONE', *, *, #775, .F. ) ;
#174 = CARTESIAN_POINT ( 'NONE',  ( 15.84901771537212589, 2.500000000000000000, 2.751693672147772052 ) ) ;
#175 = CARTESIAN_POINT ( 'NONE',  ( 26.00000000000000355, 3.500000000000006661, -23.00000000000000000 ) ) ;
#176 = EDGE_CURVE ( 'NONE', #5188, #3567, #4770, .T. ) ;
#177 = ORIENTED_EDGE ( 'NONE', *, *, #1694, .F. ) ;
#178 = ORIENTED_EDGE ( 'NONE', *, *, #2183, .T. ) ;
#179 = DIRECTION ( 'NONE',  ( 0.000000000000000000, 0.000000000000000000, 1.000000000000000000 ) ) ;
#180 = CIRCLE ( 'NONE', #2397, 1.000000000000000888 ) ;
#181 = FACE_OUTER_BOUND ( 'NONE', #3660, .T. ) ;
#182 = DIRECTION ( 'NONE',  ( 0.000000000000000000, 0.000000000000000000, 1.000000000000000000 ) ) ;
#183 = VECTOR ( 'NONE', #3003, 1000.000000000000000 ) ;
#184 = ORIENTED_EDGE ( 'NONE', *, *, #3891, .T. ) ;
#185 = VERTEX_POINT ( 'NONE', #5150 ) ;
#186 = CARTESIAN_POINT ( 'NONE',  ( 3.499999999999999556, 3.500000000000006661, -23.48833672784351023 ) ) ;
#187 = ORIENTED_EDGE ( 'NONE', *, *, #1257, .T. ) ;
#188 = LINE ( 'NONE', #1416, #2139 ) ;
#189 = FACE_OUTER_BOUND ( 'NONE', #691, .T. ) ;
#190 = CARTESIAN_POINT ( 'NONE',  ( 3.123927615716455275, 2.500000000000000000, 3.722951959034311642 ) ) ;
#191 = DIRECTION ( 'NONE',  ( -1.000000000000000000, 0.000000000000000000, 0.000000000000000000 ) ) ;
#192 = EDGE_CURVE ( 'NONE', #185, #3225, #943, .T. ) ;
#193 = FACE_OUTER_BOUND ( 'NONE', #5199, .T. ) ;
#194 = ORIENTED_EDGE ( 'NONE', *, *, #5245, .T. ) ;
#195 = CARTESIAN_POINT ( 'NONE',  ( 20.50000000000002842, 4.000000000000000000, 28.00000000000000355 ) ) ;
#196 = ORIENTED_EDGE ( 'NONE', *, *, #50, .T. ) ;
#197 = ADVANCED_FACE ( 'NONE', ( #4325 ), #3937, .T. ) ;
#198 = CARTESIAN_POINT ( 'NONE',  ( 4.500000000000000000, 3.499999999999999556, -26.96887112585072188 ) ) ;
#199 = FACE_OUTER_BOUND ( 'NONE', #2807, .T. ) ;
#200 =( BOUNDED_CURVE ( )  B_SPLINE_CURVE ( 3, ( #3096, #2683, #2190, #5094 ),
 .UNSPECIFIED., .F., .F. ) 
 B_SPLINE_CURVE_WITH_KNOTS ( ( 4, 4 ),
 ( 3.141592653589793116, 4.712388980384647041 ),
 .UNSPECIFIED. ) 
 CURVE ( )  GEOMETRIC_REPRESENTATION_ITEM ( )  RATIONAL_B_SPLINE_CURVE ( ( 1.000000000000000000, 0.8047378541243750405, 0.8047378541243750405, 1.000000000000000000 ) ) 
 REPRESENTATION_ITEM ( '' )  );
#201 = VERTEX_POINT ( 'NONE', #2794 ) ;
#202 = ORIENTED_EDGE ( 'NONE', *, *, #2125, .F. ) ;
#203 = AXIS2_PLACEMENT_3D ( 'NONE', #2815, #2872, #5358 ) ;
#204 = CARTESIAN_POINT ( 'NONE',  ( 24.00000000000001066, 0.000000000000000000, 26.00000000000000355 ) ) ;
#205 = CYLINDRICAL_SURFACE ( 'NONE', #589, 2.200000000000000622 ) ;
#206 = LINE ( 'NONE', #3115, #3665 ) ;
#207 = VERTEX_POINT ( 'NONE', #3202 ) ;
#208 = ORIENTED_EDGE ( 'NONE', *, *, #2520, .F. ) ;
#209 = ADVANCED_FACE ( 'NONE', ( #1496 ), #2436, .F. ) ;
#210 = ORIENTED_EDGE ( 'NONE', *, *, #3595, .F. ) ;
#211 = PLANE ( 'NONE',  #1447 ) ;
#212 = VECTOR ( 'NONE', #1327, 1000.000000000000000 ) ;
#213 = VECTOR ( 'NONE', #3122, 1000.000000000000000 ) ;
#214 = AXIS2_PLACEMENT_3D ( 'NONE', #595, #3561, #4057 ) ;
#215 = VERTEX_POINT ( 'NONE', #330 ) ;
#216 = EDGE_CURVE ( 'NONE', #1677, #1883, #1602, .T. ) ;
#217 = DIRECTION ( 'NONE',  ( 0.000000000000000000, 1.000000000000000000, 0.000000000000000000 ) ) ;
#218 = CARTESIAN_POINT ( 'NONE',  ( 18.49999999999999645, 0.000000000000000000, -20.30726231784357694 ) ) ;
#219 = CARTESIAN_POINT ( 'NONE',  ( 0.000000000000000000, 2.600000000000000089, 0.000000000000000000 ) ) ;
#220 = CARTESIAN_POINT ( 'NONE',  ( 25.00000000000001066, 2.299999999999999822, 3.450000000000010392 ) ) ;
#221 = AXIS2_PLACEMENT_3D ( 'NONE', #839, #3440, #3862 ) ;
#222 = CYLINDRICAL_SURFACE ( 'NONE', #1936, 0.5000000000000004441 ) ;
#223 = ORIENTED_EDGE ( 'NONE', *, *, #4533, .T. ) ;
#224 = DIRECTION ( 'NONE',  ( 0.000000000000000000, 0.000000000000000000, 1.000000000000000000 ) ) ;
#225 = VERTEX_POINT ( 'NONE', #1611 ) ;
#226 = ADVANCED_FACE ( 'NONE', ( #4514 ), #1073, .T. ) ;
#227 = DIRECTION ( 'NONE',  ( 0.000000000000000000, -1.000000000000000000, 0.000000000000000000 ) ) ;
#228 = DIRECTION ( 'NONE',  ( 0.000000000000000000, -1.000000000000000000, 0.000000000000000000 ) ) ;
#229 = EDGE_CURVE ( 'NONE', #3295, #3871, #3231, .T. ) ;
#230 = ORIENTED_EDGE ( 'NONE', *, *, #269, .F. ) ;
#231 = CYLINDRICAL_SURFACE ( 'NONE', #1403, 1.549999999999995826 ) ;
#232 = EDGE_LOOP ( 'NONE', ( #5078, #5333, #4567, #862 ) ) ;
#233 = AXIS2_PLACEMENT_3D ( 'NONE', #4810, #5273, #684 ) ;
#234 = LINE ( 'NONE', #1002, #2116 ) ;
#235 = CARTESIAN_POINT ( 'NONE',  ( 8.151858428704230164, 2.600000000000000089, -21.52905191785770000 ) ) ;
#236 = CARTESIAN_POINT ( 'NONE',  ( 24.00000000000000355, 4.000000000000000000, -22.50000000000001421 ) ) ;
#237 = EDGE_CURVE ( 'NONE', #1428, #293, #893, .T. ) ;
#238 = VERTEX_POINT ( 'NONE', #3655 ) ;
#239 = ORIENTED_EDGE ( 'NONE', *, *, #941, .T. ) ;
#240 = ORIENTED_EDGE ( 'NONE', *, *, #1997, .F. ) ;
#241 = VECTOR ( 'NONE', #1151, 1000.000000000000000 ) ;
#242 = CARTESIAN_POINT ( 'NONE',  ( 3.499999999999999556, 3.499999999999999556, -26.96887112585072188 ) ) ;
#243 = AXIS2_PLACEMENT_3D ( 'NONE', #5043, #417, #4659 ) ;
#244 = ADVANCED_FACE ( 'NONE', ( #2827 ), #1189, .F. ) ;
#245 = ORIENTED_EDGE ( 'NONE', *, *, #5311, .F. ) ;
#246 = VECTOR ( 'NONE', #179, 1000.000000000000000 ) ;
#247 = DIRECTION ( 'NONE',  ( -0.000000000000000000, 0.000000000000000000, 1.000000000000000000 ) ) ;
#248 = CARTESIAN_POINT ( 'NONE',  ( 18.50000000000001066, -1.808568626610816077, 29.50000000000000355 ) ) ;
#249 = LINE ( 'NONE', #2184, #212 ) ;
#250 = CARTESIAN_POINT ( 'NONE',  ( 17.92629632529398620, 2.500000000000000000, -6.086895587057865598 ) ) ;
#251 = AXIS2_PLACEMENT_3D ( 'NONE', #4275, #3387, #2072 ) ;
#252 = LINE ( 'NONE', #3236, #421 ) ;
#253 = ORIENTED_EDGE ( 'NONE', *, *, #5481, .T. ) ;
#254 = EDGE_LOOP ( 'NONE', ( #1420, #518, #4640, #1009 ) ) ;
#255 = CARTESIAN_POINT ( 'NONE',  ( 3.499999999999999556, 0.000000000000000000, 29.00000000000000000 ) ) ;
#256 = DIRECTION ( 'NONE',  ( 0.000000000000000000, 1.000000000000000000, 0.000000000000000000 ) ) ;
#257 = EDGE_CURVE ( 'NONE', #3052, #207, #2743, .T. ) ;
#258 = VERTEX_POINT ( 'NONE', #1162 ) ;
#259 = CARTESIAN_POINT ( 'NONE',  ( 7.000000000000003553, 1.000000000000000000, 22.35000000000000142 ) ) ;
#260 = VERTEX_POINT ( 'NONE', #2883 ) ;
#261 = DIRECTION ( 'NONE',  ( 0.000000000000000000, 0.000000000000000000, 1.000000000000000000 ) ) ;
#262 = DIRECTION ( 'NONE',  ( 0.000000000000000000, 0.000000000000000000, 1.000000000000000000 ) ) ;
#263 = DIRECTION ( 'NONE',  ( -0.000000000000000000, 1.000000000000000000, -0.000000000000000000 ) ) ;
#264 = DIRECTION ( 'NONE',  ( -0.000000000000000000, 1.000000000000000000, -0.000000000000000000 ) ) ;
#265 = EDGE_CURVE ( 'NONE', #4500, #3534, #3985, .T. ) ;
#266 = ORIENTED_EDGE ( 'NONE', *, *, #1887, .T. ) ;
#267 = EDGE_LOOP ( 'NONE', ( #5386, #4818, #2209, #1489, #3813, #2876, #2135, #284, #5136 ) ) ;
#268 = LINE ( 'NONE', #2791, #475 ) ;
#269 = EDGE_CURVE ( 'NONE', #434, #1735, #4342, .T. ) ;
#270 = VECTOR ( 'NONE', #693, 1000.000000000000000 ) ;
#271 = AXIS2_PLACEMENT_3D ( 'NONE', #636, #4014, #3055 ) ;
#272 = VERTEX_POINT ( 'NONE', #776 ) ;
#273 = DIRECTION ( 'NONE',  ( 0.000000000000000000, 1.000000000000000000, 0.000000000000000000 ) ) ;
#274 = AXIS2_PLACEMENT_3D ( 'NONE', #3833, #2555, #2605 ) ;
#275 = DIRECTION ( 'NONE',  ( 0.000000000000000000, 0.000000000000000000, 1.000000000000000000 ) ) ;
#276 = LINE ( 'NONE', #4123, #365 ) ;
#277 = DIRECTION ( 'NONE',  ( 0.000000000000000000, -1.000000000000000000, 0.000000000000000000 ) ) ;
#278 = DIRECTION ( 'NONE',  ( 0.7660444431189747938, 0.000000000000000000, -0.6427876096865432487 ) ) ;
#279 = ORIENTED_EDGE ( 'NONE', *, *, #1522, .T. ) ;
#280 = ORIENTED_EDGE ( 'NONE', *, *, #4327, .T. ) ;
#281 = ADVANCED_FACE ( 'NONE', ( #2407 ), #4065, .T. ) ;
#282 = CARTESIAN_POINT ( 'NONE',  ( 11.49999999999999289, 2.500000000000000000, -2.000000000000000000 ) ) ;
#283 = PLANE ( 'NONE',  #5350 ) ;
#284 = ORIENTED_EDGE ( 'NONE', *, *, #124, .F. ) ;
#285 = DIRECTION ( 'NONE',  ( -0.000000000000000000, -1.000000000000000000, -0.000000000000000000 ) ) ;
#286 = ORIENTED_EDGE ( 'NONE', *, *, #4269, .T. ) ;
#287 = EDGE_CURVE ( 'NONE', #4808, #292, #2351, .T. ) ;
#288 = DIRECTION ( 'NONE',  ( 0.000000000000000000, -1.000000000000000000, 0.000000000000000000 ) ) ;
#289 = DIRECTION ( 'NONE',  ( 0.000000000000000000, 0.000000000000000000, 1.000000000000000000 ) ) ;
#290 = FACE_OUTER_BOUND ( 'NONE', #88, .T. ) ;
#291 = CARTESIAN_POINT ( 'NONE',  ( 17.01668019104464946, 2.500000000000000000, -10.80634763949192845 ) ) ;
#292 = VERTEX_POINT ( 'NONE', #4924 ) ;
#293 = VERTEX_POINT ( 'NONE', #2766 ) ;
#294 = DIRECTION ( 'NONE',  ( 0.000000000000000000, 0.000000000000000000, -1.000000000000000000 ) ) ;
#295 = DIRECTION ( 'NONE',  ( 0.000000000000000000, 0.000000000000000000, 1.000000000000000000 ) ) ;
#296 = ADVANCED_FACE ( 'NONE', ( #4037 ), #4541, .T. ) ;
#297 = ORIENTED_EDGE ( 'NONE', *, *, #4293, .F. ) ;
#298 = ADVANCED_FACE ( 'NONE', ( #3597 ), #5284, .F. ) ;
#299 = CARTESIAN_POINT ( 'NONE',  ( 9.500000000000007105, 2.600000000000000089, 27.30000000000000071 ) ) ;
#300 = FACE_OUTER_BOUND ( 'NONE', #1924, .T. ) ;
#301 = AXIS2_PLACEMENT_3D ( 'NONE', #2653, #3453, #1351 ) ;
#302 = DIRECTION ( 'NONE',  ( 0.000000000000000000, 0.000000000000000000, -1.000000000000000000 ) ) ;
#303 = DIRECTION ( 'NONE',  ( 0.000000000000000000, 1.000000000000000000, 0.000000000000000000 ) ) ;
#304 = ORIENTED_EDGE ( 'NONE', *, *, #542, .F. ) ;
#305 = CARTESIAN_POINT ( 'NONE',  ( 19.00000000000000355, 4.000000000000000000, -29.50000000000001066 ) ) ;
#306 = EDGE_CURVE ( 'NONE', #1483, #3016, #3625, .T. ) ;
#307 = VECTOR ( 'NONE', #91, 1000.000000000000000 ) ;
#308 = ORIENTED_EDGE ( 'NONE', *, *, #5245, .F. ) ;
#309 = CARTESIAN_POINT ( 'NONE',  ( 20.69881374351695769, 0.000000000000000000, 0.5346000417609658717 ) ) ;
#310 = ORIENTED_EDGE ( 'NONE', *, *, #3167, .T. ) ;
#311 = LINE ( 'NONE', #340, #3744 ) ;
#312 = VECTOR ( 'NONE', #4498, 1000.000000000000000 ) ;
#313 = CARTESIAN_POINT ( 'NONE',  ( 13.56073781646991172, 2.500000000000000000, -22.99999999999999645 ) ) ;
#314 = EDGE_CURVE ( 'NONE', #353, #2412, #976, .T. ) ;
#315 = ORIENTED_EDGE ( 'NONE', *, *, #2302, .T. ) ;
#316 = DIRECTION ( 'NONE',  ( 0.000000000000000000, 0.7071067811865475727, 0.7071067811865475727 ) ) ;
#317 = VERTEX_POINT ( 'NONE', #2494 ) ;
#318 = DIRECTION ( 'NONE',  ( -0.000000000000000000, 1.000000000000000000, -0.000000000000000000 ) ) ;
#319 = CARTESIAN_POINT ( 'NONE',  ( 16.64072110592089260, 2.500000000000000000, -7.618984473295812521 ) ) ;
#320 = CARTESIAN_POINT ( 'NONE',  ( 16.00000000000001066, 2.500000000000000000, 22.50000000000000355 ) ) ;
#321 = CARTESIAN_POINT ( 'NONE',  ( 7.499999999999996447, 1.000000000000000000, -27.64999999999999147 ) ) ;
#322 = EDGE_CURVE ( 'NONE', #1876, #2211, #1697, .T. ) ;
#323 = EDGE_LOOP ( 'NONE', ( #1188, #1264, #3468, #1388 ) ) ;
#324 = ORIENTED_EDGE ( 'NONE', *, *, #542, .T. ) ;
#325 = CARTESIAN_POINT ( 'NONE',  ( 21.00000000000000355, 0.000000000000000000, -26.00000000000000000 ) ) ;
#326 = FACE_OUTER_BOUND ( 'NONE', #2276, .T. ) ;
#327 = ORIENTED_EDGE ( 'NONE', *, *, #5128, .T. ) ;
#328 = EDGE_CURVE ( 'NONE', #2230, #3949, #5066, .T. ) ;
#329 = VECTOR ( 'NONE', #2871, 1000.000000000000000 ) ;
#330 = CARTESIAN_POINT ( 'NONE',  ( 22.27745760031749711, 2.500000000000000000, 2.069511494318579725 ) ) ;
#331 = CARTESIAN_POINT ( 'NONE',  ( 3.499999999999999556, 3.500000000000006661, -20.29999999999999716 ) ) ;
#332 = CARTESIAN_POINT ( 'NONE',  ( 8.438740531849417081, 4.000000000000000000, -20.26110134354693670 ) ) ;
#333 = CIRCLE ( 'NONE', #1754, 2.649999999999999467 ) ;
#334 = DIRECTION ( 'NONE',  ( 0.000000000000000000, 0.000000000000000000, 1.000000000000000000 ) ) ;
#335 = CARTESIAN_POINT ( 'NONE',  ( 14.00000000000001066, 2.299999999999999822, -29.99999999999999645 ) ) ;
#336 = CIRCLE ( 'NONE', #3434, 0.5000000000000004441 ) ;
#337 = ORIENTED_EDGE ( 'NONE', *, *, #3826, .T. ) ;
#338 = EDGE_LOOP ( 'NONE', ( #4882, #2136, #1965, #3918, #3577 ) ) ;
#339 = AXIS2_PLACEMENT_3D ( 'NONE', #876, #3841, #35 ) ;
#340 = CARTESIAN_POINT ( 'NONE',  ( 4.055555555555554470, -6.000000000000000000, -27.86467754232833727 ) ) ;
#341 = ADVANCED_FACE ( 'NONE', ( #3402 ), #5430, .T. ) ;
#342 = CARTESIAN_POINT ( 'NONE',  ( 25.00000000000001066, 4.000000000000000000, 1.750000000000007550 ) ) ;
#343 = AXIS2_PLACEMENT_3D ( 'NONE', #4030, #1484, #2262 ) ;
#344 = ORIENTED_EDGE ( 'NONE', *, *, #2857, .F. ) ;
#345 = DIRECTION ( 'NONE',  ( 0.000000000000000000, -1.000000000000000000, 0.000000000000000000 ) ) ;
#346 = AXIS2_PLACEMENT_3D ( 'NONE', #4331, #586, #4721 ) ;
#347 = ORIENTED_EDGE ( 'NONE', *, *, #3327, .F. ) ;
#348 = CYLINDRICAL_SURFACE ( 'NONE', #3372, 3.249999999999999556 ) ;
#349 = LINE ( 'NONE', #2048, #3069 ) ;
#350 = DIRECTION ( 'NONE',  ( 0.8660254037844422603, 0.000000000000000000, 0.4999999999999938383 ) ) ;
#351 = DIRECTION ( 'NONE',  ( 1.000000000000000000, 0.000000000000000000, 0.000000000000000000 ) ) ;
#352 = VERTEX_POINT ( 'NONE', #2111 ) ;
#353 = VERTEX_POINT ( 'NONE', #4687 ) ;
#354 = CARTESIAN_POINT ( 'NONE',  ( 3.499999999999999556, 0.000000000000000000, 0.000000000000000000 ) ) ;
#355 = CARTESIAN_POINT ( 'NONE',  ( 16.73905426840038757, 0.000000000000000000, -5.090681215000284254 ) ) ;
#356 = ORIENTED_EDGE ( 'NONE', *, *, #4525, .F. ) ;
#357 = PLANE ( 'NONE',  #3020 ) ;
#358 = DIRECTION ( 'NONE',  ( 1.156482317317871725E-16, 0.000000000000000000, 1.000000000000000000 ) ) ;
#359 = AXIS2_PLACEMENT_3D ( 'NONE', #1134, #3682, #4573 ) ;
#360 = VECTOR ( 'NONE', #3147, 1000.000000000000000 ) ;
#361 = DIRECTION ( 'NONE',  ( 0.000000000000000000, 0.000000000000000000, -1.000000000000000000 ) ) ;
#362 = DIRECTION ( 'NONE',  ( -0.000000000000000000, -1.000000000000000000, 0.000000000000000000 ) ) ;
#363 = AXIS2_PLACEMENT_3D ( 'NONE', #888, #2577, #4263 ) ;
#364 = AXIS2_PLACEMENT_3D ( 'NONE', #892, #3407, #5096 ) ;
#365 = VECTOR ( 'NONE', #1719, 1000.000000000000000 ) ;
#366 = ORIENTED_EDGE ( 'NONE', *, *, #2265, .F. ) ;
#367 = DIRECTION ( 'NONE',  ( 0.000000000000000000, 0.000000000000000000, 1.000000000000000000 ) ) ;
#368 = EDGE_CURVE ( 'NONE', #5429, #4467, #442, .T. ) ;
#369 = FACE_OUTER_BOUND ( 'NONE', #3923, .T. ) ;
#370 = ORIENTED_EDGE ( 'NONE', *, *, #4229, .F. ) ;
#371 = EDGE_CURVE ( 'NONE', #3525, #4009, #95, .T. ) ;
#372 = DIRECTION ( 'NONE',  ( 0.000000000000000000, 0.000000000000000000, -1.000000000000000000 ) ) ;
#373 = ORIENTED_EDGE ( 'NONE', *, *, #3724, .F. ) ;
#374 = DIRECTION ( 'NONE',  ( -0.000000000000000000, 1.000000000000000000, -0.000000000000000000 ) ) ;
#375 = CARTESIAN_POINT ( 'NONE',  ( 11.49999999999999289, 2.500000000000000000, -2.000000000000000000 ) ) ;
#376 = CARTESIAN_POINT ( 'NONE',  ( 22.27745760031749711, 2.500000000000000000, 2.069511494318579725 ) ) ;
#377 = CARTESIAN_POINT ( 'NONE',  ( 25.00000000000001066, 4.000000000000000000, 5.000000000000007994 ) ) ;
#378 = ORIENTED_EDGE ( 'NONE', *, *, #2189, .T. ) ;
#379 = ORIENTED_EDGE ( 'NONE', *, *, #633, .F. ) ;
#380 = AXIS2_PLACEMENT_3D ( 'NONE', #5068, #2523, #415 ) ;
#381 = CYLINDRICAL_SURFACE ( 'NONE', #690, 6.000000000000003553 ) ;
#382 = AXIS2_PLACEMENT_3D ( 'NONE', #4552, #2920, #760 ) ;
#383 = DIRECTION ( 'NONE',  ( 0.000000000000000000, 1.000000000000000000, 0.000000000000000000 ) ) ;
#384 = ORIENTED_EDGE ( 'NONE', *, *, #229, .T. ) ;
#385 = ADVANCED_FACE ( 'NONE', ( #49 ), #3854, .T. ) ;
#386 = EDGE_CURVE ( 'NONE', #3361, #4587, #3827, .T. ) ;
#387 = LINE ( 'NONE', #1749, #2936 ) ;
#388 = VECTOR ( 'NONE', #2231, 1000.000000000000000 ) ;
#389 = LINE ( 'NONE', #1644, #1441 ) ;
#390 = CARTESIAN_POINT ( 'NONE',  ( 8.799999999999998934, 4.000000000000000000, 6.900000000000003908 ) ) ;
#391 = EDGE_CURVE ( 'NONE', #3153, #482, #387, .T. ) ;
#392 = ORIENTED_EDGE ( 'NONE', *, *, #229, .F. ) ;
#393 = CARTESIAN_POINT ( 'NONE',  ( 8.749999999999966249, 4.000000000000000000, -1.319898296938867541E-14 ) ) ;
#394 = VECTOR ( 'NONE', #3618, 1000.000000000000000 ) ;
#395 = DIRECTION ( 'NONE',  ( 0.000000000000000000, 0.000000000000000000, 1.000000000000000000 ) ) ;
#396 = CARTESIAN_POINT ( 'NONE',  ( 11.73531754730534793, 2.600000000000000089, -20.32616623488780050 ) ) ;
#397 = DIRECTION ( 'NONE',  ( 0.000000000000000000, 0.000000000000000000, -1.000000000000000000 ) ) ;
#398 = CONICAL_SURFACE ( 'NONE', #4562, 1.500000000000015099, 0.7853981633974396193 ) ;
#399 = ORIENTED_EDGE ( 'NONE', *, *, #3958, .T. ) ;
#400 = FACE_OUTER_BOUND ( 'NONE', #1619, .T. ) ;
#401 = ADVANCED_FACE ( 'NONE', ( #414 ), #2990, .F. ) ;
#402 = EDGE_LOOP ( 'NONE', ( #1315, #2259 ) ) ;
#403 = LINE ( 'NONE', #4724, #1698 ) ;
#404 = AXIS2_PLACEMENT_3D ( 'NONE', #2196, #897, #4639 ) ;
#405 = CARTESIAN_POINT ( 'NONE',  ( 6.083225665910465985, 4.000000000000000000, -29.22222222222221788 ) ) ;
#406 = DIRECTION ( 'NONE',  ( -0.6427876096865432487, 0.000000000000000000, -0.7660444431189747938 ) ) ;
#407 = VECTOR ( 'NONE', #3743, 1000.000000000000000 ) ;
#408 = VERTEX_POINT ( 'NONE', #831 ) ;
#409 = ORIENTED_EDGE ( 'NONE', *, *, #37, .T. ) ;
#410 = CARTESIAN_POINT ( 'NONE',  ( 19.34042906660437566, 0.000000000000000000, -4.401597812196119897 ) ) ;
#411 = LINE ( 'NONE', #4146, #1850 ) ;
#412 = EDGE_CURVE ( 'NONE', #4917, #4453, #2137, .T. ) ;
#413 = ORIENTED_EDGE ( 'NONE', *, *, #2831, .T. ) ;
#414 = FACE_OUTER_BOUND ( 'NONE', #5054, .T. ) ;
#415 = DIRECTION ( 'NONE',  ( 0.000000000000000000, 0.000000000000000000, 1.000000000000000000 ) ) ;
#416 = AXIS2_PLACEMENT_3D ( 'NONE', #882, #1745, #910 ) ;
#417 = DIRECTION ( 'NONE',  ( 0.000000000000000000, -1.000000000000000000, 0.000000000000000000 ) ) ;
#418 =( BOUNDED_CURVE ( )  B_SPLINE_CURVE ( 3, ( #3642, #2480, #5418, #710 ),
 .UNSPECIFIED., .F., .F. ) 
 B_SPLINE_CURVE_WITH_KNOTS ( ( 4, 4 ),
 ( 3.141592653589793116, 4.712388980384662140 ),
 .UNSPECIFIED. ) 
 CURVE ( )  GEOMETRIC_REPRESENTATION_ITEM ( )  RATIONAL_B_SPLINE_CURVE ( ( 1.000000000000000000, 0.8047378541243714878, 0.8047378541243714878, 1.000000000000000000 ) ) 
 REPRESENTATION_ITEM ( '' )  );
#419 = CARTESIAN_POINT ( 'NONE',  ( 21.32790461454462516, 2.500000000000000000, 6.586100715628516511 ) ) ;
#420 = VERTEX_POINT ( 'NONE', #3432 ) ;
#421 = VECTOR ( 'NONE', #1975, 1000.000000000000000 ) ;
#422 = DIRECTION ( 'NONE',  ( 0.000000000000000000, -1.000000000000000000, 0.000000000000000000 ) ) ;
#423 = CIRCLE ( 'NONE', #1221, 2.649999999999999467 ) ;
#424 = PLANE ( 'NONE',  #846 ) ;
#425 = ORIENTED_EDGE ( 'NONE', *, *, #4156, .F. ) ;
#426 = CARTESIAN_POINT ( 'NONE',  ( 13.87335500670138266, 2.500000000000000000, 20.67613692876645715 ) ) ;
#427 = ORIENTED_EDGE ( 'NONE', *, *, #4156, .T. ) ;
#428 = CARTESIAN_POINT ( 'NONE',  ( 16.00000000000001066, 2.299999999999999822, 24.95000000000000639 ) ) ;
#429 = AXIS2_PLACEMENT_3D ( 'NONE', #1508, #316, #3215 ) ;
#430 = PLANE ( 'NONE',  #3518 ) ;
#431 = DIRECTION ( 'NONE',  ( 0.000000000000000000, 1.000000000000000000, -0.000000000000000000 ) ) ;
#432 = EDGE_CURVE ( 'NONE', #353, #317, #2938, .T. ) ;
#433 = VERTEX_POINT ( 'NONE', #3321 ) ;
#434 = VERTEX_POINT ( 'NONE', #3017 ) ;
#435 = CARTESIAN_POINT ( 'NONE',  ( 13.14473684210526372, 0.000000000000000000, 22.94583814427212687 ) ) ;
#436 = CARTESIAN_POINT ( 'NONE',  ( 8.750000000000000000, 1.250000000000000222, -7.899999999999999467 ) ) ;
#437 = CARTESIAN_POINT ( 'NONE',  ( 8.800000000000002487, 1.250000000000000222, 5.800000000000003375 ) ) ;
#438 = ADVANCED_FACE ( 'NONE', ( #5041, #4150 ), #357, .T. ) ;
#439 = ORIENTED_EDGE ( 'NONE', *, *, #4484, .F. ) ;
#440 = ORIENTED_EDGE ( 'NONE', *, *, #5168, .F. ) ;
#441 = EDGE_CURVE ( 'NONE', #2542, #1876, #4603, .T. ) ;
#442 = LINE ( 'NONE', #2522, #3988 ) ;
#443 = LINE ( 'NONE', #331, #4716 ) ;
#444 = CARTESIAN_POINT ( 'NONE',  ( 11.50000000000000000, 0.000000000000000000, -2.000000000000000000 ) ) ;
#445 = CARTESIAN_POINT ( 'NONE',  ( 20.49036317236908999, 2.500000000000000000, -7.566507096221478434 ) ) ;
#447 = EDGE_CURVE ( 'NONE', #3108, #5026, #805, .T. ) ;
#446 = CIRCLE ( 'NONE', #623, 0.7500000000000006661 ) ;
#448 = FACE_OUTER_BOUND ( 'NONE', #4739, .T. ) ;
#449 = DIRECTION ( 'NONE',  ( 0.000000000000000000, 0.000000000000000000, 1.000000000000000000 ) ) ;
#450 = PLANE ( 'NONE',  #2348 ) ;
#451 = VECTOR ( 'NONE', #1015, 1000.000000000000000 ) ;
#452 = AXIS2_PLACEMENT_3D ( 'NONE', #5259, #4872, #2382 ) ;
#453 = ORIENTED_EDGE ( 'NONE', *, *, #627, .T. ) ;
#454 = CARTESIAN_POINT ( 'NONE',  ( 7.514312158959314480, 4.000000000000000000, -20.29999999999999716 ) ) ;
#455 = EDGE_CURVE ( 'NONE', #4992, #1663, #1788, .T. ) ;
#456 = ORIENTED_EDGE ( 'NONE', *, *, #2611, .F. ) ;
#457 = CARTESIAN_POINT ( 'NONE',  ( 8.750000000000000000, 1.250000000000000222, -7.899999999999999467 ) ) ;
#458 = CARTESIAN_POINT ( 'NONE',  ( 7.776858428704232828, 4.000000000000000000, -20.87953286501936745 ) ) ;
#459 = DIRECTION ( 'NONE',  ( 0.000000000000000000, 1.000000000000000000, -0.000000000000000000 ) ) ;
#460 = ADVANCED_FACE ( 'NONE', ( #1358 ), #3094, .F. ) ;
#461 = VERTEX_POINT ( 'NONE', #4318 ) ;
#462 = ORIENTED_EDGE ( 'NONE', *, *, #2183, .F. ) ;
#463 = CARTESIAN_POINT ( 'NONE',  ( 17.92629632529397909, 0.000000000000000000, -6.086895587057862933 ) ) ;
#464 = CARTESIAN_POINT ( 'NONE',  ( 21.00000000000001066, 3.500000000000020428, 30.00000000000000711 ) ) ;
#465 = AXIS2_PLACEMENT_3D ( 'NONE', #747, #3370, #3259 ) ;
#466 = CARTESIAN_POINT ( 'NONE',  ( 6.848141571295762731, 2.600000000000000089, -28.47094808214228223 ) ) ;
#467 = VECTOR ( 'NONE', #3828, 1000.000000000000000 ) ;
#468 = ORIENTED_EDGE ( 'NONE', *, *, #3738, .T. ) ;
#469 = ORIENTED_EDGE ( 'NONE', *, *, #4026, .T. ) ;
#470 = ADVANCED_FACE ( 'NONE', ( #4738 ), #5229, .T. ) ;
#471 = DIRECTION ( 'NONE',  ( 0.000000000000000000, 0.000000000000000000, -1.000000000000000000 ) ) ;
#472 = CARTESIAN_POINT ( 'NONE',  ( 3.499999999999999556, 2.600000000000000089, -24.16976710787182725 ) ) ;
#473 = EDGE_CURVE ( 'NONE', #1776, #3002, #527, .T. ) ;
#474 = DIRECTION ( 'NONE',  ( 0.4999999999999934497, 0.000000000000000000, -0.8660254037844424824 ) ) ;
#475 = VECTOR ( 'NONE', #3957, 1000.000000000000000 ) ;
#476 = ORIENTED_EDGE ( 'NONE', *, *, #798, .T. ) ;
#477 = DIRECTION ( 'NONE',  ( -0.000000000000000000, -1.000000000000000000, -0.000000000000000000 ) ) ;
#478 = CARTESIAN_POINT ( 'NONE',  ( 11.49999999999999289, 2.500000000000000000, -2.000000000000000000 ) ) ;
#479 = ADVANCED_FACE ( 'NONE', ( #1808 ), #4369, .F. ) ;
#480 = ORIENTED_EDGE ( 'NONE', *, *, #4544, .T. ) ;
#481 = DIRECTION ( 'NONE',  ( 1.000000000000000000, 0.000000000000000000, 0.000000000000000000 ) ) ;
#482 = VERTEX_POINT ( 'NONE', #130 ) ;
#483 = CARTESIAN_POINT ( 'NONE',  ( 19.25800355003317321, 0.000000000000000000, 7.338691251227541734 ) ) ;
#484 = DIRECTION ( 'NONE',  ( -0.000000000000000000, -1.000000000000000000, 0.000000000000000000 ) ) ;
#485 = AXIS2_PLACEMENT_3D ( 'NONE', #1300, #912, #885 ) ;
#486 = CARTESIAN_POINT ( 'NONE',  ( 14.00000000000001066, 4.000000000000000000, -29.29508497187472926 ) ) ;
#487 = ADVANCED_FACE ( 'NONE', ( #1836 ), #79, .T. ) ;
#488 = ORIENTED_EDGE ( 'NONE', *, *, #1953, .F. ) ;
#489 = VECTOR ( 'NONE', #3187, 1000.000000000000114 ) ;
#490 = ORIENTED_EDGE ( 'NONE', *, *, #4119, .T. ) ;
#491 = DIRECTION ( 'NONE',  ( 0.000000000000000000, 1.000000000000000000, 0.000000000000000000 ) ) ;
#492 = DIRECTION ( 'NONE',  ( 0.000000000000000000, 1.000000000000000000, 0.000000000000000000 ) ) ;
#493 = CARTESIAN_POINT ( 'NONE',  ( 23.00000000000001066, 2.299999999999999822, -14.99999999999999645 ) ) ;
#494 = EDGE_CURVE ( 'NONE', #2509, #2801, #2058, .T. ) ;
#495 = VECTOR ( 'NONE', #816, 1000.000000000000114 ) ;
#496 = ORIENTED_EDGE ( 'NONE', *, *, #1186, .F. ) ;
#497 = ORIENTED_EDGE ( 'NONE', *, *, #2737, .T. ) ;
#498 = DIRECTION ( 'NONE',  ( 0.000000000000000000, 1.000000000000000000, 0.000000000000000000 ) ) ;
#499 = CARTESIAN_POINT ( 'NONE',  ( 4.500000000000000000, -6.000000000000000000, -26.96887112585072188 ) ) ;
#500 = EDGE_CURVE ( 'NONE', #3247, #3029, #3956, .T. ) ;
#501 = FACE_OUTER_BOUND ( 'NONE', #5394, .T. ) ;
#502 = AXIS2_PLACEMENT_3D ( 'NONE', #2652, #1350, #2132 ) ;
#503 = VECTOR ( 'NONE', #5370, 1000.000000000000000 ) ;
#504 = DIRECTION ( 'NONE',  ( 0.000000000000000000, 0.000000000000000000, 1.000000000000000000 ) ) ;
#505 = CARTESIAN_POINT ( 'NONE',  ( 23.00000000000001066, 0.000000000000000000, -14.99999999999999645 ) ) ;
#506 = FACE_OUTER_BOUND ( 'NONE', #323, .T. ) ;
#507 = ORIENTED_EDGE ( 'NONE', *, *, #4297, .T. ) ;
#508 = CARTESIAN_POINT ( 'NONE',  ( 16.00000000000001066, 2.299999999999999822, 26.50000000000000355 ) ) ;
#509 = VECTOR ( 'NONE', #2355, 1000.000000000000000 ) ;
#510 = ORIENTED_EDGE ( 'NONE', *, *, #2797, .T. ) ;
#511 = EDGE_CURVE ( 'NONE', #841, #2293, #3484, .T. ) ;
#512 = CARTESIAN_POINT ( 'NONE',  ( 3.499999999999999556, 3.500000000000006661, 19.30000000000000782 ) ) ;
#513 = CARTESIAN_POINT ( 'NONE',  ( 14.68220808441862779, 2.500000000000000000, 3.086605125961785934 ) ) ;
#514 = DIRECTION ( 'NONE',  ( 0.000000000000000000, -1.000000000000000000, 0.000000000000000000 ) ) ;
#515 = CIRCLE ( 'NONE', #2284, 2.200000000000000178 ) ;
#516 = VECTOR ( 'NONE', #2036, 1000.000000000000000 ) ;
#517 = DIRECTION ( 'NONE',  ( -0.000000000000000000, 0.7071067811865475727, 0.7071067811865475727 ) ) ;
#518 = ORIENTED_EDGE ( 'NONE', *, *, #4259, .F. ) ;
#519 = CIRCLE ( 'NONE', #5031, 3.999999999999999112 ) ;
#520 = ORIENTED_EDGE ( 'NONE', *, *, #5320, .T. ) ;
#521 = DIRECTION ( 'NONE',  ( -0.000000000000000000, -1.000000000000000000, 0.000000000000000000 ) ) ;
#522 = DIRECTION ( 'NONE',  ( 0.000000000000000000, -1.000000000000000000, -0.000000000000000000 ) ) ;
#523 = DIRECTION ( 'NONE',  ( -1.000000000000000000, 0.000000000000000000, 0.000000000000000000 ) ) ;
#524 = COLOUR_RGB ( '',0.8941176470588234615, 0.9137254901960784048, 0.9294117647058823817 ) ;
#525 = EDGE_LOOP ( 'NONE', ( #4780, #1269, #5318, #2840 ) ) ;
#526 = VERTEX_POINT ( 'NONE', #104 ) ;
#527 = LINE ( 'NONE', #4397, #4962 ) ;
#528 = CARTESIAN_POINT ( 'NONE',  ( 16.00000000000001066, 0.000000000000000000, -24.94999999999999574 ) ) ;
#529 = FACE_OUTER_BOUND ( 'NONE', #1932, .T. ) ;
#530 = LINE ( 'NONE', #3989, #2573 ) ;
#531 = FACE_OUTER_BOUND ( 'NONE', #5045, .T. ) ;
#532 = CYLINDRICAL_SURFACE ( 'NONE', #3859, 1.549999999999997602 ) ;
#533 = VERTEX_POINT ( 'NONE', #3512 ) ;
#534 = DIRECTION ( 'NONE',  ( -1.000000000000000000, 0.000000000000000000, 0.000000000000000000 ) ) ;
#535 = ORIENTED_EDGE ( 'NONE', *, *, #3429, .T. ) ;
#536 = EDGE_CURVE ( 'NONE', #5332, #4792, #938, .T. ) ;
#537 = DIRECTION ( 'NONE',  ( 0.000000000000000000, 0.000000000000000000, 1.000000000000000000 ) ) ;
#538 = DIRECTION ( 'NONE',  ( -0.000000000000000000, 0.000000000000000000, 1.000000000000000000 ) ) ;
#539 = CONICAL_SURFACE ( 'NONE', #3544, 3.499999999999985789, 0.7853981633974405074 ) ;
#540 = VECTOR ( 'NONE', #3991, 1000.000000000000000 ) ;
#541 = EDGE_CURVE ( 'NONE', #4807, #5244, #1867, .T. ) ;
#542 = EDGE_CURVE ( 'NONE', #1079, #1455, #5200, .T. ) ;
#543 = VERTEX_POINT ( 'NONE', #1412 ) ;
#544 = ORIENTED_EDGE ( 'NONE', *, *, #4345, .T. ) ;
#545 = AXIS2_PLACEMENT_3D ( 'NONE', #4504, #2015, #3727 ) ;
#546 = DIRECTION ( 'NONE',  ( 0.000000000000000000, 0.000000000000000000, -1.000000000000000000 ) ) ;
#547 = DIRECTION ( 'NONE',  ( -1.156482317317871725E-16, 0.000000000000000000, -1.000000000000000000 ) ) ;
#548 = CARTESIAN_POINT ( 'NONE',  ( 3.499999999999996891, 1.250000000000000222, 4.700000000000002842 ) ) ;
#549 = EDGE_LOOP ( 'NONE', ( #3224, #3929, #4478, #4521 ) ) ;
#550 = ORIENTED_EDGE ( 'NONE', *, *, #5128, .F. ) ;
#551 = DIRECTION ( 'NONE',  ( 0.000000000000000000, 0.000000000000000000, 1.000000000000000000 ) ) ;
#552 = CARTESIAN_POINT ( 'NONE',  ( 14.42628246223865673, 2.500000000000000000, -22.82258064516128471 ) ) ;
#553 = AXIS2_PLACEMENT_3D ( 'NONE', #3199, #4893, #3227 ) ;
#554 = ADVANCED_FACE ( 'NONE', ( #1010 ), #2706, .T. ) ;
#555 = DIRECTION ( 'NONE',  ( 0.000000000000000000, 0.000000000000000000, 1.000000000000000000 ) ) ;
#556 = DIRECTION ( 'NONE',  ( 0.000000000000000000, 1.000000000000000000, 0.000000000000000000 ) ) ;
#557 = VECTOR ( 'NONE', #4237, 1000.000000000000000 ) ;
#558 = DIRECTION ( 'NONE',  ( 1.000000000000000000, 0.000000000000000000, -2.376333528735352191E-16 ) ) ;
#559 = DIRECTION ( 'NONE',  ( 0.000000000000000000, 0.000000000000000000, 1.000000000000000000 ) ) ;
#560 = EDGE_CURVE ( 'NONE', #1448, #3756, #3067, .T. ) ;
#561 = ORIENTED_EDGE ( 'NONE', *, *, #5230, .T. ) ;
#562 = FACE_BOUND ( 'NONE', #5353, .T. ) ;
#563 = ORIENTED_EDGE ( 'NONE', *, *, #4412, .F. ) ;
#564 = DIRECTION ( 'NONE',  ( -0.000000000000000000, 1.000000000000000000, -0.000000000000000000 ) ) ;
#565 = CARTESIAN_POINT ( 'NONE',  ( 8.749999999999998224, 4.000000000000000000, -20.29999999999999716 ) ) ;
#566 = EDGE_CURVE ( 'NONE', #3586, #3015, #3878, .T. ) ;
#567 = ORIENTED_EDGE ( 'NONE', *, *, #4806, .T. ) ;
#568 = ORIENTED_EDGE ( 'NONE', *, *, #116, .T. ) ;
#569 = DIRECTION ( 'NONE',  ( 0.000000000000000000, 1.000000000000000000, 0.000000000000000000 ) ) ;
#570 = CIRCLE ( 'NONE', #3046, 1.549999999999997602 ) ;
#571 = LINE ( 'NONE', #2290, #2326 ) ;
#572 = CARTESIAN_POINT ( 'NONE',  ( 0.000000000000000000, 4.000000000000000000, 29.50000000000002132 ) ) ;
#573 = AXIS2_PLACEMENT_3D ( 'NONE', #1955, #3636, #4856 ) ;
#574 = ORIENTED_EDGE ( 'NONE', *, *, #3479, .T. ) ;
#575 = EDGE_LOOP ( 'NONE', ( #2881, #230, #999, #879 ) ) ;
#576 = CARTESIAN_POINT ( 'NONE',  ( 3.499999999999999556, -6.000000000000000000, -30.00000000000000355 ) ) ;
#577 = ORIENTED_EDGE ( 'NONE', *, *, #4496, .F. ) ;
#578 = PLANE ( 'NONE',  #4887 ) ;
#579 = EDGE_CURVE ( 'NONE', #3270, #2560, #4488, .T. ) ;
#580 = AXIS2_PLACEMENT_3D ( 'NONE', #478, #3026, #3914 ) ;
#581 = ORIENTED_EDGE ( 'NONE', *, *, #29, .T. ) ;
#582 = CARTESIAN_POINT ( 'NONE',  ( 8.438740531849417081, 1.250000000000000222, -20.26110134354693670 ) ) ;
#583 = CARTESIAN_POINT ( 'NONE',  ( 14.42628246223865673, 0.000000000000000000, -22.82258064516128471 ) ) ;
#584 = FACE_OUTER_BOUND ( 'NONE', #973, .T. ) ;
#585 = ORIENTED_EDGE ( 'NONE', *, *, #3641, .F. ) ;
#586 = DIRECTION ( 'NONE',  ( 0.000000000000000000, 1.000000000000000000, 0.000000000000000000 ) ) ;
#587 = VERTEX_POINT ( 'NONE', #964 ) ;
#588 = CARTESIAN_POINT ( 'NONE',  ( 14.00000000000001066, 2.299999999999999822, -29.29508497187472926 ) ) ;
#589 = AXIS2_PLACEMENT_3D ( 'NONE', #1004, #2784, #3588 ) ;
#590 = DIRECTION ( 'NONE',  ( 0.000000000000000000, 1.000000000000000000, -0.000000000000000000 ) ) ;
#591 = CONICAL_SURFACE ( 'NONE', #5367, 1.500000000000018652, 0.7853981633974500554 ) ;
#592 = ORIENTED_EDGE ( 'NONE', *, *, #4016, .T. ) ;
#593 = ORIENTED_EDGE ( 'NONE', *, *, #3762, .F. ) ;
#594 = FACE_OUTER_BOUND ( 'NONE', #1905, .T. ) ;
#595 = CARTESIAN_POINT ( 'NONE',  ( 15.84901771537212589, 2.500000000000000000, 4.951693672147772673 ) ) ;
#596 = DIRECTION ( 'NONE',  ( -0.000000000000000000, -1.000000000000000000, -0.000000000000000000 ) ) ;
#597 = AXIS2_PLACEMENT_3D ( 'NONE', #3424, #3873, #2237 ) ;
#598 = AXIS2_PLACEMENT_3D ( 'NONE', #5479, #3369, #98 ) ;
#599 = VERTEX_POINT ( 'NONE', #2656 ) ;
#600 = ORIENTED_EDGE ( 'NONE', *, *, #604, .T. ) ;
#601 = CARTESIAN_POINT ( 'NONE',  ( 8.750000000000000000, -0.8612698372208114073, -19.19999999999999929 ) ) ;
#602 = VERTEX_POINT ( 'NONE', #4347 ) ;
#603 = CARTESIAN_POINT ( 'NONE',  ( 3.566293909951948393, 3.566293909951955055, -23.35833454871907477 ) ) ;
#604 = EDGE_CURVE ( 'NONE', #3871, #4799, #2243, .T. ) ;
#605 = AXIS2_PLACEMENT_3D ( 'NONE', #2289, #3950, #5190 ) ;
#606 = EDGE_LOOP ( 'NONE', ( #3256, #4990, #1183, #574 ) ) ;
#607 = EDGE_CURVE ( 'NONE', #2497, #3052, #4111, .T. ) ;
#608 = AXIS2_PLACEMENT_3D ( 'NONE', #923, #3917, #947 ) ;
#609 = DIRECTION ( 'NONE',  ( -0.000000000000000000, -1.000000000000000000, -0.000000000000000000 ) ) ;
#610 = DIRECTION ( 'NONE',  ( 0.000000000000000000, 0.000000000000000000, 1.000000000000000000 ) ) ;
#611 = CYLINDRICAL_SURFACE ( 'NONE', #1461, 0.5000000000000004441 ) ;
#612 = DIRECTION ( 'NONE',  ( 0.000000000000000000, 0.000000000000000000, -1.000000000000000000 ) ) ;
#613 = CARTESIAN_POINT ( 'NONE',  ( 8.750000000000007105, 2.600000000000000089, 26.98997487421323527 ) ) ;
#614 = EDGE_CURVE ( 'NONE', #1395, #1455, #4040, .T. ) ;
#615 = EDGE_LOOP ( 'NONE', ( #3304, #4513, #2241, #629, #3412, #1733, #5417, #4209, #4812, #2506, #2180, #4735, #3059, #634 ) ) ;
#616 = ORIENTED_EDGE ( 'NONE', *, *, #4059, .T. ) ;
#617 = CARTESIAN_POINT ( 'NONE',  ( 7.866061825025475684, 1.250000000000000222, -20.26085623054218132 ) ) ;
#618 = DIRECTION ( 'NONE',  ( 0.000000000000000000, 0.000000000000000000, 1.000000000000000000 ) ) ;
#619 = EDGE_CURVE ( 'NONE', #5091, #1560, #349, .T. ) ;
#620 = ORIENTED_EDGE ( 'NONE', *, *, #1098, .F. ) ;
#621 = VERTEX_POINT ( 'NONE', #4945 ) ;
#622 = FACE_OUTER_BOUND ( 'NONE', #4671, .T. ) ;
#623 = AXIS2_PLACEMENT_3D ( 'NONE', #1895, #1469, #1047 ) ;
#624 = AXIS2_PLACEMENT_3D ( 'NONE', #4645, #3362, #844 ) ;
#625 = DIRECTION ( 'NONE',  ( 0.000000000000000000, -1.000000000000000000, 0.000000000000000000 ) ) ;
#626 = DIRECTION ( 'NONE',  ( -0.000000000000000000, 1.000000000000000000, -0.000000000000000000 ) ) ;
#627 = EDGE_CURVE ( 'NONE', #1219, #4357, #2481, .T. ) ;
#628 = VECTOR ( 'NONE', #1959, 1000.000000000000000 ) ;
#629 = ORIENTED_EDGE ( 'NONE', *, *, #4935, .T. ) ;
#630 = ORIENTED_EDGE ( 'NONE', *, *, #141, .F. ) ;
#631 = CARTESIAN_POINT ( 'NONE',  ( 24.00000000000001066, 4.000000000000000000, 22.50000000000002487 ) ) ;
#632 = EDGE_LOOP ( 'NONE', ( #2179, #239, #4710, #4247 ) ) ;
#633 = EDGE_CURVE ( 'NONE', #953, #908, #3239, .T. ) ;
#634 = ORIENTED_EDGE ( 'NONE', *, *, #2483, .F. ) ;
#635 = CARTESIAN_POINT ( 'NONE',  ( 28.00000000000001066, 0.000000000000000000, 23.00000000000000355 ) ) ;
#636 = CARTESIAN_POINT ( 'NONE',  ( 11.49999999999999289, 0.000000000000000000, -2.000000000000000000 ) ) ;
#637 = DIRECTION ( 'NONE',  ( -0.000000000000000000, 1.000000000000000000, -0.000000000000000000 ) ) ;
#638 = EDGE_CURVE ( 'NONE', #7, #3640, #2019, .T. ) ;
#639 = DIRECTION ( 'NONE',  ( 0.000000000000000000, 1.000000000000000000, 0.000000000000000000 ) ) ;
#640 = DIRECTION ( 'NONE',  ( 0.000000000000000000, 0.000000000000000000, 1.000000000000000000 ) ) ;
#641 = AXIS2_PLACEMENT_3D ( 'NONE', #1163, #3741, #3378 ) ;
#642 = ORIENTED_EDGE ( 'NONE', *, *, #1838, .F. ) ;
#643 = PRESENTATION_STYLE_ASSIGNMENT (( #1080 ) ) ;
#644 = ORIENTED_EDGE ( 'NONE', *, *, #3755, .F. ) ;
#645 = VECTOR ( 'NONE', #3718, 999.9999999999998863 ) ;
#646 = CYLINDRICAL_SURFACE ( 'NONE', #1227, 0.5000000000000000000 ) ;
#647 = ADVANCED_FACE ( 'NONE', ( #4974 ), #591, .T. ) ;
#648 = LINE ( 'NONE', #2308, #5004 ) ;
#649 = ORIENTED_EDGE ( 'NONE', *, *, #958, .F. ) ;
#650 = ORIENTED_EDGE ( 'NONE', *, *, #314, .F. ) ;
#651 = CARTESIAN_POINT ( 'NONE',  ( 14.00000000000001066, 2.299999999999999822, 29.06173769148989550 ) ) ;
#652 = ORIENTED_EDGE ( 'NONE', *, *, #3891, .F. ) ;
#653 = CIRCLE ( 'NONE', #1100, 4.000000000000000000 ) ;
#654 = DIRECTION ( 'NONE',  ( 0.000000000000000000, 0.000000000000000000, -1.000000000000000000 ) ) ;
#655 = CYLINDRICAL_SURFACE ( 'NONE', #5097, 0.7500000000000006661 ) ;
#656 = EDGE_CURVE ( 'NONE', #1008, #5326, #2633, .T. ) ;
#657 = CYLINDRICAL_SURFACE ( 'NONE', #4192, 0.5000000000000004441 ) ;
#658 = ORIENTED_EDGE ( 'NONE', *, *, #2040, .T. ) ;
#659 = ORIENTED_EDGE ( 'NONE', *, *, #2847, .F. ) ;
#660 = CIRCLE ( 'NONE', #485, 2.200000000000000178 ) ;
#661 = VECTOR ( 'NONE', #1152, 1000.000000000000000 ) ;
#662 = ORIENTED_EDGE ( 'NONE', *, *, #4372, .T. ) ;
#663 = CIRCLE ( 'NONE', #3219, 1.549999999999997602 ) ;
#664 = DIRECTION ( 'NONE',  ( 0.000000000000000000, 0.000000000000000000, 1.000000000000000000 ) ) ;
#665 = CARTESIAN_POINT ( 'NONE',  ( 7.866061825025475684, 4.850152435273161977, -20.26085623054218132 ) ) ;
#666 = CARTESIAN_POINT ( 'NONE',  ( 3.499999999999998668, 3.500000000000006661, 19.30000000000000426 ) ) ;
#667 = EDGE_CURVE ( 'NONE', #3386, #3837, #5103, .T. ) ;
#668 =( NAMED_UNIT ( * ) SI_UNIT ( $, .STERADIAN. ) SOLID_ANGLE_UNIT ( ) );
#669 = PRESENTATION_LAYER_ASSIGNMENT (  '', '', ( #3056 ) ) ;
#670 = DIRECTION ( 'NONE',  ( -0.000000000000000000, -1.000000000000000000, -0.000000000000000000 ) ) ;
#671 = ORIENTED_EDGE ( 'NONE', *, *, #1220, .F. ) ;
#672 = CARTESIAN_POINT ( 'NONE',  ( 3.499999999999996891, 1.250000000000000222, 4.700000000000002842 ) ) ;
#673 = ORIENTED_EDGE ( 'NONE', *, *, #3692, .F. ) ;
#674 = ORIENTED_EDGE ( 'NONE', *, *, #3849, .T. ) ;
#675 = CARTESIAN_POINT ( 'NONE',  ( 10.98531754730535859, 2.600000000000000089, -19.02712812921112828 ) ) ;
#676 = DIRECTION ( 'NONE',  ( -0.000000000000000000, -1.000000000000000000, -0.000000000000000000 ) ) ;
#677 = ORIENTED_EDGE ( 'NONE', *, *, #5210, .T. ) ;
#678 = EDGE_CURVE ( 'NONE', #272, #2173, #3700, .T. ) ;
#679 = CARTESIAN_POINT ( 'NONE',  ( 8.750000000000000000, 1.250000000000000222, -6.799999999999998934 ) ) ;
#680 = ORIENTED_EDGE ( 'NONE', *, *, #3454, .F. ) ;
#681 = AXIS2_PLACEMENT_3D ( 'NONE', #1299, #2983, #3899 ) ;
#682 = DIRECTION ( 'NONE',  ( 1.000000000000000000, 0.000000000000000000, 0.000000000000000000 ) ) ;
#683 = AXIS2_PLACEMENT_3D ( 'NONE', #4926, #1192, #2796 ) ;
#684 = DIRECTION ( 'NONE',  ( 0.000000000000000000, 0.000000000000000000, 1.000000000000000000 ) ) ;
#685 = DIRECTION ( 'NONE',  ( 0.000000000000000000, 0.000000000000000000, 1.000000000000000000 ) ) ;
#686 = ORIENTED_EDGE ( 'NONE', *, *, #3375, .T. ) ;
#687 = ORIENTED_EDGE ( 'NONE', *, *, #5360, .T. ) ;
#688 = ORIENTED_EDGE ( 'NONE', *, *, #4726, .T. ) ;
#689 = DIRECTION ( 'NONE',  ( 0.000000000000000000, 0.000000000000000000, 1.000000000000000000 ) ) ;
#690 = AXIS2_PLACEMENT_3D ( 'NONE', #2906, #1993, #3678 ) ;
#691 = EDGE_LOOP ( 'NONE', ( #1118, #2012, #2375, #3960 ) ) ;
#692 = VECTOR ( 'NONE', #3138, 1000.000000000000000 ) ;
#693 = DIRECTION ( 'NONE',  ( -0.000000000000000000, 1.000000000000000000, -0.000000000000000000 ) ) ;
#694 = CARTESIAN_POINT ( 'NONE',  ( 10.79999999999999893, 2.500000000000000000, 0.000000000000000000 ) ) ;
#695 = LINE ( 'NONE', #3627, #3909 ) ;
#696 = LINE ( 'NONE', #5432, #2369 ) ;
#697 = PRESENTATION_LAYER_ASSIGNMENT (  '', '', ( #4052 ) ) ;
#698 = EDGE_CURVE ( 'NONE', #908, #4088, #5003, .T. ) ;
#699 = AXIS2_PLACEMENT_3D ( 'NONE', #28, #3808, #449 ) ;
#700 = LINE ( 'NONE', #4464, #3690 ) ;
#701 = ORIENTED_EDGE ( 'NONE', *, *, #5360, .F. ) ;
#702 = CARTESIAN_POINT ( 'NONE',  ( 8.749999999999998224, 1.250000000000000222, -18.09999999999999787 ) ) ;
#703 = EDGE_LOOP ( 'NONE', ( #4362, #33, #2811, #2755 ) ) ;
#704 = CARTESIAN_POINT ( 'NONE',  ( 25.00000000000001066, 2.299999999999999822, 5.000000000000007994 ) ) ;
#705 = CARTESIAN_POINT ( 'NONE',  ( 4.409502835089541328, 2.500000000000000000, 5.255040845272261230 ) ) ;
#706 = ORIENTED_EDGE ( 'NONE', *, *, #1870, .T. ) ;
#707 = CARTESIAN_POINT ( 'NONE',  ( 14.10236294594450079, 2.500000000000000000, 22.86418522891058558 ) ) ;
#708 = ADVANCED_FACE ( 'NONE', ( #4591 ), #1178, .F. ) ;
#709 = ORIENTED_EDGE ( 'NONE', *, *, #216, .T. ) ;
#710 = CARTESIAN_POINT ( 'NONE',  ( 18.00000000000001066, 4.000000000000000000, -29.50000000000000711 ) ) ;
#711 = CARTESIAN_POINT ( 'NONE',  ( 23.00000000000001066, 2.299999999999999822, -18.24999999999999645 ) ) ;
#712 = DIRECTION ( 'NONE',  ( -0.000000000000000000, -1.000000000000000000, -0.000000000000000000 ) ) ;
#713 = LINE ( 'NONE', #236, #394 ) ;
#714 = EDGE_CURVE ( 'NONE', #602, #3695, #4530, .T. ) ;
#715 = ORIENTED_EDGE ( 'NONE', *, *, #4927, .T. ) ;
#716 = ORIENTED_EDGE ( 'NONE', *, *, #1303, .F. ) ;
#717 = LINE ( 'NONE', #4198, #4492 ) ;
#718 = DIRECTION ( 'NONE',  ( -0.000000000000000000, 1.000000000000000000, -0.000000000000000000 ) ) ;
#719 = CIRCLE ( 'NONE', #1875, 0.7500000000000006661 ) ;
#720 = CIRCLE ( 'NONE', #4160, 2.200000000000000622 ) ;
#721 = EDGE_LOOP ( 'NONE', ( #384, #1246, #4335, #2315, #3662, #924, #468, #1615, #3456, #2666, #3261, #139, #3359, #4933, #4060, #3103 ) ) ;
#722 = DIRECTION ( 'NONE',  ( 0.000000000000000000, -1.000000000000000000, 0.000000000000000000 ) ) ;
#723 = DIRECTION ( 'NONE',  ( 0.000000000000000000, 1.000000000000000000, 0.000000000000000000 ) ) ;
#724 = CARTESIAN_POINT ( 'NONE',  ( 27.50000000000001776, 4.000000000000000000, -20.99999999999999645 ) ) ;
#725 = EDGE_CURVE ( 'NONE', #3756, #1228, #2363, .T. ) ;
#726 = CARTESIAN_POINT ( 'NONE',  ( 10.74999999999999822, 2.500000000000000000, 0.000000000000000000 ) ) ;
#727 = EDGE_LOOP ( 'NONE', ( #652, #2215, #1240, #3244 ) ) ;
#728 = CYLINDRICAL_SURFACE ( 'NONE', #5109, 0.5000000000000004441 ) ;
#729 = ORIENTED_EDGE ( 'NONE', *, *, #1231, .T. ) ;
#730 = DIRECTION ( 'NONE',  ( 0.000000000000000000, 1.000000000000000000, 0.000000000000000000 ) ) ;
#731 = ORIENTED_EDGE ( 'NONE', *, *, #1250, .T. ) ;
#732 = EDGE_CURVE ( 'NONE', #201, #930, #5192, .T. ) ;
#733 = DIRECTION ( 'NONE',  ( 0.000000000000000000, 1.000000000000000000, 0.000000000000000000 ) ) ;
#734 = CARTESIAN_POINT ( 'NONE',  ( 16.73661379950458894, 2.500000000000000000, 22.43389151398138281 ) ) ;
#735 = AXIS2_PLACEMENT_3D ( 'NONE', #2031, #3803, #777 ) ;
#736 = EDGE_LOOP ( 'NONE', ( #1956, #1110, #4045, #600, #2089, #5293 ) ) ;
#737 = LINE ( 'NONE', #1059, #1133 ) ;
#738 = ORIENTED_EDGE ( 'NONE', *, *, #749, .F. ) ;
#739 = FACE_OUTER_BOUND ( 'NONE', #2989, .T. ) ;
#740 = DIRECTION ( 'NONE',  ( 1.000000000000000000, 0.000000000000000000, 0.000000000000000000 ) ) ;
#741 = CARTESIAN_POINT ( 'NONE',  ( 10.79999999999999893, 2.500000000000000000, 6.061637550770937466 ) ) ;
#742 = PLANE ( 'NONE',  #2091 ) ;
#743 = EDGE_CURVE ( 'NONE', #2542, #3065, #2548, .T. ) ;
#744 = ORIENTED_EDGE ( 'NONE', *, *, #3993, .F. ) ;
#745 = VERTEX_POINT ( 'NONE', #2303 ) ;
#746 = CARTESIAN_POINT ( 'NONE',  ( 11.49999999999999289, 0.000000000000000000, -2.000000000000000000 ) ) ;
#747 = CARTESIAN_POINT ( 'NONE',  ( 13.00000000000000000, 0.000000000000000000, 6.061637550770937466 ) ) ;
#748 = ORIENTED_EDGE ( 'NONE', *, *, #3719, .T. ) ;
#749 = EDGE_CURVE ( 'NONE', #3092, #3949, #2385, .T. ) ;
#750 = DIRECTION ( 'NONE',  ( 5.071510359137166603E-16, 0.000000000000000000, 1.000000000000000000 ) ) ;
#751 = DIRECTION ( 'NONE',  ( 0.000000000000000000, 1.000000000000000000, 0.000000000000000000 ) ) ;
#752 = AXIS2_PLACEMENT_3D ( 'NONE', #3900, #1407, #3478 ) ;
#753 = LINE ( 'NONE', #724, #5203 ) ;
#754 = CARTESIAN_POINT ( 'NONE',  ( 10.98531754730535859, 4.000000000000000000, -19.02712812921112828 ) ) ;
#755 = AXIS2_PLACEMENT_3D ( 'NONE', #1471, #558, #2247 ) ;
#756 = CARTESIAN_POINT ( 'NONE',  ( 10.74999999999999822, 0.000000000000000000, -10.07078063138876622 ) ) ;
#757 = VECTOR ( 'NONE', #2206, 1000.000000000000000 ) ;
#758 = VERTEX_POINT ( 'NONE', #1051 ) ;
#759 = ORIENTED_EDGE ( 'NONE', *, *, #861, .F. ) ;
#760 = DIRECTION ( 'NONE',  ( 0.000000000000000000, 0.000000000000000000, 1.000000000000000000 ) ) ;
#761 = DIRECTION ( 'NONE',  ( 0.000000000000000000, 0.000000000000000000, 1.000000000000000000 ) ) ;
#762 = ORIENTED_EDGE ( 'NONE', *, *, #1688, .F. ) ;
#763 = CARTESIAN_POINT ( 'NONE',  ( 27.50000000000000711, 2.299999999999999822, 2.204915028125265852 ) ) ;
#764 = ORIENTED_EDGE ( 'NONE', *, *, #1492, .F. ) ;
#765 = FACE_OUTER_BOUND ( 'NONE', #2793, .T. ) ;
#766 = DIRECTION ( 'NONE',  ( -0.000000000000000000, -1.000000000000000000, -0.000000000000000000 ) ) ;
#767 = CARTESIAN_POINT ( 'NONE',  ( 11.50000000000000000, 0.000000000000000000, -2.000000000000000000 ) ) ;
#768 = DIRECTION ( 'NONE',  ( 0.000000000000000000, 0.000000000000000000, 1.000000000000000000 ) ) ;
#769 = ORIENTED_EDGE ( 'NONE', *, *, #783, .T. ) ;
#770 = ORIENTED_EDGE ( 'NONE', *, *, #3568, .T. ) ;
#771 = CARTESIAN_POINT ( 'NONE',  ( 20.49036317236908999, 2.500000000000000000, -7.566507096221478434 ) ) ;
#772 = DIRECTION ( 'NONE',  ( -0.000000000000000000, 1.000000000000000000, -0.000000000000000000 ) ) ;
#773 = VERTEX_POINT ( 'NONE', #4851 ) ;
#774 = AXIS2_PLACEMENT_3D ( 'NONE', #1020, #3895, #4017 ) ;
#775 = EDGE_CURVE ( 'NONE', #2270, #1474, #1397, .T. ) ;
#776 = CARTESIAN_POINT ( 'NONE',  ( 16.64072110592089260, 0.000000000000000000, -7.618984473295812521 ) ) ;
#777 = DIRECTION ( 'NONE',  ( -1.734723475976805517E-15, 0.000000000000000000, 1.000000000000000000 ) ) ;
#778 = UNCERTAINTY_MEASURE_WITH_UNIT (LENGTH_MEASURE( 1.000000000000000082E-05 ), #1053, 'distance_accuracy_value', 'NONE');
#779 = CARTESIAN_POINT ( 'NONE',  ( 24.00000000000001066, 4.000000000000000000, 26.00000000000000355 ) ) ;
#780 = CIRCLE ( 'NONE', #865, 0.5000000000000004441 ) ;
#781 = DIRECTION ( 'NONE',  ( 0.000000000000000000, -1.000000000000000000, 0.000000000000000000 ) ) ;
#782 = VECTOR ( 'NONE', #4778, 1000.000000000000000 ) ;
#783 = EDGE_CURVE ( 'NONE', #1799, #2960, #3179, .T. ) ;
#784 = LINE ( 'NONE', #4126, #516 ) ;
#785 = AXIS2_PLACEMENT_3D ( 'NONE', #860, #3805, #3406 ) ;
#786 = EDGE_LOOP ( 'NONE', ( #1521, #439, #1866, #962 ) ) ;
#787 = CARTESIAN_POINT ( 'NONE',  ( 3.499999999999999556, 3.499999999999999556, -24.16976710787182725 ) ) ;
#788 = DIRECTION ( 'NONE',  ( 0.000000000000000000, 0.000000000000000000, 1.000000000000000000 ) ) ;
#789 = CIRCLE ( 'NONE', #3346, 2.200000000000000178 ) ;
#790 = ORIENTED_EDGE ( 'NONE', *, *, #3429, .F. ) ;
#791 = CARTESIAN_POINT ( 'NONE',  ( 21.00000000000000355, 3.500000000000006661, -26.00000000000000355 ) ) ;
#792 = VECTOR ( 'NONE', #5077, 1000.000000000000000 ) ;
#793 = ORIENTED_EDGE ( 'NONE', *, *, #87, .F. ) ;
#794 = CARTESIAN_POINT ( 'NONE',  ( 24.50000000000000355, 2.500000000000000000, -14.15894732285653213 ) ) ;
#795 = DIRECTION ( 'NONE',  ( -0.000000000000000000, 1.000000000000000000, -0.000000000000000000 ) ) ;
#796 = DIRECTION ( 'NONE',  ( -0.000000000000000000, 1.000000000000000000, -0.000000000000000000 ) ) ;
#797 = DIRECTION ( 'NONE',  ( -0.000000000000000000, 1.000000000000000000, -0.000000000000000000 ) ) ;
#798 = EDGE_CURVE ( 'NONE', #3270, #1663, #3208, .T. ) ;
#799 = ORIENTED_EDGE ( 'NONE', *, *, #3076, .F. ) ;
#800 = ORIENTED_EDGE ( 'NONE', *, *, #2520, .T. ) ;
#801 = CARTESIAN_POINT ( 'NONE',  ( 14.62797097206541075, 0.000000000000000000, 22.74266898630093792 ) ) ;
#802 = CARTESIAN_POINT ( 'NONE',  ( 18.16666666666667496, 4.000000000000000000, 28.92240697562477791 ) ) ;
#803 = EDGE_CURVE ( 'NONE', #2293, #4953, #700, .T. ) ;
#804 = ORIENTED_EDGE ( 'NONE', *, *, #5373, .T. ) ;
#805 = LINE ( 'NONE', #4177, #1607 ) ;
#806 = LINE ( 'NONE', #4178, #4805 ) ;
#807 = AXIS2_PLACEMENT_3D ( 'NONE', #4715, #2192, #2607 ) ;
#808 = VECTOR ( 'NONE', #374, 1000.000000000000000 ) ;
#809 = FACE_OUTER_BOUND ( 'NONE', #2568, .T. ) ;
#810 = EDGE_CURVE ( 'NONE', #5355, #1917, #1573, .T. ) ;
#811 = DIRECTION ( 'NONE',  ( 0.000000000000000000, 0.000000000000000000, 1.000000000000000000 ) ) ;
#812 = VECTOR ( 'NONE', #498, 1000.000000000000000 ) ;
#813 = AXIS2_PLACEMENT_3D ( 'NONE', #18, #3657, #1972 ) ;
#814 = DIRECTION ( 'NONE',  ( -0.000000000000000000, 1.000000000000000000, -0.000000000000000000 ) ) ;
#815 = LINE ( 'NONE', #1145, #109 ) ;
#816 = DIRECTION ( 'NONE',  ( 0.7071067811865500152, -0.7071067811865451302, 0.000000000000000000 ) ) ;
#817 = ORIENTED_EDGE ( 'NONE', *, *, #619, .T. ) ;
#818 = LINE ( 'NONE', #3001, #3614 ) ;
#819 = ORIENTED_EDGE ( 'NONE', *, *, #3327, .T. ) ;
#820 = ADVANCED_FACE ( 'NONE', ( #1559 ), #3995, .T. ) ;
#821 = CARTESIAN_POINT ( 'NONE',  ( 27.50000000000002132, 4.000000000000000000, 2.704915028125264520 ) ) ;
#822 = CARTESIAN_POINT ( 'NONE',  ( 21.47481828337179977, 2.500000000000000000, 7.076368160250957828 ) ) ;
#823 = CARTESIAN_POINT ( 'NONE',  ( 15.45347904902730285, 0.000000000000000000, -6.622770101238232954 ) ) ;
#824 = ORIENTED_EDGE ( 'NONE', *, *, #4890, .F. ) ;
#825 = ORIENTED_EDGE ( 'NONE', *, *, #1736, .T. ) ;
#826 = CARTESIAN_POINT ( 'NONE',  ( 11.49999999999999289, 2.500000000000000000, -2.000000000000000000 ) ) ;
#827 = ADVANCED_FACE ( 'NONE', ( #4491 ), #4070, .T. ) ;
#828 = VECTOR ( 'NONE', #1590, 1000.000000000000114 ) ;
#829 = CARTESIAN_POINT ( 'NONE',  ( 27.50000000000000711, 2.299999999999999822, 2.704915028125265852 ) ) ;
#830 = ORIENTED_EDGE ( 'NONE', *, *, #803, .F. ) ;
#831 = CARTESIAN_POINT ( 'NONE',  ( 3.499999999999999556, 3.499999999999999556, -24.16976710787182725 ) ) ;
#832 = DIRECTION ( 'NONE',  ( -0.000000000000000000, -1.000000000000000000, -0.000000000000000000 ) ) ;
#833 = CARTESIAN_POINT ( 'NONE',  ( 14.00000000000001066, 2.299999999999999822, 29.50000000000000355 ) ) ;
#834 = CARTESIAN_POINT ( 'NONE',  ( 21.47481828337179621, 0.000000000000000000, 7.076368160250957828 ) ) ;
#835 = AXIS2_PLACEMENT_3D ( 'NONE', #572, #3398, #934 ) ;
#836 = CARTESIAN_POINT ( 'NONE',  ( 23.00000000000001066, 2.299999999999999822, -14.99999999999999645 ) ) ;
#837 = EDGE_CURVE ( 'NONE', #2902, #2613, #252, .T. ) ;
#838 = CARTESIAN_POINT ( 'NONE',  ( 8.750000000000007105, 2.600000000000000089, 26.98997487421323527 ) ) ;
#839 = CARTESIAN_POINT ( 'NONE',  ( 25.00000000000001066, 0.000000000000000000, 5.000000000000007994 ) ) ;
#840 = CIRCLE ( 'NONE', #3770, 0.7500000000000006661 ) ;
#841 = VERTEX_POINT ( 'NONE', #3629 ) ;
#842 = DIRECTION ( 'NONE',  ( 0.000000000000000000, 0.000000000000000000, -1.000000000000000000 ) ) ;
#843 = ORIENTED_EDGE ( 'NONE', *, *, #2125, .T. ) ;
#844 = DIRECTION ( 'NONE',  ( 0.000000000000000000, 0.000000000000000000, 1.000000000000000000 ) ) ;
#845 = ADVANCED_FACE ( 'NONE', ( #2715 ), #4930, .F. ) ;
#846 = AXIS2_PLACEMENT_3D ( 'NONE', #2559, #2120, #868 ) ;
#847 = DIRECTION ( 'NONE',  ( 0.000000000000000000, 0.7071067811865475727, -0.7071067811865475727 ) ) ;
#848 = DIRECTION ( 'NONE',  ( 0.000000000000000000, 0.000000000000000000, 1.000000000000000000 ) ) ;
#849 = ADVANCED_FACE ( 'NONE', ( #193 ), #2772, .F. ) ;
#850 = AXIS2_PLACEMENT_3D ( 'NONE', #3714, #3234, #1193 ) ;
#851 = ORIENTED_EDGE ( 'NONE', *, *, #1208, .F. ) ;
#852 = ORIENTED_EDGE ( 'NONE', *, *, #5365, .T. ) ;
#853 = LINE ( 'NONE', #4227, #4403 ) ;
#854 = DIRECTION ( 'NONE',  ( 1.000000000000000000, 0.000000000000000000, 0.000000000000000000 ) ) ;
#855 = ADVANCED_FACE ( 'NONE', ( #4409 ), #4220, .T. ) ;
#856 = EDGE_LOOP ( 'NONE', ( #4155, #715, #5119, #2149 ) ) ;
#857 = ORIENTED_EDGE ( 'NONE', *, *, #116, .F. ) ;
#858 = DIRECTION ( 'NONE',  ( -2.602085213965208275E-15, 0.000000000000000000, 1.000000000000000000 ) ) ;
#859 = LINE ( 'NONE', #2551, #557 ) ;
#860 = CARTESIAN_POINT ( 'NONE',  ( 16.29999999999999361, 2.500000000000000000, -20.30726231784357694 ) ) ;
#861 = EDGE_CURVE ( 'NONE', #4853, #4288, #3600, .T. ) ;
#862 = ORIENTED_EDGE ( 'NONE', *, *, #3961, .T. ) ;
#863 = CARTESIAN_POINT ( 'NONE',  ( 6.473141571295768060, 4.000000000000000000, -27.82142902930395678 ) ) ;
#864 = CARTESIAN_POINT ( 'NONE',  ( 14.10236294594450079, 2.500000000000000000, 22.86418522891058558 ) ) ;
#865 = AXIS2_PLACEMENT_3D ( 'NONE', #3124, #3573, #4825 ) ;
#866 = LINE ( 'NONE', #396, #1082 ) ;
#867 = CIRCLE ( 'NONE', #597, 3.999999999999999112 ) ;
#868 = DIRECTION ( 'NONE',  ( 0.000000000000000000, -0.000000000000000000, 1.000000000000000000 ) ) ;
#869 = EDGE_CURVE ( 'NONE', #4261, #758, #780, .T. ) ;
#870 = AXIS2_PLACEMENT_3D ( 'NONE', #1699, #3379, #2141 ) ;
#871 = ORIENTED_EDGE ( 'NONE', *, *, #2118, .T. ) ;
#872 = DIRECTION ( 'NONE',  ( 0.000000000000000000, 0.000000000000000000, 1.000000000000000000 ) ) ;
#873 = VERTEX_POINT ( 'NONE', #613 ) ;
#874 = LINE ( 'NONE', #5471, #5226 ) ;
#875 = VECTOR ( 'NONE', #4004, 1000.000000000000000 ) ;
#876 = CARTESIAN_POINT ( 'NONE',  ( 7.000000000000003553, 1.000000000000000000, 25.00000000000000000 ) ) ;
#877 = DIRECTION ( 'NONE',  ( 0.000000000000000000, 0.000000000000000000, -1.000000000000000000 ) ) ;
#878 = EDGE_CURVE ( 'NONE', #5362, #4234, #5263, .T. ) ;
#879 = ORIENTED_EDGE ( 'NONE', *, *, #3987, .F. ) ;
#880 = ORIENTED_EDGE ( 'NONE', *, *, #2765, .F. ) ;
#881 = CYLINDRICAL_SURFACE ( 'NONE', #1314, 0.5000000000000004441 ) ;
#882 = CARTESIAN_POINT ( 'NONE',  ( 25.00000000000001066, 2.500000000000000000, 5.000000000000007994 ) ) ;
#883 = ADVANCED_FACE ( 'NONE', ( #2327 ), #222, .T. ) ;
#884 = EDGE_CURVE ( 'NONE', #5188, #3196, #1230, .T. ) ;
#885 = DIRECTION ( 'NONE',  ( 0.000000000000000000, 0.000000000000000000, -1.000000000000000000 ) ) ;
#886 = ORIENTED_EDGE ( 'NONE', *, *, #678, .T. ) ;
#887 = VERTEX_POINT ( 'NONE', #419 ) ;
#888 = CARTESIAN_POINT ( 'NONE',  ( 8.800000000000002487, -0.8612698372208114073, 5.800000000000003375 ) ) ;
#889 = LINE ( 'NONE', #528, #2069 ) ;
#890 = EDGE_CURVE ( 'NONE', #1637, #3723, #3715, .T. ) ;
#891 = ORIENTED_EDGE ( 'NONE', *, *, #2803, .T. ) ;
#892 = CARTESIAN_POINT ( 'NONE',  ( 15.84901771537212589, 2.500000000000000000, 4.951693672147772673 ) ) ;
#893 = CIRCLE ( 'NONE', #4613, 2.200000000000000178 ) ;
#894 = ORIENTED_EDGE ( 'NONE', *, *, #4682, .F. ) ;
#895 = ADVANCED_FACE ( 'NONE', ( #2005 ), #1576, .T. ) ;
#896 = DIRECTION ( 'NONE',  ( 0.000000000000000000, 0.000000000000000000, -1.000000000000000000 ) ) ;
#897 = DIRECTION ( 'NONE',  ( -0.000000000000000000, -1.000000000000000000, -0.000000000000000000 ) ) ;
#898 = VECTOR ( 'NONE', #915, 1000.000000000000000 ) ;
#899 = CIRCLE ( 'NONE', #3990, 3.249999999999999556 ) ;
#900 = VERTEX_POINT ( 'NONE', #4154 ) ;
#901 = DIRECTION ( 'NONE',  ( 0.000000000000000000, 0.000000000000000000, -1.000000000000000000 ) ) ;
#902 = ORIENTED_EDGE ( 'NONE', *, *, #1025, .T. ) ;
#903 = EDGE_CURVE ( 'NONE', #4043, #225, #3687, .T. ) ;
#904 = CYLINDRICAL_SURFACE ( 'NONE', #5409, 2.000000000000001776 ) ;
#905 = DIRECTION ( 'NONE',  ( 0.7071067811865475727, 0.7071067811865475727, -8.177564888977997868E-17 ) ) ;
#906 = DIRECTION ( 'NONE',  ( 0.000000000000000000, 0.000000000000000000, 1.000000000000000000 ) ) ;
#907 = ORIENTED_EDGE ( 'NONE', *, *, #2456, .T. ) ;
#908 = VERTEX_POINT ( 'NONE', #2090 ) ;
#909 = DIRECTION ( 'NONE',  ( -0.8191520442889930198, 0.000000000000000000, -0.5735764363510442720 ) ) ;
#910 = DIRECTION ( 'NONE',  ( 0.000000000000000000, 0.000000000000000000, -1.000000000000000000 ) ) ;
#911 = EDGE_CURVE ( 'NONE', #4843, #3632, #2023, .T. ) ;
#912 = DIRECTION ( 'NONE',  ( 0.000000000000000000, -1.000000000000000000, 0.000000000000000000 ) ) ;
#913 = VERTEX_POINT ( 'NONE', #2064 ) ;
#914 = ORIENTED_EDGE ( 'NONE', *, *, #3184, .F. ) ;
#915 = DIRECTION ( 'NONE',  ( -0.000000000000000000, 1.000000000000000000, -0.000000000000000000 ) ) ;
#916 = CARTESIAN_POINT ( 'NONE',  ( 20.69881374351695769, 2.500000000000000000, 0.5346000417609658717 ) ) ;
#917 = DIRECTION ( 'NONE',  ( -1.000000000000000000, 0.000000000000000000, -0.000000000000000000 ) ) ;
#918 = EDGE_CURVE ( 'NONE', #4062, #3667, #2718, .T. ) ;
#919 = DIRECTION ( 'NONE',  ( 0.000000000000000000, 0.000000000000000000, 1.000000000000000000 ) ) ;
#920 = CARTESIAN_POINT ( 'NONE',  ( 21.00000000000001066, 0.000000000000000000, 28.00000000000000355 ) ) ;
#921 = CYLINDRICAL_SURFACE ( 'NONE', #4565, 11.80000000000000604 ) ;
#922 = ORIENTED_EDGE ( 'NONE', *, *, #1898, .T. ) ;
#923 = CARTESIAN_POINT ( 'NONE',  ( 7.000000000000003553, 1.000000000000000000, 25.00000000000000000 ) ) ;
#924 = ORIENTED_EDGE ( 'NONE', *, *, #4345, .F. ) ;
#925 = CARTESIAN_POINT ( 'NONE',  ( 19.00000000000000355, 0.000000000000000000, -27.99999999999999645 ) ) ;
#926 = DIRECTION ( 'NONE',  ( 1.156482317317871725E-16, -0.000000000000000000, 1.000000000000000000 ) ) ;
#927 = AXIS2_PLACEMENT_3D ( 'NONE', #4862, #1034, #2313 ) ;
#928 = DIRECTION ( 'NONE',  ( 0.000000000000000000, 0.000000000000000000, 1.000000000000000000 ) ) ;
#929 = VECTOR ( 'NONE', #3673, 1000.000000000000000 ) ;
#930 = VERTEX_POINT ( 'NONE', #5375 ) ;
#931 = VERTEX_POINT ( 'NONE', #834 ) ;
#932 = LINE ( 'NONE', #463, #1038 ) ;
#933 = CARTESIAN_POINT ( 'NONE',  ( 26.00000000000000355, 4.000000000000000000, -20.99999999999999645 ) ) ;
#934 = DIRECTION ( 'NONE',  ( -1.000000000000000000, 0.000000000000000000, 0.000000000000000000 ) ) ;
#935 = AXIS2_PLACEMENT_3D ( 'NONE', #5075, #1313, #2610 ) ;
#936 = ORIENTED_EDGE ( 'NONE', *, *, #1669, .T. ) ;
#937 = EDGE_LOOP ( 'NONE', ( #2890, #2124, #4317, #2657 ) ) ;
#938 = LINE ( 'NONE', #5173, #2749 ) ;
#939 = LINE ( 'NONE', #966, #3742 ) ;
#940 = DIRECTION ( 'NONE',  ( 0.000000000000000000, 1.000000000000000000, 0.000000000000000000 ) ) ;
#941 = EDGE_CURVE ( 'NONE', #4288, #1347, #2859, .T. ) ;
#942 = CIRCLE ( 'NONE', #2980, 0.7500000000000006661 ) ;
#943 = LINE ( 'NONE', #1363, #3630 ) ;
#944 = DIRECTION ( 'NONE',  ( 1.000000000000000000, 0.000000000000000000, 0.000000000000000000 ) ) ;
#945 = DIRECTION ( 'NONE',  ( -0.000000000000000000, -1.000000000000000000, -0.000000000000000000 ) ) ;
#946 = EDGE_LOOP ( 'NONE', ( #3401, #4021, #4176, #5101 ) ) ;
#947 = DIRECTION ( 'NONE',  ( 0.000000000000000000, 0.000000000000000000, 1.000000000000000000 ) ) ;
#948 = ORIENTED_EDGE ( 'NONE', *, *, #494, .T. ) ;
#949 = FACE_OUTER_BOUND ( 'NONE', #3200, .T. ) ;
#950 = LINE ( 'NONE', #2977, #2695 ) ;
#951 = VECTOR ( 'NONE', #4920, 1000.000000000000000 ) ;
#952 = AXIS2_PLACEMENT_3D ( 'NONE', #5160, #1320, #1372 ) ;
#953 = VERTEX_POINT ( 'NONE', #3325 ) ;
#954 = AXIS2_PLACEMENT_3D ( 'NONE', #5325, #4858, #2780 ) ;
#955 = ORIENTED_EDGE ( 'NONE', *, *, #5223, .T. ) ;
#956 = FACE_OUTER_BOUND ( 'NONE', #1858, .T. ) ;
#957 = CARTESIAN_POINT ( 'NONE',  ( 9.500000000000007105, 2.600000000000000089, 27.30000000000000071 ) ) ;
#958 = EDGE_CURVE ( 'NONE', #4332, #773, #4991, .T. ) ;
#959 = DIRECTION ( 'NONE',  ( -0.000000000000000000, -1.000000000000000000, -0.000000000000000000 ) ) ;
#960 = PRODUCT_DEFINITION_FORMATION_WITH_SPECIFIED_SOURCE ( '任何', '', #1718, .NOT_KNOWN. ) ;
#961 = CIRCLE ( 'NONE', #2121, 4.000000000000000888 ) ;
#962 = ORIENTED_EDGE ( 'NONE', *, *, #3167, .F. ) ;
#963 = ORIENTED_EDGE ( 'NONE', *, *, #2776, .F. ) ;
#964 = CARTESIAN_POINT ( 'NONE',  ( 18.50000000000001066, 2.299999999999999822, 29.99999999999999645 ) ) ;
#965 = EDGE_CURVE ( 'NONE', #2779, #434, #3353, .T. ) ;
#966 = CARTESIAN_POINT ( 'NONE',  ( 14.00000000000001066, 2.299999999999999822, 29.99999999999999645 ) ) ;
#967 = CARTESIAN_POINT ( 'NONE',  ( 12.94999999999999751, 2.500000000000000000, -22.99999999999999645 ) ) ;
#968 = LINE ( 'NONE', #4404, #1511 ) ;
#969 = PLANE ( 'NONE',  #3576 ) ;
#970 = ADVANCED_FACE ( 'NONE', ( #3778 ), #1281, .F. ) ;
#971 = ORIENTED_EDGE ( 'NONE', *, *, #1237, .F. ) ;
#972 = LINE ( 'NONE', #2667, #1495 ) ;
#973 = EDGE_LOOP ( 'NONE', ( #2457, #2446, #3137, #2117 ) ) ;
#974 = DIRECTION ( 'NONE',  ( 0.000000000000000000, 0.000000000000000000, -1.000000000000000000 ) ) ;
#975 = LINE ( 'NONE', #3419, #4819 ) ;
#976 = CIRCLE ( 'NONE', #4071, 1.549999999999995826 ) ;
#977 = ORIENTED_EDGE ( 'NONE', *, *, #2632, .F. ) ;
#978 = ADVANCED_FACE ( 'NONE', ( #1256 ), #728, .T. ) ;
#979 = ORIENTED_EDGE ( 'NONE', *, *, #3410, .F. ) ;
#980 = AXIS2_PLACEMENT_3D ( 'NONE', #2367, #3305, #5444 ) ;
#981 = CARTESIAN_POINT ( 'NONE',  ( 12.94999999999999751, 2.500000000000000000, -10.07078063138876622 ) ) ;
#982 = CARTESIAN_POINT ( 'NONE',  ( 28.00000000000001066, 3.500000000000020428, 21.00000000000000711 ) ) ;
#983 = DIRECTION ( 'NONE',  ( -0.000000000000000000, -1.000000000000000000, -0.000000000000000000 ) ) ;
#984 = ORIENTED_EDGE ( 'NONE', *, *, #1662, .F. ) ;
#985 = ORIENTED_EDGE ( 'NONE', *, *, #749, .T. ) ;
#986 = DIRECTION ( 'NONE',  ( -1.000000000000000000, 0.000000000000000000, 0.000000000000000000 ) ) ;
#987 = DIRECTION ( 'NONE',  ( 0.000000000000000000, 0.000000000000000000, -1.000000000000000000 ) ) ;
#988 = ORIENTED_EDGE ( 'NONE', *, *, #4822, .T. ) ;
#989 = CARTESIAN_POINT ( 'NONE',  ( 8.750000000000007105, 2.600000000000000089, 27.30000000000000426 ) ) ;
#990 = AXIS2_PLACEMENT_3D ( 'NONE', #2437, #2855, #2061 ) ;
#991 = DIRECTION ( 'NONE',  ( 0.000000000000000000, 1.000000000000000000, 0.000000000000000000 ) ) ;
#992 = ORIENTED_EDGE ( 'NONE', *, *, #656, .F. ) ;
#993 = CARTESIAN_POINT ( 'NONE',  ( 16.00000000000001066, 2.299999999999999822, -23.24999999999999289 ) ) ;
#994 = EDGE_CURVE ( 'NONE', #5277, #4998, #333, .T. ) ;
#995 = EDGE_LOOP ( 'NONE', ( #4549, #3977, #1835, #187 ) ) ;
#996 = APPLICATION_CONTEXT ( 'automotive_design' ) ;
#997 = CARTESIAN_POINT ( 'NONE',  ( 22.23018100228647853, 0.000000000000000000, 9.107079528758690756 ) ) ;
#998 = DIRECTION ( 'NONE',  ( -0.000000000000000000, -1.000000000000000000, -0.000000000000000000 ) ) ;
#999 = ORIENTED_EDGE ( 'NONE', *, *, #965, .F. ) ;
#1000 = ADVANCED_FACE ( 'NONE', ( #3806 ), #1, .T. ) ;
#1001 = ORIENTED_EDGE ( 'NONE', *, *, #633, .T. ) ;
#1002 = CARTESIAN_POINT ( 'NONE',  ( 20.50000000000001776, 4.000000000000000000, -27.99999999999999645 ) ) ;
#1003 = VECTOR ( 'NONE', #523, 1000.000000000000000 ) ;
#1004 = CARTESIAN_POINT ( 'NONE',  ( 20.49036317236908999, 2.500000000000000000, -5.366507096221478257 ) ) ;
#1005 = DIRECTION ( 'NONE',  ( -0.000000000000000000, -1.000000000000000000, -0.000000000000000000 ) ) ;
#1006 = EDGE_CURVE ( 'NONE', #4261, #4624, #1649, .T. ) ;
#1007 = VECTOR ( 'NONE', #998, 1000.000000000000000 ) ;
#1008 = VERTEX_POINT ( 'NONE', #5019 ) ;
#1009 = ORIENTED_EDGE ( 'NONE', *, *, #678, .F. ) ;
#1010 = FACE_OUTER_BOUND ( 'NONE', #1367, .T. ) ;
#1011 = CARTESIAN_POINT ( 'NONE',  ( 25.00000000000001066, 2.299999999999999822, 6.550000000000005151 ) ) ;
#1012 = AXIS2_PLACEMENT_3D ( 'NONE', #1393, #639, #559 ) ;
#1013 = EDGE_CURVE ( 'NONE', #1771, #408, #5072, .T. ) ;
#1014 = ORIENTED_EDGE ( 'NONE', *, *, #4711, .F. ) ;
#1015 = DIRECTION ( 'NONE',  ( 0.000000000000000000, -1.000000000000000000, 0.000000000000000000 ) ) ;
#1016 = CARTESIAN_POINT ( 'NONE',  ( 13.50000000000001243, 2.299999999999999822, 29.50000000000000355 ) ) ;
#1017 = DIRECTION ( 'NONE',  ( 0.000000000000000000, 0.000000000000000000, -1.000000000000000000 ) ) ;
#1018 = EDGE_CURVE ( 'NONE', #120, #3170, #784, .T. ) ;
#1019 = PLANE ( 'NONE',  #1292 ) ;
#1020 = CARTESIAN_POINT ( 'NONE',  ( 4.168141571295796766, 2.600000000000000089, -23.82905191785766874 ) ) ;
#1021 = AXIS2_PLACEMENT_3D ( 'NONE', #933, #4258, #99 ) ;
#1022 = ORIENTED_EDGE ( 'NONE', *, *, #5470, .F. ) ;
#1023 = CYLINDRICAL_SURFACE ( 'NONE', #5475, 2.200000000000000178 ) ;
#1024 = VERTEX_POINT ( 'NONE', #863 ) ;
#1025 = EDGE_CURVE ( 'NONE', #293, #4135, #1839, .T. ) ;
#1026 = CYLINDRICAL_SURFACE ( 'NONE', #1849, 4.000000000000000000 ) ;
#1027 = DIRECTION ( 'NONE',  ( -0.000000000000000000, 1.000000000000000000, -0.000000000000000000 ) ) ;
#1028 = VECTOR ( 'NONE', #3458, 1000.000000000000000 ) ;
#1029 = ORIENTED_EDGE ( 'NONE', *, *, #1166, .T. ) ;
#1030 = ORIENTED_EDGE ( 'NONE', *, *, #1720, .F. ) ;
#1031 = FACE_OUTER_BOUND ( 'NONE', #632, .T. ) ;
#1032 = CARTESIAN_POINT ( 'NONE',  ( 19.30825215254416705, 2.500000000000000000, 7.458456109224194996 ) ) ;
#1033 = VECTOR ( 'NONE', #1675, 1000.000000000000000 ) ;
#1034 = DIRECTION ( 'NONE',  ( 0.000000000000000000, 0.000000000000000000, -1.000000000000000000 ) ) ;
#1035 = EDGE_CURVE ( 'NONE', #3983, #5443, #4349, .T. ) ;
#1036 = AXIS2_PLACEMENT_3D ( 'NONE', #2404, #5038, #3287 ) ;
#1037 = ADVANCED_FACE ( 'NONE', ( #3436 ), #4240, .T. ) ;
#1038 = VECTOR ( 'NONE', #521, 1000.000000000000000 ) ;
#1039 = EDGE_LOOP ( 'NONE', ( #5436, #674, #5305, #3716, #4483, #2359, #1551, #4466, #4864, #3145 ) ) ;
#1040 = ORIENTED_EDGE ( 'NONE', *, *, #4539, .T. ) ;
#1041 = CIRCLE ( 'NONE', #3253, 4.000000000000000000 ) ;
#1042 = EDGE_CURVE ( 'NONE', #3247, #4197, #2295, .T. ) ;
#1043 = DIRECTION ( 'NONE',  ( 0.000000000000000000, 0.000000000000000000, -1.000000000000000000 ) ) ;
#1044 = AXIS2_PLACEMENT_3D ( 'NONE', #2335, #4970, #1538 ) ;
#1045 = ORIENTED_EDGE ( 'NONE', *, *, #4206, .F. ) ;
#1046 = ADVANCED_FACE ( 'NONE', ( #2634 ), #3858, .F. ) ;
#1047 = DIRECTION ( 'NONE',  ( 0.000000000000000000, 0.000000000000000000, 1.000000000000000000 ) ) ;
#1048 = CARTESIAN_POINT ( 'NONE',  ( 18.50000000000000000, 2.500000000000000000, -14.15894732285653035 ) ) ;
#1049 = DIRECTION ( 'NONE',  ( -0.000000000000000000, -1.000000000000000000, -0.000000000000000000 ) ) ;
#1050 = LINE ( 'NONE', #5211, #3223 ) ;
#1051 = CARTESIAN_POINT ( 'NONE',  ( 14.00000000000001066, 2.299999999999999822, -29.49999999999999645 ) ) ;
#1052 = ORIENTED_EDGE ( 'NONE', *, *, #1764, .F. ) ;
#1053 =( LENGTH_UNIT ( ) NAMED_UNIT ( * ) SI_UNIT ( .MILLI., .METRE. ) );
#1054 = ADVANCED_FACE ( 'NONE', ( #529 ), #4268, .F. ) ;
#1055 = ORIENTED_EDGE ( 'NONE', *, *, #3012, .F. ) ;
#1056 = CARTESIAN_POINT ( 'NONE',  ( 0.000000000000000000, 2.500000000000000000, 0.000000000000000000 ) ) ;
#1057 = DIRECTION ( 'NONE',  ( 0.000000000000000000, 0.000000000000000000, 1.000000000000000000 ) ) ;
#1058 = ORIENTED_EDGE ( 'NONE', *, *, #432, .F. ) ;
#1059 = CARTESIAN_POINT ( 'NONE',  ( 24.00000000000000355, 4.000000000000000000, -23.00000000000000000 ) ) ;
#1060 = ORIENTED_EDGE ( 'NONE', *, *, #4392, .T. ) ;
#1061 = CYLINDRICAL_SURFACE ( 'NONE', #343, 1.549999999999995826 ) ;
#1062 = DIRECTION ( 'NONE',  ( 0.000000000000000000, 0.000000000000000000, -1.000000000000000000 ) ) ;
#1063 = CARTESIAN_POINT ( 'NONE',  ( 16.12250708506317309, 0.000000000000000000, 22.50187643836395424 ) ) ;
#1064 = VECTOR ( 'NONE', #4814, 1000.000000000000000 ) ;
#1065 = AXIS2_PLACEMENT_3D ( 'NONE', #3277, #4136, #5029 ) ;
#1066 = ORIENTED_EDGE ( 'NONE', *, *, #1419, .F. ) ;
#1067 = AXIS2_PLACEMENT_3D ( 'NONE', #4039, #1526, #1136 ) ;
#1068 = ORIENTED_EDGE ( 'NONE', *, *, #2102, .F. ) ;
#1069 = ADVANCED_FACE ( 'NONE', ( #5176 ), #52, .F. ) ;
#1070 = LINE ( 'NONE', #2316, #2944 ) ;
#1071 = ORIENTED_EDGE ( 'NONE', *, *, #2797, .F. ) ;
#1072 = ORIENTED_EDGE ( 'NONE', *, *, #3814, .T. ) ;
#1073 = PLANE ( 'NONE',  #4252 ) ;
#1074 = FACE_OUTER_BOUND ( 'NONE', #3393, .T. ) ;
#1075 = CARTESIAN_POINT ( 'NONE',  ( 26.00000000000001066, 3.500000000000020428, 23.00000000000000355 ) ) ;
#1076 = CARTESIAN_POINT ( 'NONE',  ( 23.00000000000001066, 0.000000000000000000, -13.44999999999999929 ) ) ;
#1077 = EDGE_CURVE ( 'NONE', #900, #4280, #4690, .T. ) ;
#1078 = CARTESIAN_POINT ( 'NONE',  ( 16.73905426840038757, 0.000000000000000000, -5.090681215000284254 ) ) ;
#1079 = VERTEX_POINT ( 'NONE', #107 ) ;
#1080 = SURFACE_STYLE_USAGE ( .BOTH. , #4876 ) ;
#1081 = ORIENTED_EDGE ( 'NONE', *, *, #3894, .T. ) ;
#1082 = VECTOR ( 'NONE', #1284, 1000.000000000000114 ) ;
#1083 = PLANE ( 'NONE',  #1755 ) ;
#1084 = LINE ( 'NONE', #3107, #1007 ) ;
#1085 = ADVANCED_FACE ( 'NONE', ( #81 ), #3515, .T. ) ;
#1086 = ORIENTED_EDGE ( 'NONE', *, *, #3582, .T. ) ;
#1087 = VERTEX_POINT ( 'NONE', #1813 ) ;
#1088 = CARTESIAN_POINT ( 'NONE',  ( 17.11088587534443306, 2.500000000000000000, 3.149559174711991982 ) ) ;
#1089 = ORIENTED_EDGE ( 'NONE', *, *, #2857, .T. ) ;
#1090 = AXIS2_PLACEMENT_3D ( 'NONE', #4218, #484, #2177 ) ;
#1091 = CARTESIAN_POINT ( 'NONE',  ( 16.00000000000001066, 0.000000000000000000, 28.04999999999999716 ) ) ;
#1092 = CARTESIAN_POINT ( 'NONE',  ( 13.50000000000001243, 2.299999999999999822, 29.99999999999999645 ) ) ;
#1093 = CARTESIAN_POINT ( 'NONE',  ( 16.29999999999999361, 0.000000000000000000, -20.30726231784357694 ) ) ;
#1094 = VERTEX_POINT ( 'NONE', #967 ) ;
#1095 = AXIS2_PLACEMENT_3D ( 'NONE', #377, #4623, #2512 ) ;
#1096 = ORIENTED_EDGE ( 'NONE', *, *, #1712, .T. ) ;
#1097 = LINE ( 'NONE', #1915, #4542 ) ;
#1098 = EDGE_CURVE ( 'NONE', #4676, #1428, #4714, .T. ) ;
#1099 = AXIS2_PLACEMENT_3D ( 'NONE', #4908, #3556, #4385 ) ;
#1100 = AXIS2_PLACEMENT_3D ( 'NONE', #4946, #4593, #3759 ) ;
#1101 = VERTEX_POINT ( 'NONE', #5204 ) ;
#1102 = AXIS2_PLACEMENT_3D ( 'NONE', #4524, #5023, #4553 ) ;
#1103 = CARTESIAN_POINT ( 'NONE',  ( 20.49036317236908999, 0.000000000000000000, -5.366507096221478257 ) ) ;
#1104 = CARTESIAN_POINT ( 'NONE',  ( 12.56097560975609539, 0.000000000000000000, -7.905449242479584804 ) ) ;
#1105 = DIRECTION ( 'NONE',  ( 0.000000000000000000, 1.000000000000000000, -0.000000000000000000 ) ) ;
#1106 = DIRECTION ( 'NONE',  ( 0.000000000000000000, 0.000000000000000000, 1.000000000000000000 ) ) ;
#1107 = ADVANCED_FACE ( 'NONE', ( #501 ), #3462, .F. ) ;
#1108 = AXIS2_PLACEMENT_3D ( 'NONE', #1585, #5018, #1106 ) ;
#1109 = DIRECTION ( 'NONE',  ( 0.000000000000000000, 1.000000000000000000, 0.000000000000000000 ) ) ;
#1110 = ORIENTED_EDGE ( 'NONE', *, *, #5270, .T. ) ;
#1111 =( NAMED_UNIT ( * ) SI_UNIT ( $, .STERADIAN. ) SOLID_ANGLE_UNIT ( ) );
#1112 = ORIENTED_EDGE ( 'NONE', *, *, #3496, .T. ) ;
#1113 = EDGE_CURVE ( 'NONE', #5238, #4332, #2142, .T. ) ;
#1114 = CARTESIAN_POINT ( 'NONE',  ( 3.499999999999995115, 1.250000000000000222, -5.699999999999998401 ) ) ;
#1115 = CARTESIAN_POINT ( 'NONE',  ( 8.151858428704230164, 2.600000000000000089, -20.77905191785770000 ) ) ;
#1116 = ORIENTED_EDGE ( 'NONE', *, *, #3590, .F. ) ;
#1117 = CARTESIAN_POINT ( 'NONE',  ( 26.00000000000001066, 4.000000000000000000, 21.00000000000000355 ) ) ;
#1118 = ORIENTED_EDGE ( 'NONE', *, *, #1289, .T. ) ;
#1119 = AXIS2_PLACEMENT_3D ( 'NONE', #4005, #1542, #1062 ) ;
#1120 = LINE ( 'NONE', #4529, #5403 ) ;
#1121 = CARTESIAN_POINT ( 'NONE',  ( 10.98531754730535859, 2.600000000000000089, -19.02712812921112828 ) ) ;
#1122 = CARTESIAN_POINT ( 'NONE',  ( 12.94999999999999751, 2.500000000000000000, -10.07078063138876622 ) ) ;
#1123 = DIRECTION ( 'NONE',  ( 0.000000000000000000, 1.000000000000000000, 0.000000000000000000 ) ) ;
#1124 = VERTEX_POINT ( 'NONE', #1727 ) ;
#1125 = ORIENTED_EDGE ( 'NONE', *, *, #5151, .F. ) ;
#1126 = CARTESIAN_POINT ( 'NONE',  ( 8.800000000000002487, 1.250000000000000222, 17.10000000000000497 ) ) ;
#1127 = EDGE_CURVE ( 'NONE', #70, #5092, #1515, .T. ) ;
#1128 = CARTESIAN_POINT ( 'NONE',  ( 6.531128874149273678, 4.000000000000000000, -28.99999999999999289 ) ) ;
#1129 = VECTOR ( 'NONE', #4900, 1000.000000000000000 ) ;
#1130 = AXIS2_PLACEMENT_3D ( 'NONE', #1686, #3363, #1293 ) ;
#1131 = EDGE_LOOP ( 'NONE', ( #5433, #593, #5377, #2650 ) ) ;
#1132 = ADVANCED_FACE ( 'NONE', ( #1309 ), #2580, .F. ) ;
#1133 = VECTOR ( 'NONE', #3668, 1000.000000000000000 ) ;
#1134 = CARTESIAN_POINT ( 'NONE',  ( 16.00000000000001066, 0.000000000000000000, 26.50000000000000355 ) ) ;
#1135 = CARTESIAN_POINT ( 'NONE',  ( 8.800000000000002487, 1.250000000000000222, 18.20000000000000284 ) ) ;
#1136 = DIRECTION ( 'NONE',  ( 0.000000000000000000, 0.000000000000000000, -1.000000000000000000 ) ) ;
#1137 = DIRECTION ( 'NONE',  ( 0.000000000000000000, 0.000000000000000000, -1.000000000000000000 ) ) ;
#1138 = VECTOR ( 'NONE', #2007, 1000.000000000000000 ) ;
#1139 = CIRCLE ( 'NONE', #4943, 0.5000000000000004441 ) ;
#1140 = CARTESIAN_POINT ( 'NONE',  ( 22.22504112484965333, 2.500000000000000000, 2.119096801136108876 ) ) ;
#1141 = ORIENTED_EDGE ( 'NONE', *, *, #2975, .F. ) ;
#1142 = CARTESIAN_POINT ( 'NONE',  ( 21.47481828337179621, 2.500000000000000000, 7.076368160250957828 ) ) ;
#1143 = ORIENTED_EDGE ( 'NONE', *, *, #4402, .T. ) ;
#1144 = ADVANCED_FACE ( 'NONE', ( #765 ), #1597, .T. ) ;
#1145 = CARTESIAN_POINT ( 'NONE',  ( 3.499999999999999556, 3.500000000000006661, 19.30000000000000426 ) ) ;
#1146 = DIRECTION ( 'NONE',  ( 0.000000000000000000, 1.000000000000000000, 0.000000000000000000 ) ) ;
#1147 = ORIENTED_EDGE ( 'NONE', *, *, #1603, .T. ) ;
#1148 = DIRECTION ( 'NONE',  ( 0.000000000000000000, -0.7071067811865474617, 0.7071067811865474617 ) ) ;
#1149 = ORIENTED_EDGE ( 'NONE', *, *, #5422, .F. ) ;
#1150 = LINE ( 'NONE', #4165, #808 ) ;
#1151 = DIRECTION ( 'NONE',  ( -0.000000000000000000, 1.000000000000000000, -0.000000000000000000 ) ) ;
#1152 = DIRECTION ( 'NONE',  ( -0.000000000000000000, 1.000000000000000000, 0.000000000000000000 ) ) ;
#1153 = CARTESIAN_POINT ( 'NONE',  ( 24.00000000000001421, 0.000000000000000000, 23.00000000000000355 ) ) ;
#1154 = EDGE_CURVE ( 'NONE', #2014, #4354, #4620, .T. ) ;
#1155 = ORIENTED_EDGE ( 'NONE', *, *, #1662, .T. ) ;
#1156 = AXIS2_PLACEMENT_3D ( 'NONE', #5179, #556, #4375 ) ;
#1157 = ORIENTED_EDGE ( 'NONE', *, *, #3075, .T. ) ;
#1158 = FACE_OUTER_BOUND ( 'NONE', #5013, .T. ) ;
#1159 = CARTESIAN_POINT ( 'NONE',  ( 10.24999999999996625, 2.600000000000000089, -1.546166576414104429E-14 ) ) ;
#1160 = VECTOR ( 'NONE', #3773, 1000.000000000000114 ) ;
#1161 = ORIENTED_EDGE ( 'NONE', *, *, #3981, .F. ) ;
#1162 = CARTESIAN_POINT ( 'NONE',  ( 8.750000000000000000, 4.000000000000000000, 23.01002512578676118 ) ) ;
#1163 = CARTESIAN_POINT ( 'NONE',  ( 9.500000000000000000, 2.600000000000000089, 22.70000000000000284 ) ) ;
#1164 = DIRECTION ( 'NONE',  ( 0.000000000000000000, 0.000000000000000000, 1.000000000000000000 ) ) ;
#1165 = LINE ( 'NONE', #4124, #1758 ) ;
#1166 = EDGE_CURVE ( 'NONE', #3105, #2781, #4791, .T. ) ;
#1167 = DIRECTION ( 'NONE',  ( 0.000000000000000000, 0.000000000000000000, -1.000000000000000000 ) ) ;
#1168 = ORIENTED_EDGE ( 'NONE', *, *, #1098, .T. ) ;
#1169 = ORIENTED_EDGE ( 'NONE', *, *, #4841, .T. ) ;
#1170 = CIRCLE ( 'NONE', #1268, 1.549999999999995826 ) ;
#1171 = CYLINDRICAL_SURFACE ( 'NONE', #3921, 3.249999999999999556 ) ;
#1172 = PLANE ( 'NONE',  #1653 ) ;
#1173 = AXIS2_PLACEMENT_3D ( 'NONE', #3291, #832, #5484 ) ;
#1174 = EDGE_LOOP ( 'NONE', ( #3377, #977, #857, #3646, #1713 ) ) ;
#1175 = CARTESIAN_POINT ( 'NONE',  ( 16.00000000000001066, 0.000000000000000000, 26.50000000000000355 ) ) ;
#1176 = ORIENTED_EDGE ( 'NONE', *, *, #4468, .T. ) ;
#1177 = DIRECTION ( 'NONE',  ( 0.000000000000000000, 0.000000000000000000, -1.000000000000000000 ) ) ;
#1178 = CYLINDRICAL_SURFACE ( 'NONE', #4670, 1.549999999999997602 ) ;
#1179 = CARTESIAN_POINT ( 'NONE',  ( 13.66531754730533343, 2.600000000000000089, -23.66902429349574177 ) ) ;
#1180 = DIRECTION ( 'NONE',  ( 0.000000000000000000, 1.000000000000000000, 0.000000000000000000 ) ) ;
#1181 = ADVANCED_FACE ( 'NONE', ( #4944 ), #2451, .T. ) ;
#1182 = EDGE_LOOP ( 'NONE', ( #1901, #4964, #356, #31 ) ) ;
#1183 = ORIENTED_EDGE ( 'NONE', *, *, #4480, .F. ) ;
#1184 = DIRECTION ( 'NONE',  ( -0.000000000000000000, 1.000000000000000000, -0.000000000000000000 ) ) ;
#1185 = DIRECTION ( 'NONE',  ( 0.000000000000000000, 0.000000000000000000, -1.000000000000000000 ) ) ;
#1186 = EDGE_CURVE ( 'NONE', #2732, #1609, #2395, .T. ) ;
#1187 = ORIENTED_EDGE ( 'NONE', *, *, #4248, .T. ) ;
#1188 = ORIENTED_EDGE ( 'NONE', *, *, #3345, .F. ) ;
#1189 = CYLINDRICAL_SURFACE ( 'NONE', #5308, 0.7500000000000006661 ) ;
#1190 = CARTESIAN_POINT ( 'NONE',  ( 8.750000000000007105, 4.000000000000000000, 26.98997487421323527 ) ) ;
#1191 = AXIS2_PLACEMENT_3D ( 'NONE', #2730, #1005, #3536 ) ;
#1192 = DIRECTION ( 'NONE',  ( 0.000000000000000000, -1.000000000000000000, 0.000000000000000000 ) ) ;
#1193 = DIRECTION ( 'NONE',  ( 0.000000000000000000, 0.000000000000000000, 1.000000000000000000 ) ) ;
#1194 = AXIS2_PLACEMENT_3D ( 'NONE', #5099, #1049, #1017 ) ;
#1195 = ADVANCED_BREP_SHAPE_REPRESENTATION ( '挤出机顶盖（适配嘉立创特价打样）', ( #4265, #3972 ), #4235 ) ;
#1196 = ORIENTED_EDGE ( 'NONE', *, *, #2483, .T. ) ;
#1197 = CARTESIAN_POINT ( 'NONE',  ( 13.50000000000001066, -1.808568626610816077, -29.49999999999999645 ) ) ;
#1198 = AXIS2_PLACEMENT_3D ( 'NONE', #3609, #590, #4879 ) ;
#1199 = VERTEX_POINT ( 'NONE', #1241 ) ;
#1200 = ORIENTED_EDGE ( 'NONE', *, *, #511, .T. ) ;
#1201 = ADVANCED_FACE ( 'NONE', ( #5356 ), #348, .F. ) ;
#1202 = LINE ( 'NONE', #2891, #4889 ) ;
#1203 = AXIS2_PLACEMENT_3D ( 'NONE', #1261, #2584, #1285 ) ;
#1204 = DIRECTION ( 'NONE',  ( 0.000000000000000000, -0.000000000000000000, 1.000000000000000000 ) ) ;
#1205 = ORIENTED_EDGE ( 'NONE', *, *, #2039, .F. ) ;
#1206 = LINE ( 'NONE', #3754, #1680 ) ;
#1207 = ORIENTED_EDGE ( 'NONE', *, *, #176, .F. ) ;
#1208 = EDGE_CURVE ( 'NONE', #602, #4053, #2491, .T. ) ;
#1209 = CARTESIAN_POINT ( 'NONE',  ( 8.800000000000002487, 4.000000000000000000, 18.20000000000000284 ) ) ;
#1210 = CARTESIAN_POINT ( 'NONE',  ( 25.00000000000001066, 2.299999999999999822, 1.750000000000007550 ) ) ;
#1211 = DIRECTION ( 'NONE',  ( 0.000000000000000000, 0.000000000000000000, 1.000000000000000000 ) ) ;
#1212 = CARTESIAN_POINT ( 'NONE',  ( 3.793141571295800318, 2.600000000000000089, -23.17953286501933619 ) ) ;
#1213 = VERTEX_POINT ( 'NONE', #1658 ) ;
#1214 = AXIS2_PLACEMENT_3D ( 'NONE', #4730, #1717, #16 ) ;
#1215 = ORIENTED_EDGE ( 'NONE', *, *, #4484, .T. ) ;
#1216 = LINE ( 'NONE', #2430, #951 ) ;
#1217 = DIRECTION ( 'NONE',  ( -0.000000000000000000, -1.000000000000000000, -0.000000000000000000 ) ) ;
#1218 = EDGE_CURVE ( 'NONE', #1876, #1741, #4079, .T. ) ;
#1219 = VERTEX_POINT ( 'NONE', #2047 ) ;
#1220 = EDGE_CURVE ( 'NONE', #41, #4792, #418, .T. ) ;
#1221 = AXIS2_PLACEMENT_3D ( 'NONE', #2934, #4569, #3316 ) ;
#1222 = DIRECTION ( 'NONE',  ( 0.000000000000000000, -0.000000000000000000, 1.000000000000000000 ) ) ;
#1223 = CARTESIAN_POINT ( 'NONE',  ( 10.79999999999999893, 2.500000000000000000, 6.061637550770937466 ) ) ;
#1224 = CIRCLE ( 'NONE', #243, 2.200000000000000622 ) ;
#1225 = VECTOR ( 'NONE', #4292, 1000.000000000000000 ) ;
#1226 = CARTESIAN_POINT ( 'NONE',  ( 7.514312158959314480, 4.850152435273161977, -18.69999999999999929 ) ) ;
#1227 = AXIS2_PLACEMENT_3D ( 'NONE', #3106, #1823, #5185 ) ;
#1228 = VERTEX_POINT ( 'NONE', #3335 ) ;
#1229 = ORIENTED_EDGE ( 'NONE', *, *, #5449, .T. ) ;
#1230 = LINE ( 'NONE', #2942, #3428 ) ;
#1231 = EDGE_CURVE ( 'NONE', #2045, #1560, #4973, .T. ) ;
#1232 = AXIS2_PLACEMENT_3D ( 'NONE', #5299, #285, #4134 ) ;
#1233 = CARTESIAN_POINT ( 'NONE',  ( 4.500000000000000000, 0.000000000000000000, -26.96887112585072188 ) ) ;
#1234 = CARTESIAN_POINT ( 'NONE',  ( 16.98848870208500017, 0.000000000000000000, 0.6223065738172707251 ) ) ;
#1235 = DIRECTION ( 'NONE',  ( 0.000000000000000000, 1.000000000000000000, 0.000000000000000000 ) ) ;
#1236 = VECTOR ( 'NONE', #481, 1000.000000000000000 ) ;
#1237 = EDGE_CURVE ( 'NONE', #4919, #3558, #97, .T. ) ;
#1238 = ORIENTED_EDGE ( 'NONE', *, *, #3211, .T. ) ;
#1239 = LINE ( 'NONE', #3784, #2035 ) ;
#1240 = ORIENTED_EDGE ( 'NONE', *, *, #1154, .T. ) ;
#1241 = CARTESIAN_POINT ( 'NONE',  ( 19.00000000000001066, 4.000000000000000000, 29.50000000000002132 ) ) ;
#1242 = CARTESIAN_POINT ( 'NONE',  ( 16.00000000000001066, 2.299999999999999822, -26.49999999999999289 ) ) ;
#1243 = CARTESIAN_POINT ( 'NONE',  ( 3.499999999999993783, 1.250000000000000222, -20.29999999999999716 ) ) ;
#1244 = DIRECTION ( 'NONE',  ( -0.000000000000000000, -1.000000000000000000, -0.000000000000000000 ) ) ;
#1245 = ORIENTED_EDGE ( 'NONE', *, *, #5040, .F. ) ;
#1246 = ORIENTED_EDGE ( 'NONE', *, *, #5462, .F. ) ;
#1247 = DIRECTION ( 'NONE',  ( 0.000000000000000000, 1.000000000000000000, 0.000000000000000000 ) ) ;
#1248 = CARTESIAN_POINT ( 'NONE',  ( 12.59756097560975263, 2.500000000000000000, 3.898759183490929647 ) ) ;
#1249 = ORIENTED_EDGE ( 'NONE', *, *, #3206, .F. ) ;
#1250 = EDGE_CURVE ( 'NONE', #2833, #3422, #1338, .T. ) ;
#1251 = CARTESIAN_POINT ( 'NONE',  ( 4.277777777777776791, 4.000000000000000000, -27.41677433408952780 ) ) ;
#1252 = LINE ( 'NONE', #1223, #467 ) ;
#1253 = AXIS2_PLACEMENT_3D ( 'NONE', #3290, #3263, #5339 ) ;
#1254 = CARTESIAN_POINT ( 'NONE',  ( 16.00000000000001066, 0.000000000000000000, 22.50000000000000355 ) ) ;
#1255 = EDGE_LOOP ( 'NONE', ( #5406, #119, #4163, #3160 ) ) ;
#1256 = FACE_OUTER_BOUND ( 'NONE', #2051, .T. ) ;
#1257 = EDGE_CURVE ( 'NONE', #4393, #5244, #1150, .T. ) ;
#1258 = DIRECTION ( 'NONE',  ( 0.000000000000000000, 0.000000000000000000, 1.000000000000000000 ) ) ;
#1259 = DIRECTION ( 'NONE',  ( 0.000000000000000000, -0.000000000000000000, 1.000000000000000000 ) ) ;
#1260 = ADVANCED_FACE ( 'NONE', ( #2841 ), #5002, .F. ) ;
#1261 = CARTESIAN_POINT ( 'NONE',  ( 23.00000000000001066, 2.299999999999999822, -14.99999999999999645 ) ) ;
#1262 = ORIENTED_EDGE ( 'NONE', *, *, #2708, .F. ) ;
#1263 = DIRECTION ( 'NONE',  ( 0.000000000000000000, 1.000000000000000000, 0.000000000000000000 ) ) ;
#1264 = ORIENTED_EDGE ( 'NONE', *, *, #1077, .T. ) ;
#1265 = CARTESIAN_POINT ( 'NONE',  ( 16.18988598184790817, 0.000000000000000000, 20.30290847946412924 ) ) ;
#1266 = DIRECTION ( 'NONE',  ( 0.000000000000000000, 1.000000000000000000, 0.000000000000000000 ) ) ;
#1267 = DIRECTION ( 'NONE',  ( 0.000000000000000000, 0.000000000000000000, -1.000000000000000000 ) ) ;
#1268 = AXIS2_PLACEMENT_3D ( 'NONE', #4199, #1217, #3679 ) ;
#1269 = ORIENTED_EDGE ( 'NONE', *, *, #4402, .F. ) ;
#1270 = EDGE_LOOP ( 'NONE', ( #4528, #1984, #2318, #2334 ) ) ;
#1271 = AXIS2_PLACEMENT_3D ( 'NONE', #3349, #4658, #4151 ) ;
#1272 = CARTESIAN_POINT ( 'NONE',  ( 10.25000000000000000, 4.000000000000000000, 22.69999999999999929 ) ) ;
#1273 = CARTESIAN_POINT ( 'NONE',  ( 14.49999999999999467, 2.500000000000000000, 13.71623364550170976 ) ) ;
#1274 = EDGE_CURVE ( 'NONE', #2270, #3632, #1120, .T. ) ;
#1275 = ORIENTED_EDGE ( 'NONE', *, *, #3421, .T. ) ;
#1276 = DIRECTION ( 'NONE',  ( 0.000000000000000000, 0.000000000000000000, -1.000000000000000000 ) ) ;
#1277 = EDGE_LOOP ( 'NONE', ( #5039, #208, #979, #4932 ) ) ;
#1278 = ADVANCED_FACE ( 'NONE', ( #739 ), #2424, .T. ) ;
#1279 = CARTESIAN_POINT ( 'NONE',  ( 27.50000000000002132, 4.000000000000000000, 2.704915028125264520 ) ) ;
#1280 = FACE_OUTER_BOUND ( 'NONE', #2309, .T. ) ;
#1281 = CYLINDRICAL_SURFACE ( 'NONE', #2905, 0.7500000000000006661 ) ;
#1282 = AXIS2_PLACEMENT_3D ( 'NONE', #4284, #2625, #2678 ) ;
#1283 = ORIENTED_EDGE ( 'NONE', *, *, #2785, .T. ) ;
#1284 = DIRECTION ( 'NONE',  ( -0.8660254037844423713, 0.000000000000000000, -0.4999999999999933942 ) ) ;
#1285 = DIRECTION ( 'NONE',  ( 0.000000000000000000, 0.000000000000000000, 1.000000000000000000 ) ) ;
#1286 = CIRCLE ( 'NONE', #1912, 0.7500000000000006661 ) ;
#1287 = ORIENTED_EDGE ( 'NONE', *, *, #4222, .T. ) ;
#1288 = CARTESIAN_POINT ( 'NONE',  ( 24.00000000000000711, 0.000000000000000000, -23.00000000000000000 ) ) ;
#1289 = EDGE_CURVE ( 'NONE', #1682, #149, #4772, .T. ) ;
#1290 = VERTEX_POINT ( 'NONE', #3416 ) ;
#1291 = FACE_OUTER_BOUND ( 'NONE', #4472, .T. ) ;
#1292 = AXIS2_PLACEMENT_3D ( 'NONE', #2275, #1921, #3601 ) ;
#1293 = DIRECTION ( 'NONE',  ( 0.000000000000000000, -0.000000000000000000, 1.000000000000000000 ) ) ;
#1294 = CARTESIAN_POINT ( 'NONE',  ( 13.50000000000001243, 3.500000000000006661, 30.00000000000000355 ) ) ;
#1295 = APPLICATION_CONTEXT ( 'automotive_design' ) ;
#1296 = ORIENTED_EDGE ( 'NONE', *, *, #2432, .T. ) ;
#1297 = ORIENTED_EDGE ( 'NONE', *, *, #1523, .T. ) ;
#1298 = CYLINDRICAL_SURFACE ( 'NONE', #598, 2.200000000000000178 ) ;
#1299 = CARTESIAN_POINT ( 'NONE',  ( 20.49036317236908999, 2.500000000000000000, -5.366507096221478257 ) ) ;
#1300 = CARTESIAN_POINT ( 'NONE',  ( 19.51990690801881101, 2.500000000000000000, -0.2908794113017860172 ) ) ;
#1301 = AXIS2_PLACEMENT_3D ( 'NONE', #5427, #5012, #295 ) ;
#1302 = ORIENTED_EDGE ( 'NONE', *, *, #3421, .F. ) ;
#1303 = EDGE_CURVE ( 'NONE', #2186, #5440, #3469, .T. ) ;
#1304 = ORIENTED_EDGE ( 'NONE', *, *, #5399, .T. ) ;
#1305 = CARTESIAN_POINT ( 'NONE',  ( 16.29999999999999361, 2.500000000000000000, -20.30726231784357694 ) ) ;
#1306 = DIRECTION ( 'NONE',  ( 0.000000000000000000, 1.000000000000000000, 0.000000000000000000 ) ) ;
#1307 = EDGE_CURVE ( 'NONE', #4550, #3903, #403, .T. ) ;
#1308 = ORIENTED_EDGE ( 'NONE', *, *, #2210, .F. ) ;
#1309 = FACE_OUTER_BOUND ( 'NONE', #1651, .T. ) ;
#1310 = ORIENTED_EDGE ( 'NONE', *, *, #810, .T. ) ;
#1311 = AXIS2_PLACEMENT_3D ( 'NONE', #3911, #474, #3881 ) ;
#1312 = DIRECTION ( 'NONE',  ( 0.000000000000000000, 1.000000000000000000, 0.000000000000000000 ) ) ;
#1313 = DIRECTION ( 'NONE',  ( 0.000000000000000000, 1.000000000000000000, -0.000000000000000000 ) ) ;
#1314 = AXIS2_PLACEMENT_3D ( 'NONE', #5140, #3061, #3872 ) ;
#1315 = ORIENTED_EDGE ( 'NONE', *, *, #2040, .F. ) ;
#1316 = DIRECTION ( 'NONE',  ( -1.000000000000000000, 0.000000000000000000, 0.000000000000000000 ) ) ;
#1317 = EDGE_CURVE ( 'NONE', #2043, #4723, #5158, .T. ) ;
#1318 = ORIENTED_EDGE ( 'NONE', *, *, #5071, .T. ) ;
#1319 = DIRECTION ( 'NONE',  ( 0.8660254037844422603, 0.000000000000000000, 0.4999999999999938383 ) ) ;
#1320 = DIRECTION ( 'NONE',  ( -0.000000000000000000, 1.000000000000000000, -0.000000000000000000 ) ) ;
#1321 = CARTESIAN_POINT ( 'NONE',  ( 14.00000000000001066, 4.000000000000000000, 29.50000000000000711 ) ) ;
#1322 = AXIS2_PLACEMENT_3D ( 'NONE', #2614, #4827, #2643 ) ;
#1323 = ORIENTED_EDGE ( 'NONE', *, *, #4119, .F. ) ;
#1324 = ORIENTED_EDGE ( 'NONE', *, *, #3384, .T. ) ;
#1325 = DIRECTION ( 'NONE',  ( -0.000000000000000000, -1.000000000000000000, -0.000000000000000000 ) ) ;
#1326 = LINE ( 'NONE', #2213, #144 ) ;
#1327 = DIRECTION ( 'NONE',  ( -0.000000000000000000, -1.000000000000000000, 0.000000000000000000 ) ) ;
#1328 = ADVANCED_FACE ( 'NONE', ( #1291 ), #904, .T. ) ;
#1329 = EDGE_LOOP ( 'NONE', ( #4787, #1410, #673, #223 ) ) ;
#1330 = ORIENTED_EDGE ( 'NONE', *, *, #5123, .T. ) ;
#1331 = DIRECTION ( 'NONE',  ( 0.000000000000000000, 0.000000000000000000, -1.000000000000000000 ) ) ;
#1332 = LINE ( 'NONE', #3018, #2155 ) ;
#1333 = DIRECTION ( 'NONE',  ( 0.000000000000000000, 0.000000000000000000, -1.000000000000000000 ) ) ;
#1334 = AXIS2_PLACEMENT_3D ( 'NONE', #1970, #1582, #664 ) ;
#1335 = EDGE_LOOP ( 'NONE', ( #1342, #3513, #3563, #480, #462, #1806, #1200, #142 ) ) ;
#1336 = CARTESIAN_POINT ( 'NONE',  ( 26.00000000000001066, 0.000000000000000000, 21.00000000000000355 ) ) ;
#1337 = FACE_OUTER_BOUND ( 'NONE', #3897, .T. ) ;
#1338 = CIRCLE ( 'NONE', #4432, 2.200000000000000622 ) ;
#1339 = CIRCLE ( 'NONE', #2492, 1.100000000000000311 ) ;
#1340 = ORIENTED_EDGE ( 'NONE', *, *, #473, .F. ) ;
#1341 = FACE_BOUND ( 'NONE', #2251, .T. ) ;
#1342 = ORIENTED_EDGE ( 'NONE', *, *, #4496, .T. ) ;
#1343 = DIRECTION ( 'NONE',  ( 0.000000000000000000, 0.000000000000000000, 1.000000000000000000 ) ) ;
#1344 = ORIENTED_EDGE ( 'NONE', *, *, #391, .F. ) ;
#1345 = DIRECTION ( 'NONE',  ( 0.000000000000000000, 0.000000000000000000, 1.000000000000000000 ) ) ;
#1346 = CARTESIAN_POINT ( 'NONE',  ( 18.16666666666667496, 2.299999999999999822, -28.92240697562476726 ) ) ;
#1347 = VERTEX_POINT ( 'NONE', #428 ) ;
#1348 = ORIENTED_EDGE ( 'NONE', *, *, #994, .T. ) ;
#1349 = CARTESIAN_POINT ( 'NONE',  ( 8.800000000000002487, 1.250000000000000222, 19.30000000000000426 ) ) ;
#1350 = DIRECTION ( 'NONE',  ( -0.000000000000000000, 1.000000000000000000, -0.000000000000000000 ) ) ;
#1351 = DIRECTION ( 'NONE',  ( 0.000000000000000000, 0.000000000000000000, -1.000000000000000000 ) ) ;
#1352 = EDGE_CURVE ( 'NONE', #3534, #2529, #720, .T. ) ;
#1353 = CIRCLE ( 'NONE', #735, 1.000000000000000888 ) ;
#1354 = EDGE_LOOP ( 'NONE', ( #57, #955, #3733, #2485 ) ) ;
#1355 = ORIENTED_EDGE ( 'NONE', *, *, #4631, .T. ) ;
#1356 = VECTOR ( 'NONE', #4103, 1000.000000000000000 ) ;
#1357 = EDGE_CURVE ( 'NONE', #5001, #5073, #1426, .T. ) ;
#1358 = FACE_OUTER_BOUND ( 'NONE', #3210, .T. ) ;
#1359 = ORIENTED_EDGE ( 'NONE', *, *, #3582, .F. ) ;
#1360 = LINE ( 'NONE', #3043, #1633 ) ;
#1361 = DIRECTION ( 'NONE',  ( -0.000000000000000000, 1.000000000000000000, -0.000000000000000000 ) ) ;
#1362 = CIRCLE ( 'NONE', #4455, 2.000000000000001776 ) ;
#1363 = CARTESIAN_POINT ( 'NONE',  ( 4.199999999999998401, 4.000000000000000000, 4.700000000000002842 ) ) ;
#1364 = CARTESIAN_POINT ( 'NONE',  ( 22.55065473270367704, 2.500000000000000000, -6.137998305772235597 ) ) ;
#1365 = FACE_OUTER_BOUND ( 'NONE', #2059, .T. ) ;
#1366 = AXIS2_PLACEMENT_3D ( 'NONE', #1093, #1123, #1572 ) ;
#1367 = EDGE_LOOP ( 'NONE', ( #3120, #297, #824, #5084 ) ) ;
#1368 = DIRECTION ( 'NONE',  ( -0.8660254037844423713, 0.000000000000000000, -0.4999999999999933942 ) ) ;
#1369 = EDGE_CURVE ( 'NONE', #1464, #773, #4302, .T. ) ;
#1370 = ORIENTED_EDGE ( 'NONE', *, *, #4726, .F. ) ;
#1371 = CARTESIAN_POINT ( 'NONE',  ( 13.87335500670138266, 2.500000000000000000, 20.67613692876645715 ) ) ;
#1372 = DIRECTION ( 'NONE',  ( 0.000000000000000000, 0.000000000000000000, 1.000000000000000000 ) ) ;
#1373 = CIRCLE ( 'NONE', #3312, 0.7499999999999972244 ) ;
#1374 = CARTESIAN_POINT ( 'NONE',  ( 19.00000000000000355, 4.000000000000000000, -27.99999999999999645 ) ) ;
#1375 = AXIS2_PLACEMENT_3D ( 'NONE', #5032, #2845, #3220 ) ;
#1376 = DIRECTION ( 'NONE',  ( 0.000000000000000000, 1.000000000000000000, 0.000000000000000000 ) ) ;
#1377 = EDGE_CURVE ( 'NONE', #1889, #4280, #4520, .T. ) ;
#1378 = ORIENTED_EDGE ( 'NONE', *, *, #3007, .T. ) ;
#1379 = ORIENTED_EDGE ( 'NONE', *, *, #1077, .F. ) ;
#1380 = CARTESIAN_POINT ( 'NONE',  ( 28.00000000000000355, 0.000000000000000000, -20.99999999999999645 ) ) ;
#1381 = DIRECTION ( 'NONE',  ( 1.508455196501570246E-15, 0.000000000000000000, 1.000000000000000000 ) ) ;
#1382 = DIRECTION ( 'NONE',  ( 0.000000000000000000, 1.000000000000000000, -0.000000000000000000 ) ) ;
#1383 = AXIS2_PLACEMENT_3D ( 'NONE', #5414, #3357, #2390 ) ;
#1384 = VERTEX_POINT ( 'NONE', #3786 ) ;
#1385 = ORIENTED_EDGE ( 'NONE', *, *, #328, .T. ) ;
#1386 = EDGE_CURVE ( 'NONE', #4587, #1434, #3014, .T. ) ;
#1387 = CARTESIAN_POINT ( 'NONE',  ( 18.00000000000001066, 2.299999999999999822, -29.06173769148989550 ) ) ;
#1388 = ORIENTED_EDGE ( 'NONE', *, *, #5412, .F. ) ;
#1389 = CYLINDRICAL_SURFACE ( 'NONE', #5237, 6.000000000000005329 ) ;
#1390 = CARTESIAN_POINT ( 'NONE',  ( 9.500000000000000000, 2.600000000000000089, 22.70000000000000284 ) ) ;
#1391 = CARTESIAN_POINT ( 'NONE',  ( 14.00000000000001066, -1.808568626610816077, 29.06173769148989550 ) ) ;
#1392 = DIRECTION ( 'NONE',  ( -0.000000000000000000, 1.000000000000000000, -0.000000000000000000 ) ) ;
#1393 = CARTESIAN_POINT ( 'NONE',  ( 25.00000000000001066, 2.299999999999999822, 5.000000000000007994 ) ) ;
#1394 = EDGE_CURVE ( 'NONE', #3877, #2649, #4963, .T. ) ;
#1395 = VERTEX_POINT ( 'NONE', #2176 ) ;
#1396 = DIRECTION ( 'NONE',  ( 0.000000000000000000, 1.000000000000000000, 0.000000000000000000 ) ) ;
#1397 = CIRCLE ( 'NONE', #5461, 2.649999999999999467 ) ;
#1398 = ORIENTED_EDGE ( 'NONE', *, *, #3392, .T. ) ;
#1399 = CARTESIAN_POINT ( 'NONE',  ( 27.16666666666667496, 2.299999999999999822, 7.422406975624783243 ) ) ;
#1400 = CARTESIAN_POINT ( 'NONE',  ( 12.56097560975609539, 2.500000000000000000, -7.905449242479584804 ) ) ;
#1401 = VECTOR ( 'NONE', #1577, 1000.000000000000000 ) ;
#1402 = ORIENTED_EDGE ( 'NONE', *, *, #1811, .F. ) ;
#1403 = AXIS2_PLACEMENT_3D ( 'NONE', #1175, #1957, #2809 ) ;
#1404 = ORIENTED_EDGE ( 'NONE', *, *, #2405, .F. ) ;
#1405 = CARTESIAN_POINT ( 'NONE',  ( 13.00000000000000000, 2.500000000000000000, 6.061637550770937466 ) ) ;
#1406 = DIRECTION ( 'NONE',  ( 0.000000000000000000, 0.000000000000000000, -1.000000000000000000 ) ) ;
#1407 = DIRECTION ( 'NONE',  ( 0.000000000000000000, 1.000000000000000000, 0.000000000000000000 ) ) ;
#1408 = MECHANICAL_DESIGN_GEOMETRIC_PRESENTATION_REPRESENTATION (  '', ( #4052 ), #2823 ) ;
#1409 = CIRCLE ( 'NONE', #4238, 11.80000000000000604 ) ;
#1410 = ORIENTED_EDGE ( 'NONE', *, *, #3832, .T. ) ;
#1411 = ORIENTED_EDGE ( 'NONE', *, *, #455, .F. ) ;
#1412 = CARTESIAN_POINT ( 'NONE',  ( 23.00000000000001066, 0.000000000000000000, -16.54999999999999005 ) ) ;
#1413 = DIRECTION ( 'NONE',  ( 0.000000000000000000, 0.000000000000000000, 1.000000000000000000 ) ) ;
#1414 = EDGE_CURVE ( 'NONE', #3295, #3906, #2510, .T. ) ;
#1415 = ORIENTED_EDGE ( 'NONE', *, *, #1369, .T. ) ;
#1416 = CARTESIAN_POINT ( 'NONE',  ( 18.00000000000001066, 2.299999999999999822, 29.29508497187474347 ) ) ;
#1417 = DIRECTION ( 'NONE',  ( 0.000000000000000000, 1.000000000000000000, -0.000000000000000000 ) ) ;
#1418 = CARTESIAN_POINT ( 'NONE',  ( 14.00000000000001066, -1.808568626610816077, -29.29508497187472926 ) ) ;
#1419 = EDGE_CURVE ( 'NONE', #5362, #1890, #874, .T. ) ;
#1420 = ORIENTED_EDGE ( 'NONE', *, *, #3024, .F. ) ;
#1421 = DIRECTION ( 'NONE',  ( 0.000000000000000000, 0.000000000000000000, 1.000000000000000000 ) ) ;
#1422 = ORIENTED_EDGE ( 'NONE', *, *, #3258, .T. ) ;
#1423 = EDGE_CURVE ( 'NONE', #461, #1900, #3722, .T. ) ;
#1424 = DIRECTION ( 'NONE',  ( -0.8660254037844422603, 0.000000000000000000, -0.4999999999999936162 ) ) ;
#1425 = DIRECTION ( 'NONE',  ( -0.000000000000000000, 1.000000000000000000, 0.000000000000000000 ) ) ;
#1426 = CIRCLE ( 'NONE', #4343, 2.200000000000000622 ) ;
#1427 = VERTEX_POINT ( 'NONE', #1763 ) ;
#1428 = VERTEX_POINT ( 'NONE', #2126 ) ;
#1429 = ORIENTED_EDGE ( 'NONE', *, *, #1186, .T. ) ;
#1430 = CYLINDRICAL_SURFACE ( 'NONE', #1493, 2.200000000000000622 ) ;
#1431 = EDGE_CURVE ( 'NONE', #1979, #1434, #899, .T. ) ;
#1432 = DIRECTION ( 'NONE',  ( 0.000000000000000000, 0.000000000000000000, 1.000000000000000000 ) ) ;
#1433 = CARTESIAN_POINT ( 'NONE',  ( 8.799999999999998934, 1.250000000000000222, 6.900000000000003908 ) ) ;
#1434 = VERTEX_POINT ( 'NONE', #1793 ) ;
#1435 = EDGE_LOOP ( 'NONE', ( #4651, #2682, #3111, #2930, #4002, #1324, #3238, #5145, #5213, #2595, #4149 ) ) ;
#1436 = CIRCLE ( 'NONE', #465, 2.200000000000000622 ) ;
#1437 = EDGE_CURVE ( 'NONE', #3558, #4510, #1685, .T. ) ;
#1438 = DIRECTION ( 'NONE',  ( 0.000000000000000000, 0.000000000000000000, 1.000000000000000000 ) ) ;
#1439 = ORIENTED_EDGE ( 'NONE', *, *, #68, .T. ) ;
#1440 = DIRECTION ( 'NONE',  ( 0.000000000000000000, 0.000000000000000000, 1.000000000000000000 ) ) ;
#1441 = VECTOR ( 'NONE', #4604, 1000.000000000000000 ) ;
#1442 = ORIENTED_EDGE ( 'NONE', *, *, #3549, .F. ) ;
#1443 = ADVANCED_FACE ( 'NONE', ( #5080 ), #2974, .F. ) ;
#1444 = LINE ( 'NONE', #3569, #3366 ) ;
#1445 = FACE_OUTER_BOUND ( 'NONE', #3538, .T. ) ;
#1446 = LINE ( 'NONE', #3994, #1998 ) ;
#1447 = AXIS2_PLACEMENT_3D ( 'NONE', #5307, #4398, #2707 ) ;
#1448 = VERTEX_POINT ( 'NONE', #1104 ) ;
#1449 = DIRECTION ( 'NONE',  ( 0.000000000000000000, 0.000000000000000000, 1.000000000000000000 ) ) ;
#1450 = ORIENTED_EDGE ( 'NONE', *, *, #2993, .T. ) ;
#1451 = EDGE_CURVE ( 'NONE', #482, #258, #1470, .T. ) ;
#1452 = DIRECTION ( 'NONE',  ( 0.000000000000000000, 1.000000000000000000, 0.000000000000000000 ) ) ;
#1453 = CARTESIAN_POINT ( 'NONE',  ( 11.49999999999999289, 0.000000000000000000, -2.000000000000000000 ) ) ;
#1454 = EDGE_CURVE ( 'NONE', #1741, #3065, #4038, .T. ) ;
#1455 = VERTEX_POINT ( 'NONE', #4751 ) ;
#1456 = ORIENTED_EDGE ( 'NONE', *, *, #4366, .T. ) ;
#1457 = CARTESIAN_POINT ( 'NONE',  ( 4.277777777777776791, 4.000000000000000000, -27.41677433408952780 ) ) ;
#1458 = AXIS2_PLACEMENT_3D ( 'NONE', #3166, #5330, #3562 ) ;
#1459 = FACE_OUTER_BOUND ( 'NONE', #5138, .T. ) ;
#1460 = DIRECTION ( 'NONE',  ( -0.000000000000000000, 1.000000000000000000, -0.000000000000000000 ) ) ;
#1461 = AXIS2_PLACEMENT_3D ( 'NONE', #110, #1392, #4376 ) ;
#1462 = EDGE_CURVE ( 'NONE', #2388, #2902, #4486, .T. ) ;
#1463 = VECTOR ( 'NONE', #4251, 1000.000000000000000 ) ;
#1464 = VERTEX_POINT ( 'NONE', #3656 ) ;
#1465 = ORIENTED_EDGE ( 'NONE', *, *, #579, .F. ) ;
#1466 = DIRECTION ( 'NONE',  ( -0.000000000000000000, -1.000000000000000000, -0.000000000000000000 ) ) ;
#1467 = ADVANCED_FACE ( 'NONE', ( #4897 ), #5369, .F. ) ;
#1468 = VERTEX_POINT ( 'NONE', #4066 ) ;
#1469 = DIRECTION ( 'NONE',  ( 0.000000000000000000, 1.000000000000000000, -0.000000000000000000 ) ) ;
#1470 = LINE ( 'NONE', #2299, #360 ) ;
#1471 = CARTESIAN_POINT ( 'NONE',  ( 8.799999999999998934, 2.250000000000000444, 4.700000000000002842 ) ) ;
#1472 = EDGE_CURVE ( 'NONE', #3903, #1776, #2321, .T. ) ;
#1473 = DIRECTION ( 'NONE',  ( 0.000000000000000000, 0.000000000000000000, -1.000000000000000000 ) ) ;
#1474 = VERTEX_POINT ( 'NONE', #2739 ) ;
#1475 = DIRECTION ( 'NONE',  ( 0.000000000000000000, 1.000000000000000000, 0.000000000000000000 ) ) ;
#1476 = ORIENTED_EDGE ( 'NONE', *, *, #4094, .F. ) ;
#1477 = CARTESIAN_POINT ( 'NONE',  ( 18.50000000000000711, 0.000000000000000000, -9.382294164403761272E-15 ) ) ;
#1478 = FACE_OUTER_BOUND ( 'NONE', #1884, .T. ) ;
#1479 = EDGE_CURVE ( 'NONE', #4696, #4723, #3546, .T. ) ;
#1480 = AXIS2_PLACEMENT_3D ( 'NONE', #5290, #93, #1797 ) ;
#1481 = ORIENTED_EDGE ( 'NONE', *, *, #1694, .T. ) ;
#1482 = DIRECTION ( 'NONE',  ( 0.8660254037844422603, 0.000000000000000000, 0.4999999999999938383 ) ) ;
#1483 = VERTEX_POINT ( 'NONE', #1525 ) ;
#1484 = DIRECTION ( 'NONE',  ( -0.000000000000000000, 1.000000000000000000, -0.000000000000000000 ) ) ;
#1485 = CARTESIAN_POINT ( 'NONE',  ( 10.24999999999996625, 2.600000000000000089, -1.546166576414104429E-14 ) ) ;
#1486 = VECTOR ( 'NONE', #4182, 1000.000000000000227 ) ;
#1487 = CARTESIAN_POINT ( 'NONE',  ( 19.00000000000000355, 0.000000000000000000, -27.99999999999999645 ) ) ;
#1488 = AXIS2_PLACEMENT_3D ( 'NONE', #2525, #5095, #4205 ) ;
#1489 = ORIENTED_EDGE ( 'NONE', *, *, #3222, .F. ) ;
#1490 = ORIENTED_EDGE ( 'NONE', *, *, #4480, .T. ) ;
#1491 = DIRECTION ( 'NONE',  ( -0.000000000000000000, 1.000000000000000000, -0.000000000000000000 ) ) ;
#1492 = EDGE_CURVE ( 'NONE', #4509, #2280, #1882, .T. ) ;
#1493 = AXIS2_PLACEMENT_3D ( 'NONE', #981, #3616, #3112 ) ;
#1494 = VERTEX_POINT ( 'NONE', #218 ) ;
#1495 = VECTOR ( 'NONE', #3661, 1000.000000000000000 ) ;
#1496 = FACE_OUTER_BOUND ( 'NONE', #1869, .T. ) ;
#1497 = CARTESIAN_POINT ( 'NONE',  ( 8.750000000000000000, -0.8612698372208114073, -6.799999999999998934 ) ) ;
#1498 = ADVANCED_FACE ( 'NONE', ( #1919 ), #2712, .F. ) ;
#1499 = LINE ( 'NONE', #190, #4287 ) ;
#1500 = LINE ( 'NONE', #4352, #2528 ) ;
#1501 = DIRECTION ( 'NONE',  ( 1.000000000000000000, 0.000000000000000000, 0.000000000000000000 ) ) ;
#1502 = ORIENTED_EDGE ( 'NONE', *, *, #412, .F. ) ;
#1503 = CARTESIAN_POINT ( 'NONE',  ( 25.00000000000001066, 2.299999999999999822, 8.250000000000007105 ) ) ;
#1504 = ORIENTED_EDGE ( 'NONE', *, *, #1274, .F. ) ;
#1505 = PLANE ( 'NONE',  #4400 ) ;
#1506 = LINE ( 'NONE', #2333, #4650 ) ;
#1507 = ORIENTED_EDGE ( 'NONE', *, *, #5365, .F. ) ;
#1508 = CARTESIAN_POINT ( 'NONE',  ( 0.000000000000000000, 4.000000000000000000, 29.50000000000000711 ) ) ;
#1509 = ORIENTED_EDGE ( 'NONE', *, *, #4755, .F. ) ;
#1510 = CARTESIAN_POINT ( 'NONE',  ( 7.499999999999996447, 2.600000000000000089, -27.64999999999999147 ) ) ;
#1511 = VECTOR ( 'NONE', #609, 1000.000000000000000 ) ;
#1512 = CYLINDRICAL_SURFACE ( 'NONE', #4304, 3.249999999999999556 ) ;
#1513 = DIRECTION ( 'NONE',  ( -1.000000000000000000, 0.000000000000000000, 1.156482317317871725E-16 ) ) ;
#1514 = VECTOR ( 'NONE', #5121, 1000.000000000000000 ) ;
#1515 = CIRCLE ( 'NONE', #364, 2.200000000000000178 ) ;
#1516 = ORIENTED_EDGE ( 'NONE', *, *, #1810, .T. ) ;
#1517 = VECTOR ( 'NONE', #2829, 1000.000000000000000 ) ;
#1518 = ORIENTED_EDGE ( 'NONE', *, *, #3358, .T. ) ;
#1519 = CARTESIAN_POINT ( 'NONE',  ( 16.00000000000001066, 2.500000000000000000, -26.49999999999999289 ) ) ;
#1520 = ADVANCED_FACE ( 'NONE', ( #1074 ), #4925, .F. ) ;
#1521 = ORIENTED_EDGE ( 'NONE', *, *, #2737, .F. ) ;
#1522 = EDGE_CURVE ( 'NONE', #2644, #2736, #5340, .T. ) ;
#1523 = EDGE_CURVE ( 'NONE', #1434, #1677, #1555, .T. ) ;
#1524 = CARTESIAN_POINT ( 'NONE',  ( 3.499999999999998668, 4.000000000000000000, 19.30000000000000426 ) ) ;
#1525 = CARTESIAN_POINT ( 'NONE',  ( 7.000000000000003553, 1.000000000000000000, 27.65000000000000213 ) ) ;
#1526 = DIRECTION ( 'NONE',  ( -0.000000000000000000, -1.000000000000000000, -0.000000000000000000 ) ) ;
#1527 = LINE ( 'NONE', #4576, #4042 ) ;
#1528 = DIRECTION ( 'NONE',  ( 0.000000000000000000, 0.000000000000000000, 1.000000000000000000 ) ) ;
#1529 = VECTOR ( 'NONE', #751, 1000.000000000000000 ) ;
#1530 = ORIENTED_EDGE ( 'NONE', *, *, #3797, .F. ) ;
#1531 = CARTESIAN_POINT ( 'NONE',  ( 16.19354838709677225, 2.500000000000000000, -22.50468536635069228 ) ) ;
#1532 = ORIENTED_EDGE ( 'NONE', *, *, #2197, .T. ) ;
#1533 = CIRCLE ( 'NONE', #382, 1.100000000000001199 ) ;
#1534 = CARTESIAN_POINT ( 'NONE',  ( 20.51987171000547505, 2.500000000000000000, 5.536556753791764152 ) ) ;
#1535 = DIRECTION ( 'NONE',  ( 0.000000000000000000, -1.000000000000000000, 0.000000000000000000 ) ) ;
#1536 = ADVANCED_FACE ( 'NONE', ( #5285 ), #4458, .T. ) ;
#1537 = ORIENTED_EDGE ( 'NONE', *, *, #1257, .F. ) ;
#1538 = DIRECTION ( 'NONE',  ( 0.000000000000000000, 0.000000000000000000, 1.000000000000000000 ) ) ;
#1539 = ORIENTED_EDGE ( 'NONE', *, *, #4269, .F. ) ;
#1540 = DIRECTION ( 'NONE',  ( -0.000000000000000000, 1.000000000000000000, -0.000000000000000000 ) ) ;
#1541 = CARTESIAN_POINT ( 'NONE',  ( 13.50000000000001066, 2.299999999999999822, -29.29508497187472926 ) ) ;
#1542 = DIRECTION ( 'NONE',  ( -0.000000000000000000, -1.000000000000000000, -0.000000000000000000 ) ) ;
#1543 = DIRECTION ( 'NONE',  ( 0.000000000000000000, 1.000000000000000000, 0.000000000000000000 ) ) ;
#1544 = ADVANCED_FACE ( 'NONE', ( #189 ), #2352, .T. ) ;
#1545 = EDGE_LOOP ( 'NONE', ( #3615, #561, #4456, #1481, #4762 ) ) ;
#1546 = CIRCLE ( 'NONE', #4647, 3.249999999999999556 ) ;
#1547 = ORIENTED_EDGE ( 'NONE', *, *, #511, .F. ) ;
#1548 = DIRECTION ( 'NONE',  ( -0.000000000000000000, -1.000000000000000000, -0.000000000000000000 ) ) ;
#1549 = CARTESIAN_POINT ( 'NONE',  ( 28.00000000000000711, 2.299999999999999822, 7.795084971874751467 ) ) ;
#1550 = AXIS2_PLACEMENT_3D ( 'NONE', #1453, #228, #4830 ) ;
#1551 = ORIENTED_EDGE ( 'NONE', *, *, #3797, .T. ) ;
#1552 = EDGE_CURVE ( 'NONE', #4799, #1856, #2222, .T. ) ;
#1553 = AXIS2_PLACEMENT_3D ( 'NONE', #2865, #2042, #4186 ) ;
#1554 = CARTESIAN_POINT ( 'NONE',  ( 0.000000000000000000, 2.600000000000000089, 0.000000000000000000 ) ) ;
#1555 = LINE ( 'NONE', #3570, #540 ) ;
#1556 = CARTESIAN_POINT ( 'NONE',  ( 3.999999999999993339, 4.000000000000000000, 4.700000000000002842 ) ) ;
#1557 = DIRECTION ( 'NONE',  ( 0.000000000000000000, 0.000000000000000000, 1.000000000000000000 ) ) ;
#1558 = AXIS2_PLACEMENT_3D ( 'NONE', #4546, #303, #1557 ) ;
#1559 = FACE_OUTER_BOUND ( 'NONE', #2973, .T. ) ;
#1560 = VERTEX_POINT ( 'NONE', #4515 ) ;
#1561 = DIRECTION ( 'NONE',  ( 0.000000000000000000, 0.000000000000000000, 1.000000000000000000 ) ) ;
#1562 = VERTEX_POINT ( 'NONE', #2408 ) ;
#1563 = CARTESIAN_POINT ( 'NONE',  ( 18.49999999999999645, 2.500000000000000000, -20.30726231784357694 ) ) ;
#1564 = ADVANCED_FACE ( 'NONE', ( #300 ), #2000, .F. ) ;
#1565 = DIRECTION ( 'NONE',  ( 1.000000000000000000, 0.000000000000000000, -0.000000000000000000 ) ) ;
#1566 = ORIENTED_EDGE ( 'NONE', *, *, #5235, .T. ) ;
#1567 = DIRECTION ( 'NONE',  ( -0.000000000000000000, -1.000000000000000000, -0.000000000000000000 ) ) ;
#1568 = ORIENTED_EDGE ( 'NONE', *, *, #1127, .F. ) ;
#1569 = CONICAL_SURFACE ( 'NONE', #1021, 1.500000000000015099, 0.7853981633974396193 ) ;
#1570 = DIRECTION ( 'NONE',  ( 0.000000000000000000, 0.000000000000000000, 1.000000000000000000 ) ) ;
#1571 = CARTESIAN_POINT ( 'NONE',  ( 3.793141571295800318, 3.793141571295807424, -23.17953286501933619 ) ) ;
#1572 = DIRECTION ( 'NONE',  ( 0.000000000000000000, 0.000000000000000000, 1.000000000000000000 ) ) ;
#1573 = CIRCLE ( 'NONE', #1847, 0.5000000000000004441 ) ;
#1574 = ORIENTED_EDGE ( 'NONE', *, *, #1414, .T. ) ;
#1575 = ORIENTED_EDGE ( 'NONE', *, *, #4320, .F. ) ;
#1576 = CONICAL_SURFACE ( 'NONE', #4399, 1.500000000000018652, 0.7853981633974500554 ) ;
#1577 = DIRECTION ( 'NONE',  ( -0.000000000000000000, 1.000000000000000000, -0.000000000000000000 ) ) ;
#1578 = LINE ( 'NONE', #4117, #3684 ) ;
#1579 = CIRCLE ( 'NONE', #870, 6.000000000000003553 ) ;
#1580 = EDGE_LOOP ( 'NONE', ( #830, #1143, #3680, #4978 ) ) ;
#1581 = CIRCLE ( 'NONE', #4683, 3.249999999999999556 ) ;
#1582 = DIRECTION ( 'NONE',  ( -0.000000000000000000, -1.000000000000000000, -0.000000000000000000 ) ) ;
#1583 = CARTESIAN_POINT ( 'NONE',  ( 7.514312158959314480, 1.250000000000000222, -20.29999999999999716 ) ) ;
#1584 = DIRECTION ( 'NONE',  ( 0.7071067811865426878, -0.7071067811865524577, 0.000000000000000000 ) ) ;
#1585 = CARTESIAN_POINT ( 'NONE',  ( 10.83185842870419613, 2.600000000000000089, -26.17094808214231350 ) ) ;
#1586 =( BOUNDED_CURVE ( )  B_SPLINE_CURVE ( 3, ( #186, #603, #4840, #162 ),
 .UNSPECIFIED., .F., .F. ) 
 B_SPLINE_CURVE_WITH_KNOTS ( ( 4, 4 ),
 ( 3.613164260092200486, 4.188790204786397631 ),
 .UNSPECIFIED. ) 
 CURVE ( )  GEOMETRIC_REPRESENTATION_ITEM ( )  RATIONAL_B_SPLINE_CURVE ( ( 1.000000000000000000, 0.9725779791703003108, 0.9725779791703003108, 1.000000000000000000 ) ) 
 REPRESENTATION_ITEM ( '' )  );
#1587 = DIRECTION ( 'NONE',  ( 0.000000000000000000, 0.000000000000000000, 1.000000000000000000 ) ) ;
#1588 = EDGE_LOOP ( 'NONE', ( #2761, #171, #2479, #3863 ) ) ;
#1589 = VERTEX_POINT ( 'NONE', #2939 ) ;
#1590 = DIRECTION ( 'NONE',  ( 0.000000000000000000, -0.7071067811865474617, 0.7071067811865474617 ) ) ;
#1591 = ADVANCED_FACE ( 'NONE', ( #3322 ), #4574, .F. ) ;
#1592 = DIRECTION ( 'NONE',  ( -0.000000000000000000, 1.000000000000000000, -0.000000000000000000 ) ) ;
#1593 = ORIENTED_EDGE ( 'NONE', *, *, #287, .F. ) ;
#1594 = EDGE_CURVE ( 'NONE', #2458, #2575, #4632, .T. ) ;
#1595 = LINE ( 'NONE', #5354, #2204 ) ;
#1596 = ORIENTED_EDGE ( 'NONE', *, *, #918, .F. ) ;
#1597 = PLANE ( 'NONE',  #3461 ) ;
#1598 = DIRECTION ( 'NONE',  ( -0.6334307917217436579, -0.7071067811865481278, -0.3142696805273525462 ) ) ;
#1599 = LINE ( 'NONE', #822, #4736 ) ;
#1600 = LINE ( 'NONE', #4532, #4465 ) ;
#1601 = ORIENTED_EDGE ( 'NONE', *, *, #3184, .T. ) ;
#1603 = EDGE_CURVE ( 'NONE', #1213, #1101, #1353, .T. ) ;
#1602 = CIRCLE ( 'NONE', #1334, 0.5000000000000004441 ) ;
#1604 = ORIENTED_EDGE ( 'NONE', *, *, #2521, .T. ) ;
#1605 = CARTESIAN_POINT ( 'NONE',  ( 18.50000000000001066, 2.299999999999999822, -29.99999999999999645 ) ) ;
#1606 = CARTESIAN_POINT ( 'NONE',  ( 17.23689931702759282, 2.500000000000000000, -3.757266691850818408 ) ) ;
#1607 = VECTOR ( 'NONE', #1670, 1000.000000000000000 ) ;
#1608 = AXIS2_PLACEMENT_3D ( 'NONE', #4110, #318, #2870 ) ;
#1609 = VERTEX_POINT ( 'NONE', #5457 ) ;
#1610 = ADVANCED_FACE ( 'NONE', ( #4986 ), #5016, .F. ) ;
#1611 = CARTESIAN_POINT ( 'NONE',  ( 11.50000000000000000, 4.000000000000000000, 2.000000000000000888 ) ) ;
#1612 = DIRECTION ( 'NONE',  ( 0.000000000000000000, 1.000000000000000000, 0.000000000000000000 ) ) ;
#1613 = FACE_OUTER_BOUND ( 'NONE', #3931, .T. ) ;
#1614 = PLANE ( 'NONE',  #4138 ) ;
#1615 = ORIENTED_EDGE ( 'NONE', *, *, #3560, .T. ) ;
#1616 = EDGE_CURVE ( 'NONE', #3557, #2388, #1252, .T. ) ;
#1617 = ORIENTED_EDGE ( 'NONE', *, *, #4377, .T. ) ;
#1618 = CARTESIAN_POINT ( 'NONE',  ( 7.499999999999996447, 2.600000000000000089, -24.99999999999998934 ) ) ;
#1619 = EDGE_LOOP ( 'NONE', ( #4757, #3276, #1344, #3954 ) ) ;
#1620 = PRODUCT_CONTEXT ( 'NONE', #996, 'mechanical' ) ;
#1621 = ORIENTED_EDGE ( 'NONE', *, *, #4737, .F. ) ;
#1622 = CARTESIAN_POINT ( 'NONE',  ( 3.602446708156425981, 3.602446708156425981, -24.37066482704563697 ) ) ;
#1623 = FACE_OUTER_BOUND ( 'NONE', #2971, .T. ) ;
#1624 = VECTOR ( 'NONE', #1696, 1000.000000000000114 ) ;
#1625 = EDGE_LOOP ( 'NONE', ( #1845, #1402, #5240, #4540 ) ) ;
#1626 = DIRECTION ( 'NONE',  ( -0.000000000000000000, 1.000000000000000000, -0.000000000000000000 ) ) ;
#1627 = EDGE_CURVE ( 'NONE', #3567, #3586, #4536, .T. ) ;
#1628 = EDGE_LOOP ( 'NONE', ( #2233, #4107, #3374, #3060 ) ) ;
#1629 = DIRECTION ( 'NONE',  ( 0.000000000000000000, -0.000000000000000000, 1.000000000000000000 ) ) ;
#1630 = DIRECTION ( 'NONE',  ( 0.000000000000000000, 0.000000000000000000, 1.000000000000000000 ) ) ;
#1631 = ORIENTED_EDGE ( 'NONE', *, *, #500, .T. ) ;
#1632 = DIRECTION ( 'NONE',  ( -0.000000000000000000, -1.000000000000000000, -0.000000000000000000 ) ) ;
#1633 = VECTOR ( 'NONE', #3907, 1000.000000000000000 ) ;
#1634 = DIRECTION ( 'NONE',  ( -0.000000000000000000, -1.000000000000000000, 0.000000000000000000 ) ) ;
#1635 = EDGE_CURVE ( 'NONE', #3904, #2014, #2468, .T. ) ;
#1636 = AXIS2_PLACEMENT_3D ( 'NONE', #2205, #2647, #3868 ) ;
#1637 = VERTEX_POINT ( 'NONE', #1190 ) ;
#1638 = ORIENTED_EDGE ( 'NONE', *, *, #55, .T. ) ;
#1639 = DIRECTION ( 'NONE',  ( 0.000000000000000000, 1.000000000000000000, 0.000000000000000000 ) ) ;
#1640 = CARTESIAN_POINT ( 'NONE',  ( 7.499999999999996447, 2.600000000000000089, -24.99999999999998934 ) ) ;
#1641 = EDGE_CURVE ( 'NONE', #5189, #149, #5431, .T. ) ;
#1642 = EDGE_LOOP ( 'NONE', ( #1865, #762, #5219, #4625 ) ) ;
#1643 = DIRECTION ( 'NONE',  ( -0.000000000000000000, -1.000000000000000000, -0.000000000000000000 ) ) ;
#1644 = CARTESIAN_POINT ( 'NONE',  ( 7.776858428704232828, 2.600000000000000089, -20.87953286501936745 ) ) ;
#1645 = VECTOR ( 'NONE', #4888, 1000.000000000000000 ) ;
#1646 = ADVANCED_FACE ( 'NONE', ( #2962 ), #1671, .F. ) ;
#1647 = CARTESIAN_POINT ( 'NONE',  ( 25.00000000000001066, 0.000000000000000000, 5.000000000000007994 ) ) ;
#1648 = ORIENTED_EDGE ( 'NONE', *, *, #3666, .F. ) ;
#1649 = LINE ( 'NONE', #335, #4842 ) ;
#1650 = AXIS2_PLACEMENT_3D ( 'NONE', #4279, #2178, #3869 ) ;
#1651 = EDGE_LOOP ( 'NONE', ( #3285, #3109, #1731, #3834 ) ) ;
#1652 = DIRECTION ( 'NONE',  ( 0.000000000000000000, 0.000000000000000000, -1.000000000000000000 ) ) ;
#1653 = AXIS2_PLACEMENT_3D ( 'NONE', #4612, #1146, #1204 ) ;
#1654 = CARTESIAN_POINT ( 'NONE',  ( 8.151858428704230164, 4.850152435273161977, -21.52905191785770000 ) ) ;
#1655 = ORIENTED_EDGE ( 'NONE', *, *, #5135, .F. ) ;
#1656 = DIRECTION ( 'NONE',  ( 0.000000000000000000, 0.000000000000000000, 1.000000000000000000 ) ) ;
#1657 = ORIENTED_EDGE ( 'NONE', *, *, #237, .F. ) ;
#1658 = CARTESIAN_POINT ( 'NONE',  ( 5.635322457671658292, 0.000000000000000000, -29.44444444444443931 ) ) ;
#1659 = CARTESIAN_POINT ( 'NONE',  ( 3.499999999999998668, 1.250000000000000222, 19.30000000000000426 ) ) ;
#1660 = CARTESIAN_POINT ( 'NONE',  ( 18.50000000000000711, 2.500000000000000000, -9.382294164403761272E-15 ) ) ;
#1661 = CARTESIAN_POINT ( 'NONE',  ( 20.50000000000001776, 4.000000000000000000, -26.00000000000000000 ) ) ;
#1662 = EDGE_CURVE ( 'NONE', #3133, #2230, #4179, .T. ) ;
#1663 = VERTEX_POINT ( 'NONE', #4543 ) ;
#1664 = ORIENTED_EDGE ( 'NONE', *, *, #2874, .F. ) ;
#1665 = FACE_OUTER_BOUND ( 'NONE', #727, .T. ) ;
#1666 = LINE ( 'NONE', #829, #4844 ) ;
#1667 = ORIENTED_EDGE ( 'NONE', *, *, #4971, .T. ) ;
#1668 = VECTOR ( 'NONE', #3758, 1000.000000000000000 ) ;
#1669 = EDGE_CURVE ( 'NONE', #2825, #3153, #4633, .T. ) ;
#1670 = DIRECTION ( 'NONE',  ( 0.000000000000000000, 1.000000000000000000, 0.000000000000000000 ) ) ;
#1671 = PLANE ( 'NONE',  #990 ) ;
#1672 = DIRECTION ( 'NONE',  ( -1.156482317317871478E-16, -0.000000000000000000, -1.000000000000000000 ) ) ;
#1673 = VECTOR ( 'NONE', #4022, 1000.000000000000000 ) ;
#1674 = ORIENTED_EDGE ( 'NONE', *, *, #4051, .T. ) ;
#1675 = DIRECTION ( 'NONE',  ( -0.000000000000000000, 1.000000000000000000, -0.000000000000000000 ) ) ;
#1676 = VECTOR ( 'NONE', #2421, 1000.000000000000000 ) ;
#1677 = VERTEX_POINT ( 'NONE', #4121 ) ;
#1678 = CARTESIAN_POINT ( 'NONE',  ( 23.00000000000001066, 0.000000000000000000, -13.44999999999999929 ) ) ;
#1679 = LINE ( 'NONE', #3720, #312 ) ;
#1680 = VECTOR ( 'NONE', #4188, 1000.000000000000000 ) ;
#1681 = AXIS2_PLACEMENT_3D ( 'NONE', #54, #422, #2997 ) ;
#1682 = VERTEX_POINT ( 'NONE', #1279 ) ;
#1683 = CARTESIAN_POINT ( 'NONE',  ( 4.499999999999997335, 3.500000000000006661, 30.00000000000000355 ) ) ;
#1684 = EDGE_LOOP ( 'NONE', ( #2022, #2129, #4274, #5112 ) ) ;
#1685 = LINE ( 'NONE', #3815, #2844 ) ;
#1686 = CARTESIAN_POINT ( 'NONE',  ( 25.00000000000001066, 2.299999999999999822, 5.000000000000007994 ) ) ;
#1687 = CARTESIAN_POINT ( 'NONE',  ( 25.00000000000001066, 0.000000000000000000, 5.000000000000007994 ) ) ;
#1688 = EDGE_CURVE ( 'NONE', #3153, #2493, #859, .T. ) ;
#1689 = ORIENTED_EDGE ( 'NONE', *, *, #412, .T. ) ;
#1690 = ORIENTED_EDGE ( 'NONE', *, *, #3135, .T. ) ;
#1691 = CARTESIAN_POINT ( 'NONE',  ( 21.00000000000000355, 0.000000000000000000, -27.99999999999999645 ) ) ;
#1692 = DIRECTION ( 'NONE',  ( 0.000000000000000000, 0.000000000000000000, 1.000000000000000000 ) ) ;
#1693 = VERTEX_POINT ( 'NONE', #1583 ) ;
#1694 = EDGE_CURVE ( 'NONE', #1748, #1878, #443, .T. ) ;
#1695 = CARTESIAN_POINT ( 'NONE',  ( 14.00000000000001066, 4.000000000000000000, 29.06173769148989550 ) ) ;
#1696 = DIRECTION ( 'NONE',  ( 0.6546536707079787520, 0.6546536707079787520, 0.3779644730092216465 ) ) ;
#1697 = CIRCLE ( 'NONE', #3188, 2.200000000000000622 ) ;
#1698 = VECTOR ( 'NONE', #4697, 1000.000000000000000 ) ;
#1699 = CARTESIAN_POINT ( 'NONE',  ( 11.49999999999999289, 0.000000000000000000, -2.000000000000000000 ) ) ;
#1700 = EDGE_CURVE ( 'NONE', #3134, #433, #1715, .T. ) ;
#1701 = DIRECTION ( 'NONE',  ( 0.000000000000000000, 1.000000000000000000, 0.000000000000000000 ) ) ;
#1702 = EDGE_LOOP ( 'NONE', ( #5184, #851, #1096, #948 ) ) ;
#1703 = FACE_OUTER_BOUND ( 'NONE', #1625, .T. ) ;
#1704 = CARTESIAN_POINT ( 'NONE',  ( 8.750000000000000000, 1.250000000000000222, -20.29999999999999716 ) ) ;
#1705 = VECTOR ( 'NONE', #2851, 1000.000000000000000 ) ;
#1706 = EDGE_LOOP ( 'NONE', ( #592, #1547, #3347, #82 ) ) ;
#1707 = PLANE ( 'NONE',  #3254 ) ;
#1708 = ORIENTED_EDGE ( 'NONE', *, *, #4638, .T. ) ;
#1709 = DIRECTION ( 'NONE',  ( -0.000000000000000000, 1.000000000000000000, -0.000000000000000000 ) ) ;
#1710 = DIRECTION ( 'NONE',  ( 0.000000000000000000, 1.000000000000000000, 0.000000000000000000 ) ) ;
#1711 = AXIS2_PLACEMENT_3D ( 'NONE', #4865, #3119, #689 ) ;
#1712 = EDGE_CURVE ( 'NONE', #602, #2509, #389, .T. ) ;
#1713 = ORIENTED_EDGE ( 'NONE', *, *, #4551, .F. ) ;
#1714 = ORIENTED_EDGE ( 'NONE', *, *, #656, .T. ) ;
#1715 = CIRCLE ( 'NONE', #3651, 2.200000000000000622 ) ;
#1716 = CYLINDRICAL_SURFACE ( 'NONE', #2726, 25.00000000000000711 ) ;
#1717 = DIRECTION ( 'NONE',  ( 0.000000000000000000, 1.000000000000000000, 0.000000000000000000 ) ) ;
#1718 = PRODUCT ( '挤出机顶盖（适配嘉立创特价打样）', '挤出机顶盖（适配嘉立创特价打样）', '', ( #1620 ) ) ;
#1719 = DIRECTION ( 'NONE',  ( 0.000000000000000000, 0.000000000000000000, 1.000000000000000000 ) ) ;
#1720 = EDGE_CURVE ( 'NONE', #4181, #1748, #806, .T. ) ;
#1721 = VERTEX_POINT ( 'NONE', #3774 ) ;
#1722 = VERTEX_POINT ( 'NONE', #1724 ) ;
#1723 = DIRECTION ( 'NONE',  ( 0.000000000000000000, 1.000000000000000000, 0.000000000000000000 ) ) ;
#1724 = CARTESIAN_POINT ( 'NONE',  ( 21.32790461454462516, 0.000000000000000000, 6.586100715628516511 ) ) ;
#1725 = DIRECTION ( 'NONE',  ( 0.000000000000000000, 1.000000000000000000, -0.000000000000000000 ) ) ;
#1726 = EDGE_CURVE ( 'NONE', #2960, #260, #5425, .T. ) ;
#1727 = CARTESIAN_POINT ( 'NONE',  ( 4.962358909350262692, 2.600000000000000089, -24.23653572772130005 ) ) ;
#1728 = VERTEX_POINT ( 'NONE', #552 ) ;
#1729 = CARTESIAN_POINT ( 'NONE',  ( 11.49999999999999289, 2.500000000000000000, -2.000000000000000000 ) ) ;
#1730 = CARTESIAN_POINT ( 'NONE',  ( 7.499999999999996447, 2.600000000000000089, -24.99999999999998934 ) ) ;
#1731 = ORIENTED_EDGE ( 'NONE', *, *, #4570, .F. ) ;
#1732 = CIRCLE ( 'NONE', #5008, 1.500000000000015099 ) ;
#1733 = ORIENTED_EDGE ( 'NONE', *, *, #2417, .T. ) ;
#1734 = PLANE ( 'NONE',  #3966 ) ;
#1735 = VERTEX_POINT ( 'NONE', #2631 ) ;
#1736 = EDGE_CURVE ( 'NONE', #2280, #587, #939, .T. ) ;
#1737 = DIRECTION ( 'NONE',  ( -0.4999999999999938383, 0.000000000000000000, 0.8660254037844422603 ) ) ;
#1738 = CIRCLE ( 'NONE', #1558, 2.649999999999999467 ) ;
#1739 = LINE ( 'NONE', #3417, #5281 ) ;
#1740 = CARTESIAN_POINT ( 'NONE',  ( 3.499999999999993783, 2.250000000000000444, -20.29999999999999716 ) ) ;
#1741 = VERTEX_POINT ( 'NONE', #4321 ) ;
#1742 = ORIENTED_EDGE ( 'NONE', *, *, #314, .T. ) ;
#1743 = DIRECTION ( 'NONE',  ( 0.000000000000000000, 0.000000000000000000, 1.000000000000000000 ) ) ;
#1744 = ADVANCED_FACE ( 'NONE', ( #2658 ), #3514, .T. ) ;
#1745 = DIRECTION ( 'NONE',  ( -0.000000000000000000, -1.000000000000000000, -0.000000000000000000 ) ) ;
#1746 = LINE ( 'NONE', #2571, #2518 ) ;
#1747 = ORIENTED_EDGE ( 'NONE', *, *, #4711, .T. ) ;
#1748 = VERTEX_POINT ( 'NONE', #4264 ) ;
#1749 = CARTESIAN_POINT ( 'NONE',  ( 8.749999999999966249, 2.600000000000000089, -1.319898296938867541E-14 ) ) ;
#1750 = ORIENTED_EDGE ( 'NONE', *, *, #1840, .T. ) ;
#1751 = CARTESIAN_POINT ( 'NONE',  ( 26.00000000000000355, 4.000000000000000000, -20.99999999999999645 ) ) ;
#1752 = CARTESIAN_POINT ( 'NONE',  ( 19.34042906660437566, 2.500000000000000000, -4.401597812196119897 ) ) ;
#1753 = ORIENTED_EDGE ( 'NONE', *, *, #2863, .F. ) ;
#1754 = AXIS2_PLACEMENT_3D ( 'NONE', #2413, #4099, #2115 ) ;
#1755 = AXIS2_PLACEMENT_3D ( 'NONE', #675, #2670, #1424 ) ;
#1756 = LINE ( 'NONE', #838, #5207 ) ;
#1757 = FACE_OUTER_BOUND ( 'NONE', #2071, .T. ) ;
#1758 = VECTOR ( 'NONE', #3294, 1000.000000000000000 ) ;
#1759 = AXIS2_PLACEMENT_3D ( 'NONE', #3946, #1452, #3157 ) ;
#1760 = ORIENTED_EDGE ( 'NONE', *, *, #1616, .F. ) ;
#1761 = CARTESIAN_POINT ( 'NONE',  ( 20.50000000000001776, 4.000000000000000000, -27.99999999999999645 ) ) ;
#1762 = ORIENTED_EDGE ( 'NONE', *, *, #3403, .T. ) ;
#1763 = CARTESIAN_POINT ( 'NONE',  ( 23.00000000000001066, 2.299999999999999822, -11.74999999999999645 ) ) ;
#1764 = EDGE_CURVE ( 'NONE', #2412, #3268, #889, .T. ) ;
#1765 = VECTOR ( 'NONE', #4652, 1000.000000000000000 ) ;
#1766 = FACE_BOUND ( 'NONE', #2760, .T. ) ;
#1767 = LINE ( 'NONE', #1346, #3131 ) ;
#1768 = ADVANCED_FACE ( 'NONE', ( #2244 ), #1389, .T. ) ;
#1769 = AXIS2_PLACEMENT_3D ( 'NONE', #58, #113, #3443 ) ;
#1770 = ORIENTED_EDGE ( 'NONE', *, *, #3922, .T. ) ;
#1771 = VERTEX_POINT ( 'NONE', #472 ) ;
#1772 = CARTESIAN_POINT ( 'NONE',  ( 10.79999999999999893, 0.000000000000000000, -0.000000000000000000 ) ) ;
#1773 = PLANE ( 'NONE',  #4922 ) ;
#1774 = DIRECTION ( 'NONE',  ( 0.000000000000000000, 0.000000000000000000, 1.000000000000000000 ) ) ;
#1775 = ORIENTED_EDGE ( 'NONE', *, *, #3095, .F. ) ;
#1776 = VERTEX_POINT ( 'NONE', #2163 ) ;
#1777 = CARTESIAN_POINT ( 'NONE',  ( 21.00000000000001066, 0.000000000000000000, 30.00000000000000711 ) ) ;
#1778 = DIRECTION ( 'NONE',  ( 0.000000000000000000, -0.000000000000000000, 1.000000000000000000 ) ) ;
#1779 = ADVANCED_FACE ( 'NONE', ( #3855 ), #3404, .T. ) ;
#1780 = EDGE_CURVE ( 'NONE', #841, #2924, #200, .T. ) ;
#1781 = DIRECTION ( 'NONE',  ( -0.000000000000000000, -1.000000000000000000, -0.000000000000000000 ) ) ;
#1782 = CIRCLE ( 'NONE', #1156, 0.5000000000000004441 ) ;
#1783 = DIRECTION ( 'NONE',  ( 0.000000000000000000, 0.000000000000000000, 1.000000000000000000 ) ) ;
#1784 = AXIS2_PLACEMENT_3D ( 'NONE', #4096, #3626, #5314 ) ;
#1785 = CARTESIAN_POINT ( 'NONE',  ( 6.531128874149272789, 4.000000000000000000, -29.49999999999999645 ) ) ;
#1786 = DIRECTION ( 'NONE',  ( -0.8191520442889930198, 0.000000000000000000, -0.5735764363510442720 ) ) ;
#1787 = EDGE_CURVE ( 'NONE', #4917, #5362, #4271, .T. ) ;
#1788 = CIRCLE ( 'NONE', #4254, 1.000000000000000888 ) ;
#1789 = AXIS2_PLACEMENT_3D ( 'NONE', #1752, #5124, #1333 ) ;
#1790 = EDGE_LOOP ( 'NONE', ( #4868, #146, #2357, #3819, #5469, #308, #5306, #1504 ) ) ;
#1791 = LINE ( 'NONE', #3127, #1236 ) ;
#1792 = EDGE_LOOP ( 'NONE', ( #3503, #96, #3041, #5172 ) ) ;
#1793 = CARTESIAN_POINT ( 'NONE',  ( 13.83333333333334281, 4.000000000000000000, 28.92240697562477436 ) ) ;
#1794 = DIRECTION ( 'NONE',  ( -0.000000000000000000, 1.000000000000000000, -0.000000000000000000 ) ) ;
#1795 = DIRECTION ( 'NONE',  ( -1.000000000000000000, 0.000000000000000000, 0.000000000000000000 ) ) ;
#1796 = EDGE_CURVE ( 'NONE', #4580, #3092, #2592, .T. ) ;
#1797 = DIRECTION ( 'NONE',  ( 0.000000000000000000, 0.000000000000000000, -1.000000000000000000 ) ) ;
#1798 = ORIENTED_EDGE ( 'NONE', *, *, #2331, .F. ) ;
#1799 = VERTEX_POINT ( 'NONE', #3459 ) ;
#1800 = CARTESIAN_POINT ( 'NONE',  ( 6.531128874149272789, 4.000000000000000000, -29.49999999999999645 ) ) ;
#1801 = FACE_OUTER_BOUND ( 'NONE', #4474, .T. ) ;
#1802 = AXIS2_PLACEMENT_3D ( 'NONE', #2296, #3649, #1868 ) ;
#1803 = ADVANCED_FACE ( 'NONE', ( #4370 ), #578, .F. ) ;
#1804 = CARTESIAN_POINT ( 'NONE',  ( 8.799999999999998934, -0.8612698372208114073, 6.900000000000003020 ) ) ;
#1805 = VERTEX_POINT ( 'NONE', #3433 ) ;
#1806 = ORIENTED_EDGE ( 'NONE', *, *, #4551, .T. ) ;
#1807 = CONICAL_SURFACE ( 'NONE', #2505, 0.5000000000000004441, 0.7853981633974473908 ) ;
#1808 = FACE_OUTER_BOUND ( 'NONE', #721, .T. ) ;
#1809 = DIRECTION ( 'NONE',  ( -0.000000000000000000, -1.000000000000000000, -0.000000000000000000 ) ) ;
#1810 = EDGE_CURVE ( 'NONE', #4853, #5228, #5174, .T. ) ;
#1811 = EDGE_CURVE ( 'NONE', #260, #599, #1332, .T. ) ;
#1812 = VECTOR ( 'NONE', #5122, 1000.000000000000000 ) ;
#1813 = CARTESIAN_POINT ( 'NONE',  ( 18.43081293235504248, 0.000000000000000000, -9.121049864630185411 ) ) ;
#1814 = AXIS2_PLACEMENT_3D ( 'NONE', #5473, #5420, #1211 ) ;
#1815 = CYLINDRICAL_SURFACE ( 'NONE', #5225, 0.5000000000000004441 ) ;
#1816 = ADVANCED_FACE ( 'NONE', ( #2603 ), #4290, .T. ) ;
#1817 = DIRECTION ( 'NONE',  ( 0.000000000000000000, 1.000000000000000000, -0.000000000000000000 ) ) ;
#1818 = CARTESIAN_POINT ( 'NONE',  ( 3.499999999999999556, 3.499999999999999556, -26.96887112585072188 ) ) ;
#1819 = CIRCLE ( 'NONE', #752, 1.549999999999997602 ) ;
#1820 = ORIENTED_EDGE ( 'NONE', *, *, #5111, .F. ) ;
#1821 = CARTESIAN_POINT ( 'NONE',  ( 20.50000000000003197, 4.000000000000000000, 26.00000000000000355 ) ) ;
#1822 = VERTEX_POINT ( 'NONE', #5147 ) ;
#1823 = DIRECTION ( 'NONE',  ( -0.000000000000000000, 1.000000000000000000, -0.000000000000000000 ) ) ;
#1824 = AXIS2_PLACEMENT_3D ( 'NONE', #2648, #3920, #118 ) ;
#1825 = CARTESIAN_POINT ( 'NONE',  ( 10.83185842870419613, 4.000000000000000000, -26.17094808214231350 ) ) ;
#1826 = ORIENTED_EDGE ( 'NONE', *, *, #1906, .T. ) ;
#1827 = CIRCLE ( 'NONE', #935, 1.299999999999999156 ) ;
#1828 = ORIENTED_EDGE ( 'NONE', *, *, #4800, .F. ) ;
#1829 = LINE ( 'NONE', #2311, #246 ) ;
#1830 = DIRECTION ( 'NONE',  ( 0.000000000000000000, 0.000000000000000000, 1.000000000000000000 ) ) ;
#1831 = EDGE_CURVE ( 'NONE', #3247, #3737, #1360, .T. ) ;
#1832 = DIRECTION ( 'NONE',  ( 0.000000000000000000, 0.000000000000000000, 1.000000000000000000 ) ) ;
#1833 = CIRCLE ( 'NONE', #4911, 3.249999999999999556 ) ;
#1834 = ORIENTED_EDGE ( 'NONE', *, *, #2601, .T. ) ;
#1835 = ORIENTED_EDGE ( 'NONE', *, *, #2102, .T. ) ;
#1836 = FACE_OUTER_BOUND ( 'NONE', #3445, .T. ) ;
#1837 = DIRECTION ( 'NONE',  ( 1.000000000000000000, 0.000000000000000000, 0.000000000000000000 ) ) ;
#1838 = EDGE_CURVE ( 'NONE', #3896, #1024, #4063, .T. ) ;
#1839 = LINE ( 'NONE', #3022, #5024 ) ;
#1840 = EDGE_CURVE ( 'NONE', #3415, #5452, #2320, .T. ) ;
#1841 = DIRECTION ( 'NONE',  ( -0.000000000000000000, 1.000000000000000000, -0.000000000000000000 ) ) ;
#1842 = CARTESIAN_POINT ( 'NONE',  ( 8.799999999999998934, 2.250000000000000444, 4.700000000000002842 ) ) ;
#1843 = FILL_AREA_STYLE_COLOUR ( '', #133 ) ;
#1844 = ADVANCED_FACE ( 'NONE', ( #5279 ), #211, .T. ) ;
#1845 = ORIENTED_EDGE ( 'NONE', *, *, #5481, .F. ) ;
#1846 = PLANE ( 'NONE',  #4854 ) ;
#1847 = AXIS2_PLACEMENT_3D ( 'NONE', #4041, #4874, #1528 ) ;
#1848 = ORIENTED_EDGE ( 'NONE', *, *, #2170, .F. ) ;
#1849 = AXIS2_PLACEMENT_3D ( 'NONE', #5437, #4130, #1652 ) ;
#1850 = VECTOR ( 'NONE', #2057, 1000.000000000000000 ) ;
#1851 = DIRECTION ( 'NONE',  ( 0.000000000000000000, 0.000000000000000000, 1.000000000000000000 ) ) ;
#1852 = CARTESIAN_POINT ( 'NONE',  ( 3.499999999999995115, 3.500000000000006661, -5.699999999999998401 ) ) ;
#1853 = CIRCLE ( 'NONE', #3250, 2.649999999999999467 ) ;
#1854 = ORIENTED_EDGE ( 'NONE', *, *, #391, .T. ) ;
#1855 = ADVANCED_FACE ( 'NONE', ( #3984 ), #1940, .F. ) ;
#1856 = VERTEX_POINT ( 'NONE', #3144 ) ;
#1857 = AXIS2_PLACEMENT_3D ( 'NONE', #2569, #4257, #3795 ) ;
#1858 = EDGE_LOOP ( 'NONE', ( #963, #5455, #1747, #3551 ) ) ;
#1859 = CARTESIAN_POINT ( 'NONE',  ( 15.22658836461049958, 2.500000000000000000, -9.304282248157557333 ) ) ;
#1860 = DIRECTION ( 'NONE',  ( 1.508455196501570246E-15, 0.000000000000000000, 1.000000000000000000 ) ) ;
#1861 = DIRECTION ( 'NONE',  ( 0.000000000000000000, 1.000000000000000000, 0.000000000000000000 ) ) ;
#1862 = VECTOR ( 'NONE', #901, 1000.000000000000000 ) ;
#1863 = EDGE_CURVE ( 'NONE', #3000, #2458, #1586, .T. ) ;
#1864 = VECTOR ( 'NONE', #2558, 1000.000000000000000 ) ;
#1865 = ORIENTED_EDGE ( 'NONE', *, *, #2095, .T. ) ;
#1866 = ORIENTED_EDGE ( 'NONE', *, *, #2521, .F. ) ;
#1867 = LINE ( 'NONE', #5328, #1064 ) ;
#1868 = DIRECTION ( 'NONE',  ( 0.000000000000000000, 0.000000000000000000, 1.000000000000000000 ) ) ;
#1869 = EDGE_LOOP ( 'NONE', ( #2698, #379, #4008, #770 ) ) ;
#1870 = EDGE_CURVE ( 'NONE', #3415, #2680, #268, .T. ) ;
#1871 = DIRECTION ( 'NONE',  ( -0.000000000000000000, 1.000000000000000000, -0.000000000000000000 ) ) ;
#1872 = CARTESIAN_POINT ( 'NONE',  ( 20.50000000000001776, 4.000000000000000000, -26.00000000000000000 ) ) ;
#1873 = EDGE_CURVE ( 'NONE', #526, #4012, #1097, .T. ) ;
#1874 = CARTESIAN_POINT ( 'NONE',  ( 14.22677197410524208, 2.500000000000000000, -7.344596766944555988 ) ) ;
#1875 = AXIS2_PLACEMENT_3D ( 'NONE', #2246, #4846, #1783 ) ;
#1876 = VERTEX_POINT ( 'NONE', #4035 ) ;
#1877 = CARTESIAN_POINT ( 'NONE',  ( 25.00000000000001066, 0.000000000000000000, 6.550000000000005151 ) ) ;
#1878 = VERTEX_POINT ( 'NONE', #1892 ) ;
#1879 = LINE ( 'NONE', #2775, #2025 ) ;
#1880 = ADVANCED_FACE ( 'NONE', ( #3566 ), #4815, .F. ) ;
#1881 = DIRECTION ( 'NONE',  ( 0.000000000000000000, 1.000000000000000000, -0.000000000000000000 ) ) ;
#1882 = CIRCLE ( 'NONE', #2054, 0.5000000000000004441 ) ;
#1883 = VERTEX_POINT ( 'NONE', #3172 ) ;
#1884 = EDGE_LOOP ( 'NONE', ( #620, #5098, #2996, #1657 ) ) ;
#1885 = DIRECTION ( 'NONE',  ( 0.000000000000000000, 0.000000000000000000, -1.000000000000000000 ) ) ;
#1886 = CARTESIAN_POINT ( 'NONE',  ( 8.749999999999998224, 2.250000000000000444, -20.29999999999999716 ) ) ;
#1887 = EDGE_CURVE ( 'NONE', #3029, #2497, #2852, .T. ) ;
#1888 = CARTESIAN_POINT ( 'NONE',  ( 28.00000000000000355, 4.000000000000000000, -29.99999999999999645 ) ) ;
#1889 = VERTEX_POINT ( 'NONE', #1011 ) ;
#1890 = VERTEX_POINT ( 'NONE', #242 ) ;
#1891 = ADVANCED_FACE ( 'NONE', ( #3540 ), #5231, .T. ) ;
#1892 = CARTESIAN_POINT ( 'NONE',  ( 3.499999999999993783, 3.500000000000006217, -20.29999999999999716 ) ) ;
#1893 = AXIS2_PLACEMENT_3D ( 'NONE', #4790, #1306, #51 ) ;
#1894 = ORIENTED_EDGE ( 'NONE', *, *, #1840, .F. ) ;
#1895 = CARTESIAN_POINT ( 'NONE',  ( 8.151858428704230164, 4.000000000000000000, -21.52905191785770000 ) ) ;
#1896 = DIRECTION ( 'NONE',  ( -0.000000000000000000, 1.000000000000000000, -0.000000000000000000 ) ) ;
#1897 = DIRECTION ( 'NONE',  ( 0.000000000000000000, -0.000000000000000000, 1.000000000000000000 ) ) ;
#1898 = EDGE_CURVE ( 'NONE', #5228, #1347, #17, .T. ) ;
#1899 = DIRECTION ( 'NONE',  ( 0.000000000000000000, 0.000000000000000000, 1.000000000000000000 ) ) ;
#1900 = VERTEX_POINT ( 'NONE', #631 ) ;
#1901 = ORIENTED_EDGE ( 'NONE', *, *, #725, .T. ) ;
#1902 = CARTESIAN_POINT ( 'NONE',  ( 4.543141571295792325, 2.600000000000000089, -24.47857097069600130 ) ) ;
#1903 = CARTESIAN_POINT ( 'NONE',  ( 9.500000000000007105, 4.000000000000000000, 27.30000000000000071 ) ) ;
#1904 = EDGE_LOOP ( 'NONE', ( #9, #3604, #2948, #1509 ) ) ;
#1905 = EDGE_LOOP ( 'NONE', ( #14, #3450, #852, #748, #286, #5361, #77, #688 ) ) ;
#1906 = EDGE_CURVE ( 'NONE', #1474, #2270, #3197, .T. ) ;
#1907 = ORIENTED_EDGE ( 'NONE', *, *, #2826, .T. ) ;
#1908 = CARTESIAN_POINT ( 'NONE',  ( 25.00000000000001066, 4.000000000000000000, 5.000000000000007994 ) ) ;
#1909 = CIRCLE ( 'NONE', #4996, 2.000000000000001776 ) ;
#1910 = PLANE ( 'NONE',  #4213 ) ;
#1911 = CARTESIAN_POINT ( 'NONE',  ( 16.29999999999999361, 2.500000000000000000, -22.50726231784357623 ) ) ;
#1912 = AXIS2_PLACEMENT_3D ( 'NONE', #1903, #3947, #1057 ) ;
#1913 = ORIENTED_EDGE ( 'NONE', *, *, #306, .T. ) ;
#1914 = ORIENTED_EDGE ( 'NONE', *, *, #1437, .T. ) ;
#1915 = CARTESIAN_POINT ( 'NONE',  ( 10.03764109064972665, 2.600000000000000089, -25.76346427227868929 ) ) ;
#1916 = AXIS2_PLACEMENT_3D ( 'NONE', #4328, #2224, #2946 ) ;
#1917 = VERTEX_POINT ( 'NONE', #1549 ) ;
#1918 = CARTESIAN_POINT ( 'NONE',  ( 18.50000000000000711, 2.500000000000000000, -9.382294164403761272E-15 ) ) ;
#1919 = FACE_OUTER_BOUND ( 'NONE', #4685, .T. ) ;
#1920 = CARTESIAN_POINT ( 'NONE',  ( -27.99999999999998934, 0.000000000000000000, 30.00000000000000355 ) ) ;
#1921 = DIRECTION ( 'NONE',  ( -1.000000000000000000, 0.000000000000000000, -0.000000000000000000 ) ) ;
#1922 = CARTESIAN_POINT ( 'NONE',  ( 13.50000000000001066, 2.299999999999999822, 29.29508497187473992 ) ) ;
#1923 = AXIS2_PLACEMENT_3D ( 'NONE', #2410, #4097, #302 ) ;
#1924 = EDGE_LOOP ( 'NONE', ( #3523, #2937, #2160, #658 ) ) ;
#1925 = LINE ( 'NONE', #672, #4600 ) ;
#1926 = ORIENTED_EDGE ( 'NONE', *, *, #101, .T. ) ;
#1927 = LINE ( 'NONE', #174, #4221 ) ;
#1928 = DIRECTION ( 'NONE',  ( 0.000000000000000000, 0.000000000000000000, 1.000000000000000000 ) ) ;
#1929 = EDGE_LOOP ( 'NONE', ( #47, #4080 ) ) ;
#1930 = DIRECTION ( 'NONE',  ( -0.4999999999999938383, 0.000000000000000000, 0.8660254037844422603 ) ) ;
#1931 = EDGE_CURVE ( 'NONE', #207, #4197, #1070, .T. ) ;
#1932 = EDGE_LOOP ( 'NONE', ( #581, #880, #2818, #2981 ) ) ;
#1933 = DIRECTION ( 'NONE',  ( 0.000000000000000000, 0.000000000000000000, 1.000000000000000000 ) ) ;
#1934 = CIRCLE ( 'NONE', #4592, 25.00000000000000711 ) ;
#1935 = CARTESIAN_POINT ( 'NONE',  ( 23.00000000000001066, 2.299999999999999822, -14.99999999999999645 ) ) ;
#1936 = AXIS2_PLACEMENT_3D ( 'NONE', #1922, #3602, #2472 ) ;
#1937 = DIRECTION ( 'NONE',  ( 0.000000000000000000, 1.000000000000000000, 0.000000000000000000 ) ) ;
#1938 = VERTEX_POINT ( 'NONE', #2763 ) ;
#1939 = ORIENTED_EDGE ( 'NONE', *, *, #5449, .F. ) ;
#1940 = CYLINDRICAL_SURFACE ( 'NONE', #2866, 3.249999999999999556 ) ;
#1941 = AXIS2_PLACEMENT_3D ( 'NONE', #2148, #3811, #372 ) ;
#1942 = VERTEX_POINT ( 'NONE', #4454 ) ;
#1943 =( BOUNDED_CURVE ( )  B_SPLINE_CURVE ( 3, ( #3272, #5349, #1622, #787 ),
 .UNSPECIFIED., .F., .F. ) 
 B_SPLINE_CURVE_WITH_KNOTS ( ( 4, 4 ),
 ( 1.796906856071191605, 2.670021047087385746 ),
 .UNSPECIFIED. ) 
 CURVE ( )  GEOMETRIC_REPRESENTATION_ITEM ( )  RATIONAL_B_SPLINE_CURVE ( ( 1.000000000000000000, 0.9374751779649482808, 0.9374751779649482808, 1.000000000000000000 ) ) 
 REPRESENTATION_ITEM ( '' )  );
#1944 = DIRECTION ( 'NONE',  ( 1.000000000000000000, 0.000000000000000000, 0.000000000000000000 ) ) ;
#1945 = DIRECTION ( 'NONE',  ( 0.000000000000000000, 0.000000000000000000, -1.000000000000000000 ) ) ;
#1946 = LINE ( 'NONE', #4545, #503 ) ;
#1947 = ADVANCED_FACE ( 'NONE', ( #2346 ), #5336, .T. ) ;
#1948 = CARTESIAN_POINT ( 'NONE',  ( 20.50000000000001776, 4.000000000000000000, -27.99999999999999645 ) ) ;
#1949 = CARTESIAN_POINT ( 'NONE',  ( 3.999999999999993339, 4.000000000000000000, 29.00000000000000000 ) ) ;
#1950 = ORIENTED_EDGE ( 'NONE', *, *, #3397, .F. ) ;
#1951 = DIRECTION ( 'NONE',  ( 0.7071067811865500152, -0.7071067811865451302, 0.000000000000000000 ) ) ;
#1952 = EDGE_LOOP ( 'NONE', ( #370, #490, #5252, #4689, #75, #184, #3887, #3753, #253, #2336, #2727 ) ) ;
#1953 = EDGE_CURVE ( 'NONE', #3906, #3270, #2517, .T. ) ;
#1954 = FACE_OUTER_BOUND ( 'NONE', #2021, .T. ) ;
#1955 = CARTESIAN_POINT ( 'NONE',  ( 20.49036317236908999, 2.500000000000000000, -5.366507096221478257 ) ) ;
#1956 = ORIENTED_EDGE ( 'NONE', *, *, #3283, .T. ) ;
#1957 = DIRECTION ( 'NONE',  ( -0.000000000000000000, 1.000000000000000000, -0.000000000000000000 ) ) ;
#1958 = ORIENTED_EDGE ( 'NONE', *, *, #743, .T. ) ;
#1959 = DIRECTION ( 'NONE',  ( 0.000000000000000000, 0.000000000000000000, 1.000000000000000000 ) ) ;
#1960 = CARTESIAN_POINT ( 'NONE',  ( 28.00000000000001066, 3.500000000000020428, 21.00000000000000711 ) ) ;
#1961 = AXIS2_PLACEMENT_3D ( 'NONE', #1554, #4095, #2467 ) ;
#1962 = CYLINDRICAL_SURFACE ( 'NONE', #1119, 8.999999999999998224 ) ;
#1963 = DIRECTION ( 'NONE',  ( 0.000000000000000000, 0.000000000000000000, 1.000000000000000000 ) ) ;
#1964 = EDGE_CURVE ( 'NONE', #3268, #317, #1170, .T. ) ;
#1965 = ORIENTED_EDGE ( 'NONE', *, *, #3149, .T. ) ;
#1966 = EDGE_LOOP ( 'NONE', ( #3942, #5337, #2837, #4904 ) ) ;
#1967 = DIRECTION ( 'NONE',  ( -0.000000000000000000, 1.000000000000000000, -0.000000000000000000 ) ) ;
#1968 = ORIENTED_EDGE ( 'NONE', *, *, #4660, .F. ) ;
#1969 = EDGE_CURVE ( 'NONE', #4624, #41, #4982, .T. ) ;
#1970 = CARTESIAN_POINT ( 'NONE',  ( 13.50000000000001066, 2.299999999999999822, 29.29508497187473992 ) ) ;
#1971 = CARTESIAN_POINT ( 'NONE',  ( 3.499999999999999556, 3.500000000000006661, -5.700000000000000178 ) ) ;
#1972 = DIRECTION ( 'NONE',  ( 0.000000000000000000, 0.000000000000000000, 1.000000000000000000 ) ) ;
#1973 = CIRCLE ( 'NONE', #5064, 2.649999999999999467 ) ;
#1974 = DIRECTION ( 'NONE',  ( 0.000000000000000000, 0.000000000000000000, -1.000000000000000000 ) ) ;
#1975 = DIRECTION ( 'NONE',  ( 0.000000000000000000, -1.000000000000000000, 0.000000000000000000 ) ) ;
#1976 = ORIENTED_EDGE ( 'NONE', *, *, #890, .T. ) ;
#1977 = DIRECTION ( 'NONE',  ( 0.000000000000000000, 0.000000000000000000, 1.000000000000000000 ) ) ;
#1978 = EDGE_CURVE ( 'NONE', #4135, #4676, #4353, .T. ) ;
#1979 = VERTEX_POINT ( 'NONE', #802 ) ;
#1980 = CARTESIAN_POINT ( 'NONE',  ( 7.000000000000003553, 1.000000000000000000, 25.00000000000000000 ) ) ;
#1981 = FACE_OUTER_BOUND ( 'NONE', #4082, .T. ) ;
#1982 = ORIENTED_EDGE ( 'NONE', *, *, #148, .T. ) ;
#1983 = DIRECTION ( 'NONE',  ( 0.000000000000000000, 0.000000000000000000, 1.000000000000000000 ) ) ;
#1984 = ORIENTED_EDGE ( 'NONE', *, *, #2056, .T. ) ;
#1985 = DIRECTION ( 'NONE',  ( -0.7071067811865475727, 0.7071067811865475727, 0.000000000000000000 ) ) ;
#1986 = DIRECTION ( 'NONE',  ( 0.000000000000000000, -1.000000000000000000, 0.000000000000000000 ) ) ;
#1987 = CARTESIAN_POINT ( 'NONE',  ( 10.83185842870419613, 2.600000000000000089, -26.17094808214231350 ) ) ;
#1988 = DIRECTION ( 'NONE',  ( 0.000000000000000000, 0.000000000000000000, 1.000000000000000000 ) ) ;
#1989 = ORIENTED_EDGE ( 'NONE', *, *, #579, .T. ) ;
#1990 = AXIS2_PLACEMENT_3D ( 'NONE', #2427, #1180, #1988 ) ;
#1991 = ORIENTED_EDGE ( 'NONE', *, *, #322, .F. ) ;
#1992 = EDGE_CURVE ( 'NONE', #930, #4394, #4538, .T. ) ;
#1993 = DIRECTION ( 'NONE',  ( -0.000000000000000000, -1.000000000000000000, -0.000000000000000000 ) ) ;
#1994 = LINE ( 'NONE', #1159, #3246 ) ;
#1995 = AXIS2_PLACEMENT_3D ( 'NONE', #5323, #1535, #4104 ) ;
#1996 = ORIENTED_EDGE ( 'NONE', *, *, #1863, .F. ) ;
#1997 = EDGE_CURVE ( 'NONE', #4723, #3557, #1436, .T. ) ;
#1998 = VECTOR ( 'NONE', #5288, 1000.000000000000000 ) ;
#1999 = DIRECTION ( 'NONE',  ( 0.000000000000000000, 0.000000000000000000, 1.000000000000000000 ) ) ;
#2000 = CYLINDRICAL_SURFACE ( 'NONE', #4092, 4.000000000000000888 ) ;
#2001 = DIRECTION ( 'NONE',  ( 0.000000000000000000, 1.000000000000000000, 0.000000000000000000 ) ) ;
#2002 = CARTESIAN_POINT ( 'NONE',  ( 22.90673953227155479, 2.500000000000000000, 1.020975544904873411 ) ) ;
#2003 = EDGE_CURVE ( 'NONE', #3632, #1124, #1973, .T. ) ;
#2004 = ORIENTED_EDGE ( 'NONE', *, *, #3843, .T. ) ;
#2005 = FACE_OUTER_BOUND ( 'NONE', #4207, .T. ) ;
#2006 = ORIENTED_EDGE ( 'NONE', *, *, #2929, .T. ) ;
#2007 = DIRECTION ( 'NONE',  ( 0.000000000000000000, 1.000000000000000000, -0.000000000000000000 ) ) ;
#2008 = EDGE_LOOP ( 'NONE', ( #3717, #1297, #4969, #4938 ) ) ;
#2009 = DIRECTION ( 'NONE',  ( 0.000000000000000000, 0.000000000000000000, -1.000000000000000000 ) ) ;
#2010 = CARTESIAN_POINT ( 'NONE',  ( 18.49999999999999645, 2.500000000000000000, -20.30726231784357694 ) ) ;
#2011 = EDGE_CURVE ( 'NONE', #293, #745, #4175, .T. ) ;
#2012 = ORIENTED_EDGE ( 'NONE', *, *, #1641, .F. ) ;
#2013 = FACE_OUTER_BOUND ( 'NONE', #1329, .T. ) ;
#2014 = VERTEX_POINT ( 'NONE', #1606 ) ;
#2015 = DIRECTION ( 'NONE',  ( 0.000000000000000000, -1.000000000000000000, 0.000000000000000000 ) ) ;
#2016 = DIRECTION ( 'NONE',  ( 0.000000000000000000, 0.000000000000000000, 1.000000000000000000 ) ) ;
#2017 = DIRECTION ( 'NONE',  ( 0.000000000000000000, 0.000000000000000000, -1.000000000000000000 ) ) ;
#2018 = LINE ( 'NONE', #2050, #2087 ) ;
#2019 = CIRCLE ( 'NONE', #4129, 3.499999999999985789 ) ;
#2020 = EDGE_CURVE ( 'NONE', #4510, #185, #3431, .T. ) ;
#2021 = EDGE_LOOP ( 'NONE', ( #4189, #1760, #240, #4601 ) ) ;
#2022 = ORIENTED_EDGE ( 'NONE', *, *, #3502, .F. ) ;
#2023 = CIRCLE ( 'NONE', #4316, 2.649999999999999467 ) ;
#2024 = DIRECTION ( 'NONE',  ( 0.000000000000000000, -1.000000000000000000, 0.000000000000000000 ) ) ;
#2025 = VECTOR ( 'NONE', #4802, 1000.000000000000000 ) ;
#2026 = FACE_OUTER_BOUND ( 'NONE', #1702, .T. ) ;
#2027 = EDGE_CURVE ( 'NONE', #4354, #4029, #1578, .T. ) ;
#2028 = ORIENTED_EDGE ( 'NONE', *, *, #2170, .T. ) ;
#2029 = CIRCLE ( 'NONE', #1044, 1.549999999999995826 ) ;
#2030 = DIRECTION ( 'NONE',  ( 0.000000000000000000, -1.000000000000000000, 0.000000000000000000 ) ) ;
#2031 = CARTESIAN_POINT ( 'NONE',  ( 6.531128874149273678, 0.000000000000000000, -28.99999999999999289 ) ) ;
#2032 = CARTESIAN_POINT ( 'NONE',  ( 14.00000000000001066, 4.000000000000000000, -29.49999999999999645 ) ) ;
#2033 = CARTESIAN_POINT ( 'NONE',  ( 18.16666666666667496, 2.299999999999999822, 28.92240697562477791 ) ) ;
#2034 = ADVANCED_FACE ( 'NONE', ( #326 ), #4388, .F. ) ;
#2035 = VECTOR ( 'NONE', #1626, 1000.000000000000000 ) ;
#2036 = DIRECTION ( 'NONE',  ( 0.000000000000000000, 1.000000000000000000, 0.000000000000000000 ) ) ;
#2037 = VERTEX_POINT ( 'NONE', #3767 ) ;
#2038 = ORIENTED_EDGE ( 'NONE', *, *, #1386, .F. ) ;
#2039 = EDGE_CURVE ( 'NONE', #3415, #4093, #5195, .T. ) ;
#2040 = EDGE_CURVE ( 'NONE', #225, #3209, #2810, .T. ) ;
#2041 = CYLINDRICAL_SURFACE ( 'NONE', #3652, 2.200000000000000178 ) ;
#2042 = DIRECTION ( 'NONE',  ( -1.000000000000000000, 0.000000000000000000, 0.000000000000000000 ) ) ;
#2043 = VERTEX_POINT ( 'NONE', #1248 ) ;
#2044 = FACE_OUTER_BOUND ( 'NONE', #1545, .T. ) ;
#2045 = VERTEX_POINT ( 'NONE', #2958 ) ;
#2046 = EDGE_CURVE ( 'NONE', #621, #3016, #423, .T. ) ;
#2047 = CARTESIAN_POINT ( 'NONE',  ( 23.00000000000001066, 2.299999999999999822, -18.24999999999999645 ) ) ;
#2048 = CARTESIAN_POINT ( 'NONE',  ( 18.00000000000001066, 3.500000000000020428, 29.50000000000000355 ) ) ;
#2049 = CARTESIAN_POINT ( 'NONE',  ( 16.29999999999999361, 0.000000000000000000, -22.50726231784357623 ) ) ;
#2050 = CARTESIAN_POINT ( 'NONE',  ( 19.00000000000000355, 4.000000000000000000, -29.99999999999999645 ) ) ;
#2051 = EDGE_LOOP ( 'NONE', ( #4307, #1370, #5118, #5467 ) ) ;
#2052 = VECTOR ( 'NONE', #2030, 1000.000000000000000 ) ;
#2053 = EDGE_LOOP ( 'NONE', ( #196, #3928 ) ) ;
#2054 = AXIS2_PLACEMENT_3D ( 'NONE', #1016, #4405, #2795 ) ;
#2055 = LINE ( 'NONE', #3451, #5376 ) ;
#2056 = EDGE_CURVE ( 'NONE', #3837, #1682, #1666, .T. ) ;
#2057 = DIRECTION ( 'NONE',  ( -0.000000000000000000, -1.000000000000000000, -0.000000000000000000 ) ) ;
#2058 = CIRCLE ( 'NONE', #2490, 0.7500000000000006661 ) ;
#2059 = EDGE_LOOP ( 'NONE', ( #799, #2349, #5060, #4019 ) ) ;
#2060 = DIRECTION ( 'NONE',  ( 0.000000000000000000, 0.000000000000000000, 1.000000000000000000 ) ) ;
#2061 = DIRECTION ( 'NONE',  ( 0.000000000000000000, 0.000000000000000000, -1.000000000000000000 ) ) ;
#2062 = UNCERTAINTY_MEASURE_WITH_UNIT (LENGTH_MEASURE( 1.000000000000000082E-05 ), #3150, 'distance_accuracy_value', 'NONE');
#2063 = CARTESIAN_POINT ( 'NONE',  ( 7.499999999999996447, 4.000000000000000000, -24.99999999999998934 ) ) ;
#2064 = CARTESIAN_POINT ( 'NONE',  ( 7.223141571295758290, 2.600000000000000089, -29.12046713498061123 ) ) ;
#2065 = ORIENTED_EDGE ( 'NONE', *, *, #5044, .T. ) ;
#2066 = EDGE_CURVE ( 'NONE', #4596, #3015, #411, .T. ) ;
#2067 = CARTESIAN_POINT ( 'NONE',  ( 27.50000000000002842, 4.000000000000000000, 21.00000000000000711 ) ) ;
#2068 = LINE ( 'NONE', #313, #3136 ) ;
#2069 = VECTOR ( 'NONE', #5202, 1000.000000000000000 ) ;
#2070 = CIRCLE ( 'NONE', #4451, 4.000000000000000000 ) ;
#2071 = EDGE_LOOP ( 'NONE', ( #3182, #3677, #2310, #3113 ) ) ;
#2072 = DIRECTION ( 'NONE',  ( 0.000000000000000000, 0.000000000000000000, -1.000000000000000000 ) ) ;
#2073 = ORIENTED_EDGE ( 'NONE', *, *, #2432, .F. ) ;
#2074 = CARTESIAN_POINT ( 'NONE',  ( 4.543141571295792325, 2.600000000000000089, -24.47857097069600130 ) ) ;
#2075 = DIRECTION ( 'NONE',  ( 0.000000000000000000, -1.000000000000000000, 0.000000000000000000 ) ) ;
#2076 = CARTESIAN_POINT ( 'NONE',  ( 16.00000000000001066, 0.000000000000000000, -24.94999999999999574 ) ) ;
#2077 = LINE ( 'NONE', #321, #2690 ) ;
#2078 = ADVANCED_FACE ( 'NONE', ( #2026 ), #3736, .F. ) ;
#2079 = ORIENTED_EDGE ( 'NONE', *, *, #3692, .T. ) ;
#2080 = ORIENTED_EDGE ( 'NONE', *, *, #4755, .T. ) ;
#2081 = CARTESIAN_POINT ( 'NONE',  ( 14.00000000000001066, 4.000000000000000000, 29.29508497187473992 ) ) ;
#2082 = CARTESIAN_POINT ( 'NONE',  ( 18.50000000000001066, 4.000000000000000000, -29.99999999999999645 ) ) ;
#2083 = VECTOR ( 'NONE', #45, 1000.000000000000000 ) ;
#2084 = ORIENTED_EDGE ( 'NONE', *, *, #1274, .T. ) ;
#2085 = CARTESIAN_POINT ( 'NONE',  ( 19.02440013978876721, 2.500000000000000000, -11.70582560332145228 ) ) ;
#2086 = DIRECTION ( 'NONE',  ( -1.000000000000000000, -0.000000000000000000, -0.000000000000000000 ) ) ;
#2087 = VECTOR ( 'NONE', #1634, 1000.000000000000000 ) ;
#2088 = DIRECTION ( 'NONE',  ( 0.000000000000000000, -0.7071067811865474617, 0.7071067811865474617 ) ) ;
#2089 = ORIENTED_EDGE ( 'NONE', *, *, #1552, .T. ) ;
#2090 = CARTESIAN_POINT ( 'NONE',  ( 25.00000000000001066, 2.299999999999999822, 1.750000000000007550 ) ) ;
#2091 = AXIS2_PLACEMENT_3D ( 'NONE', #5057, #3282, #4947 ) ;
#2092 = ORIENTED_EDGE ( 'NONE', *, *, #5379, .F. ) ;
#2093 = DIRECTION ( 'NONE',  ( -0.000000000000000000, -1.000000000000000000, -0.000000000000000000 ) ) ;
#2094 = LINE ( 'NONE', #4584, #495 ) ;
#2095 = EDGE_CURVE ( 'NONE', #4807, #2493, #4313, .T. ) ;
#2096 = ORIENTED_EDGE ( 'NONE', *, *, #4708, .T. ) ;
#2097 = DIRECTION ( 'NONE',  ( 0.000000000000000000, -0.000000000000000000, 1.000000000000000000 ) ) ;
#2098 = ORIENTED_EDGE ( 'NONE', *, *, #775, .T. ) ;
#2099 = DIRECTION ( 'NONE',  ( -3.401418580346680819E-16, 0.000000000000000000, -1.000000000000000000 ) ) ;
#2100 = FACE_OUTER_BOUND ( 'NONE', #2704, .T. ) ;
#2101 = DIRECTION ( 'NONE',  ( -0.7660444431189747938, 0.000000000000000000, 0.6427876096865432487 ) ) ;
#2102 = EDGE_CURVE ( 'NONE', #2825, #4393, #1994, .T. ) ;
#2103 = ORIENTED_EDGE ( 'NONE', *, *, #1018, .T. ) ;
#2104 = ORIENTED_EDGE ( 'NONE', *, *, #1220, .T. ) ;
#2105 = CARTESIAN_POINT ( 'NONE',  ( 23.00000000000001066, 2.299999999999999822, -16.54999999999999005 ) ) ;
#2106 = CARTESIAN_POINT ( 'NONE',  ( 9.500000000000000000, 4.000000000000000000, 22.70000000000000284 ) ) ;
#2107 = EDGE_CURVE ( 'NONE', #1900, #3792, #4283, .T. ) ;
#2108 = ORIENTED_EDGE ( 'NONE', *, *, #2765, .T. ) ;
#2109 = VECTOR ( 'NONE', #4438, 1000.000000000000000 ) ;
#2110 = AXIS2_PLACEMENT_3D ( 'NONE', #2431, #2489, #5364 ) ;
#2111 = CARTESIAN_POINT ( 'NONE',  ( 17.11088587534442595, 0.000000000000000000, 3.149559174711987986 ) ) ;
#2112 = DIRECTION ( 'NONE',  ( 0.000000000000000000, 0.000000000000000000, 1.000000000000000000 ) ) ;
#2113 = CIRCLE ( 'NONE', #3516, 3.249999999999999556 ) ;
#2114 = DIRECTION ( 'NONE',  ( -0.000000000000000000, -1.000000000000000000, 0.000000000000000000 ) ) ;
#2115 = DIRECTION ( 'NONE',  ( 6.218820008218743739E-15, 0.000000000000000000, 1.000000000000000000 ) ) ;
#2116 = VECTOR ( 'NONE', #2728, 1000.000000000000000 ) ;
#2117 = ORIENTED_EDGE ( 'NONE', *, *, #4767, .T. ) ;
#2118 = EDGE_CURVE ( 'NONE', #2960, #215, #867, .T. ) ;
#2119 = DIRECTION ( 'NONE',  ( -1.000000000000000000, 0.000000000000000000, 0.000000000000000000 ) ) ;
#2120 = DIRECTION ( 'NONE',  ( 0.000000000000000000, 1.000000000000000000, 0.000000000000000000 ) ) ;
#2121 = AXIS2_PLACEMENT_3D ( 'NONE', #3861, #3409, #4210 ) ;
#2122 = ORIENTED_EDGE ( 'NONE', *, *, #2826, .F. ) ;
#2123 = CARTESIAN_POINT ( 'NONE',  ( 26.00000000000001066, 0.000000000000000000, 23.00000000000000355 ) ) ;
#2124 = ORIENTED_EDGE ( 'NONE', *, *, #5230, .F. ) ;
#2125 = EDGE_CURVE ( 'NONE', #4992, #3105, #3062, .T. ) ;
#2126 = CARTESIAN_POINT ( 'NONE',  ( 20.49036317236908999, 0.000000000000000000, -7.566507096221478434 ) ) ;
#2127 = CARTESIAN_POINT ( 'NONE',  ( 8.800000000000002487, 2.250000000000000444, 19.30000000000000426 ) ) ;
#2128 = FACE_OUTER_BOUND ( 'NONE', #575, .T. ) ;
#2129 = ORIENTED_EDGE ( 'NONE', *, *, #160, .F. ) ;
#2130 = EDGE_LOOP ( 'NONE', ( #4733, #3394, #1205, #706 ) ) ;
#2131 = CARTESIAN_POINT ( 'NONE',  ( 18.00000000000001066, 4.000000000000000000, -29.50000000000000711 ) ) ;
#2132 = DIRECTION ( 'NONE',  ( 0.000000000000000000, 0.000000000000000000, 1.000000000000000000 ) ) ;
#2133 = ADVANCED_FACE ( 'NONE', ( #1801 ), #2570, .F. ) ;
#2134 = DIRECTION ( 'NONE',  ( 0.000000000000000000, 0.000000000000000000, 1.000000000000000000 ) ) ;
#2135 = ORIENTED_EDGE ( 'NONE', *, *, #541, .T. ) ;
#2136 = ORIENTED_EDGE ( 'NONE', *, *, #5270, .F. ) ;
#2137 = LINE ( 'NONE', #1251, #1160 ) ;
#2138 = DIRECTION ( 'NONE',  ( -0.7071067811865474617, -0.7071067811865474617, 0.000000000000000000 ) ) ;
#2139 = VECTOR ( 'NONE', #3146, 1000.000000000000000 ) ;
#2140 = VECTOR ( 'NONE', #3867, 1000.000000000000114 ) ;
#2141 = DIRECTION ( 'NONE',  ( 0.000000000000000000, 0.000000000000000000, -1.000000000000000000 ) ) ;
#2142 = LINE ( 'NONE', #25, #2750 ) ;
#2143 = EDGE_CURVE ( 'NONE', #1938, #1483, #3418, .T. ) ;
#2144 = ORIENTED_EDGE ( 'NONE', *, *, #2107, .F. ) ;
#2145 = CYLINDRICAL_SURFACE ( 'NONE', #1194, 2.200000000000000178 ) ;
#2146 = DIRECTION ( 'NONE',  ( 0.5735764363510443831, 0.000000000000000000, -0.8191520442889931308 ) ) ;
#2147 = ORIENTED_EDGE ( 'NONE', *, *, #2248, .T. ) ;
#2148 = CARTESIAN_POINT ( 'NONE',  ( 19.30825215254416705, 2.500000000000000000, 7.458456109224194996 ) ) ;
#2149 = ORIENTED_EDGE ( 'NONE', *, *, #3762, .T. ) ;
#2150 = DIRECTION ( 'NONE',  ( 0.000000000000000000, 0.000000000000000000, 1.000000000000000000 ) ) ;
#2151 = DIRECTION ( 'NONE',  ( 0.000000000000000000, 1.000000000000000000, 0.000000000000000000 ) ) ;
#2152 = DIRECTION ( 'NONE',  ( -0.000000000000000000, 1.000000000000000000, -0.000000000000000000 ) ) ;
#2153 = EDGE_LOOP ( 'NONE', ( #202, #2386, #4329, #4109 ) ) ;
#2154 = ORIENTED_EDGE ( 'NONE', *, *, #1787, .T. ) ;
#2155 = VECTOR ( 'NONE', #4713, 1000.000000000000000 ) ;
#2156 = CARTESIAN_POINT ( 'NONE',  ( 8.749999999999966249, 4.000000000000000000, -1.319898296938867541E-14 ) ) ;
#2157 = CARTESIAN_POINT ( 'NONE',  ( 7.223141571295758290, 2.600000000000000089, -29.12046713498061123 ) ) ;
#2158 = CARTESIAN_POINT ( 'NONE',  ( 13.83333333333334281, 2.299999999999999822, -28.92240697562476370 ) ) ;
#2159 = ORIENTED_EDGE ( 'NONE', *, *, #1437, .F. ) ;
#2160 = ORIENTED_EDGE ( 'NONE', *, *, #903, .T. ) ;
#2161 = DIRECTION ( 'NONE',  ( 0.000000000000000000, 0.000000000000000000, -1.000000000000000000 ) ) ;
#2162 = ORIENTED_EDGE ( 'NONE', *, *, #2331, .T. ) ;
#2163 = CARTESIAN_POINT ( 'NONE',  ( 3.999999999999993339, 4.000000000000000000, -5.699999999999998401 ) ) ;
#2164 = ORIENTED_EDGE ( 'NONE', *, *, #3135, .F. ) ;
#2165 = ADVANCED_FACE ( 'NONE', ( #4759 ), #1569, .T. ) ;
#2166 = CIRCLE ( 'NONE', #3125, 4.000000000000000888 ) ;
#2167 = ORIENTED_EDGE ( 'NONE', *, *, #627, .F. ) ;
#2168 = AXIS2_PLACEMENT_3D ( 'NONE', #5260, #1817, #4435 ) ;
#2169 = DIRECTION ( 'NONE',  ( -0.7071067811865475727, 0.7071067811865475727, 0.000000000000000000 ) ) ;
#2170 = EDGE_CURVE ( 'NONE', #5310, #5028, #3089, .T. ) ;
#2171 = CARTESIAN_POINT ( 'NONE',  ( 21.00000000000000355, 0.000000000000000000, -26.00000000000000355 ) ) ;
#2172 = AXIS2_PLACEMENT_3D ( 'NONE', #4140, #5392, #768 ) ;
#2173 = VERTEX_POINT ( 'NONE', #2624 ) ;
#2174 = CARTESIAN_POINT ( 'NONE',  ( 24.00000000000000711, 4.000000000000000000, -22.50000000000001421 ) ) ;
#2175 = ORIENTED_EDGE ( 'NONE', *, *, #4949, .T. ) ;
#2176 = CARTESIAN_POINT ( 'NONE',  ( 18.16666666666667496, 2.299999999999999822, -28.92240697562476726 ) ) ;
#2177 = DIRECTION ( 'NONE',  ( -9.819189486661174428E-16, 0.000000000000000000, 1.000000000000000000 ) ) ;
#2178 = DIRECTION ( 'NONE',  ( 0.000000000000000000, 1.000000000000000000, 0.000000000000000000 ) ) ;
#2179 = ORIENTED_EDGE ( 'NONE', *, *, #5399, .F. ) ;
#2180 = ORIENTED_EDGE ( 'NONE', *, *, #3681, .F. ) ;
#2181 = DIRECTION ( 'NONE',  ( 1.000000000000000000, 0.000000000000000000, 0.000000000000000000 ) ) ;
#2182 = CARTESIAN_POINT ( 'NONE',  ( 28.00000000000000355, 2.299999999999999822, -29.99999999999999645 ) ) ;
#2183 = EDGE_CURVE ( 'NONE', #1917, #3386, #5088, .T. ) ;
#2184 = CARTESIAN_POINT ( 'NONE',  ( 14.00000000000001066, 2.299999999999999822, 29.50000000000000355 ) ) ;
#2185 = CIRCLE ( 'NONE', #3594, 2.200000000000000622 ) ;
#2186 = VERTEX_POINT ( 'NONE', #436 ) ;
#2187 = ORIENTED_EDGE ( 'NONE', *, *, #607, .T. ) ;
#2188 = CARTESIAN_POINT ( 'NONE',  ( 6.531128874149271013, 4.000000000000000000, -29.49999999999999645 ) ) ;
#2189 = EDGE_CURVE ( 'NONE', #4748, #1464, #2185, .T. ) ;
#2190 = CARTESIAN_POINT ( 'NONE',  ( 27.79289321881347163, 3.707106781186558120, 7.295084971874761237 ) ) ;
#2191 = CARTESIAN_POINT ( 'NONE',  ( 13.50000000000001066, 3.499999999999999556, -29.99999999999999645 ) ) ;
#2192 = DIRECTION ( 'NONE',  ( -0.000000000000000000, 1.000000000000000000, -0.000000000000000000 ) ) ;
#2193 = VECTOR ( 'NONE', #4578, 1000.000000000000000 ) ;
#2194 = CARTESIAN_POINT ( 'NONE',  ( 14.00000000000001066, 2.299999999999999822, -29.06173769148989550 ) ) ;
#2195 = EDGE_CURVE ( 'NONE', #953, #4195, #1326, .T. ) ;
#2196 = CARTESIAN_POINT ( 'NONE',  ( 16.00000000000001066, 2.500000000000000000, 26.50000000000000355 ) ) ;
#2197 = EDGE_CURVE ( 'NONE', #2325, #587, #122, .T. ) ;
#2198 = AXIS2_PLACEMENT_3D ( 'NONE', #4489, #781, #361 ) ;
#2199 = ORIENTED_EDGE ( 'NONE', *, *, #2984, .F. ) ;
#2200 = DIRECTION ( 'NONE',  ( -0.000000000000000000, 1.000000000000000000, -0.000000000000000000 ) ) ;
#2201 = EDGE_CURVE ( 'NONE', #4676, #238, #4666, .T. ) ;
#2202 = EDGE_LOOP ( 'NONE', ( #2746, #1770, #2376, #1071 ) ) ;
#2203 = CARTESIAN_POINT ( 'NONE',  ( 16.00000000000001066, 4.000000000000000000, 26.50000000000000355 ) ) ;
#2204 = VECTOR ( 'NONE', #3275, 1000.000000000000000 ) ;
#2205 = CARTESIAN_POINT ( 'NONE',  ( 15.84133582938291163, 0.000000000000000000, 2.260610662395256654 ) ) ;
#2206 = DIRECTION ( 'NONE',  ( -0.000000000000000000, -1.000000000000000000, -0.000000000000000000 ) ) ;
#2207 = CARTESIAN_POINT ( 'NONE',  ( 9.500000000000007105, 2.600000000000000089, 27.30000000000000071 ) ) ;
#2208 = CIRCLE ( 'NONE', #2916, 2.200000000000000178 ) ;
#2209 = ORIENTED_EDGE ( 'NONE', *, *, #2046, .F. ) ;
#2210 = EDGE_CURVE ( 'NONE', #4346, #2861, #942, .T. ) ;
#2211 = VERTEX_POINT ( 'NONE', #5167 ) ;
#2212 = DIRECTION ( 'NONE',  ( 0.000000000000000000, 0.000000000000000000, -1.000000000000000000 ) ) ;
#2213 = CARTESIAN_POINT ( 'NONE',  ( 27.16666666666667496, 2.299999999999999822, 2.577593024375232300 ) ) ;
#2214 = CARTESIAN_POINT ( 'NONE',  ( 15.84901771537212589, 0.000000000000000000, 2.751693672147772052 ) ) ;
#2215 = ORIENTED_EDGE ( 'NONE', *, *, #1635, .T. ) ;
#2216 = EDGE_CURVE ( 'NONE', #913, #3333, #4706, .T. ) ;
#2217 = ORIENTED_EDGE ( 'NONE', *, *, #3171, .F. ) ;
#2218 = DIRECTION ( 'NONE',  ( 1.000000000000000000, 0.000000000000000000, -0.000000000000000000 ) ) ;
#2219 = CARTESIAN_POINT ( 'NONE',  ( 16.00000000000001066, 0.000000000000000000, 28.04999999999999716 ) ) ;
#2220 = DIRECTION ( 'NONE',  ( -0.000000000000000000, 0.000000000000000000, 1.000000000000000000 ) ) ;
#2221 = FACE_BOUND ( 'NONE', #1929, .T. ) ;
#2222 = CIRCLE ( 'NONE', #5309, 1.100000000000000311 ) ;
#2223 = CARTESIAN_POINT ( 'NONE',  ( 0.000000000000000000, 2.500000000000000000, 0.000000000000000000 ) ) ;
#2224 = DIRECTION ( 'NONE',  ( 0.000000000000000000, -1.000000000000000000, 0.000000000000000000 ) ) ;
#2225 = AXIS2_PLACEMENT_3D ( 'NONE', #1305, #5483, #1331 ) ;
#2226 = CIRCLE ( 'NONE', #4434, 2.649999999999999467 ) ;
#2227 = ORIENTED_EDGE ( 'NONE', *, *, #2645, .F. ) ;
#2228 = CARTESIAN_POINT ( 'NONE',  ( 18.00000000000001066, 4.000000000000000000, -29.29508497187473282 ) ) ;
#2229 = ADVANCED_FACE ( 'NONE', ( #3506 ), #1773, .T. ) ;
#2230 = VERTEX_POINT ( 'NONE', #2544 ) ;
#2231 = DIRECTION ( 'NONE',  ( 0.000000000000000000, -1.000000000000000000, -0.000000000000000000 ) ) ;
#2232 = CYLINDRICAL_SURFACE ( 'NONE', #1824, 2.200000000000000622 ) ;
#2233 = ORIENTED_EDGE ( 'NONE', *, *, #2993, .F. ) ;
#2234 = ADVANCED_FACE ( 'NONE', ( #4228 ), #3011, .T. ) ;
#2235 = ORIENTED_EDGE ( 'NONE', *, *, #1964, .F. ) ;
#2236 = DIRECTION ( 'NONE',  ( 0.000000000000000000, 1.000000000000000000, 0.000000000000000000 ) ) ;
#2237 = DIRECTION ( 'NONE',  ( 0.000000000000000000, 0.000000000000000000, -1.000000000000000000 ) ) ;
#2238 = DIRECTION ( 'NONE',  ( 0.000000000000000000, 0.000000000000000000, -1.000000000000000000 ) ) ;
#2239 = EDGE_CURVE ( 'NONE', #2443, #4172, #2541, .T. ) ;
#2240 = ORIENTED_EDGE ( 'NONE', *, *, #386, .T. ) ;
#2241 = ORIENTED_EDGE ( 'NONE', *, *, #3095, .T. ) ;
#2242 = AXIS2_PLACEMENT_3D ( 'NONE', #5126, #3464, #4692 ) ;
#2243 = LINE ( 'NONE', #1659, #5278 ) ;
#2244 = FACE_OUTER_BOUND ( 'NONE', #5477, .T. ) ;
#2245 = CARTESIAN_POINT ( 'NONE',  ( 25.00000000000001066, 0.000000000000000000, 3.450000000000010392 ) ) ;
#2246 = CARTESIAN_POINT ( 'NONE',  ( 9.500000000000007105, 4.000000000000000000, 27.30000000000000071 ) ) ;
#2247 = DIRECTION ( 'NONE',  ( -2.376333528735352191E-16, 0.000000000000000000, -1.000000000000000000 ) ) ;
#2248 = EDGE_CURVE ( 'NONE', #3052, #1213, #3452, .T. ) ;
#2249 = CARTESIAN_POINT ( 'NONE',  ( 13.50000000000001066, 2.299999999999999822, -29.99999999999999645 ) ) ;
#2250 = VECTOR ( 'NONE', #4836, 1000.000000000000000 ) ;
#2251 = EDGE_LOOP ( 'NONE', ( #922, #4367 ) ) ;
#2252 = CARTESIAN_POINT ( 'NONE',  ( 8.800000000000002487, -0.8612698372208114073, 18.20000000000000284 ) ) ;
#2253 = ORIENTED_EDGE ( 'NONE', *, *, #1472, .F. ) ;
#2254 = ADVANCED_FACE ( 'NONE', ( #181 ), #655, .F. ) ;
#2255 = DIRECTION ( 'NONE',  ( -0.000000000000000000, 1.000000000000000000, -0.000000000000000000 ) ) ;
#2256 = AXIS2_PLACEMENT_3D ( 'NONE', #5297, #2696, #4024 ) ;
#2257 = CARTESIAN_POINT ( 'NONE',  ( 7.499999999999996447, 1.000000000000000000, -24.99999999999998934 ) ) ;
#2258 = ORIENTED_EDGE ( 'NONE', *, *, #3206, .T. ) ;
#2259 = ORIENTED_EDGE ( 'NONE', *, *, #3006, .F. ) ;
#2260 = VECTOR ( 'NONE', #1592, 1000.000000000000000 ) ;
#2261 = EDGE_LOOP ( 'NONE', ( #3749, #2374, #1894, #4607, #3532, #4064, #2227, #2549, #2574, #686, #4025, #2519, #112, #1215, #4703, #4319, #731 ) ) ;
#2262 = DIRECTION ( 'NONE',  ( 0.000000000000000000, 0.000000000000000000, 1.000000000000000000 ) ) ;
#2263 = LINE ( 'NONE', #3951, #2513 ) ;
#2264 = DIRECTION ( 'NONE',  ( 0.000000000000000000, 0.000000000000000000, 1.000000000000000000 ) ) ;
#2265 = EDGE_CURVE ( 'NONE', #1890, #420, #4783, .T. ) ;
#2266 = ORIENTED_EDGE ( 'NONE', *, *, #2620, .F. ) ;
#2267 = VERTEX_POINT ( 'NONE', #2312 ) ;
#2268 = ADVANCED_FACE ( 'NONE', ( #2339 ), #1962, .F. ) ;
#2269 = DIRECTION ( 'NONE',  ( 0.000000000000000000, 0.000000000000000000, -1.000000000000000000 ) ) ;
#2270 = VERTEX_POINT ( 'NONE', #3979 ) ;
#2271 = DIRECTION ( 'NONE',  ( 0.000000000000000000, 0.000000000000000000, -1.000000000000000000 ) ) ;
#2272 = ORIENTED_EDGE ( 'NONE', *, *, #1838, .T. ) ;
#2273 = DIRECTION ( 'NONE',  ( 0.000000000000000000, -0.000000000000000000, 1.000000000000000000 ) ) ;
#2274 = DIRECTION ( 'NONE',  ( -0.7071067811865475727, 0.7071067811865475727, 0.000000000000000000 ) ) ;
#2275 = CARTESIAN_POINT ( 'NONE',  ( 14.00000000000001066, -1.808568626610816077, -29.06173769148989550 ) ) ;
#2276 = EDGE_LOOP ( 'NONE', ( #2187, #2406, #1502, #1753 ) ) ;
#2277 = FACE_OUTER_BOUND ( 'NONE', #4691, .T. ) ;
#2278 = AXIS2_PLACEMENT_3D ( 'NONE', #134, #3044, #4768 ) ;
#2279 = ADVANCED_FACE ( 'NONE', ( #5302 ), #1512, .F. ) ;
#2280 = VERTEX_POINT ( 'NONE', #1092 ) ;
#2281 = VECTOR ( 'NONE', #854, 1000.000000000000000 ) ;
#2282 = CARTESIAN_POINT ( 'NONE',  ( 13.56073781646991172, 2.500000000000000000, -20.79999999999999716 ) ) ;
#2283 = FACE_OUTER_BOUND ( 'NONE', #1790, .T. ) ;
#2284 = AXIS2_PLACEMENT_3D ( 'NONE', #5426, #2488, #294 ) ;
#2285 = ADVANCED_FACE ( 'NONE', ( #3617 ), #205, .F. ) ;
#2286 = EDGE_LOOP ( 'NONE', ( #3143, #2266, #4857, #4912 ) ) ;
#2287 = AXIS2_PLACEMENT_3D ( 'NONE', #2534, #32, #1656 ) ;
#2288 = ORIENTED_EDGE ( 'NONE', *, *, #798, .F. ) ;
#2289 = CARTESIAN_POINT ( 'NONE',  ( -27.99999999999999645, 4.000000000000000000, -29.99999999999999645 ) ) ;
#2290 = CARTESIAN_POINT ( 'NONE',  ( 8.749999999999998224, 4.000000000000000000, -20.29999999999999716 ) ) ;
#2291 = CYLINDRICAL_SURFACE ( 'NONE', #2778, 1.000000000000000888 ) ;
#2292 = ORIENTED_EDGE ( 'NONE', *, *, #4356, .F. ) ;
#2293 = VERTEX_POINT ( 'NONE', #982 ) ;
#2294 = ADVANCED_FACE ( 'NONE', ( #4861 ), #1910, .T. ) ;
#2295 =( BOUNDED_CURVE ( )  B_SPLINE_CURVE ( 3, ( #3070, #2994, #4742, #2191 ),
 .UNSPECIFIED., .F., .F. ) 
 B_SPLINE_CURVE_WITH_KNOTS ( ( 4, 4 ),
 ( 1.570796326794896558, 3.141592653589793116 ),
 .UNSPECIFIED. ) 
 CURVE ( )  GEOMETRIC_REPRESENTATION_ITEM ( )  RATIONAL_B_SPLINE_CURVE ( ( 1.000000000000000000, 0.8047378541243649375, 0.8047378541243649375, 1.000000000000000000 ) ) 
 REPRESENTATION_ITEM ( '' )  );
#2296 = CARTESIAN_POINT ( 'NONE',  ( 10.83185842870419613, 2.600000000000000089, -26.17094808214231350 ) ) ;
#2297 = ORIENTED_EDGE ( 'NONE', *, *, #4396, .T. ) ;
#2298 = CARTESIAN_POINT ( 'NONE',  ( 28.00000000000000711, 3.500000000000006661, 2.204915028125265852 ) ) ;
#2299 = CARTESIAN_POINT ( 'NONE',  ( 8.750000000000000000, 2.600000000000000089, 23.01002512578676118 ) ) ;
#2300 = DIRECTION ( 'NONE',  ( 1.508455196501568866E-15, 0.000000000000000000, 1.000000000000000000 ) ) ;
#2301 = CARTESIAN_POINT ( 'NONE',  ( 16.12250708506317309, 2.500000000000000000, 22.50187643836395424 ) ) ;
#2302 = EDGE_CURVE ( 'NONE', #4187, #3883, #4476, .T. ) ;
#2303 = CARTESIAN_POINT ( 'NONE',  ( 17.92629632529397909, 0.000000000000000000, -6.086895587057864709 ) ) ;
#2304 = AXIS2_PLACEMENT_3D ( 'NONE', #1918, #4955, #750 ) ;
#2305 = ORIENTED_EDGE ( 'NONE', *, *, #4602, .F. ) ;
#2306 = VERTEX_POINT ( 'NONE', #4364 ) ;
#2307 = FACE_OUTER_BOUND ( 'NONE', #1435, .T. ) ;
#2308 = CARTESIAN_POINT ( 'NONE',  ( 11.20685842870419258, 2.600000000000000089, -26.82046713498064250 ) ) ;
#2309 = EDGE_LOOP ( 'NONE', ( #2875, #2433, #469, #1207 ) ) ;
#2310 = ORIENTED_EDGE ( 'NONE', *, *, #2910, .F. ) ;
#2311 = CARTESIAN_POINT ( 'NONE',  ( 3.999999999999993339, 4.000000000000000000, -20.29999999999999716 ) ) ;
#2312 = CARTESIAN_POINT ( 'NONE',  ( 22.55065473270367704, 0.000000000000000000, -6.137998305772234708 ) ) ;
#2313 = DIRECTION ( 'NONE',  ( -1.000000000000000000, 0.000000000000000000, -0.000000000000000000 ) ) ;
#2314 = ORIENTED_EDGE ( 'NONE', *, *, #5464, .F. ) ;
#2315 = ORIENTED_EDGE ( 'NONE', *, *, #1307, .T. ) ;
#2316 = CARTESIAN_POINT ( 'NONE',  ( 14.00000000000001066, 3.499999999999999556, -29.99999999999999645 ) ) ;
#2317 = VECTOR ( 'NONE', #358, 1000.000000000000000 ) ;
#2318 = ORIENTED_EDGE ( 'NONE', *, *, #4383, .F. ) ;
#2319 = DIRECTION ( 'NONE',  ( -1.000000000000000000, 0.000000000000000000, 0.000000000000000000 ) ) ;
#2320 = CIRCLE ( 'NONE', #3748, 5.999999999999996447 ) ;
#2321 = LINE ( 'NONE', #1971, #3631 ) ;
#2322 = DIRECTION ( 'NONE',  ( 0.000000000000000000, -0.000000000000000000, -1.000000000000000000 ) ) ;
#2323 = DIRECTION ( 'NONE',  ( 0.000000000000000000, -1.000000000000000000, -0.000000000000000000 ) ) ;
#2324 = EDGE_CURVE ( 'NONE', #352, #3313, #2893, .T. ) ;
#2325 = VERTEX_POINT ( 'NONE', #3114 ) ;
#2326 = VECTOR ( 'NONE', #5248, 1000.000000000000000 ) ;
#2327 = FACE_OUTER_BOUND ( 'NONE', #85, .T. ) ;
#2328 = ORIENTED_EDGE ( 'NONE', *, *, #1627, .F. ) ;
#2329 = CARTESIAN_POINT ( 'NONE',  ( 8.151858428704230164, 4.000000000000000000, -21.52905191785770000 ) ) ;
#2330 = ORIENTED_EDGE ( 'NONE', *, *, #1964, .T. ) ;
#2331 = EDGE_CURVE ( 'NONE', #2613, #4808, #2626, .T. ) ;
#2332 = DIRECTION ( 'NONE',  ( 0.000000000000000000, -1.000000000000000000, 0.000000000000000000 ) ) ;
#2333 = CARTESIAN_POINT ( 'NONE',  ( 3.499999999999999556, 2.600000000000000089, 0.000000000000000000 ) ) ;
#2334 = ORIENTED_EDGE ( 'NONE', *, *, #2195, .F. ) ;
#2335 = CARTESIAN_POINT ( 'NONE',  ( 16.00000000000001066, 2.299999999999999822, -26.49999999999999289 ) ) ;
#2336 = ORIENTED_EDGE ( 'NONE', *, *, #3012, .T. ) ;
#2337 = CYLINDRICAL_SURFACE ( 'NONE', #5383, 2.999999999999999112 ) ;
#2338 = AXIS2_PLACEMENT_3D ( 'NONE', #291, #1244, #1267 ) ;
#2339 = FACE_OUTER_BOUND ( 'NONE', #2130, .T. ) ;
#2340 = LINE ( 'NONE', #4507, #3850 ) ;
#2341 = VECTOR ( 'NONE', #350, 999.9999999999998863 ) ;
#2342 = CIRCLE ( 'NONE', #1198, 0.7500000000000006661 ) ;
#2343 = ORIENTED_EDGE ( 'NONE', *, *, #5287, .F. ) ;
#2344 = ORIENTED_EDGE ( 'NONE', *, *, #878, .T. ) ;
#2345 = EDGE_CURVE ( 'NONE', #1856, #3558, #3165, .T. ) ;
#2346 = FACE_OUTER_BOUND ( 'NONE', #2261, .T. ) ;
#2347 = ADVANCED_FACE ( 'NONE', ( #4390 ), #3139, .F. ) ;
#2348 = AXIS2_PLACEMENT_3D ( 'NONE', #4298, #2146, #5100 ) ;
#2349 = ORIENTED_EDGE ( 'NONE', *, *, #3993, .T. ) ;
#2350 = EDGE_CURVE ( 'NONE', #4115, #2655, #571, .T. ) ;
#2351 = LINE ( 'NONE', #5368, #5050 ) ;
#2352 = PLANE ( 'NONE',  #1784 ) ;
#2353 = FACE_OUTER_BOUND ( 'NONE', #4216, .T. ) ;
#2354 = CARTESIAN_POINT ( 'NONE',  ( 16.00000000000001066, 0.000000000000000000, 24.95000000000000639 ) ) ;
#2355 = DIRECTION ( 'NONE',  ( 0.000000000000000000, -0.7071067811865524577, -0.7071067811865426878 ) ) ;
#2356 = VECTOR ( 'NONE', #4310, 1000.000000000000000 ) ;
#2357 = ORIENTED_EDGE ( 'NONE', *, *, #994, .F. ) ;
#2358 = LINE ( 'NONE', #4101, #165 ) ;
#2359 = ORIENTED_EDGE ( 'NONE', *, *, #1208, .T. ) ;
#2360 = EDGE_CURVE ( 'NONE', #3586, #3667, #2263, .T. ) ;
#2361 = LINE ( 'NONE', #1399, #1673 ) ;
#2362 = DIRECTION ( 'NONE',  ( 0.000000000000000000, 0.000000000000000000, -1.000000000000000000 ) ) ;
#2363 = CIRCLE ( 'NONE', #147, 6.000000000000003553 ) ;
#2364 = EDGE_LOOP ( 'NONE', ( #1568, #497, #4382, #3710 ) ) ;
#2365 = LINE ( 'NONE', #4557, #3522 ) ;
#2366 = EDGE_LOOP ( 'NONE', ( #4003, #4966, #4979, #2834 ) ) ;
#2367 = CARTESIAN_POINT ( 'NONE',  ( 8.151858428704230164, 2.600000000000000089, -21.52905191785770000 ) ) ;
#2368 = CARTESIAN_POINT ( 'NONE',  ( 13.50000000000001243, 4.000000000000000000, 29.50000000000000355 ) ) ;
#2369 = VECTOR ( 'NONE', #1672, 1000.000000000000000 ) ;
#2370 = DIRECTION ( 'NONE',  ( -0.000000000000000000, 1.000000000000000000, -0.000000000000000000 ) ) ;
#2371 = CARTESIAN_POINT ( 'NONE',  ( 3.499999999999999556, 3.500000000000006661, -23.48833672784351023 ) ) ;
#2372 = ADVANCED_FACE ( 'NONE', ( #1459 ), #4835, .F. ) ;
#2373 = AXIS2_PLACEMENT_3D ( 'NONE', #3898, #2543, #1743 ) ;
#2374 = ORIENTED_EDGE ( 'NONE', *, *, #5212, .T. ) ;
#2375 = ORIENTED_EDGE ( 'NONE', *, *, #3258, .F. ) ;
#2376 = ORIENTED_EDGE ( 'NONE', *, *, #4806, .F. ) ;
#2377 = DIRECTION ( 'NONE',  ( 0.000000000000000000, 0.000000000000000000, 1.000000000000000000 ) ) ;
#2378 = VECTOR ( 'NONE', #3495, 1000.000000000000114 ) ;
#2379 = AXIS2_PLACEMENT_3D ( 'NONE', #505, #1312, #3049 ) ;
#2380 = VERTEX_POINT ( 'NONE', #320 ) ;
#2381 = DIRECTION ( 'NONE',  ( 0.000000000000000000, 1.000000000000000000, 0.000000000000000000 ) ) ;
#2382 = DIRECTION ( 'NONE',  ( 0.000000000000000000, 0.000000000000000000, -1.000000000000000000 ) ) ;
#2383 = CARTESIAN_POINT ( 'NONE',  ( 13.50000000000001243, 3.500000000000006661, 30.00000000000000355 ) ) ;
#2384 = CARTESIAN_POINT ( 'NONE',  ( 23.00000000000001066, 4.000000000000000000, -18.24999999999999645 ) ) ;
#2385 = LINE ( 'NONE', #3152, #509 ) ;
#2386 = ORIENTED_EDGE ( 'NONE', *, *, #455, .T. ) ;
#2387 =( NAMED_UNIT ( * ) PLANE_ANGLE_UNIT ( ) SI_UNIT ( $, .RADIAN. ) );
#2388 = VERTEX_POINT ( 'NONE', #741 ) ;
#2389 = DIRECTION ( 'NONE',  ( 1.734723475976807094E-15, 0.000000000000000000, 1.000000000000000000 ) ) ;
#2390 = DIRECTION ( 'NONE',  ( 0.000000000000000000, 0.000000000000000000, -1.000000000000000000 ) ) ;
#2391 = EDGE_CURVE ( 'NONE', #215, #201, #2453, .T. ) ;
#2392 = VERTEX_POINT ( 'NONE', #2049 ) ;
#2393 = CARTESIAN_POINT ( 'NONE',  ( 25.00000000000001066, 2.500000000000000000, 5.000000000000007994 ) ) ;
#2394 = ORIENTED_EDGE ( 'NONE', *, *, #3775, .F. ) ;
#2395 = LINE ( 'NONE', #2074, #4871 ) ;
#2396 = DIRECTION ( 'NONE',  ( 0.000000000000000000, 1.000000000000000000, 0.000000000000000000 ) ) ;
#2397 = AXIS2_PLACEMENT_3D ( 'NONE', #1233, #2967, #5047 ) ;
#2398 = FACE_OUTER_BOUND ( 'NONE', #232, .T. ) ;
#2399 = CARTESIAN_POINT ( 'NONE',  ( 10.79999999999999893, 0.000000000000000000, 6.061637550770937466 ) ) ;
#2400 = EDGE_CURVE ( 'NONE', #3504, #3209, #4975, .T. ) ;
#2401 = ORIENTED_EDGE ( 'NONE', *, *, #4777, .T. ) ;
#2402 = VERTEX_POINT ( 'NONE', #3308 ) ;
#2403 = DIRECTION ( 'NONE',  ( 1.508455196501568866E-15, 0.000000000000000000, 1.000000000000000000 ) ) ;
#2404 = CARTESIAN_POINT ( 'NONE',  ( 11.50000000000000000, 4.000000000000000000, -2.000000000000000000 ) ) ;
#2405 = EDGE_CURVE ( 'NONE', #1721, #1468, #4139, .T. ) ;
#2406 = ORIENTED_EDGE ( 'NONE', *, *, #2689, .F. ) ;
#2407 = FACE_OUTER_BOUND ( 'NONE', #5282, .T. ) ;
#2408 = CARTESIAN_POINT ( 'NONE',  ( 8.750000000000000000, 1.250000000000000222, -5.699999999999998401 ) ) ;
#2409 = EDGE_CURVE ( 'NONE', #3896, #5277, #4112, .T. ) ;
#2410 = CARTESIAN_POINT ( 'NONE',  ( 24.00000000000000355, 0.000000000000000000, -26.00000000000000000 ) ) ;
#2411 = LINE ( 'NONE', #3686, #1129 ) ;
#2412 = VERTEX_POINT ( 'NONE', #2076 ) ;
#2413 = CARTESIAN_POINT ( 'NONE',  ( 7.499999999999996447, 2.600000000000000089, -24.99999999999998934 ) ) ;
#2414 = ORIENTED_EDGE ( 'NONE', *, *, #4906, .T. ) ;
#2415 = CARTESIAN_POINT ( 'NONE',  ( 21.00000000000000355, 0.000000000000000000, -27.99999999999999645 ) ) ;
#2416 = ORIENTED_EDGE ( 'NONE', *, *, #3650, .T. ) ;
#2417 = EDGE_CURVE ( 'NONE', #3756, #4332, #3491, .T. ) ;
#2418 = DIRECTION ( 'NONE',  ( 0.000000000000000000, -1.000000000000000000, 0.000000000000000000 ) ) ;
#2419 = DIRECTION ( 'NONE',  ( 0.000000000000000000, 1.000000000000000000, 0.000000000000000000 ) ) ;
#2420 = VERTEX_POINT ( 'NONE', #3702 ) ;
#2421 = DIRECTION ( 'NONE',  ( -0.000000000000000000, 1.000000000000000000, -0.000000000000000000 ) ) ;
#2422 = ORIENTED_EDGE ( 'NONE', *, *, #4890, .T. ) ;
#2423 = EDGE_CURVE ( 'NONE', #5028, #4797, #3768, .T. ) ;
#2424 = CYLINDRICAL_SURFACE ( 'NONE', #1608, 0.5000000000000000000 ) ;
#2425 = CARTESIAN_POINT ( 'NONE',  ( 25.00000000000001066, 2.299999999999999822, 5.000000000000007994 ) ) ;
#2426 = DIRECTION ( 'NONE',  ( 0.000000000000000000, -1.000000000000000000, 0.000000000000000000 ) ) ;
#2427 = CARTESIAN_POINT ( 'NONE',  ( 12.94999999999999751, 0.000000000000000000, -10.07078063138876622 ) ) ;
#2428 = ORIENTED_EDGE ( 'NONE', *, *, #3397, .T. ) ;
#2429 = ORIENTED_EDGE ( 'NONE', *, *, #4660, .T. ) ;
#2430 = CARTESIAN_POINT ( 'NONE',  ( 6.892358909350245533, 2.600000000000000089, -27.57939378632924843 ) ) ;
#2431 = CARTESIAN_POINT ( 'NONE',  ( 8.800000000000002487, 4.000000000000000000, 5.800000000000003375 ) ) ;
#2432 = EDGE_CURVE ( 'NONE', #5452, #931, #1599, .T. ) ;
#2433 = ORIENTED_EDGE ( 'NONE', *, *, #87, .T. ) ;
#2434 = EDGE_CURVE ( 'NONE', #4029, #3108, #4999, .T. ) ;
#2435 = CIRCLE ( 'NONE', #3493, 0.5000000000000004441 ) ;
#2436 = CYLINDRICAL_SURFACE ( 'NONE', #3541, 3.249999999999999556 ) ;
#2437 = CARTESIAN_POINT ( 'NONE',  ( 18.00000000000001066, -1.808568626610816077, -29.06173769148989550 ) ) ;
#2438 = FACE_OUTER_BOUND ( 'NONE', #5264, .T. ) ;
#2439 = FACE_OUTER_BOUND ( 'NONE', #3367, .T. ) ;
#2440 = DIRECTION ( 'NONE',  ( 0.000000000000000000, 0.000000000000000000, 1.000000000000000000 ) ) ;
#2441 = EDGE_CURVE ( 'NONE', #1455, #5332, #5005, .T. ) ;
#2442 = ORIENTED_EDGE ( 'NONE', *, *, #4462, .F. ) ;
#2443 = VERTEX_POINT ( 'NONE', #4563 ) ;
#2444 = CARTESIAN_POINT ( 'NONE',  ( 9.500000000000007105, 2.600000000000000089, 28.05000000000000071 ) ) ;
#2445 = CARTESIAN_POINT ( 'NONE',  ( 28.00000000000000355, 0.000000000000000000, -23.00000000000000000 ) ) ;
#2446 = ORIENTED_EDGE ( 'NONE', *, *, #4293, .T. ) ;
#2447 = ADVANCED_FACE ( 'NONE', ( #2398 ), #5391, .T. ) ;
#2448 = ORIENTED_EDGE ( 'NONE', *, *, #3595, .T. ) ;
#2449 = LINE ( 'NONE', #2754, #3079 ) ;
#2450 = ORIENTED_EDGE ( 'NONE', *, *, #1997, .T. ) ;
#2451 = PLANE ( 'NONE',  #3637 ) ;
#2452 = DIRECTION ( 'NONE',  ( 0.000000000000000000, 0.000000000000000000, -1.000000000000000000 ) ) ;
#2453 = LINE ( 'NONE', #376, #115 ) ;
#2454 = DIRECTION ( 'NONE',  ( 0.8660254037844422603, 0.000000000000000000, 0.4999999999999938383 ) ) ;
#2455 = VECTOR ( 'NONE', #2842, 1000.000000000000000 ) ;
#2456 = EDGE_CURVE ( 'NONE', #3983, #3134, #653, .T. ) ;
#2457 = ORIENTED_EDGE ( 'NONE', *, *, #1831, .T. ) ;
#2458 = VERTEX_POINT ( 'NONE', #1571 ) ;
#2459 = PLANE ( 'NONE',  #3159 ) ;
#2460 = CIRCLE ( 'NONE', #155, 25.00000000000000711 ) ;
#2461 = DIRECTION ( 'NONE',  ( 0.000000000000000000, 0.000000000000000000, 1.000000000000000000 ) ) ;
#2462 = AXIS2_PLACEMENT_3D ( 'NONE', #2106, #5480, #1692 ) ;
#2463 = AXIS2_PLACEMENT_3D ( 'NONE', #826, #1548, #2877 ) ;
#2464 = VERTEX_POINT ( 'NONE', #1243 ) ;
#2465 = ADVANCED_FACE ( 'NONE', ( #4085 ), #3251, .F. ) ;
#2466 = VECTOR ( 'NONE', #4809, 1000.000000000000000 ) ;
#2467 = DIRECTION ( 'NONE',  ( 0.000000000000000000, 0.000000000000000000, 1.000000000000000000 ) ) ;
#2468 = LINE ( 'NONE', #4204, #1529 ) ;
#2469 = DIRECTION ( 'NONE',  ( 0.8660254037844425934, 0.000000000000000000, 0.4999999999999932832 ) ) ;
#2470 = AXIS2_PLACEMENT_3D ( 'NONE', #5183, #1396, #1421 ) ;
#2471 = VERTEX_POINT ( 'NONE', #2482 ) ;
#2472 = DIRECTION ( 'NONE',  ( 0.000000000000000000, 0.000000000000000000, 1.000000000000000000 ) ) ;
#2473 = VERTEX_POINT ( 'NONE', #4531 ) ;
#2474 = DIRECTION ( 'NONE',  ( 0.000000000000000000, -1.000000000000000000, 0.000000000000000000 ) ) ;
#2475 = ADVANCED_FACE ( 'NONE', ( #290 ), #4169, .F. ) ;
#2476 = CARTESIAN_POINT ( 'NONE',  ( 8.750000000000000000, 4.000000000000000000, -7.899999999999999467 ) ) ;
#2477 = EDGE_LOOP ( 'NONE', ( #409, #642, #1950, #5415 ) ) ;
#2478 = CARTESIAN_POINT ( 'NONE',  ( 10.25000000000000711, 4.000000000000000000, 27.30000000000000071 ) ) ;
#2479 = ORIENTED_EDGE ( 'NONE', *, *, #4988, .T. ) ;
#2480 = CARTESIAN_POINT ( 'NONE',  ( 18.20710678118656389, 3.500000000000007105, -30.00000000000000355 ) ) ;
#2481 = LINE ( 'NONE', #711, #241 ) ;
#2482 = CARTESIAN_POINT ( 'NONE',  ( 4.962358909350262692, 4.000000000000000000, -24.23653572772130005 ) ) ;
#2483 = EDGE_CURVE ( 'NONE', #1741, #4009, #4621, .T. ) ;
#2484 = DIRECTION ( 'NONE',  ( 0.000000000000000000, 1.000000000000000000, 0.000000000000000000 ) ) ;
#2485 = ORIENTED_EDGE ( 'NONE', *, *, #2423, .F. ) ;
#2486 = AXIS2_PLACEMENT_3D ( 'NONE', #836, #3, #504 ) ;
#2487 = ORIENTED_EDGE ( 'NONE', *, *, #4412, .T. ) ;
#2488 = DIRECTION ( 'NONE',  ( 0.000000000000000000, -1.000000000000000000, 0.000000000000000000 ) ) ;
#2489 = DIRECTION ( 'NONE',  ( 0.000000000000000000, 1.000000000000000000, 0.000000000000000000 ) ) ;
#2490 = AXIS2_PLACEMENT_3D ( 'NONE', #2602, #3539, #4056 ) ;
#2491 = CIRCLE ( 'NONE', #980, 0.7500000000000006661 ) ;
#2492 = AXIS2_PLACEMENT_3D ( 'NONE', #4987, #3265, #5315 ) ;
#2493 = VERTEX_POINT ( 'NONE', #4191 ) ;
#2494 = CARTESIAN_POINT ( 'NONE',  ( 16.00000000000001066, 2.299999999999999822, -28.04999999999998650 ) ) ;
#2495 = DIRECTION ( 'NONE',  ( 0.000000000000000000, 0.000000000000000000, 1.000000000000000000 ) ) ;
#2496 = FACE_OUTER_BOUND ( 'NONE', #937, .T. ) ;
#2497 = VERTEX_POINT ( 'NONE', #405 ) ;
#2498 = CARTESIAN_POINT ( 'NONE',  ( 11.50000000000000000, 0.000000000000000000, 2.000000000000000888 ) ) ;
#2499 = CARTESIAN_POINT ( 'NONE',  ( 9.500000000000007105, 2.600000000000000089, 27.30000000000000071 ) ) ;
#2500 = AXIS2_PLACEMENT_3D ( 'NONE', #1519, #4481, #5253 ) ;
#2501 = LINE ( 'NONE', #4296, #3528 ) ;
#2502 = ADVANCED_FACE ( 'NONE', ( #2100 ), #3787, .F. ) ;
#2503 = LINE ( 'NONE', #705, #3585 ) ;
#2504 = AXIS2_PLACEMENT_3D ( 'NONE', #3712, #2913, #2495 ) ;
#2505 = AXIS2_PLACEMENT_3D ( 'NONE', #5322, #2418, #2802 ) ;
#2506 = ORIENTED_EDGE ( 'NONE', *, *, #2735, .T. ) ;
#2507 = LINE ( 'NONE', #4641, #3886 ) ;
#2508 = ADVANCED_FACE ( 'NONE', ( #90 ), #2565, .T. ) ;
#2509 = VERTEX_POINT ( 'NONE', #458 ) ;
#2510 = LINE ( 'NONE', #512, #2140 ) ;
#2511 = DIRECTION ( 'NONE',  ( -5.071510359137166603E-16, 0.000000000000000000, -1.000000000000000000 ) ) ;
#2512 = DIRECTION ( 'NONE',  ( 0.000000000000000000, 0.000000000000000000, 1.000000000000000000 ) ) ;
#2513 = VECTOR ( 'NONE', #3535, 1000.000000000000000 ) ;
#2514 = ORIENTED_EDGE ( 'NONE', *, *, #1700, .T. ) ;
#2515 = ORIENTED_EDGE ( 'NONE', *, *, #2611, .T. ) ;
#2516 = DIRECTION ( 'NONE',  ( -0.000000000000000000, -1.000000000000000000, -0.000000000000000000 ) ) ;
#2517 = LINE ( 'NONE', #4627, #3648 ) ;
#2518 = VECTOR ( 'NONE', #3426, 1000.000000000000000 ) ;
#2519 = ORIENTED_EDGE ( 'NONE', *, *, #4881, .T. ) ;
#2520 = EDGE_CURVE ( 'NONE', #4582, #5001, #3447, .T. ) ;
#2521 = EDGE_CURVE ( 'NONE', #4696, #164, #4303, .T. ) ;
#2522 = CARTESIAN_POINT ( 'NONE',  ( 25.00000000000001066, 2.299999999999999822, 8.250000000000007105 ) ) ;
#2523 = DIRECTION ( 'NONE',  ( -0.000000000000000000, 1.000000000000000000, -0.000000000000000000 ) ) ;
#2524 = VECTOR ( 'NONE', #5359, 1000.000000000000000 ) ;
#2525 = CARTESIAN_POINT ( 'NONE',  ( 28.00000000000001066, 0.000000000000000000, 23.00000000000000355 ) ) ;
#2526 = ADVANCED_FACE ( 'NONE', ( #4646 ), #4725, .F. ) ;
#2527 = CARTESIAN_POINT ( 'NONE',  ( 16.00000000000001066, 0.000000000000000000, 24.95000000000000639 ) ) ;
#2528 = VECTOR ( 'NONE', #2323, 1000.000000000000000 ) ;
#2529 = VERTEX_POINT ( 'NONE', #3057 ) ;
#2530 = DIRECTION ( 'NONE',  ( -0.000000000000000000, 1.000000000000000000, -0.000000000000000000 ) ) ;
#2531 = CIRCLE ( 'NONE', #135, 4.000000000000000000 ) ;
#2532 = CARTESIAN_POINT ( 'NONE',  ( 5.296653233014333217, 2.500000000000000000, -7.564404757133631918 ) ) ;
#2533 = ORIENTED_EDGE ( 'NONE', *, *, #2915, .F. ) ;
#2534 = CARTESIAN_POINT ( 'NONE',  ( 4.168141571295796766, 2.600000000000000089, -23.82905191785766874 ) ) ;
#2535 = EDGE_CURVE ( 'NONE', #4596, #2306, #1362, .T. ) ;
#2536 = ORIENTED_EDGE ( 'NONE', *, *, #1454, .T. ) ;
#2537 = DIRECTION ( 'NONE',  ( 0.000000000000000000, 0.000000000000000000, 1.000000000000000000 ) ) ;
#2538 = CARTESIAN_POINT ( 'NONE',  ( 4.499999999999997335, 4.000000000000000000, 29.50000000000000711 ) ) ;
#2539 = CARTESIAN_POINT ( 'NONE',  ( 21.00000000000001066, 0.000000000000000000, 26.00000000000000355 ) ) ;
#2540 = EDGE_LOOP ( 'NONE', ( #1775, #1982, #1022, #886 ) ) ;
#2541 = CIRCLE ( 'NONE', #3782, 3.249999999999999556 ) ;
#2542 = VERTEX_POINT ( 'NONE', #3390 ) ;
#2543 = DIRECTION ( 'NONE',  ( 0.000000000000000000, 1.000000000000000000, 0.000000000000000000 ) ) ;
#2544 = CARTESIAN_POINT ( 'NONE',  ( 24.00000000000000355, 3.500000000000006661, -23.00000000000000000 ) ) ;
#2545 = DIRECTION ( 'NONE',  ( -0.000000000000000000, 1.000000000000000000, -0.000000000000000000 ) ) ;
#2546 = EDGE_CURVE ( 'NONE', #1560, #1199, #3031, .T. ) ;
#2547 = ORIENTED_EDGE ( 'NONE', *, *, #1303, .T. ) ;
#2548 = CIRCLE ( 'NONE', #153, 6.000000000000005329 ) ;
#2549 = ORIENTED_EDGE ( 'NONE', *, *, #1357, .T. ) ;
#2550 = CARTESIAN_POINT ( 'NONE',  ( 6.531128874149273678, -6.000000000000000000, -28.99999999999999289 ) ) ;
#2551 = CARTESIAN_POINT ( 'NONE',  ( 8.750000000000000000, 2.600000000000000089, 22.69999999999999929 ) ) ;
#2552 = VECTOR ( 'NONE', #5453, 1000.000000000000000 ) ;
#2553 = DIRECTION ( 'NONE',  ( 0.000000000000000000, 0.000000000000000000, 1.000000000000000000 ) ) ;
#2554 = CIRCLE ( 'NONE', #159, 2.200000000000000622 ) ;
#2555 = DIRECTION ( 'NONE',  ( 0.000000000000000000, 1.000000000000000000, -0.000000000000000000 ) ) ;
#2556 = AXIS2_PLACEMENT_3D ( 'NONE', #4910, #1930, #1482 ) ;
#2557 = LINE ( 'NONE', #2919, #3180 ) ;
#2558 = DIRECTION ( 'NONE',  ( 0.000000000000000000, 0.000000000000000000, -1.000000000000000000 ) ) ;
#2559 = CARTESIAN_POINT ( 'NONE',  ( 23.00000000000001066, 2.299999999999999822, -14.99999999999999645 ) ) ;
#2560 = VERTEX_POINT ( 'NONE', #2538 ) ;
#2561 = DIRECTION ( 'NONE',  ( 0.000000000000000000, 0.000000000000000000, -1.000000000000000000 ) ) ;
#2562 = ORIENTED_EDGE ( 'NONE', *, *, #4669, .F. ) ;
#2563 = EDGE_CURVE ( 'NONE', #1094, #4748, #3892, .T. ) ;
#2564 = CARTESIAN_POINT ( 'NONE',  ( 24.00000000000001066, 4.000000000000000000, 26.00000000000000355 ) ) ;
#2565 = PLANE ( 'NONE',  #5441 ) ;
#2566 = DIRECTION ( 'NONE',  ( -0.000000000000000000, -1.000000000000000000, -0.000000000000000000 ) ) ;
#2567 = ORIENTED_EDGE ( 'NONE', *, *, #2593, .F. ) ;
#2568 = EDGE_LOOP ( 'NONE', ( #1379, #1648, #4479, #5067 ) ) ;
#2569 = CARTESIAN_POINT ( 'NONE',  ( 16.00000000000001066, 0.000000000000000000, -26.49999999999999289 ) ) ;
#2570 = CYLINDRICAL_SURFACE ( 'NONE', #502, 3.249999999999999556 ) ;
#2571 = CARTESIAN_POINT ( 'NONE',  ( 3.499999999999995115, 1.250000000000000222, -5.699999999999998401 ) ) ;
#2572 = EDGE_CURVE ( 'NONE', #482, #873, #3480, .T. ) ;
#2573 = VECTOR ( 'NONE', #5258, 1000.000000000000000 ) ;
#2574 = ORIENTED_EDGE ( 'NONE', *, *, #2776, .T. ) ;
#2575 = VERTEX_POINT ( 'NONE', #4698 ) ;
#2576 = ADVANCED_FACE ( 'NONE', ( #4752 ), #5081, .F. ) ;
#2577 = DIRECTION ( 'NONE',  ( -0.000000000000000000, 1.000000000000000000, -0.000000000000000000 ) ) ;
#2578 = DIRECTION ( 'NONE',  ( -2.376333528735352191E-16, 0.000000000000000000, -1.000000000000000000 ) ) ;
#2579 = VECTOR ( 'NONE', #3042, 1000.000000000000000 ) ;
#2580 = CYLINDRICAL_SURFACE ( 'NONE', #1789, 2.200000000000000622 ) ;
#2581 = ADVANCED_FACE ( 'NONE', ( #2590 ), #430, .T. ) ;
#2582 = ORIENTED_EDGE ( 'NONE', *, *, #4800, .T. ) ;
#2583 = DIRECTION ( 'NONE',  ( 0.8660254037844422603, 0.000000000000000000, 0.4999999999999938383 ) ) ;
#2584 = DIRECTION ( 'NONE',  ( -0.000000000000000000, 1.000000000000000000, -0.000000000000000000 ) ) ;
#2585 = ORIENTED_EDGE ( 'NONE', *, *, #5223, .F. ) ;
#2586 = CARTESIAN_POINT ( 'NONE',  ( 8.800000000000002487, 1.250000000000000222, 4.700000000000001954 ) ) ;
#2587 = ADVANCED_FACE ( 'NONE', ( #949, #1766 ), #3816, .T. ) ;
#2588 = ORIENTED_EDGE ( 'NONE', *, *, #3641, .T. ) ;
#2589 = DIRECTION ( 'NONE',  ( 0.000000000000000000, 1.000000000000000000, -0.000000000000000000 ) ) ;
#2590 = FACE_OUTER_BOUND ( 'NONE', #1706, .T. ) ;
#2591 = LINE ( 'NONE', #36, #3405 ) ;
#2592 = CIRCLE ( 'NONE', #3293, 1.500000000000015099 ) ;
#2593 = EDGE_CURVE ( 'NONE', #4799, #4919, #5056, .T. ) ;
#2594 = EDGE_LOOP ( 'NONE', ( #2693, #507, #2394, #2122 ) ) ;
#2595 = ORIENTED_EDGE ( 'NONE', *, *, #1978, .T. ) ;
#2596 = DIRECTION ( 'NONE',  ( 0.000000000000000000, 0.7071067811865426878, -0.7071067811865524577 ) ) ;
#2597 = CARTESIAN_POINT ( 'NONE',  ( 16.00000000000001066, 4.000000000000000000, -26.49999999999999289 ) ) ;
#2598 = CYLINDRICAL_SURFACE ( 'NONE', #1282, 2.200000000000000622 ) ;
#2599 = ORIENTED_EDGE ( 'NONE', *, *, #3071, .T. ) ;
#2600 = ORIENTED_EDGE ( 'NONE', *, *, #1712, .F. ) ;
#2601 = EDGE_CURVE ( 'NONE', #4877, #3000, #63, .T. ) ;
#2602 = CARTESIAN_POINT ( 'NONE',  ( 8.151858428704230164, 4.000000000000000000, -21.52905191785770000 ) ) ;
#2603 = FACE_OUTER_BOUND ( 'NONE', #4161, .T. ) ;
#2604 = ADVANCED_FACE ( 'NONE', ( #2976 ), #4673, .F. ) ;
#2605 = DIRECTION ( 'NONE',  ( 0.000000000000000000, 0.000000000000000000, 1.000000000000000000 ) ) ;
#2606 = CIRCLE ( 'NONE', #1458, 2.200000000000000622 ) ;
#2607 = DIRECTION ( 'NONE',  ( 0.000000000000000000, 0.000000000000000000, 1.000000000000000000 ) ) ;
#2608 = VECTOR ( 'NONE', #944, 1000.000000000000000 ) ;
#2609 = CARTESIAN_POINT ( 'NONE',  ( 7.000000000000003553, 4.000000000000000000, 27.65000000000000213 ) ) ;
#2610 = DIRECTION ( 'NONE',  ( 0.000000000000000000, 0.000000000000000000, 1.000000000000000000 ) ) ;
#2611 = EDGE_CURVE ( 'NONE', #1464, #5238, #1739, .T. ) ;
#2612 = AXIS2_PLACEMENT_3D ( 'NONE', #1825, #459, #906 ) ;
#2613 = VERTEX_POINT ( 'NONE', #117 ) ;
#2614 = CARTESIAN_POINT ( 'NONE',  ( 0.000000000000000000, 4.000000000000000000, 0.000000000000000000 ) ) ;
#2615 = ORIENTED_EDGE ( 'NONE', *, *, #2847, .T. ) ;
#2616 = DIRECTION ( 'NONE',  ( 0.000000000000000000, 0.000000000000000000, 1.000000000000000000 ) ) ;
#2617 = AXIS2_PLACEMENT_3D ( 'NONE', #1730, #5154, #3809 ) ;
#2618 = CARTESIAN_POINT ( 'NONE',  ( 19.00000000000001066, 3.500000000000020428, 28.00000000000000355 ) ) ;
#2619 = DIRECTION ( 'NONE',  ( -0.000000000000000000, -1.000000000000000000, -0.000000000000000000 ) ) ;
#2620 = EDGE_CURVE ( 'NONE', #5443, #3525, #2554, .T. ) ;
#2621 = ORIENTED_EDGE ( 'NONE', *, *, #3410, .T. ) ;
#2622 = ORIENTED_EDGE ( 'NONE', *, *, #269, .T. ) ;
#2623 = FACE_OUTER_BOUND ( 'NONE', #4373, .T. ) ;
#2624 = CARTESIAN_POINT ( 'NONE',  ( 16.64072110592089970, 2.500000000000000000, -7.618984473295815185 ) ) ;
#2625 = DIRECTION ( 'NONE',  ( -0.000000000000000000, -1.000000000000000000, -0.000000000000000000 ) ) ;
#2626 = CIRCLE ( 'NONE', #233, 2.200000000000000622 ) ;
#2627 = VECTOR ( 'NONE', #4067, 1000.000000000000000 ) ;
#2628 = ORIENTED_EDGE ( 'NONE', *, *, #1472, .T. ) ;
#2629 = ORIENTED_EDGE ( 'NONE', *, *, #3530, .F. ) ;
#2630 = DIRECTION ( 'NONE',  ( 0.000000000000000000, 0.000000000000000000, -1.000000000000000000 ) ) ;
#2631 = CARTESIAN_POINT ( 'NONE',  ( 21.00000000000000355, 3.500000000000006661, -27.99999999999999645 ) ) ;
#2632 = EDGE_CURVE ( 'NONE', #1589, #5355, #2361, .T. ) ;
#2633 = CIRCLE ( 'NONE', #3339, 3.249999999999999556 ) ;
#2634 = FACE_OUTER_BOUND ( 'NONE', #1642, .T. ) ;
#2635 = VECTOR ( 'NONE', #2088, 1000.000000000000114 ) ;
#2636 = DIRECTION ( 'NONE',  ( 0.000000000000000000, 0.000000000000000000, 1.000000000000000000 ) ) ;
#2637 = VECTOR ( 'NONE', #3747, 1000.000000000000000 ) ;
#2638 = CIRCLE ( 'NONE', #66, 1.000000000000000888 ) ;
#2639 = CARTESIAN_POINT ( 'NONE',  ( 18.25803874804650917, 0.000000000000000000, 1.511255086133999948 ) ) ;
#2640 = DIRECTION ( 'NONE',  ( 0.000000000000000000, 0.000000000000000000, -1.000000000000000000 ) ) ;
#2641 = CIRCLE ( 'NONE', #4048, 0.5000000000000000000 ) ;
#2642 = ORIENTED_EDGE ( 'NONE', *, *, #2563, .T. ) ;
#2643 = DIRECTION ( 'NONE',  ( 0.000000000000000000, -0.000000000000000000, 1.000000000000000000 ) ) ;
#2644 = VERTEX_POINT ( 'NONE', #2694 ) ;
#2645 = EDGE_CURVE ( 'NONE', #5001, #2380, #1041, .T. ) ;
#2646 = CIRCLE ( 'NONE', #251, 8.999999999999998224 ) ;
#2647 = DIRECTION ( 'NONE',  ( 0.5735764363510443831, 0.000000000000000000, -0.8191520442889931308 ) ) ;
#2648 = CARTESIAN_POINT ( 'NONE',  ( 13.56073781646991172, 2.500000000000000000, -20.79999999999999716 ) ) ;
#2649 = VERTEX_POINT ( 'NONE', #4384 ) ;
#2650 = ORIENTED_EDGE ( 'NONE', *, *, #3479, .F. ) ;
#2651 = PLANE ( 'NONE',  #2992 ) ;
#2652 = CARTESIAN_POINT ( 'NONE',  ( 16.00000000000001066, 2.299999999999999822, -26.49999999999999289 ) ) ;
#2653 = CARTESIAN_POINT ( 'NONE',  ( 27.38363500381079874, 0.000000000000000000, 6.034310117596673351 ) ) ;
#2654 = ORIENTED_EDGE ( 'NONE', *, *, #3814, .F. ) ;
#2655 = VERTEX_POINT ( 'NONE', #3608 ) ;
#2656 = CARTESIAN_POINT ( 'NONE',  ( 19.43694558354465940, 0.000000000000000000, 2.336734539196752891 ) ) ;
#2657 = ORIENTED_EDGE ( 'NONE', *, *, #1522, .F. ) ;
#2658 = FACE_OUTER_BOUND ( 'NONE', #1182, .T. ) ;
#2659 = DIRECTION ( 'NONE',  ( 0.000000000000000000, 0.000000000000000000, 1.000000000000000000 ) ) ;
#2660 = ADVANCED_FACE ( 'NONE', ( #2747 ), #646, .T. ) ;
#2661 = VECTOR ( 'NONE', #5020, 1000.000000000000114 ) ;
#2662 = PLANE ( 'NONE',  #3098 ) ;
#2663 = AXIS2_PLACEMENT_3D ( 'NONE', #1497, #1896, #4847 ) ;
#2664 = CARTESIAN_POINT ( 'NONE',  ( 3.499999999999999556, 3.500000000000006661, -30.00000000000000355 ) ) ;
#2665 = FILL_AREA_STYLE ('',( #1843 ) ) ;
#2666 = ORIENTED_EDGE ( 'NONE', *, *, #3915, .F. ) ;
#2667 = CARTESIAN_POINT ( 'NONE',  ( 25.00000000000001066, 0.000000000000000000, 6.550000000000005151 ) ) ;
#2668 = ORIENTED_EDGE ( 'NONE', *, *, #2441, .F. ) ;
#2669 = ADVANCED_FACE ( 'NONE', ( #2307 ), #3527, .T. ) ;
#2670 = DIRECTION ( 'NONE',  ( 0.4999999999999936717, 0.000000000000000000, -0.8660254037844423713 ) ) ;
#2671 = DIRECTION ( 'NONE',  ( 0.000000000000000000, 0.000000000000000000, 1.000000000000000000 ) ) ;
#2672 = ORIENTED_EDGE ( 'NONE', *, *, #911, .F. ) ;
#2673 = EDGE_CURVE ( 'NONE', #3116, #2926, #3084, .T. ) ;
#2674 = ORIENTED_EDGE ( 'NONE', *, *, #176, .T. ) ;
#2675 = EDGE_LOOP ( 'NONE', ( #4423, #4589, #716, #1638 ) ) ;
#2676 = CARTESIAN_POINT ( 'NONE',  ( 8.107641090649757132, 2.600000000000000089, -22.42060621367073736 ) ) ;
#2677 = DIRECTION ( 'NONE',  ( -1.000000000000000000, 0.000000000000000000, 1.508455196501570246E-15 ) ) ;
#2678 = DIRECTION ( 'NONE',  ( 0.000000000000000000, 0.000000000000000000, -1.000000000000000000 ) ) ;
#2679 = ORIENTED_EDGE ( 'NONE', *, *, #1307, .F. ) ;
#2680 = VERTEX_POINT ( 'NONE', #997 ) ;
#2681 = DIRECTION ( 'NONE',  ( -0.000000000000000000, 1.000000000000000000, -0.000000000000000000 ) ) ;
#2682 = ORIENTED_EDGE ( 'NONE', *, *, #4579, .T. ) ;
#2683 = CARTESIAN_POINT ( 'NONE',  ( 28.00000000000000711, 3.500000000000021316, 7.502191753061306478 ) ) ;
#2684 = EDGE_CURVE ( 'NONE', #5332, #1384, #5025, .T. ) ;
#2685 = ORIENTED_EDGE ( 'NONE', *, *, #1796, .F. ) ;
#2686 = DIRECTION ( 'NONE',  ( -1.000000000000000000, 0.000000000000000000, 0.000000000000000000 ) ) ;
#2687 = DIRECTION ( 'NONE',  ( -1.000000000000000000, 0.000000000000000000, 1.508455196501568866E-15 ) ) ;
#2688 = LINE ( 'NONE', #4407, #4654 ) ;
#2689 = EDGE_CURVE ( 'NONE', #4453, #3052, #4848, .T. ) ;
#2690 = VECTOR ( 'NONE', #797, 1000.000000000000000 ) ;
#2691 = ORIENTED_EDGE ( 'NONE', *, *, #5311, .T. ) ;
#2692 = DIRECTION ( 'NONE',  ( -0.000000000000000000, -1.000000000000000000, -0.000000000000000000 ) ) ;
#2693 = ORIENTED_EDGE ( 'NONE', *, *, #2546, .F. ) ;
#2694 = CARTESIAN_POINT ( 'NONE',  ( 7.866061825025475684, 4.000000000000000000, -20.26085623054218132 ) ) ;
#2695 = VECTOR ( 'NONE', #1710, 1000.000000000000000 ) ;
#2696 = DIRECTION ( 'NONE',  ( 0.000000000000000000, 1.000000000000000000, 0.000000000000000000 ) ) ;
#2697 = EDGE_CURVE ( 'NONE', #1890, #4453, #2638, .T. ) ;
#2698 = ORIENTED_EDGE ( 'NONE', *, *, #698, .F. ) ;
#2699 = AXIS2_PLACEMENT_3D ( 'NONE', #2770, #4461, #612 ) ;
#2700 = EDGE_LOOP ( 'NONE', ( #4118, #4663, #2292, #800 ) ) ;
#2701 = LINE ( 'NONE', #4389, #4850 ) ;
#2702 = CARTESIAN_POINT ( 'NONE',  ( 8.800000000000002487, -0.8612698372208114073, 17.10000000000000497 ) ) ;
#2703 = LINE ( 'NONE', #5224, #2250 ) ;
#2704 = EDGE_LOOP ( 'NONE', ( #1404, #2164, #3365, #3274 ) ) ;
#2705 = ORIENTED_EDGE ( 'NONE', *, *, #4311, .T. ) ;
#2706 = CYLINDRICAL_SURFACE ( 'NONE', #3908, 0.5000000000000004441 ) ;
#2707 = DIRECTION ( 'NONE',  ( 1.000000000000000000, 0.000000000000000000, -0.000000000000000000 ) ) ;
#2708 = EDGE_CURVE ( 'NONE', #3065, #1494, #5241, .T. ) ;
#2709 = VECTOR ( 'NONE', #3193, 1000.000000000000000 ) ;
#2710 = ORIENTED_EDGE ( 'NONE', *, *, #1289, .F. ) ;
#2711 = FACE_OUTER_BOUND ( 'NONE', #4075, .T. ) ;
#2712 = CYLINDRICAL_SURFACE ( 'NONE', #2663, 1.100000000000001199 ) ;
#2713 = CARTESIAN_POINT ( 'NONE',  ( 21.00000000000000355, 3.500000000000006661, -26.00000000000000000 ) ) ;
#2714 = CARTESIAN_POINT ( 'NONE',  ( 8.750000000000007105, 2.600000000000000089, 27.30000000000000426 ) ) ;
#2715 = FACE_OUTER_BOUND ( 'NONE', #4224, .T. ) ;
#2716 = VERTEX_POINT ( 'NONE', #588 ) ;
#2717 = DIRECTION ( 'NONE',  ( -0.000000000000000000, -1.000000000000000000, -0.000000000000000000 ) ) ;
#2718 = CIRCLE ( 'NONE', #65, 2.999999999999999112 ) ;
#2719 = ORIENTED_EDGE ( 'NONE', *, *, #837, .T. ) ;
#2720 = AXIS2_PLACEMENT_3D ( 'NONE', #1980, #733, #367 ) ;
#2721 = CARTESIAN_POINT ( 'NONE',  ( 2.499999999999999556, 3.499999999999999556, -30.99999999999999645 ) ) ;
#2722 = LINE ( 'NONE', #4416, #489 ) ;
#2723 = AXIS2_PLACEMENT_3D ( 'NONE', #4951, #4598, #4173 ) ;
#2724 = VECTOR ( 'NONE', #2953, 1000.000000000000000 ) ;
#2725 = ORIENTED_EDGE ( 'NONE', *, *, #2239, .T. ) ;
#2726 = AXIS2_PLACEMENT_3D ( 'NONE', #3035, #4309, #546 ) ;
#2727 = ORIENTED_EDGE ( 'NONE', *, *, #732, .T. ) ;
#2728 = DIRECTION ( 'NONE',  ( 0.000000000000000000, 0.000000000000000000, -1.000000000000000000 ) ) ;
#2729 = DIRECTION ( 'NONE',  ( 0.000000000000000000, 1.000000000000000000, 0.000000000000000000 ) ) ;
#2730 = CARTESIAN_POINT ( 'NONE',  ( 19.00000000000001066, 0.000000000000000000, 28.00000000000000355 ) ) ;
#2731 = VECTOR ( 'NONE', #3467, 1000.000000000000000 ) ;
#2732 = VERTEX_POINT ( 'NONE', #1902 ) ;
#2733 = ORIENTED_EDGE ( 'NONE', *, *, #2056, .F. ) ;
#2734 = DIRECTION ( 'NONE',  ( 0.000000000000000000, -1.000000000000000000, 0.000000000000000000 ) ) ;
#2735 = EDGE_CURVE ( 'NONE', #5010, #1728, #5194, .T. ) ;
#2736 = VERTEX_POINT ( 'NONE', #617 ) ;
#2737 = EDGE_CURVE ( 'NONE', #70, #3313, #1927, .T. ) ;
#2738 = FACE_BOUND ( 'NONE', #4419, .T. ) ;
#2739 = CARTESIAN_POINT ( 'NONE',  ( 7.499999999999996447, 1.000000000000000000, -27.64999999999999147 ) ) ;
#2740 = LINE ( 'NONE', #1920, #2608 ) ;
#2741 = DIRECTION ( 'NONE',  ( -0.000000000000000000, -1.000000000000000000, -0.000000000000000000 ) ) ;
#2742 = CARTESIAN_POINT ( 'NONE',  ( 4.000000000000000000, 4.000000000000000000, -24.16976710787182725 ) ) ;
#2743 = CIRCLE ( 'NONE', #1253, 1.000000000000000888 ) ;
#2744 = AXIS2_PLACEMENT_3D ( 'NONE', #483, #3446, #1343 ) ;
#2745 = EDGE_LOOP ( 'NONE', ( #3080, #1304 ) ) ;
#2746 = ORIENTED_EDGE ( 'NONE', *, *, #371, .F. ) ;
#2747 = FACE_OUTER_BOUND ( 'NONE', #1270, .T. ) ;
#2748 = LINE ( 'NONE', #4047, #4902 ) ;
#2749 = VECTOR ( 'NONE', #2630, 1000.000000000000000 ) ;
#2750 = VECTOR ( 'NONE', #2659, 1000.000000000000000 ) ;
#2751 = AXIS2_PLACEMENT_3D ( 'NONE', #4958, #4899, #1164 ) ;
#2752 = ADVANCED_FACE ( 'NONE', ( #3130 ), #1505, .T. ) ;
#2753 = ORIENTED_EDGE ( 'NONE', *, *, #3317, .T. ) ;
#2754 = CARTESIAN_POINT ( 'NONE',  ( 3.499999999999995115, 4.000000000000000000, -5.699999999999998401 ) ) ;
#2755 = ORIENTED_EDGE ( 'NONE', *, *, #1237, .T. ) ;
#2756 = DIRECTION ( 'NONE',  ( 0.000000000000000000, 0.000000000000000000, 1.000000000000000000 ) ) ;
#2757 = DIRECTION ( 'NONE',  ( -0.000000000000000000, 1.000000000000000000, -0.000000000000000000 ) ) ;
#2758 = DIRECTION ( 'NONE',  ( 0.000000000000000000, 0.000000000000000000, 1.000000000000000000 ) ) ;
#2759 = ADVANCED_FACE ( 'NONE', ( #4878 ), #1083, .T. ) ;
#2760 = EDGE_LOOP ( 'NONE', ( #3612, #2889 ) ) ;
#2761 = ORIENTED_EDGE ( 'NONE', *, *, #4708, .F. ) ;
#2762 = EDGE_LOOP ( 'NONE', ( #4495, #5451, #4832, #4942 ) ) ;
#2763 = CARTESIAN_POINT ( 'NONE',  ( 7.000000000000003553, 1.000000000000000000, 22.35000000000000142 ) ) ;
#2764 = ORIENTED_EDGE ( 'NONE', *, *, #2689, .T. ) ;
#2765 = EDGE_CURVE ( 'NONE', #4843, #2037, #1879, .T. ) ;
#2766 = CARTESIAN_POINT ( 'NONE',  ( 19.07623043105869698, 0.000000000000000000, -7.051804871083221293 ) ) ;
#2767 = DIRECTION ( 'NONE',  ( -0.000000000000000000, 1.000000000000000000, 0.000000000000000000 ) ) ;
#2768 = LINE ( 'NONE', #2383, #2627 ) ;
#2769 = ADVANCED_FACE ( 'NONE', ( #4469 ), #1026, .T. ) ;
#2770 = CARTESIAN_POINT ( 'NONE',  ( 16.00000000000001066, 0.000000000000000000, 26.50000000000000355 ) ) ;
#2771 = AXIS2_PLACEMENT_3D ( 'NONE', #1987, #1794, #1345 ) ;
#2772 = CYLINDRICAL_SURFACE ( 'NONE', #774, 0.7500000000000006661 ) ;
#2773 = ORIENTED_EDGE ( 'NONE', *, *, #5396, .T. ) ;
#2774 = ORIENTED_EDGE ( 'NONE', *, *, #4153, .T. ) ;
#2775 = CARTESIAN_POINT ( 'NONE',  ( 8.107641090649757132, 2.600000000000000089, -22.42060621367073381 ) ) ;
#2776 = EDGE_CURVE ( 'NONE', #5073, #292, #2460, .T. ) ;
#2777 = CARTESIAN_POINT ( 'NONE',  ( 13.50000000000001243, 3.500000000000006661, 30.00000000000000355 ) ) ;
#2778 = AXIS2_PLACEMENT_3D ( 'NONE', #3645, #1937, #182 ) ;
#2779 = VERTEX_POINT ( 'NONE', #4610 ) ;
#2780 = DIRECTION ( 'NONE',  ( 0.000000000000000000, 0.000000000000000000, 1.000000000000000000 ) ) ;
#2781 = VERTEX_POINT ( 'NONE', #255 ) ;
#2782 = LINE ( 'NONE', #151, #2466 ) ;
#2783 = CIRCLE ( 'NONE', #1650, 3.249999999999999556 ) ;
#2784 = DIRECTION ( 'NONE',  ( -0.000000000000000000, -1.000000000000000000, -0.000000000000000000 ) ) ;
#2785 = EDGE_CURVE ( 'NONE', #1483, #1938, #5110, .T. ) ;
#2786 = LINE ( 'NONE', #4007, #4018 ) ;
#2787 = VECTOR ( 'NONE', #2151, 1000.000000000000000 ) ;
#2788 = CIRCLE ( 'NONE', #580, 6.000000000000003553 ) ;
#2789 = ORIENTED_EDGE ( 'NONE', *, *, #4462, .T. ) ;
#2790 = ORIENTED_EDGE ( 'NONE', *, *, #878, .F. ) ;
#2791 = CARTESIAN_POINT ( 'NONE',  ( 22.23018100228647853, 2.500000000000000000, 9.107079528758690756 ) ) ;
#2792 = CIRCLE ( 'NONE', #1102, 1.600000000000000755 ) ;
#2793 = EDGE_LOOP ( 'NONE', ( #659, #2790, #3054, #5300 ) ) ;
#2794 = CARTESIAN_POINT ( 'NONE',  ( 22.27745760031749711, 0.000000000000000000, 2.069511494318579725 ) ) ;
#2795 = DIRECTION ( 'NONE',  ( 0.000000000000000000, 0.000000000000000000, 1.000000000000000000 ) ) ;
#2796 = DIRECTION ( 'NONE',  ( 0.000000000000000000, 0.000000000000000000, -1.000000000000000000 ) ) ;
#2797 = EDGE_CURVE ( 'NONE', #4009, #1494, #3663, .T. ) ;
#2798 = DIRECTION ( 'NONE',  ( -0.000000000000000000, -1.000000000000000000, -0.000000000000000000 ) ) ;
#2799 = DIRECTION ( 'NONE',  ( -0.7071067811865474617, -0.7071067811865474617, 0.000000000000000000 ) ) ;
#2800 = ORIENTED_EDGE ( 'NONE', *, *, #3857, .T. ) ;
#2801 = VERTEX_POINT ( 'NONE', #5413 ) ;
#2802 = DIRECTION ( 'NONE',  ( 0.000000000000000000, 0.000000000000000000, -1.000000000000000000 ) ) ;
#2803 = EDGE_CURVE ( 'NONE', #2861, #533, #1202, .T. ) ;
#2804 = CARTESIAN_POINT ( 'NONE',  ( 24.00000000000001066, 3.500000000000020428, 23.00000000000000355 ) ) ;
#2805 = VECTOR ( 'NONE', #2799, 1000.000000000000114 ) ;
#2806 = AXIS2_PLACEMENT_3D ( 'NONE', #2282, #4829, #974 ) ;
#2807 = EDGE_LOOP ( 'NONE', ( #871, #3510, #1055, #769 ) ) ;
#2808 = ADVANCED_FACE ( 'NONE', ( #5381 ), #1807, .T. ) ;
#2809 = DIRECTION ( 'NONE',  ( 0.000000000000000000, 0.000000000000000000, 1.000000000000000000 ) ) ;
#2810 = CIRCLE ( 'NONE', #1036, 4.000000000000000888 ) ;
#2811 = ORIENTED_EDGE ( 'NONE', *, *, #2593, .T. ) ;
#2812 = DIRECTION ( 'NONE',  ( 0.000000000000000000, 0.000000000000000000, -1.000000000000000000 ) ) ;
#2813 = DIRECTION ( 'NONE',  ( 0.000000000000000000, 1.000000000000000000, 0.000000000000000000 ) ) ;
#2814 = VECTOR ( 'NONE', #15, 1000.000000000000000 ) ;
#2815 = CARTESIAN_POINT ( 'NONE',  ( 26.00000000000000355, 0.000000000000000000, -20.99999999999999645 ) ) ;
#2816 = DIRECTION ( 'NONE',  ( 0.000000000000000000, 0.000000000000000000, 1.000000000000000000 ) ) ;
#2817 = AXIS2_PLACEMENT_3D ( 'NONE', #1859, #4447, #1885 ) ;
#2818 = ORIENTED_EDGE ( 'NONE', *, *, #2951, .F. ) ;
#2819 = ORIENTED_EDGE ( 'NONE', *, *, #441, .T. ) ;
#2820 = ORIENTED_EDGE ( 'NONE', *, *, #3090, .F. ) ;
#2821 = CARTESIAN_POINT ( 'NONE',  ( 21.00000000000000355, 0.000000000000000000, -29.99999999999999289 ) ) ;
#2822 = CARTESIAN_POINT ( 'NONE',  ( 16.00000000000001066, 2.299999999999999822, 26.50000000000000355 ) ) ;
#2823 =( GEOMETRIC_REPRESENTATION_CONTEXT ( 3 ) GLOBAL_UNCERTAINTY_ASSIGNED_CONTEXT ( ( #778 ) ) GLOBAL_UNIT_ASSIGNED_CONTEXT ( ( #1053, #4411, #3633 ) ) REPRESENTATION_CONTEXT ( 'NONE', 'WORKASPACE' ) );
#2824 = CIRCLE ( 'NONE', #4106, 1.100000000000001199 ) ;
#2825 = VERTEX_POINT ( 'NONE', #4583 ) ;
#2826 = EDGE_CURVE ( 'NONE', #1199, #2306, #4497, .T. ) ;
#2827 = FACE_OUTER_BOUND ( 'NONE', #53, .T. ) ;
#2828 = DIRECTION ( 'NONE',  ( 0.000000000000000000, 0.000000000000000000, 1.000000000000000000 ) ) ;
#2829 = DIRECTION ( 'NONE',  ( 1.000000000000000000, 0.000000000000000000, 0.000000000000000000 ) ) ;
#2830 = DIRECTION ( 'NONE',  ( 0.000000000000000000, 0.000000000000000000, 1.000000000000000000 ) ) ;
#2831 = EDGE_CURVE ( 'NONE', #1805, #4453, #311, .T. ) ;
#2832 = CARTESIAN_POINT ( 'NONE',  ( 28.00000000000001066, 3.500000000000020428, 23.00000000000000355 ) ) ;
#2833 = VERTEX_POINT ( 'NONE', #1534 ) ;
#2834 = ORIENTED_EDGE ( 'NONE', *, *, #306, .F. ) ;
#2835 = CARTESIAN_POINT ( 'NONE',  ( 10.79999999999999893, 2.500000000000000000, 20.75060438757617831 ) ) ;
#2836 = CARTESIAN_POINT ( 'NONE',  ( 11.50000000000000000, 0.000000000000000000, 2.000000000000000888 ) ) ;
#2837 = ORIENTED_EDGE ( 'NONE', *, *, #2986, .F. ) ;
#2838 = LINE ( 'NONE', #651, #5472 ) ;
#2839 = ADVANCED_FACE ( 'NONE', ( #1954 ), #2041, .F. ) ;
#2840 = ORIENTED_EDGE ( 'NONE', *, *, #5014, .F. ) ;
#2841 = FACE_OUTER_BOUND ( 'NONE', #3340, .T. ) ;
#2842 = DIRECTION ( 'NONE',  ( -0.000000000000000000, 1.000000000000000000, -0.000000000000000000 ) ) ;
#2843 = VECTOR ( 'NONE', #1841, 1000.000000000000000 ) ;
#2844 = VECTOR ( 'NONE', #10, 1000.000000000000000 ) ;
#2845 = DIRECTION ( 'NONE',  ( -0.4999999999999932276, 0.000000000000000000, 0.8660254037844425934 ) ) ;
#2846 = DIRECTION ( 'NONE',  ( 0.000000000000000000, -1.000000000000000000, 0.000000000000000000 ) ) ;
#2847 = EDGE_CURVE ( 'NONE', #4234, #408, #1943, .T. ) ;
#2848 = VERTEX_POINT ( 'NONE', #2067 ) ;
#2849 = ORIENTED_EDGE ( 'NONE', *, *, #1873, .F. ) ;
#2850 = FACE_OUTER_BOUND ( 'NONE', #4380, .T. ) ;
#2851 = DIRECTION ( 'NONE',  ( 0.000000000000000000, 1.000000000000000000, 0.000000000000000000 ) ) ;
#2852 = CIRCLE ( 'NONE', #4880, 0.5000000000000004441 ) ;
#2853 = VERTEX_POINT ( 'NONE', #1114 ) ;
#2854 = CARTESIAN_POINT ( 'NONE',  ( 25.00000000000001066, 2.299999999999999822, 5.000000000000007994 ) ) ;
#2855 = DIRECTION ( 'NONE',  ( 1.000000000000000000, 0.000000000000000000, 0.000000000000000000 ) ) ;
#2856 = CYLINDRICAL_SURFACE ( 'NONE', #1067, 2.200000000000000622 ) ;
#2857 = EDGE_CURVE ( 'NONE', #526, #3734, #4046, .T. ) ;
#2858 = CARTESIAN_POINT ( 'NONE',  ( 27.50000000000000711, 4.000000000000000000, 2.204915028125265852 ) ) ;
#2859 = LINE ( 'NONE', #2527, #5371 ) ;
#2860 = AXIS2_PLACEMENT_3D ( 'NONE', #3879, #80, #1778 ) ;
#2861 = VERTEX_POINT ( 'NONE', #2444 ) ;
#2862 = EDGE_LOOP ( 'NONE', ( #3324, #1593, #1798, #5478 ) ) ;
#2863 = EDGE_CURVE ( 'NONE', #2497, #4917, #2070, .T. ) ;
#2864 = DIRECTION ( 'NONE',  ( -0.000000000000000000, -1.000000000000000000, -0.000000000000000000 ) ) ;
#2865 = CARTESIAN_POINT ( 'NONE',  ( 18.00000000000001066, -1.808568626610816077, 29.06173769148989550 ) ) ;
#2866 = AXIS2_PLACEMENT_3D ( 'NONE', #2822, #1967, #2377 ) ;
#2867 = ORIENTED_EDGE ( 'NONE', *, *, #3006, .T. ) ;
#2868 = DIRECTION ( 'NONE',  ( 0.000000000000000000, 0.000000000000000000, 1.000000000000000000 ) ) ;
#2869 = ORIENTED_EDGE ( 'NONE', *, *, #2020, .T. ) ;
#2870 = DIRECTION ( 'NONE',  ( 0.000000000000000000, 0.000000000000000000, 1.000000000000000000 ) ) ;
#2871 = DIRECTION ( 'NONE',  ( -0.8660254037844423713, 0.000000000000000000, -0.4999999999999936162 ) ) ;
#2872 = DIRECTION ( 'NONE',  ( -0.000000000000000000, -1.000000000000000000, -0.000000000000000000 ) ) ;
#2873 = DIRECTION ( 'NONE',  ( 0.000000000000000000, 0.000000000000000000, 1.000000000000000000 ) ) ;
#2874 = EDGE_CURVE ( 'NONE', #1663, #3295, #815, .T. ) ;
#2875 = ORIENTED_EDGE ( 'NONE', *, *, #884, .T. ) ;
#2876 = ORIENTED_EDGE ( 'NONE', *, *, #2095, .F. ) ;
#2877 = DIRECTION ( 'NONE',  ( 0.000000000000000000, 0.000000000000000000, -1.000000000000000000 ) ) ;
#2878 = AXIS2_PLACEMENT_3D ( 'NONE', #4795, #991, #3823 ) ;
#2879 = DIRECTION ( 'NONE',  ( 0.000000000000000000, 1.000000000000000000, 0.000000000000000000 ) ) ;
#2880 = AXIS2_PLACEMENT_3D ( 'NONE', #5186, #538, #3032 ) ;
#2881 = ORIENTED_EDGE ( 'NONE', *, *, #5379, .T. ) ;
#2882 = ADVANCED_FACE ( 'NONE', ( #4967 ), #1171, .F. ) ;
#2883 = CARTESIAN_POINT ( 'NONE',  ( 19.43694558354466295, 2.500000000000000000, 2.336734539196755112 ) ) ;
#2884 = DIRECTION ( 'NONE',  ( 0.000000000000000000, 0.000000000000000000, 1.000000000000000000 ) ) ;
#2885 = UNCERTAINTY_MEASURE_WITH_UNIT (LENGTH_MEASURE( 1.000000000000000082E-05 ), #3154, 'distance_accuracy_value', 'NONE');
#2886 = CARTESIAN_POINT ( 'NONE',  ( 16.00000000000001066, 2.299999999999999822, -24.94999999999999574 ) ) ;
#2887 = DIRECTION ( 'NONE',  ( -0.000000000000000000, 1.000000000000000000, -0.000000000000000000 ) ) ;
#2888 = CARTESIAN_POINT ( 'NONE',  ( 26.00000000000001066, 0.000000000000000000, 21.00000000000000355 ) ) ;
#2889 = ORIENTED_EDGE ( 'NONE', *, *, #5380, .T. ) ;
#2890 = ORIENTED_EDGE ( 'NONE', *, *, #2929, .F. ) ;
#2891 = CARTESIAN_POINT ( 'NONE',  ( 9.500000000000007105, 2.600000000000000089, 28.05000000000000071 ) ) ;
#2892 = LINE ( 'NONE', #4968, #2260 ) ;
#2893 = CIRCLE ( 'NONE', #5017, 2.199999999999999734 ) ;
#2894 = ORIENTED_EDGE ( 'NONE', *, *, #743, .F. ) ;
#2895 = LINE ( 'NONE', #791, #3441 ) ;
#2896 = ORIENTED_EDGE ( 'NONE', *, *, #2066, .F. ) ;
#2897 = CARTESIAN_POINT ( 'NONE',  ( 16.00000000000001066, 0.000000000000000000, -26.49999999999999289 ) ) ;
#2898 = DIRECTION ( 'NONE',  ( 0.000000000000000000, 0.000000000000000000, 1.000000000000000000 ) ) ;
#2899 = CARTESIAN_POINT ( 'NONE',  ( 18.00000000000001066, -1.808568626610816077, -29.29508497187473282 ) ) ;
#2900 = LINE ( 'NONE', #1212, #5170 ) ;
#2901 = AXIS2_PLACEMENT_3D ( 'NONE', #4561, #766, #2016 ) ;
#2902 = VERTEX_POINT ( 'NONE', #2835 ) ;
#2903 = CIRCLE ( 'NONE', #2373, 2.200000000000000622 ) ;
#2904 = ORIENTED_EDGE ( 'NONE', *, *, #3435, .F. ) ;
#2905 = AXIS2_PLACEMENT_3D ( 'NONE', #4518, #5434, #5459 ) ;
#2906 = CARTESIAN_POINT ( 'NONE',  ( 11.49999999999999289, 2.500000000000000000, -2.000000000000000000 ) ) ;
#2907 = CARTESIAN_POINT ( 'NONE',  ( 22.90673953227155479, 2.500000000000000000, 1.020975544904873855 ) ) ;
#2908 = CIRCLE ( 'NONE', #3704, 1.600000000000000755 ) ;
#2909 = ORIENTED_EDGE ( 'NONE', *, *, #2400, .T. ) ;
#2910 = EDGE_CURVE ( 'NONE', #3108, #599, #4523, .T. ) ;
#2911 = CIRCLE ( 'NONE', #1857, 1.549999999999995826 ) ;
#2912 = CARTESIAN_POINT ( 'NONE',  ( 17.01668019104464946, 2.500000000000000000, -10.80634763949192845 ) ) ;
#2913 = DIRECTION ( 'NONE',  ( 0.000000000000000000, 1.000000000000000000, 0.000000000000000000 ) ) ;
#2914 = LINE ( 'NONE', #754, #407 ) ;
#2915 = EDGE_CURVE ( 'NONE', #3002, #4115, #1533, .T. ) ;
#2916 = AXIS2_PLACEMENT_3D ( 'NONE', #309, #1475, #224 ) ;
#2917 = ORIENTED_EDGE ( 'NONE', *, *, #941, .F. ) ;
#2918 = DIRECTION ( 'NONE',  ( 0.000000000000000000, -1.000000000000000000, 0.000000000000000000 ) ) ;
#2919 = CARTESIAN_POINT ( 'NONE',  ( 8.750000000000000000, -0.8612698372208114073, -7.899999999999999467 ) ) ;
#2920 = DIRECTION ( 'NONE',  ( 0.000000000000000000, 1.000000000000000000, 0.000000000000000000 ) ) ;
#2921 = PLANE ( 'NONE',  #1383 ) ;
#2922 = ORIENTED_EDGE ( 'NONE', *, *, #2572, .F. ) ;
#2923 = LINE ( 'NONE', #454, #4941 ) ;
#2924 = VERTEX_POINT ( 'NONE', #5153 ) ;
#2925 = CARTESIAN_POINT ( 'NONE',  ( 10.79999999999999893, 2.500000000000000000, 0.000000000000000000 ) ) ;
#2926 = VERTEX_POINT ( 'NONE', #4272 ) ;
#2927 = DIRECTION ( 'NONE',  ( -1.000000000000000000, 0.000000000000000000, -0.000000000000000000 ) ) ;
#2928 = PLANE ( 'NONE',  #125 ) ;
#2929 = EDGE_CURVE ( 'NONE', #4181, #2644, #5152, .T. ) ;
#2930 = ORIENTED_EDGE ( 'NONE', *, *, #1726, .T. ) ;
#2931 = VECTOR ( 'NONE', #2319, 1000.000000000000000 ) ;
#2932 = VERTEX_POINT ( 'NONE', #1678 ) ;
#2933 = DIRECTION ( 'NONE',  ( 0.000000000000000000, 0.000000000000000000, 1.000000000000000000 ) ) ;
#2934 = CARTESIAN_POINT ( 'NONE',  ( 7.000000000000003553, 4.000000000000000000, 25.00000000000000000 ) ) ;
#2935 = EDGE_CURVE ( 'NONE', #238, #2267, #3025, .T. ) ;
#2936 = VECTOR ( 'NONE', #3376, 1000.000000000000000 ) ;
#2937 = ORIENTED_EDGE ( 'NONE', *, *, #3542, .F. ) ;
#2938 = LINE ( 'NONE', #4236, #898 ) ;
#2939 = CARTESIAN_POINT ( 'NONE',  ( 27.16666666666667496, 4.000000000000000000, 7.422406975624783243 ) ) ;
#2940 = DIRECTION ( 'NONE',  ( 0.000000000000000000, 1.000000000000000000, 0.000000000000000000 ) ) ;
#2941 = ADVANCED_FACE ( 'NONE', ( #4 ), #3383, .F. ) ;
#2942 = CARTESIAN_POINT ( 'NONE',  ( 26.00000000000001066, 0.000000000000000000, 23.00000000000000355 ) ) ;
#2943 = LINE ( 'NONE', #864, #4957 ) ;
#2944 = VECTOR ( 'NONE', #4010, 1000.000000000000000 ) ;
#2945 = CARTESIAN_POINT ( 'NONE',  ( 3.499999999999999556, 3.500000000000006661, -23.48833672784351023 ) ) ;
#2946 = DIRECTION ( 'NONE',  ( 0.000000000000000000, 0.000000000000000000, -1.000000000000000000 ) ) ;
#2947 = PRODUCT_DEFINITION_SHAPE ( 'NONE', 'NONE',  #3288 ) ;
#2948 = ORIENTED_EDGE ( 'NONE', *, *, #1931, .F. ) ;
#2949 = DIRECTION ( 'NONE',  ( 0.000000000000000000, -1.000000000000000000, 0.000000000000000000 ) ) ;
#2950 = ORIENTED_EDGE ( 'NONE', *, *, #3857, .F. ) ;
#2951 = EDGE_CURVE ( 'NONE', #3116, #4843, #866, .T. ) ;
#2952 = DIRECTION ( 'NONE',  ( 0.000000000000000000, 0.000000000000000000, -1.000000000000000000 ) ) ;
#2953 = DIRECTION ( 'NONE',  ( -0.000000000000000000, 1.000000000000000000, -0.000000000000000000 ) ) ;
#2954 = DIRECTION ( 'NONE',  ( 0.000000000000000000, 0.000000000000000000, -1.000000000000000000 ) ) ;
#2955 = EDGE_LOOP ( 'NONE', ( #1157, #245, #2092, #3860 ) ) ;
#2956 = EDGE_LOOP ( 'NONE', ( #5268, #2401, #48, #902 ) ) ;
#2957 = LINE ( 'NONE', #2156, #1765 ) ;
#2958 = CARTESIAN_POINT ( 'NONE',  ( 18.00000000000001066, 4.000000000000000000, 29.29508497187474347 ) ) ;
#2959 = CIRCLE ( 'NONE', #4554, 0.7500000000000006661 ) ;
#2960 = VERTEX_POINT ( 'NONE', #2969 ) ;
#2961 = CARTESIAN_POINT ( 'NONE',  ( 27.38363500381079874, 2.500000000000000000, 6.034310117596673351 ) ) ;
#2962 = FACE_OUTER_BOUND ( 'NONE', #4720, .T. ) ;
#2963 = AXIS2_PLACEMENT_3D ( 'NONE', #5242, #256, #618 ) ;
#2964 = LINE ( 'NONE', #5070, #2635 ) ;
#2965 = CARTESIAN_POINT ( 'NONE',  ( 21.00000000000001066, 0.000000000000000000, 30.00000000000000711 ) ) ;
#2966 = VECTOR ( 'NONE', #3965, 1000.000000000000000 ) ;
#2967 = DIRECTION ( 'NONE',  ( -0.000000000000000000, -1.000000000000000000, -0.000000000000000000 ) ) ;
#2968 = EDGE_CURVE ( 'NONE', #1024, #2473, #2501, .T. ) ;
#2969 = CARTESIAN_POINT ( 'NONE',  ( 22.22504112484965333, 2.500000000000000000, 2.119096801136108876 ) ) ;
#2970 = CARTESIAN_POINT ( 'NONE',  ( 24.00000000000001066, 4.000000000000000000, 22.50000000000002487 ) ) ;
#2971 = EDGE_LOOP ( 'NONE', ( #4386, #1926, #3591, #817 ) ) ;
#2972 = DIRECTION ( 'NONE',  ( 1.508455196501568866E-15, 0.000000000000000000, 1.000000000000000000 ) ) ;
#2973 = EDGE_LOOP ( 'NONE', ( #1287, #793, #3289, #2144 ) ) ;
#2974 = PLANE ( 'NONE',  #4256 ) ;
#2975 = EDGE_CURVE ( 'NONE', #2932, #543, #3350, .T. ) ;
#2976 = FACE_OUTER_BOUND ( 'NONE', #2366, .T. ) ;
#2977 = CARTESIAN_POINT ( 'NONE',  ( 3.499999999999999556, -6.000000000000000000, 29.00000000000000000 ) ) ;
#2978 = EDGE_CURVE ( 'NONE', #4953, #5188, #166, .T. ) ;
#2979 = ORIENTED_EDGE ( 'NONE', *, *, #607, .F. ) ;
#2980 = AXIS2_PLACEMENT_3D ( 'NONE', #957, #3477, #1830 ) ;
#2981 = ORIENTED_EDGE ( 'NONE', *, *, #2673, .T. ) ;
#2982 = CARTESIAN_POINT ( 'NONE',  ( 18.50000000000001066, 2.299999999999999822, 29.29508497187474347 ) ) ;
#2983 = DIRECTION ( 'NONE',  ( 0.000000000000000000, -1.000000000000000000, 0.000000000000000000 ) ) ;
#2984 = EDGE_CURVE ( 'NONE', #2716, #758, #4664, .T. ) ;
#2985 = CARTESIAN_POINT ( 'NONE',  ( 28.00000000000000711, 2.299999999999999822, 2.204915028125264076 ) ) ;
#2986 = EDGE_CURVE ( 'NONE', #238, #4394, #1409, .T. ) ;
#2987 = EDGE_LOOP ( 'NONE', ( #4255, #2642, #1575, #3482 ) ) ;
#2988 = AXIS2_PLACEMENT_3D ( 'NONE', #2888, #1701, #1587 ) ;
#2989 = EDGE_LOOP ( 'NONE', ( #2733, #4286, #4061, #2710 ) ) ;
#2990 = CYLINDRICAL_SURFACE ( 'NONE', #363, 1.100000000000001199 ) ;
#2991 = DIRECTION ( 'NONE',  ( 0.000000000000000000, 0.000000000000000000, 1.000000000000000000 ) ) ;
#2992 = AXIS2_PLACEMENT_3D ( 'NONE', #3010, #2596, #2181 ) ;
#2993 = EDGE_CURVE ( 'NONE', #587, #5091, #1139, .T. ) ;
#2994 = CARTESIAN_POINT ( 'NONE',  ( 14.00000000000001066, 3.707106781186547906, -29.79289321881344677 ) ) ;
#2995 = CIRCLE ( 'NONE', #3882, 0.5000000000000004441 ) ;
#2996 = ORIENTED_EDGE ( 'NONE', *, *, #1025, .F. ) ;
#2997 = DIRECTION ( 'NONE',  ( 0.000000000000000000, 0.000000000000000000, -1.000000000000000000 ) ) ;
#2998 = LINE ( 'NONE', #1818, #5175 ) ;
#2999 = ADVANCED_FACE ( 'NONE', ( #5048 ), #3884, .T. ) ;
#3000 = VERTEX_POINT ( 'NONE', #2945 ) ;
#3001 = CARTESIAN_POINT ( 'NONE',  ( 4.962358909350262692, 2.600000000000000089, -24.23653572772130005 ) ) ;
#3002 = VERTEX_POINT ( 'NONE', #4637 ) ;
#3003 = DIRECTION ( 'NONE',  ( -0.000000000000000000, -1.000000000000000000, -0.000000000000000000 ) ) ;
#3004 = CARTESIAN_POINT ( 'NONE',  ( 19.00000000000001066, 4.000000000000000000, 29.50000000000002132 ) ) ;
#3005 = CARTESIAN_POINT ( 'NONE',  ( 27.50000000000000711, 2.299999999999999822, 2.704915028125265852 ) ) ;
#3006 = EDGE_CURVE ( 'NONE', #3209, #225, #961, .T. ) ;
#3007 = EDGE_CURVE ( 'NONE', #873, #1637, #1756, .T. ) ;
#3008 = EDGE_LOOP ( 'NONE', ( #1976, #4341, #894, #1378 ) ) ;
#3009 = ORIENTED_EDGE ( 'NONE', *, *, #2423, .T. ) ;
#3010 = CARTESIAN_POINT ( 'NONE',  ( 0.000000000000000000, 4.000000000000000000, -29.50000000000000711 ) ) ;
#3011 = CYLINDRICAL_SURFACE ( 'NONE', #416, 3.999999999999999112 ) ;
#3012 = EDGE_CURVE ( 'NONE', #1799, #201, #4054, .T. ) ;
#3013 = DIRECTION ( 'NONE',  ( 0.000000000000000000, 1.000000000000000000, 0.000000000000000000 ) ) ;
#3014 = CIRCLE ( 'NONE', #4428, 0.5000000000000004441 ) ;
#3015 = VERTEX_POINT ( 'NONE', #920 ) ;
#3016 = VERTEX_POINT ( 'NONE', #2609 ) ;
#3017 = CARTESIAN_POINT ( 'NONE',  ( 19.00000000000000355, 3.500000000000006661, -29.99999999999999645 ) ) ;
#3018 = CARTESIAN_POINT ( 'NONE',  ( 19.43694558354465940, 0.000000000000000000, 2.336734539196752003 ) ) ;
#3019 = EDGE_CURVE ( 'NONE', #2779, #4792, #4243, .T. ) ;
#3020 = AXIS2_PLACEMENT_3D ( 'NONE', #3740, #22, #1222 ) ;
#3021 = AXIS2_PLACEMENT_3D ( 'NONE', #794, #288, #1177 ) ;
#3022 = CARTESIAN_POINT ( 'NONE',  ( 19.07623043105869698, 0.000000000000000000, -7.051804871083221293 ) ) ;
#3023 = DIRECTION ( 'NONE',  ( -0.000000000000000000, -1.000000000000000000, -0.000000000000000000 ) ) ;
#3024 = EDGE_CURVE ( 'NONE', #4308, #272, #5476, .T. ) ;
#3025 = LINE ( 'NONE', #1364, #3472 ) ;
#3026 = DIRECTION ( 'NONE',  ( 0.000000000000000000, -1.000000000000000000, 0.000000000000000000 ) ) ;
#3027 = ORIENTED_EDGE ( 'NONE', *, *, #1013, .F. ) ;
#3028 = CARTESIAN_POINT ( 'NONE',  ( 11.73531754730534793, 2.600000000000000089, -20.32616623488780050 ) ) ;
#3029 = VERTEX_POINT ( 'NONE', #1785 ) ;
#3030 = DIRECTION ( 'NONE',  ( 0.000000000000000000, 1.000000000000000000, 0.000000000000000000 ) ) ;
#3031 = LINE ( 'NONE', #3004, #5159 ) ;
#3032 = DIRECTION ( 'NONE',  ( 1.000000000000000000, 0.000000000000000000, 0.000000000000000000 ) ) ;
#3033 = ORIENTED_EDGE ( 'NONE', *, *, #3310, .F. ) ;
#3034 = ORIENTED_EDGE ( 'NONE', *, *, #614, .T. ) ;
#3035 = CARTESIAN_POINT ( 'NONE',  ( 11.49999999999999289, 2.500000000000000000, -2.000000000000000000 ) ) ;
#3036 = DIRECTION ( 'NONE',  ( 0.000000000000000000, 1.000000000000000000, 0.000000000000000000 ) ) ;
#3037 = ADVANCED_FACE ( 'NONE', ( #1703 ), #2145, .F. ) ;
#3038 = CARTESIAN_POINT ( 'NONE',  ( 13.87335500670138266, 0.000000000000000000, 20.67613692876645715 ) ) ;
#3039 = AXIS2_PLACEMENT_3D ( 'NONE', #1122, #2426, #2017 ) ;
#3040 = ORIENTED_EDGE ( 'NONE', *, *, #1431, .F. ) ;
#3041 = ORIENTED_EDGE ( 'NONE', *, *, #732, .F. ) ;
#3042 = DIRECTION ( 'NONE',  ( -1.000000000000000000, 0.000000000000000000, 0.000000000000000000 ) ) ;
#3043 = CARTESIAN_POINT ( 'NONE',  ( 14.00000000000001066, 4.000000000000000000, -29.06173769148989550 ) ) ;
#3044 = DIRECTION ( 'NONE',  ( 0.000000000000000000, 1.000000000000000000, 0.000000000000000000 ) ) ;
#3045 = ADVANCED_FACE ( 'NONE', ( #5180 ), #3177, .F. ) ;
#3046 = AXIS2_PLACEMENT_3D ( 'NONE', #493, #983, #1774 ) ;
#3047 = CARTESIAN_POINT ( 'NONE',  ( 18.50000000000001066, 2.299999999999999822, 29.29508497187474347 ) ) ;
#3048 = AXIS2_PLACEMENT_3D ( 'NONE', #4771, #3599, #4406 ) ;
#3049 = DIRECTION ( 'NONE',  ( 0.000000000000000000, 0.000000000000000000, 1.000000000000000000 ) ) ;
#3050 = AXIS2_PLACEMENT_3D ( 'NONE', #1032, #2729, #4421 ) ;
#3051 = DIRECTION ( 'NONE',  ( -0.000000000000000000, 1.000000000000000000, -0.000000000000000000 ) ) ;
#3052 = VERTEX_POINT ( 'NONE', #3992 ) ;
#3053 = CARTESIAN_POINT ( 'NONE',  ( 18.50000000000001066, 2.299999999999999822, -29.49999999999999645 ) ) ;
#3054 = ORIENTED_EDGE ( 'NONE', *, *, #1419, .T. ) ;
#3055 = DIRECTION ( 'NONE',  ( 0.000000000000000000, 0.000000000000000000, -1.000000000000000000 ) ) ;
#3056 = STYLED_ITEM ( 'NONE', ( #5236 ), #4265 ) ;
#3057 = CARTESIAN_POINT ( 'NONE',  ( 16.73661379950458894, 0.000000000000000000, 22.43389151398138281 ) ) ;
#3058 = PLANE ( 'NONE',  #2880 ) ;
#3059 = ORIENTED_EDGE ( 'NONE', *, *, #371, .T. ) ;
#3060 = ORIENTED_EDGE ( 'NONE', *, *, #619, .F. ) ;
#3061 = DIRECTION ( 'NONE',  ( 0.000000000000000000, 1.000000000000000000, 0.000000000000000000 ) ) ;
#3062 = LINE ( 'NONE', #5141, #3697 ) ;
#3063 = DIRECTION ( 'NONE',  ( -0.000000000000000000, 1.000000000000000000, -0.000000000000000000 ) ) ;
#3064 = VECTOR ( 'NONE', #4680, 1000.000000000000000 ) ;
#3065 = VERTEX_POINT ( 'NONE', #3964 ) ;
#3066 = ORIENTED_EDGE ( 'NONE', *, *, #3818, .T. ) ;
#3067 = LINE ( 'NONE', #4289, #812 ) ;
#3068 = DIRECTION ( 'NONE',  ( 0.000000000000000000, 0.000000000000000000, -1.000000000000000000 ) ) ;
#3069 = VECTOR ( 'NONE', #3306, 1000.000000000000000 ) ;
#3070 = CARTESIAN_POINT ( 'NONE',  ( 14.00000000000001066, 4.000000000000000000, -29.49999999999999645 ) ) ;
#3071 = EDGE_CURVE ( 'NONE', #3105, #1290, #2740, .T. ) ;
#3072 = VECTOR ( 'NONE', #2516, 1000.000000000000000 ) ;
#3073 = DIRECTION ( 'NONE',  ( 1.000000000000000000, 0.000000000000000000, 0.000000000000000000 ) ) ;
#3074 = CARTESIAN_POINT ( 'NONE',  ( 8.749999999999966249, 2.600000000000000089, -1.319898296938867541E-14 ) ) ;
#3075 = EDGE_CURVE ( 'NONE', #3640, #3133, #3939, .T. ) ;
#3076 = EDGE_CURVE ( 'NONE', #543, #2932, #3128, .T. ) ;
#3077 = CARTESIAN_POINT ( 'NONE',  ( 17.36822456684302907, 2.500000000000000000, -0.7494239594891117795 ) ) ;
#3078 = ADVANCED_FACE ( 'NONE', ( #531 ), #611, .T. ) ;
#3079 = VECTOR ( 'NONE', #345, 1000.000000000000000 ) ;
#3080 = ORIENTED_EDGE ( 'NONE', *, *, #861, .T. ) ;
#3081 = LINE ( 'NONE', #2174, #4414 ) ;
#3082 = ORIENTED_EDGE ( 'NONE', *, *, #124, .T. ) ;
#3083 = VECTOR ( 'NONE', #1368, 1000.000000000000114 ) ;
#3084 = LINE ( 'NONE', #3500, #3963 ) ;
#3085 = CARTESIAN_POINT ( 'NONE',  ( 8.151858428704230164, 2.600000000000000089, -21.52905191785770000 ) ) ;
#3086 = ORIENTED_EDGE ( 'NONE', *, *, #2535, .T. ) ;
#3087 = ORIENTED_EDGE ( 'NONE', *, *, #2572, .T. ) ;
#3088 = CARTESIAN_POINT ( 'NONE',  ( 8.800000000000002487, 4.000000000000000000, 19.30000000000000426 ) ) ;
#3089 = LINE ( 'NONE', #3847, #2356 ) ;
#3090 = EDGE_CURVE ( 'NONE', #5326, #4172, #3547, .T. ) ;
#3091 = CARTESIAN_POINT ( 'NONE',  ( 21.29548616131172878, 2.500000000000000000, 6.508833065308095911 ) ) ;
#3092 = VERTEX_POINT ( 'NONE', #5234 ) ;
#3093 = ORIENTED_EDGE ( 'NONE', *, *, #3775, .T. ) ;
#3094 = CYLINDRICAL_SURFACE ( 'NONE', #3460, 1.100000000000000311 ) ;
#3095 = EDGE_CURVE ( 'NONE', #2211, #2173, #1499, .T. ) ;
#3096 = CARTESIAN_POINT ( 'NONE',  ( 28.00000000000001066, 3.500000000000020428, 7.795084971874749691 ) ) ;
#3097 = ORIENTED_EDGE ( 'NONE', *, *, #60, .T. ) ;
#3098 = AXIS2_PLACEMENT_3D ( 'NONE', #167, #108, #2273 ) ;
#3099 = CARTESIAN_POINT ( 'NONE',  ( 15.84901771537212589, 2.500000000000000000, 2.751693672147772052 ) ) ;
#3100 = DIRECTION ( 'NONE',  ( 0.000000000000000000, 0.000000000000000000, 1.000000000000000000 ) ) ;
#3101 = ADVANCED_FACE ( 'NONE', ( #1445 ), #969, .T. ) ;
#3102 = CARTESIAN_POINT ( 'NONE',  ( 18.50000000000001066, 3.500000000000020428, 30.00000000000000355 ) ) ;
#3103 = ORIENTED_EDGE ( 'NONE', *, *, #2874, .T. ) ;
#3104 = CARTESIAN_POINT ( 'NONE',  ( 20.50000000000002842, 4.000000000000000000, 28.00000000000000355 ) ) ;
#3105 = VERTEX_POINT ( 'NONE', #3571 ) ;
#3106 = CARTESIAN_POINT ( 'NONE',  ( 27.50000000000000711, 2.299999999999999822, 2.204915028125265852 ) ) ;
#3107 = CARTESIAN_POINT ( 'NONE',  ( 16.29999999999999361, 2.500000000000000000, -22.50726231784357623 ) ) ;
#3108 = VERTEX_POINT ( 'NONE', #2639 ) ;
#3109 = ORIENTED_EDGE ( 'NONE', *, *, #4777, .F. ) ;
#3110 = ADVANCED_FACE ( 'NONE', ( #4351 ), #4326, .T. ) ;
#3111 = ORIENTED_EDGE ( 'NONE', *, *, #2118, .F. ) ;
#3112 = DIRECTION ( 'NONE',  ( 0.000000000000000000, 0.000000000000000000, -1.000000000000000000 ) ) ;
#3113 = ORIENTED_EDGE ( 'NONE', *, *, #447, .T. ) ;
#3114 = CARTESIAN_POINT ( 'NONE',  ( 18.50000000000001066, 3.500000000000020428, 30.00000000000000355 ) ) ;
#3115 = CARTESIAN_POINT ( 'NONE',  ( 20.51987171000546795, 0.000000000000000000, 5.536556753791759711 ) ) ;
#3116 = VERTEX_POINT ( 'NONE', #3913 ) ;
#3117 = ORIENTED_EDGE ( 'NONE', *, *, #1831, .F. ) ;
#3118 = DIRECTION ( 'NONE',  ( 0.000000000000000000, -1.000000000000000000, 0.000000000000000000 ) ) ;
#3119 = DIRECTION ( 'NONE',  ( 0.000000000000000000, 1.000000000000000000, 0.000000000000000000 ) ) ;
#3120 = ORIENTED_EDGE ( 'NONE', *, *, #3866, .F. ) ;
#3121 = LINE ( 'NONE', #4820, #451 ) ;
#3122 = DIRECTION ( 'NONE',  ( 0.7071067811865426878, -0.7071067811865524577, 0.000000000000000000 ) ) ;
#3123 = CARTESIAN_POINT ( 'NONE',  ( 18.20710678118656745, 3.500000000000020872, 29.99999999999999645 ) ) ;
#3124 = CARTESIAN_POINT ( 'NONE',  ( 13.50000000000001066, 2.299999999999999822, -29.49999999999999645 ) ) ;
#3125 = AXIS2_PLACEMENT_3D ( 'NONE', #4450, #1543, #685 ) ;
#3126 = ORIENTED_EDGE ( 'NONE', *, *, #192, .F. ) ;
#3127 = CARTESIAN_POINT ( 'NONE',  ( 19.00000000000000355, 3.500000000000006661, -29.99999999999999645 ) ) ;
#3128 = CIRCLE ( 'NONE', #3048, 1.549999999999997602 ) ;
#3129 = EDGE_LOOP ( 'NONE', ( #3870, #3794, #4556, #2600, #3543 ) ) ;
#3130 = FACE_OUTER_BOUND ( 'NONE', #736, .T. ) ;
#3131 = VECTOR ( 'NONE', #514, 1000.000000000000000 ) ;
#3132 = FACE_OUTER_BOUND ( 'NONE', #5163, .T. ) ;
#3133 = VERTEX_POINT ( 'NONE', #2713 ) ;
#3134 = VERTEX_POINT ( 'NONE', #583 ) ;
#3135 = EDGE_CURVE ( 'NONE', #3734, #1721, #38, .T. ) ;
#3136 = VECTOR ( 'NONE', #3300, 1000.000000000000000 ) ;
#3137 = ORIENTED_EDGE ( 'NONE', *, *, #2984, .T. ) ;
#3138 = DIRECTION ( 'NONE',  ( -0.000000000000000000, 1.000000000000000000, -0.000000000000000000 ) ) ;
#3139 = CYLINDRICAL_SURFACE ( 'NONE', #214, 2.200000000000000178 ) ;
#3140 = PLANE ( 'NONE',  #927 ) ;
#3141 = ADVANCED_FACE ( 'NONE', ( #3490 ), #3148, .F. ) ;
#3142 = ORIENTED_EDGE ( 'NONE', *, *, #1700, .F. ) ;
#3143 = ORIENTED_EDGE ( 'NONE', *, *, #3922, .F. ) ;
#3144 = CARTESIAN_POINT ( 'NONE',  ( 8.800000000000002487, 1.250000000000000222, 17.10000000000000497 ) ) ;
#3145 = ORIENTED_EDGE ( 'NONE', *, *, #2003, .T. ) ;
#3146 = DIRECTION ( 'NONE',  ( 0.000000000000000000, -1.000000000000000000, 0.000000000000000000 ) ) ;
#3147 = DIRECTION ( 'NONE',  ( -0.000000000000000000, 1.000000000000000000, -0.000000000000000000 ) ) ;
#3148 = PLANE ( 'NONE',  #755 ) ;
#3149 = EDGE_CURVE ( 'NONE', #3606, #185, #4849, .T. ) ;
#3150 =( LENGTH_UNIT ( ) NAMED_UNIT ( * ) SI_UNIT ( .MILLI., .METRE. ) );
#3151 = VECTOR ( 'NONE', #3691, 1000.000000000000000 ) ;
#3152 = CARTESIAN_POINT ( 'NONE',  ( 26.00000000000000355, 4.000000000000000000, -22.50000000000001421 ) ) ;
#3153 = VERTEX_POINT ( 'NONE', #4015 ) ;
#3154 =( LENGTH_UNIT ( ) NAMED_UNIT ( * ) SI_UNIT ( .MILLI., .METRE. ) );
#3155 = ORIENTED_EDGE ( 'NONE', *, *, #3222, .T. ) ;
#3156 = ADVANCED_FACE ( 'NONE', ( #3519 ), #5209, .T. ) ;
#3157 = DIRECTION ( 'NONE',  ( 0.000000000000000000, 0.000000000000000000, 1.000000000000000000 ) ) ;
#3158 = CYLINDRICAL_SURFACE ( 'NONE', #573, 2.200000000000000622 ) ;
#3159 = AXIS2_PLACEMENT_3D ( 'NONE', #2821, #4116, #5037 ) ;
#3160 = ORIENTED_EDGE ( 'NONE', *, *, #1035, .T. ) ;
#3161 = FACE_OUTER_BOUND ( 'NONE', #3996, .T. ) ;
#3162 = AXIS2_PLACEMENT_3D ( 'NONE', #3846, #491, #71 ) ;
#3163 = ORIENTED_EDGE ( 'NONE', *, *, #638, .F. ) ;
#3164 = CARTESIAN_POINT ( 'NONE',  ( 14.00000000000001066, 4.000000000000000000, 29.29508497187473992 ) ) ;
#3165 = LINE ( 'NONE', #2702, #3330 ) ;
#3166 = CARTESIAN_POINT ( 'NONE',  ( 16.18988598184790817, 2.500000000000000000, 20.30290847946412924 ) ) ;
#3167 = EDGE_CURVE ( 'NONE', #3313, #4696, #5255, .T. ) ;
#3168 = CIRCLE ( 'NONE', #4686, 2.000000000000001776 ) ;
#3169 = EDGE_LOOP ( 'NONE', ( #5182, #173, #2084, #2672, #2108, #2487, #2849, #425 ) ) ;
#3170 = VERTEX_POINT ( 'NONE', #332 ) ;
#3171 = EDGE_CURVE ( 'NONE', #5440, #4187, #1339, .T. ) ;
#3172 = CARTESIAN_POINT ( 'NONE',  ( 14.00000000000001066, 2.299999999999999822, 29.29508497187473992 ) ) ;
#3173 = EDGE_LOOP ( 'NONE', ( #4649, #4837, #3097, #1068, #936, #1854, #3087 ) ) ;
#3174 = ADVANCED_FACE ( 'NONE', ( #2438 ), #3685, .F. ) ;
#3175 = CARTESIAN_POINT ( 'NONE',  ( 8.750000000000000000, 1.250000000000000222, -19.19999999999999929 ) ) ;
#3176 = CARTESIAN_POINT ( 'NONE',  ( 12.94999999999999751, 2.500000000000000000, -20.79999999999999716 ) ) ;
#3177 = PLANE ( 'NONE',  #4734 ) ;
#3178 = CARTESIAN_POINT ( 'NONE',  ( 14.22677197410524208, 0.000000000000000000, -7.344596766944555988 ) ) ;
#3179 = LINE ( 'NONE', #1140, #2109 ) ;
#3180 = VECTOR ( 'NONE', #814, 1000.000000000000000 ) ;
#3181 = AXIS2_PLACEMENT_3D ( 'NONE', #3176, #2767, #610 ) ;
#3182 = ORIENTED_EDGE ( 'NONE', *, *, #4148, .F. ) ;
#3183 = APPLICATION_PROTOCOL_DEFINITION ( 'draft international standard', 'automotive_design', 1998, #996 ) ;
#3184 = EDGE_CURVE ( 'NONE', #4750, #4214, #276, .T. ) ;
#3185 = ORIENTED_EDGE ( 'NONE', *, *, #2684, .F. ) ;
#3186 = DIRECTION ( 'NONE',  ( 0.000000000000000000, 1.000000000000000000, 0.000000000000000000 ) ) ;
#3187 = DIRECTION ( 'NONE',  ( -0.8660254037844423713, 0.000000000000000000, -0.4999999999999933942 ) ) ;
#3188 = AXIS2_PLACEMENT_3D ( 'NONE', #2912, #4203, #2161 ) ;
#3189 = ORIENTED_EDGE ( 'NONE', *, *, #265, .F. ) ;
#3190 = DIRECTION ( 'NONE',  ( 0.000000000000000000, 0.000000000000000000, -1.000000000000000000 ) ) ;
#3191 = EDGE_LOOP ( 'NONE', ( #5384, #3865, #344, #5271 ) ) ;
#3192 = CARTESIAN_POINT ( 'NONE',  ( 13.50000000000001066, 4.000000000000000000, -29.29508497187472926 ) ) ;
#3193 = DIRECTION ( 'NONE',  ( -0.000000000000000000, -1.000000000000000000, -0.000000000000000000 ) ) ;
#3194 = CARTESIAN_POINT ( 'NONE',  ( 11.50000000000000000, 0.000000000000000000, -6.000000000000000888 ) ) ;
#3195 = EDGE_LOOP ( 'NONE', ( #1914, #1275, #2305, #3968 ) ) ;
#3196 = VERTEX_POINT ( 'NONE', #1075 ) ;
#3197 = CIRCLE ( 'NONE', #1711, 2.649999999999999467 ) ;
#3198 = ADVANCED_FACE ( 'NONE', ( #4460 ), #2856, .F. ) ;
#3199 = CARTESIAN_POINT ( 'NONE',  ( 0.000000000000000000, 2.500000000000000000, 0.000000000000000000 ) ) ;
#3200 = EDGE_LOOP ( 'NONE', ( #1001, #2096, #2705, #1310, #178, #3326, #67 ) ) ;
#3201 = EDGE_CURVE ( 'NONE', #4797, #5189, #695, .T. ) ;
#3202 = CARTESIAN_POINT ( 'NONE',  ( 6.531128874149271013, 3.499999999999999556, -29.99999999999999645 ) ) ;
#3203 = DIRECTION ( 'NONE',  ( 0.7071067811865474617, 0.7071067811865474617, 0.000000000000000000 ) ) ;
#3204 = CARTESIAN_POINT ( 'NONE',  ( 11.50000000000000000, 4.000000000000000000, -6.000000000000000888 ) ) ;
#3205 = DIRECTION ( 'NONE',  ( -0.8191520442889930198, 0.000000000000000000, -0.5735764363510442720 ) ) ;
#3206 = EDGE_CURVE ( 'NONE', #3906, #4919, #4873, .T. ) ;
#3207 = VECTOR ( 'NONE', #3731, 1000.000000000000000 ) ;
#3208 = LINE ( 'NONE', #1949, #2805 ) ;
#3209 = VERTEX_POINT ( 'NONE', #3204 ) ;
#3210 = EDGE_LOOP ( 'NONE', ( #2588, #4493, #2217, #630 ) ) ;
#3211 = EDGE_CURVE ( 'NONE', #1805, #1213, #4622, .T. ) ;
#3212 = CARTESIAN_POINT ( 'NONE',  ( 3.499999999999998668, 1.250000000000000222, 19.30000000000000426 ) ) ;
#3213 = CIRCLE ( 'NONE', #3399, 2.200000000000000622 ) ;
#3214 = ORIENTED_EDGE ( 'NONE', *, *, #4356, .T. ) ;
#3215 = DIRECTION ( 'NONE',  ( -1.000000000000000000, 0.000000000000000000, 0.000000000000000000 ) ) ;
#3216 = ORIENTED_EDGE ( 'NONE', *, *, #4631, .F. ) ;
#3217 = CARTESIAN_POINT ( 'NONE',  ( 3.499999999999999556, 3.499999999999999556, -30.00000000000000355 ) ) ;
#3218 = DIRECTION ( 'NONE',  ( -0.000000000000000000, 1.000000000000000000, -0.000000000000000000 ) ) ;
#3219 = AXIS2_PLACEMENT_3D ( 'NONE', #1687, #2484, #848 ) ;
#3220 = DIRECTION ( 'NONE',  ( 0.8660254037844425934, 0.000000000000000000, 0.4999999999999932276 ) ) ;
#3221 = CARTESIAN_POINT ( 'NONE',  ( 8.800000000000002487, 4.000000000000000000, 17.10000000000000497 ) ) ;
#3222 = EDGE_CURVE ( 'NONE', #258, #621, #2226, .T. ) ;
#3223 = VECTOR ( 'NONE', #3548, 1000.000000000000000 ) ;
#3224 = ORIENTED_EDGE ( 'NONE', *, *, #4311, .F. ) ;
#3225 = VERTEX_POINT ( 'NONE', #1556 ) ;
#3226 = DIRECTION ( 'NONE',  ( 0.000000000000000000, 0.000000000000000000, 1.000000000000000000 ) ) ;
#3227 = DIRECTION ( 'NONE',  ( 0.000000000000000000, -0.000000000000000000, -1.000000000000000000 ) ) ;
#3228 = CIRCLE ( 'NONE', #850, 2.000000000000001776 ) ;
#3229 = ADVANCED_FACE ( 'NONE', ( #4487 ), #4306, .T. ) ;
#3230 = VERTEX_POINT ( 'NONE', #4516 ) ;
#3231 = LINE ( 'NONE', #1524, #2052 ) ;
#3232 = DIRECTION ( 'NONE',  ( 0.000000000000000000, -1.000000000000000000, 0.000000000000000000 ) ) ;
#3233 = CARTESIAN_POINT ( 'NONE',  ( 7.000000000000003553, 4.000000000000000000, 25.00000000000000000 ) ) ;
#3234 = DIRECTION ( 'NONE',  ( 0.000000000000000000, -1.000000000000000000, 0.000000000000000000 ) ) ;
#3235 = EDGE_CURVE ( 'NONE', #3949, #5028, #1946, .T. ) ;
#3236 = CARTESIAN_POINT ( 'NONE',  ( 10.79999999999999893, 2.500000000000000000, 20.75060438757617831 ) ) ;
#3237 = ORIENTED_EDGE ( 'NONE', *, *, #1317, .T. ) ;
#3238 = ORIENTED_EDGE ( 'NONE', *, *, #1154, .F. ) ;
#3239 = CIRCLE ( 'NONE', #4395, 3.249999999999999556 ) ;
#3240 = EDGE_CURVE ( 'NONE', #2280, #3844, #2768, .T. ) ;
#3241 = CARTESIAN_POINT ( 'NONE',  ( 13.66531754730533343, 2.600000000000000089, -23.66902429349574177 ) ) ;
#3242 = CARTESIAN_POINT ( 'NONE',  ( 10.03764109064972665, 4.000000000000000000, -25.76346427227868929 ) ) ;
#3243 = VECTOR ( 'NONE', #1598, 1000.000000000000000 ) ;
#3244 = ORIENTED_EDGE ( 'NONE', *, *, #2027, .T. ) ;
#3245 = LINE ( 'NONE', #259, #1676 ) ;
#3246 = VECTOR ( 'NONE', #1381, 1000.000000000000000 ) ;
#3247 = VERTEX_POINT ( 'NONE', #2032 ) ;
#3248 = CARTESIAN_POINT ( 'NONE',  ( 16.00000000000001066, 2.299999999999999822, -26.49999999999999289 ) ) ;
#3249 = DIRECTION ( 'NONE',  ( -0.000000000000000000, -1.000000000000000000, -0.000000000000000000 ) ) ;
#3250 = AXIS2_PLACEMENT_3D ( 'NONE', #2063, #4929, #334 ) ;
#3251 = CYLINDRICAL_SURFACE ( 'NONE', #4200, 4.000000000000000888 ) ;
#3252 = FACE_OUTER_BOUND ( 'NONE', #2540, .T. ) ;
#3253 = AXIS2_PLACEMENT_3D ( 'NONE', #3555, #227, #5266 ) ;
#3254 = AXIS2_PLACEMENT_3D ( 'NONE', #5053, #2561, #4246 ) ;
#3255 = ORIENTED_EDGE ( 'NONE', *, *, #148, .F. ) ;
#3256 = ORIENTED_EDGE ( 'NONE', *, *, #4788, .T. ) ;
#3257 = DIRECTION ( 'NONE',  ( 0.000000000000000000, 0.000000000000000000, 1.000000000000000000 ) ) ;
#3258 = EDGE_CURVE ( 'NONE', #4580, #5189, #753, .T. ) ;
#3259 = DIRECTION ( 'NONE',  ( 0.000000000000000000, 0.000000000000000000, 1.000000000000000000 ) ) ;
#3260 = AXIS2_PLACEMENT_3D ( 'NONE', #3053, #2692, #1449 ) ;
#3261 = ORIENTED_EDGE ( 'NONE', *, *, #1013, .T. ) ;
#3262 = ADVANCED_FACE ( 'NONE', ( #2353 ), #3713, .F. ) ;
#3263 = DIRECTION ( 'NONE',  ( 0.000000000000000000, -1.000000000000000000, 0.000000000000000000 ) ) ;
#3264 = CARTESIAN_POINT ( 'NONE',  ( 7.391610027031612518, 7.391610027031619623, -21.10195613342992260 ) ) ;
#3265 = DIRECTION ( 'NONE',  ( 0.000000000000000000, 1.000000000000000000, 0.000000000000000000 ) ) ;
#3266 = CYLINDRICAL_SURFACE ( 'NONE', #3341, 1.600000000000000755 ) ;
#3267 = CARTESIAN_POINT ( 'NONE',  ( 3.499999999999999556, 2.600000000000000089, -24.16976710787182725 ) ) ;
#3268 = VERTEX_POINT ( 'NONE', #2886 ) ;
#3269 = LINE ( 'NONE', #195, #3801 ) ;
#3270 = VERTEX_POINT ( 'NONE', #4575 ) ;
#3271 = ADVANCED_FACE ( 'NONE', ( #1613 ), #3368, .F. ) ;
#3272 = CARTESIAN_POINT ( 'NONE',  ( 4.000000000000000000, 4.000000000000000000, -24.55996122276641103 ) ) ;
#3273 = CARTESIAN_POINT ( 'NONE',  ( 19.00000000000000355, 4.000000000000000000, -27.99999999999999645 ) ) ;
#3274 = ORIENTED_EDGE ( 'NONE', *, *, #3530, .T. ) ;
#3275 = DIRECTION ( 'NONE',  ( -0.000000000000000000, -1.000000000000000000, -0.000000000000000000 ) ) ;
#3276 = ORIENTED_EDGE ( 'NONE', *, *, #1451, .F. ) ;
#3277 = CARTESIAN_POINT ( 'NONE',  ( 4.500000000000000000, 0.000000000000000000, 29.00000000000000000 ) ) ;
#3278 = DIRECTION ( 'NONE',  ( 0.000000000000000000, -1.000000000000000000, 0.000000000000000000 ) ) ;
#3279 = AXIS2_PLACEMENT_3D ( 'NONE', #2961, #1643, #471 ) ;
#3280 = VECTOR ( 'NONE', #2150, 1000.000000000000000 ) ;
#3281 = CARTESIAN_POINT ( 'NONE',  ( -27.99999999999998934, 4.000000000000000000, 30.00000000000000355 ) ) ;
#3282 = DIRECTION ( 'NONE',  ( 0.4999999999999934497, 0.000000000000000000, -0.8660254037844424824 ) ) ;
#3283 = EDGE_CURVE ( 'NONE', #3475, #3606, #2824, .T. ) ;
#3284 = ORIENTED_EDGE ( 'NONE', *, *, #5044, .F. ) ;
#3285 = ORIENTED_EDGE ( 'NONE', *, *, #4656, .F. ) ;
#3286 = DIRECTION ( 'NONE',  ( 0.000000000000000000, 1.000000000000000000, 0.000000000000000000 ) ) ;
#3287 = DIRECTION ( 'NONE',  ( 0.000000000000000000, 0.000000000000000000, 1.000000000000000000 ) ) ;
#3288 = PRODUCT_DEFINITION ( '未知', '', #960, #4605 ) ;
#3289 = ORIENTED_EDGE ( 'NONE', *, *, #5106, .F. ) ;
#3290 = CARTESIAN_POINT ( 'NONE',  ( 6.531128874149273678, 3.499999999999999556, -28.99999999999999289 ) ) ;
#3291 = CARTESIAN_POINT ( 'NONE',  ( 15.84901771537212589, 2.500000000000000000, 4.951693672147772673 ) ) ;
#3292 = DIRECTION ( 'NONE',  ( 0.000000000000000000, 0.000000000000000000, 1.000000000000000000 ) ) ;
#3293 = AXIS2_PLACEMENT_3D ( 'NONE', #1751, #105, #2991 ) ;
#3294 = DIRECTION ( 'NONE',  ( -1.156482317317871725E-16, 0.000000000000000000, -1.000000000000000000 ) ) ;
#3295 = VERTEX_POINT ( 'NONE', #666 ) ;
#3296 = CARTESIAN_POINT ( 'NONE',  ( 24.00000000000001066, 3.500000000000020428, 26.00000000000000355 ) ) ;
#3297 = ORIENTED_EDGE ( 'NONE', *, *, #5396, .F. ) ;
#3298 = ORIENTED_EDGE ( 'NONE', *, *, #4059, .F. ) ;
#3299 = DIRECTION ( 'NONE',  ( -0.000000000000000000, -1.000000000000000000, -0.000000000000000000 ) ) ;
#3300 = DIRECTION ( 'NONE',  ( 0.000000000000000000, 1.000000000000000000, 0.000000000000000000 ) ) ;
#3301 = AXIS2_PLACEMENT_3D ( 'NONE', #3281, #5447, #2927 ) ;
#3302 = ORIENTED_EDGE ( 'NONE', *, *, #216, .F. ) ;
#3303 = CARTESIAN_POINT ( 'NONE',  ( 26.00000000000000355, 3.500000000000006661, -20.99999999999999645 ) ) ;
#3304 = ORIENTED_EDGE ( 'NONE', *, *, #1218, .F. ) ;
#3305 = DIRECTION ( 'NONE',  ( 0.000000000000000000, 1.000000000000000000, -0.000000000000000000 ) ) ;
#3306 = DIRECTION ( 'NONE',  ( 0.000000000000000000, 1.000000000000000000, 0.000000000000000000 ) ) ;
#3307 = ORIENTED_EDGE ( 'NONE', *, *, #3866, .T. ) ;
#3308 = CARTESIAN_POINT ( 'NONE',  ( 11.20685842870419258, 2.600000000000000089, -26.82046713498064250 ) ) ;
#3309 = CARTESIAN_POINT ( 'NONE',  ( 21.00000000000001066, 3.500000000000020428, 26.00000000000000355 ) ) ;
#3310 = EDGE_CURVE ( 'NONE', #3361, #4509, #249, .T. ) ;
#3311 = ORIENTED_EDGE ( 'NONE', *, *, #3371, .F. ) ;
#3312 = AXIS2_PLACEMENT_3D ( 'NONE', #466, #1382, #1832 ) ;
#3313 = VERTEX_POINT ( 'NONE', #2214 ) ;
#3314 = DIRECTION ( 'NONE',  ( -0.000000000000000000, 0.000000000000000000, -1.000000000000000000 ) ) ;
#3315 = AXIS2_PLACEMENT_3D ( 'NONE', #2223, #4821, #2322 ) ;
#3316 = DIRECTION ( 'NONE',  ( 0.000000000000000000, 0.000000000000000000, 1.000000000000000000 ) ) ;
#3317 = EDGE_CURVE ( 'NONE', #1008, #2443, #3848, .T. ) ;
#3318 = CIRCLE ( 'NONE', #2963, 1.500000000000018652 ) ;
#3319 = ORIENTED_EDGE ( 'NONE', *, *, #3910, .F. ) ;
#3320 = AXIS2_PLACEMENT_3D ( 'NONE', #4158, #3693, #5382 ) ;
#3321 = CARTESIAN_POINT ( 'NONE',  ( 13.56073781646991172, 0.000000000000000000, -22.99999999999999645 ) ) ;
#3322 = FACE_OUTER_BOUND ( 'NONE', #1588, .T. ) ;
#3323 = DIRECTION ( 'NONE',  ( 0.000000000000000000, 0.000000000000000000, -1.000000000000000000 ) ) ;
#3324 = ORIENTED_EDGE ( 'NONE', *, *, #3375, .F. ) ;
#3325 = CARTESIAN_POINT ( 'NONE',  ( 27.16666666666667496, 2.299999999999999822, 2.577593024375232744 ) ) ;
#3326 = ORIENTED_EDGE ( 'NONE', *, *, #667, .T. ) ;
#3327 = EDGE_CURVE ( 'NONE', #4214, #5310, #5254, .T. ) ;
#3328 = CARTESIAN_POINT ( 'NONE',  ( 13.00000000000000000, 2.500000000000000000, 6.061637550770937466 ) ) ;
#3329 = DIRECTION ( 'NONE',  ( -0.000000000000000000, -1.000000000000000000, -0.000000000000000000 ) ) ;
#3330 = VECTOR ( 'NONE', #2370, 1000.000000000000000 ) ;
#3331 = ORIENTED_EDGE ( 'NONE', *, *, #257, .T. ) ;
#3332 = DIRECTION ( 'NONE',  ( -1.000000000000000000, 0.000000000000000000, 1.508455196501568866E-15 ) ) ;
#3333 = VERTEX_POINT ( 'NONE', #100 ) ;
#3334 = ADVANCED_FACE ( 'NONE', ( #3953 ), #154, .F. ) ;
#3335 = CARTESIAN_POINT ( 'NONE',  ( 14.22677197410524208, 2.500000000000000000, -7.344596766944555988 ) ) ;
#3336 = CARTESIAN_POINT ( 'NONE',  ( 26.00000000000001066, 4.000000000000000000, 21.00000000000000355 ) ) ;
#3337 = DIRECTION ( 'NONE',  ( 0.000000000000000000, 0.000000000000000000, 1.000000000000000000 ) ) ;
#3338 = LINE ( 'NONE', #3732, #2524 ) ;
#3339 = AXIS2_PLACEMENT_3D ( 'NONE', #1242, #2396, #3728 ) ;
#3340 = EDGE_LOOP ( 'NONE', ( #1058, #4144, #4597, #3284 ) ) ;
#3341 = AXIS2_PLACEMENT_3D ( 'NONE', #1226, #2798, #1137 ) ;
#3342 = EDGE_LOOP ( 'NONE', ( #3592, #4863, #1060, #4891 ) ) ;
#3343 = CYLINDRICAL_SURFACE ( 'NONE', #2463, 6.000000000000003553 ) ;
#3344 = DIRECTION ( 'NONE',  ( 0.000000000000000000, -1.000000000000000000, 0.000000000000000000 ) ) ;
#3345 = EDGE_CURVE ( 'NONE', #900, #5348, #1819, .T. ) ;
#3346 = AXIS2_PLACEMENT_3D ( 'NONE', #1405, #3533, #654 ) ;
#3347 = ORIENTED_EDGE ( 'NONE', *, *, #1780, .T. ) ;
#3348 = DIRECTION ( 'NONE',  ( 0.000000000000000000, 0.000000000000000000, 1.000000000000000000 ) ) ;
#3349 = CARTESIAN_POINT ( 'NONE',  ( 25.00000000000001066, 2.299999999999999822, 5.000000000000007994 ) ) ;
#3350 = CIRCLE ( 'NONE', #2379, 1.549999999999997602 ) ;
#3351 = PLANE ( 'NONE',  #1488 ) ;
#3352 = VERTEX_POINT ( 'NONE', #548 ) ;
#3353 = LINE ( 'NONE', #305, #1486 ) ;
#3354 = EDGE_CURVE ( 'NONE', #1427, #4401, #5143, .T. ) ;
#3355 = ORIENTED_EDGE ( 'NONE', *, *, #5205, .F. ) ;
#3356 = DIRECTION ( 'NONE',  ( -0.000000000000000000, 1.000000000000000000, -0.000000000000000000 ) ) ;
#3357 = DIRECTION ( 'NONE',  ( 0.7071067811865524577, 0.7071067811865426878, 0.000000000000000000 ) ) ;
#3358 = EDGE_CURVE ( 'NONE', #2853, #1562, #1746, .T. ) ;
#3359 = ORIENTED_EDGE ( 'NONE', *, *, #2265, .T. ) ;
#3360 = LINE ( 'NONE', #2586, #792 ) ;
#3361 = VERTEX_POINT ( 'NONE', #5116 ) ;
#3362 = DIRECTION ( 'NONE',  ( -0.000000000000000000, -1.000000000000000000, -0.000000000000000000 ) ) ;
#3363 = DIRECTION ( 'NONE',  ( 0.000000000000000000, 1.000000000000000000, 0.000000000000000000 ) ) ;
#3364 = FACE_OUTER_BOUND ( 'NONE', #127, .T. ) ;
#3365 = ORIENTED_EDGE ( 'NONE', *, *, #4722, .T. ) ;
#3366 = VECTOR ( 'NONE', #2686, 1000.000000000000000 ) ;
#3367 = EDGE_LOOP ( 'NONE', ( #4418, #2515, #4577, #3689 ) ) ;
#3368 = CONICAL_SURFACE ( 'NONE', #3970, 3.499999999999978684, 0.7853981633974473908 ) ;
#3369 = DIRECTION ( 'NONE',  ( -0.000000000000000000, -1.000000000000000000, -0.000000000000000000 ) ) ;
#3370 = DIRECTION ( 'NONE',  ( 0.000000000000000000, 1.000000000000000000, 0.000000000000000000 ) ) ;
#3371 = EDGE_CURVE ( 'NONE', #4571, #5423, #570, .T. ) ;
#3372 = AXIS2_PLACEMENT_3D ( 'NONE', #3248, #5388, #3757 ) ;
#3373 = ORIENTED_EDGE ( 'NONE', *, *, #3650, .F. ) ;
#3374 = ORIENTED_EDGE ( 'NONE', *, *, #4297, .F. ) ;
#3375 = EDGE_CURVE ( 'NONE', #292, #2902, #3213, .T. ) ;
#3376 = DIRECTION ( 'NONE',  ( 1.508455196501568866E-15, 0.000000000000000000, 1.000000000000000000 ) ) ;
#3377 = ORIENTED_EDGE ( 'NONE', *, *, #810, .F. ) ;
#3378 = DIRECTION ( 'NONE',  ( 0.000000000000000000, 0.000000000000000000, 1.000000000000000000 ) ) ;
#3379 = DIRECTION ( 'NONE',  ( 0.000000000000000000, -1.000000000000000000, 0.000000000000000000 ) ) ;
#3380 = DIRECTION ( 'NONE',  ( 1.000000000000000000, -0.000000000000000000, 0.000000000000000000 ) ) ;
#3381 = ADVANCED_FACE ( 'NONE', ( #5169 ), #123, .T. ) ;
#3382 = CARTESIAN_POINT ( 'NONE',  ( 6.848141571295762731, 4.000000000000000000, -28.47094808214228223 ) ) ;
#3383 = CYLINDRICAL_SURFACE ( 'NONE', #5331, 0.7499999999999972244 ) ;
#3384 = EDGE_CURVE ( 'NONE', #5026, #4354, #660, .T. ) ;
#3385 = CARTESIAN_POINT ( 'NONE',  ( 27.16666666666667496, 4.000000000000000000, 2.577593024375232744 ) ) ;
#3386 = VERTEX_POINT ( 'NONE', #2985 ) ;
#3387 = DIRECTION ( 'NONE',  ( 0.000000000000000000, -1.000000000000000000, 0.000000000000000000 ) ) ;
#3388 = ORIENTED_EDGE ( 'NONE', *, *, #1953, .T. ) ;
#3389 = DIRECTION ( 'NONE',  ( 0.000000000000000000, 0.000000000000000000, 1.000000000000000000 ) ) ;
#3390 = CARTESIAN_POINT ( 'NONE',  ( 19.02440013978876721, 0.000000000000000000, -11.70582560332145405 ) ) ;
#3391 = LINE ( 'NONE', #3817, #1463 ) ;
#3392 = EDGE_CURVE ( 'NONE', #1693, #2464, #4260, .T. ) ;
#3393 = EDGE_LOOP ( 'NONE', ( #1161, #456, #4128, #4833 ) ) ;
#3394 = ORIENTED_EDGE ( 'NONE', *, *, #160, .T. ) ;
#3395 = FACE_OUTER_BOUND ( 'NONE', #946, .T. ) ;
#3396 = DIRECTION ( 'NONE',  ( 0.000000000000000000, 0.000000000000000000, 1.000000000000000000 ) ) ;
#3397 = EDGE_CURVE ( 'NONE', #913, #3896, #1373, .T. ) ;
#3398 = DIRECTION ( 'NONE',  ( 0.000000000000000000, 0.7071067811865475727, 0.7071067811865475727 ) ) ;
#3399 = AXIS2_PLACEMENT_3D ( 'NONE', #4760, #3927, #2238 ) ;
#3400 = ORIENTED_EDGE ( 'NONE', *, *, #3019, .F. ) ;
#3401 = ORIENTED_EDGE ( 'NONE', *, *, #2434, .F. ) ;
#3402 = FACE_OUTER_BOUND ( 'NONE', #4776, .T. ) ;
#3403 = EDGE_CURVE ( 'NONE', #2680, #931, #3574, .T. ) ;
#3404 = CYLINDRICAL_SURFACE ( 'NONE', #4980, 1.000000000000000888 ) ;
#3405 = VECTOR ( 'NONE', #2566, 1000.000000000000000 ) ;
#3406 = DIRECTION ( 'NONE',  ( 0.000000000000000000, 0.000000000000000000, -1.000000000000000000 ) ) ;
#3407 = DIRECTION ( 'NONE',  ( 0.000000000000000000, -1.000000000000000000, 0.000000000000000000 ) ) ;
#3408 = DIRECTION ( 'NONE',  ( -0.000000000000000000, 1.000000000000000000, -0.000000000000000000 ) ) ;
#3409 = DIRECTION ( 'NONE',  ( 0.000000000000000000, 1.000000000000000000, 0.000000000000000000 ) ) ;
#3410 = EDGE_CURVE ( 'NONE', #3230, #4582, #5166, .T. ) ;
#3411 = LINE ( 'NONE', #2970, #4028 ) ;
#3412 = ORIENTED_EDGE ( 'NONE', *, *, #725, .F. ) ;
#3413 = CARTESIAN_POINT ( 'NONE',  ( 25.00000000000001066, 4.000000000000000000, 5.000000000000007994 ) ) ;
#3414 = ADVANCED_FACE ( 'NONE', ( #4784 ), #2598, .F. ) ;
#3415 = VERTEX_POINT ( 'NONE', #4731 ) ;
#3416 = CARTESIAN_POINT ( 'NONE',  ( 19.00000000000001066, 0.000000000000000000, 30.00000000000000355 ) ) ;
#3417 = CARTESIAN_POINT ( 'NONE',  ( 10.74999999999999822, 2.500000000000000000, -20.79999999999999716 ) ) ;
#3418 = CIRCLE ( 'NONE', #1214, 2.649999999999999467 ) ;
#3419 = CARTESIAN_POINT ( 'NONE',  ( 18.00000000000001066, 3.500000000000020428, 30.00000000000000355 ) ) ;
#3420 = ORIENTED_EDGE ( 'NONE', *, *, #3310, .T. ) ;
#3421 = EDGE_CURVE ( 'NONE', #4510, #3475, #4312, .T. ) ;
#3422 = VERTEX_POINT ( 'NONE', #3091 ) ;
#3423 = DIRECTION ( 'NONE',  ( 0.000000000000000000, 1.000000000000000000, 0.000000000000000000 ) ) ;
#3424 = CARTESIAN_POINT ( 'NONE',  ( 25.00000000000001066, 2.500000000000000000, 5.000000000000007994 ) ) ;
#3425 = AXIS2_PLACEMENT_3D ( 'NONE', #2832, #517, #1501 ) ;
#3426 = DIRECTION ( 'NONE',  ( 1.000000000000000000, 0.000000000000000000, 0.000000000000000000 ) ) ;
#3427 = VERTEX_POINT ( 'NONE', #5193 ) ;
#3428 = VECTOR ( 'NONE', #4961, 1000.000000000000000 ) ;
#3429 = EDGE_CURVE ( 'NONE', #4401, #4357, #1546, .T. ) ;
#3430 = EDGE_LOOP ( 'NONE', ( #650, #3509, #2235, #1052 ) ) ;
#3431 = CIRCLE ( 'NONE', #2110, 1.100000000000001199 ) ;
#3432 = CARTESIAN_POINT ( 'NONE',  ( 3.499999999999999556, 0.000000000000000000, -26.96887112585072188 ) ) ;
#3433 = CARTESIAN_POINT ( 'NONE',  ( 4.055555555555553582, 0.000000000000000000, -27.86467754232833727 ) ) ;
#3434 = AXIS2_PLACEMENT_3D ( 'NONE', #2982, #5114, #4758 ) ;
#3435 = EDGE_CURVE ( 'NONE', #3015, #1290, #5341, .T. ) ;
#3436 = FACE_OUTER_BOUND ( 'NONE', #4295, .T. ) ;
#3437 = AXIS2_PLACEMENT_3D ( 'NONE', #1117, #4108, #3696 ) ;
#3438 = DIRECTION ( 'NONE',  ( 0.000000000000000000, 1.000000000000000000, -0.000000000000000000 ) ) ;
#3439 = CARTESIAN_POINT ( 'NONE',  ( 18.50000000000001066, 2.299999999999999822, 29.50000000000000355 ) ) ;
#3440 = DIRECTION ( 'NONE',  ( -0.000000000000000000, 1.000000000000000000, -0.000000000000000000 ) ) ;
#3441 = VECTOR ( 'NONE', #2097, 1000.000000000000000 ) ;
#3442 = ORIENTED_EDGE ( 'NONE', *, *, #3849, .F. ) ;
#3443 = DIRECTION ( 'NONE',  ( 0.000000000000000000, 0.000000000000000000, 1.000000000000000000 ) ) ;
#3444 = ADVANCED_FACE ( 'NONE', ( #5274 ), #657, .T. ) ;
#3445 = EDGE_LOOP ( 'NONE', ( #764, #3033, #4728, #3955 ) ) ;
#3446 = DIRECTION ( 'NONE',  ( 0.000000000000000000, 1.000000000000000000, 0.000000000000000000 ) ) ;
#3447 = LINE ( 'NONE', #5107, #2787 ) ;
#3448 = DIRECTION ( 'NONE',  ( 0.000000000000000000, 0.000000000000000000, 1.000000000000000000 ) ) ;
#3449 = ORIENTED_EDGE ( 'NONE', *, *, #5251, .T. ) ;
#3450 = ORIENTED_EDGE ( 'NONE', *, *, #1969, .T. ) ;
#3451 = CARTESIAN_POINT ( 'NONE',  ( 13.50000000000001243, 4.000000000000000000, -29.99999999999999645 ) ) ;
#3452 = LINE ( 'NONE', #152, #3508 ) ;
#3453 = DIRECTION ( 'NONE',  ( 0.000000000000000000, -1.000000000000000000, 0.000000000000000000 ) ) ;
#3454 = EDGE_CURVE ( 'NONE', #3667, #4596, #2703, .T. ) ;
#3455 = CIRCLE ( 'NONE', #4159, 0.7499999999999972244 ) ;
#3456 = ORIENTED_EDGE ( 'NONE', *, *, #2601, .F. ) ;
#3457 = EDGE_LOOP ( 'NONE', ( #1196, #510, #1262, #3763 ) ) ;
#3458 = DIRECTION ( 'NONE',  ( -0.000000000000000000, -0.000000000000000000, 1.000000000000000000 ) ) ;
#3459 = CARTESIAN_POINT ( 'NONE',  ( 22.22504112484965333, 0.000000000000000000, 2.119096801136108876 ) ) ;
#3460 = AXIS2_PLACEMENT_3D ( 'NONE', #601, #2681, #1438 ) ;
#3461 = AXIS2_PLACEMENT_3D ( 'NONE', #3217, #1985, #1629 ) ;
#3462 = CYLINDRICAL_SURFACE ( 'NONE', #4168, 3.499999999999999556 ) ;
#3463 = CARTESIAN_POINT ( 'NONE',  ( 16.12250708506317309, 2.500000000000000000, 22.50187643836395424 ) ) ;
#3464 = DIRECTION ( 'NONE',  ( -0.000000000000000000, -1.000000000000000000, -0.000000000000000000 ) ) ;
#3465 = CYLINDRICAL_SURFACE ( 'NONE', #404, 4.000000000000000000 ) ;
#3466 = ORIENTED_EDGE ( 'NONE', *, *, #4525, .T. ) ;
#3467 = DIRECTION ( 'NONE',  ( 0.7071067811865426878, -0.7071067811865524577, 0.000000000000000000 ) ) ;
#3468 = ORIENTED_EDGE ( 'NONE', *, *, #1377, .F. ) ;
#3469 = LINE ( 'NONE', #457, #4704 ) ;
#3470 = CARTESIAN_POINT ( 'NONE',  ( 12.94999999999999751, 0.000000000000000000, -22.99999999999999645 ) ) ;
#3471 = CARTESIAN_POINT ( 'NONE',  ( 26.00000000000001066, 4.000000000000000000, 22.50000000000002487 ) ) ;
#3472 = VECTOR ( 'NONE', #3835, 1000.000000000000000 ) ;
#3473 = DIRECTION ( 'NONE',  ( 0.6427876096865432487, 0.000000000000000000, 0.7660444431189747938 ) ) ;
#3474 = ORIENTED_EDGE ( 'NONE', *, *, #29, .F. ) ;
#3475 = VERTEX_POINT ( 'NONE', #1433 ) ;
#3476 = DIRECTION ( 'NONE',  ( -2.453269466693396649E-15, -0.7071067811865474617, -0.7071067811865474617 ) ) ;
#3477 = DIRECTION ( 'NONE',  ( 0.000000000000000000, 1.000000000000000000, -0.000000000000000000 ) ) ;
#3478 = DIRECTION ( 'NONE',  ( 0.000000000000000000, 0.000000000000000000, 1.000000000000000000 ) ) ;
#3479 = EDGE_CURVE ( 'NONE', #2649, #2833, #206, .T. ) ;
#3480 = CIRCLE ( 'NONE', #1090, 2.649999999999999467 ) ;
#3481 = EDGE_LOOP ( 'NONE', ( #5398, #1168, #1323, #5215 ) ) ;
#3482 = ORIENTED_EDGE ( 'NONE', *, *, #4094, .T. ) ;
#3483 = ADVANCED_FACE ( 'NONE', ( #4058 ), #4811, .F. ) ;
#3484 = LINE ( 'NONE', #1960, #5137 ) ;
#3485 = CARTESIAN_POINT ( 'NONE',  ( 8.749999999999998224, 2.250000000000000444, -20.29999999999999716 ) ) ;
#3486 = CIRCLE ( 'NONE', #1366, 2.200000000000000622 ) ;
#3487 = CARTESIAN_POINT ( 'NONE',  ( 2.499999999999999556, -6.000000000000000000, -30.99999999999999645 ) ) ;
#3488 = VECTOR ( 'NONE', #4219, 1000.000000000000000 ) ;
#3489 = DIRECTION ( 'NONE',  ( -1.000000000000000000, -0.000000000000000000, -0.000000000000000000 ) ) ;
#3490 = FACE_OUTER_BOUND ( 'NONE', #3195, .T. ) ;
#3491 = CIRCLE ( 'NONE', #3039, 2.200000000000000622 ) ;
#3492 = DIRECTION ( 'NONE',  ( -0.000000000000000000, 1.000000000000000000, -0.000000000000000000 ) ) ;
#3493 = AXIS2_PLACEMENT_3D ( 'NONE', #4131, #2419, #761 ) ;
#3494 = ORIENTED_EDGE ( 'NONE', *, *, #3149, .F. ) ;
#3495 = DIRECTION ( 'NONE',  ( 0.7071067811865474617, -0.7071067811865474617, 0.000000000000000000 ) ) ;
#3496 = EDGE_CURVE ( 'NONE', #2420, #4750, #1909, .T. ) ;
#3497 = ORIENTED_EDGE ( 'NONE', *, *, #3568, .F. ) ;
#3498 = ADVANCED_FACE ( 'NONE', ( #3980 ), #2291, .T. ) ;
#3499 = CIRCLE ( 'NONE', #1108, 0.7500000000000006661 ) ;
#3500 = CARTESIAN_POINT ( 'NONE',  ( 8.526858428704224835, 2.600000000000000089, -22.17857097069603611 ) ) ;
#3501 = CARTESIAN_POINT ( 'NONE',  ( 23.00000000000001066, 2.299999999999999822, -14.99999999999999645 ) ) ;
#3502 = EDGE_CURVE ( 'NONE', #4093, #4337, #2606, .T. ) ;
#3503 = ORIENTED_EDGE ( 'NONE', *, *, #4579, .F. ) ;
#3504 = VERTEX_POINT ( 'NONE', #3194 ) ;
#3505 = DIRECTION ( 'NONE',  ( -1.000000000000000000, 0.000000000000000000, 0.000000000000000000 ) ) ;
#3506 = FACE_OUTER_BOUND ( 'NONE', #4909, .T. ) ;
#3507 = DIRECTION ( 'NONE',  ( 0.000000000000000000, -1.000000000000000000, 0.000000000000000000 ) ) ;
#3508 = VECTOR ( 'NONE', #625, 1000.000000000000000 ) ;
#3509 = ORIENTED_EDGE ( 'NONE', *, *, #432, .T. ) ;
#3510 = ORIENTED_EDGE ( 'NONE', *, *, #2391, .T. ) ;
#3511 = ADVANCED_FACE ( 'NONE', ( #5249 ), #3140, .F. ) ;
#3512 = CARTESIAN_POINT ( 'NONE',  ( 9.500000000000007105, 4.000000000000000000, 28.05000000000000071 ) ) ;
#3513 = ORIENTED_EDGE ( 'NONE', *, *, #3201, .T. ) ;
#3514 = CYLINDRICAL_SURFACE ( 'NONE', #4449, 6.000000000000003553 ) ;
#3515 = CYLINDRICAL_SURFACE ( 'NONE', #274, 2.000000000000001776 ) ;
#3516 = AXIS2_PLACEMENT_3D ( 'NONE', #4090, #3286, #3257 ) ;
#3517 = FACE_BOUND ( 'NONE', #1952, .T. ) ;
#3518 = AXIS2_PLACEMENT_3D ( 'NONE', #11, #905, #926 ) ;
#3519 = FACE_OUTER_BOUND ( 'NONE', #1039, .T. ) ;
#3520 = SURFACE_STYLE_USAGE ( .BOTH. , #3940 ) ;
#3521 = EDGE_CURVE ( 'NONE', #2825, #4807, #2786, .T. ) ;
#3522 = VECTOR ( 'NONE', #1148, 1000.000000000000114 ) ;
#3523 = ORIENTED_EDGE ( 'NONE', *, *, #2400, .F. ) ;
#3524 = DIRECTION ( 'NONE',  ( 0.000000000000000000, 1.000000000000000000, 0.000000000000000000 ) ) ;
#3525 = VERTEX_POINT ( 'NONE', #1911 ) ;
#3526 = CIRCLE ( 'NONE', #1769, 1.549999999999997602 ) ;
#3527 = PLANE ( 'NONE',  #4141 ) ;
#3528 = VECTOR ( 'NONE', #2583, 999.9999999999998863 ) ;
#3529 = CARTESIAN_POINT ( 'NONE',  ( 17.23689931702759282, 0.000000000000000000, -3.757266691850818408 ) ) ;
#3530 = EDGE_CURVE ( 'NONE', #3427, #1468, #2959, .T. ) ;
#3531 = ORIENTED_EDGE ( 'NONE', *, *, #2831, .F. ) ;
#3532 = ORIENTED_EDGE ( 'NONE', *, *, #3502, .T. ) ;
#3533 = DIRECTION ( 'NONE',  ( 0.000000000000000000, -1.000000000000000000, 0.000000000000000000 ) ) ;
#3534 = VERTEX_POINT ( 'NONE', #1063 ) ;
#3535 = DIRECTION ( 'NONE',  ( 0.000000000000000000, 1.000000000000000000, 0.000000000000000000 ) ) ;
#3536 = DIRECTION ( 'NONE',  ( 0.000000000000000000, 0.000000000000000000, 1.000000000000000000 ) ) ;
#3537 = ORIENTED_EDGE ( 'NONE', *, *, #2735, .F. ) ;
#3538 = EDGE_LOOP ( 'NONE', ( #4535, #1664, #2288, #488 ) ) ;
#3539 = DIRECTION ( 'NONE',  ( 0.000000000000000000, 1.000000000000000000, -0.000000000000000000 ) ) ;
#3540 = FACE_OUTER_BOUND ( 'NONE', #1255, .T. ) ;
#3541 = AXIS2_PLACEMENT_3D ( 'NONE', #2854, #4120, #4485 ) ;
#3542 = EDGE_CURVE ( 'NONE', #4043, #3504, #2166, .T. ) ;
#3543 = ORIENTED_EDGE ( 'NONE', *, *, #714, .T. ) ;
#3544 = AXIS2_PLACEMENT_3D ( 'NONE', #5125, #3408, #1258 ) ;
#3545 = LINE ( 'NONE', #3463, #3901 ) ;
#3546 = CIRCLE ( 'NONE', #271, 6.000000000000003553 ) ;
#3547 = LINE ( 'NONE', #168, #4997 ) ;
#3548 = DIRECTION ( 'NONE',  ( -1.000000000000000000, -0.000000000000000000, -0.000000000000000000 ) ) ;
#3549 = EDGE_CURVE ( 'NONE', #4387, #1979, #2340, .T. ) ;
#3550 = ORIENTED_EDGE ( 'NONE', *, *, #3818, .F. ) ;
#3551 = ORIENTED_EDGE ( 'NONE', *, *, #287, .T. ) ;
#3552 = CARTESIAN_POINT ( 'NONE',  ( 27.16666666666667496, 2.299999999999999822, 7.422406975624783243 ) ) ;
#3553 = ORIENTED_EDGE ( 'NONE', *, *, #5148, .F. ) ;
#3554 = EDGE_CURVE ( 'NONE', #7, #2230, #713, .T. ) ;
#3555 = CARTESIAN_POINT ( 'NONE',  ( 16.00000000000001066, 2.500000000000000000, 26.50000000000000355 ) ) ;
#3556 = DIRECTION ( 'NONE',  ( -0.000000000000000000, -1.000000000000000000, -0.000000000000000000 ) ) ;
#3557 = VERTEX_POINT ( 'NONE', #2399 ) ;
#3558 = VERTEX_POINT ( 'NONE', #3221 ) ;
#3559 = LINE ( 'NONE', #4834, #875 ) ;
#3560 = EDGE_CURVE ( 'NONE', #1878, #3000, #5303, .T. ) ;
#3561 = DIRECTION ( 'NONE',  ( -0.000000000000000000, -1.000000000000000000, -0.000000000000000000 ) ) ;
#3562 = DIRECTION ( 'NONE',  ( 0.000000000000000000, 0.000000000000000000, -1.000000000000000000 ) ) ;
#3563 = ORIENTED_EDGE ( 'NONE', *, *, #1641, .T. ) ;
#3564 = EDGE_LOOP ( 'NONE', ( #1422, #2585, #738, #2685 ) ) ;
#3565 = EDGE_CURVE ( 'NONE', #2392, #3983, #3486, .T. ) ;
#3566 = FACE_OUTER_BOUND ( 'NONE', #4522, .T. ) ;
#3567 = VERTEX_POINT ( 'NONE', #1153 ) ;
#3568 = EDGE_CURVE ( 'NONE', #4195, #4088, #4732, .T. ) ;
#3569 = CARTESIAN_POINT ( 'NONE',  ( 24.00000000000001421, 3.500000000000020428, 23.00000000000000355 ) ) ;
#3570 = CARTESIAN_POINT ( 'NONE',  ( 13.83333333333334281, 2.299999999999999822, 28.92240697562477436 ) ) ;
#3571 = CARTESIAN_POINT ( 'NONE',  ( 4.499999999999997335, 0.000000000000000000, 30.00000000000000355 ) ) ;
#3572 = SURFACE_STYLE_FILL_AREA ( #2665 ) ;
#3573 = DIRECTION ( 'NONE',  ( -0.000000000000000000, -1.000000000000000000, -0.000000000000000000 ) ) ;
#3574 = CIRCLE ( 'NONE', #301, 5.999999999999996447 ) ;
#3575 = ORIENTED_EDGE ( 'NONE', *, *, #2978, .T. ) ;
#3576 = AXIS2_PLACEMENT_3D ( 'NONE', #2664, #2274, #1897 ) ;
#3577 = ORIENTED_EDGE ( 'NONE', *, *, #5287, .T. ) ;
#3578 = ADVANCED_FACE ( 'NONE', ( #3761 ), #4976, .F. ) ;
#3579 = CARTESIAN_POINT ( 'NONE',  ( 8.800000000000002487, 1.250000000000000222, 5.800000000000003375 ) ) ;
#3580 = CIRCLE ( 'NONE', #3856, 3.249999999999999556 ) ;
#3581 = CYLINDRICAL_SURFACE ( 'NONE', #4374, 3.999999999999999112 ) ;
#3582 = EDGE_CURVE ( 'NONE', #4357, #4401, #4816, .T. ) ;
#3583 = ORIENTED_EDGE ( 'NONE', *, *, #1006, .F. ) ;
#3584 = LINE ( 'NONE', #4445, #4766 ) ;
#3585 = VECTOR ( 'NONE', #3781, 999.9999999999998863 ) ;
#3586 = VERTEX_POINT ( 'NONE', #2539 ) ;
#3587 = DIRECTION ( 'NONE',  ( 0.000000000000000000, 1.000000000000000000, 0.000000000000000000 ) ) ;
#3588 = DIRECTION ( 'NONE',  ( 0.000000000000000000, 0.000000000000000000, -1.000000000000000000 ) ) ;
#3589 = CARTESIAN_POINT ( 'NONE',  ( 10.83185842870419613, 4.000000000000000000, -26.17094808214231350 ) ) ;
#3590 = EDGE_CURVE ( 'NONE', #4012, #3427, #4564, .T. ) ;
#3591 = ORIENTED_EDGE ( 'NONE', *, *, #5251, .F. ) ;
#3592 = ORIENTED_EDGE ( 'NONE', *, *, #3843, .F. ) ;
#3593 = CARTESIAN_POINT ( 'NONE',  ( 16.00000000000001066, 2.299999999999999822, 26.50000000000000355 ) ) ;
#3594 = AXIS2_PLACEMENT_3D ( 'NONE', #3926, #3036, #3396 ) ;
#3595 = EDGE_CURVE ( 'NONE', #773, #1448, #4371, .T. ) ;
#3596 = ORIENTED_EDGE ( 'NONE', *, *, #2535, .F. ) ;
#3597 = FACE_OUTER_BOUND ( 'NONE', #4267, .T. ) ;
#3598 = DIRECTION ( 'NONE',  ( -0.000000000000000000, -1.000000000000000000, -0.000000000000000000 ) ) ;
#3599 = DIRECTION ( 'NONE',  ( 0.000000000000000000, 1.000000000000000000, 0.000000000000000000 ) ) ;
#3600 = CIRCLE ( 'NONE', #4928, 1.549999999999995826 ) ;
#3601 = DIRECTION ( 'NONE',  ( -0.000000000000000000, 0.000000000000000000, 1.000000000000000000 ) ) ;
#3602 = DIRECTION ( 'NONE',  ( -0.000000000000000000, 1.000000000000000000, -0.000000000000000000 ) ) ;
#3603 = CIRCLE ( 'NONE', #5466, 3.249999999999999556 ) ;
#3604 = ORIENTED_EDGE ( 'NONE', *, *, #1042, .T. ) ;
#3605 = AXIS2_PLACEMENT_3D ( 'NONE', #2965, #917, #2220 ) ;
#3606 = VERTEX_POINT ( 'NONE', #3703 ) ;
#3607 = VECTOR ( 'NONE', #1709, 1000.000000000000000 ) ;
#3608 = CARTESIAN_POINT ( 'NONE',  ( 8.749999999999998224, 4.000000000000000000, -18.09999999999999787 ) ) ;
#3609 = CARTESIAN_POINT ( 'NONE',  ( 4.168141571295796766, 2.600000000000000089, -23.82905191785766874 ) ) ;
#3610 = CIRCLE ( 'NONE', #1232, 1.549999999999995826 ) ;
#3611 = ADVANCED_FACE ( 'NONE', ( #5033 ), #3674, .T. ) ;
#3612 = ORIENTED_EDGE ( 'NONE', *, *, #1377, .T. ) ;
#3613 = CARTESIAN_POINT ( 'NONE',  ( 26.00000000000000355, 0.000000000000000000, -23.00000000000000000 ) ) ;
#3614 = VECTOR ( 'NONE', #4695, 1000.000000000000000 ) ;
#3615 = ORIENTED_EDGE ( 'NONE', *, *, #3392, .F. ) ;
#3616 = DIRECTION ( 'NONE',  ( -0.000000000000000000, -1.000000000000000000, -0.000000000000000000 ) ) ;
#3617 = FACE_OUTER_BOUND ( 'NONE', #3481, .T. ) ;
#3618 = DIRECTION ( 'NONE',  ( 0.000000000000000000, -0.7071067811865524577, -0.7071067811865426878 ) ) ;
#3619 = CIRCLE ( 'NONE', #2470, 1.549999999999995826 ) ;
#3620 = ORIENTED_EDGE ( 'NONE', *, *, #5464, .T. ) ;
#3621 = ORIENTED_EDGE ( 'NONE', *, *, #4954, .T. ) ;
#3622 = DIRECTION ( 'NONE',  ( 0.000000000000000000, 1.000000000000000000, 0.000000000000000000 ) ) ;
#3623 = EDGE_CURVE ( 'NONE', #1474, #4998, #2077, .T. ) ;
#3624 = ORIENTED_EDGE ( 'NONE', *, *, #5422, .T. ) ;
#3625 = LINE ( 'NONE', #5313, #270 ) ;
#3626 = DIRECTION ( 'NONE',  ( 0.7071067811865524577, 0.7071067811865426878, -8.177564888978054568E-17 ) ) ;
#3627 = CARTESIAN_POINT ( 'NONE',  ( 28.00000000000000355, 4.000000000000000000, -20.99999999999999645 ) ) ;
#3628 = CARTESIAN_POINT ( 'NONE',  ( 10.25000000000000711, 2.600000000000000089, 27.30000000000000071 ) ) ;
#3629 = CARTESIAN_POINT ( 'NONE',  ( 28.00000000000001066, 3.500000000000020428, 7.795084971874749691 ) ) ;
#3630 = VECTOR ( 'NONE', #3489, 1000.000000000000000 ) ;
#3631 = VECTOR ( 'NONE', #3203, 1000.000000000000114 ) ;
#3632 = VERTEX_POINT ( 'NONE', #4594 ) ;
#3633 =( NAMED_UNIT ( * ) SI_UNIT ( $, .STERADIAN. ) SOLID_ANGLE_UNIT ( ) );
#3634 = ORIENTED_EDGE ( 'NONE', *, *, #4572, .T. ) ;
#3635 = DIRECTION ( 'NONE',  ( -0.000000000000000000, 1.000000000000000000, -0.000000000000000000 ) ) ;
#3636 = DIRECTION ( 'NONE',  ( -0.000000000000000000, -1.000000000000000000, -0.000000000000000000 ) ) ;
#3637 = AXIS2_PLACEMENT_3D ( 'NONE', #2925, #682, #2812 ) ;
#3638 = EDGE_LOOP ( 'NONE', ( #5065, #3799, #5131, #2272 ) ) ;
#3639 = DIRECTION ( 'NONE',  ( 0.000000000000000000, 0.000000000000000000, -1.000000000000000000 ) ) ;
#3640 = VERTEX_POINT ( 'NONE', #1661 ) ;
#3641 = EDGE_CURVE ( 'NONE', #2655, #3883, #40, .T. ) ;
#3642 = CARTESIAN_POINT ( 'NONE',  ( 18.50000000000001066, 3.500000000000006661, -29.99999999999999645 ) ) ;
#3643 = CARTESIAN_POINT ( 'NONE',  ( 28.00000000000000355, 3.500000000000006661, -23.00000000000000000 ) ) ;
#3644 = DIRECTION ( 'NONE',  ( 0.000000000000000000, 0.000000000000000000, 1.000000000000000000 ) ) ;
#3645 = CARTESIAN_POINT ( 'NONE',  ( 4.500000000000000000, -6.000000000000000000, 29.00000000000000000 ) ) ;
#3646 = ORIENTED_EDGE ( 'NONE', *, *, #1780, .F. ) ;
#3647 = ORIENTED_EDGE ( 'NONE', *, *, #965, .T. ) ;
#3648 = VECTOR ( 'NONE', #2461, 1000.000000000000000 ) ;
#3649 = DIRECTION ( 'NONE',  ( -0.000000000000000000, 1.000000000000000000, -0.000000000000000000 ) ) ;
#3650 = EDGE_CURVE ( 'NONE', #1776, #3225, #3338, .T. ) ;
#3651 = AXIS2_PLACEMENT_3D ( 'NONE', #5401, #1612, #2884 ) ;
#3652 = AXIS2_PLACEMENT_3D ( 'NONE', #3328, #2864, #4934 ) ;
#3653 = ORIENTED_EDGE ( 'NONE', *, *, #3007, .F. ) ;
#3654 = ADVANCED_FACE ( 'NONE', ( #3252 ), #2928, .T. ) ;
#3655 = CARTESIAN_POINT ( 'NONE',  ( 22.55065473270367704, 2.500000000000000000, -6.137998305772234708 ) ) ;
#3656 = CARTESIAN_POINT ( 'NONE',  ( 10.74999999999999822, 0.000000000000000000, -20.79999999999999716 ) ) ;
#3657 = DIRECTION ( 'NONE',  ( 0.000000000000000000, 1.000000000000000000, 0.000000000000000000 ) ) ;
#3658 = DIRECTION ( 'NONE',  ( 0.000000000000000000, 1.000000000000000000, 0.000000000000000000 ) ) ;
#3659 = DIRECTION ( 'NONE',  ( -0.000000000000000000, 1.000000000000000000, -0.000000000000000000 ) ) ;
#3660 = EDGE_LOOP ( 'NONE', ( #1530, #677, #4838, #4245 ) ) ;
#3661 = DIRECTION ( 'NONE',  ( -0.000000000000000000, 1.000000000000000000, -0.000000000000000000 ) ) ;
#3662 = ORIENTED_EDGE ( 'NONE', *, *, #5151, .T. ) ;
#3663 = LINE ( 'NONE', #1563, #3151 ) ;
#3664 = CARTESIAN_POINT ( 'NONE',  ( 17.36822456684302907, 0.000000000000000000, -0.7494239594891117795 ) ) ;
#3665 = VECTOR ( 'NONE', #626, 1000.000000000000000 ) ;
#3666 = EDGE_CURVE ( 'NONE', #5348, #900, #663, .T. ) ;
#3667 = VERTEX_POINT ( 'NONE', #3309 ) ;
#3668 = DIRECTION ( 'NONE',  ( 0.000000000000000000, 1.000000000000000000, -0.000000000000000000 ) ) ;
#3669 = ORIENTED_EDGE ( 'NONE', *, *, #638, .T. ) ;
#3670 = DIRECTION ( 'NONE',  ( 0.000000000000000000, 1.000000000000000000, 0.000000000000000000 ) ) ;
#3671 = CARTESIAN_POINT ( 'NONE',  ( 6.083225665910465985, 4.000000000000000000, -29.22222222222221788 ) ) ;
#3672 = CIRCLE ( 'NONE', #1099, 0.5000000000000004441 ) ;
#3673 = DIRECTION ( 'NONE',  ( -0.000000000000000000, 1.000000000000000000, -0.000000000000000000 ) ) ;
#3674 = PLANE ( 'NONE',  #5082 ) ;
#3675 = ADVANCED_FACE ( 'NONE', ( #3364 ), #742, .F. ) ;
#3676 = EDGE_LOOP ( 'NONE', ( #1828, #4950, #3298, #1442 ) ) ;
#3677 = ORIENTED_EDGE ( 'NONE', *, *, #1811, .T. ) ;
#3678 = DIRECTION ( 'NONE',  ( 0.000000000000000000, 0.000000000000000000, -1.000000000000000000 ) ) ;
#3679 = DIRECTION ( 'NONE',  ( 0.000000000000000000, 0.000000000000000000, 1.000000000000000000 ) ) ;
#3680 = ORIENTED_EDGE ( 'NONE', *, *, #884, .F. ) ;
#3681 = EDGE_CURVE ( 'NONE', #5443, #1728, #5085, .T. ) ;
#3682 = DIRECTION ( 'NONE',  ( 0.000000000000000000, -1.000000000000000000, 0.000000000000000000 ) ) ;
#3683 = CARTESIAN_POINT ( 'NONE',  ( 11.50000000000000000, 0.000000000000000000, -2.000000000000000000 ) ) ;
#3684 = VECTOR ( 'NONE', #3796, 1000.000000000000000 ) ;
#3685 = CYLINDRICAL_SURFACE ( 'NONE', #813, 1.600000000000000755 ) ;
#3686 = CARTESIAN_POINT ( 'NONE',  ( 19.00000000000001066, 4.000000000000000000, 30.00000000000000355 ) ) ;
#3687 = LINE ( 'NONE', #2498, #1033 ) ;
#3688 = ORIENTED_EDGE ( 'NONE', *, *, #1796, .T. ) ;
#3689 = ORIENTED_EDGE ( 'NONE', *, *, #958, .T. ) ;
#3690 = VECTOR ( 'NONE', #670, 1000.000000000000000 ) ;
#3691 = DIRECTION ( 'NONE',  ( -0.000000000000000000, -1.000000000000000000, -0.000000000000000000 ) ) ;
#3692 = EDGE_CURVE ( 'NONE', #2560, #3361, #1600, .T. ) ;
#3693 = DIRECTION ( 'NONE',  ( 0.000000000000000000, 1.000000000000000000, 0.000000000000000000 ) ) ;
#3694 = AXIS2_PLACEMENT_3D ( 'NONE', #1390, #4323, #555 ) ;
#3695 = VERTEX_POINT ( 'NONE', #4113 ) ;
#3696 = DIRECTION ( 'NONE',  ( 0.000000000000000000, 0.000000000000000000, 1.000000000000000000 ) ) ;
#3697 = VECTOR ( 'NONE', #3822, 1000.000000000000000 ) ;
#3698 = EDGE_LOOP ( 'NONE', ( #4526, #1385, #5171, #1848 ) ) ;
#3699 = DIRECTION ( 'NONE',  ( -0.000000000000000000, 1.000000000000000000, -0.000000000000000000 ) ) ;
#3700 = LINE ( 'NONE', #319, #1668 ) ;
#3701 = VECTOR ( 'NONE', #3476, 1000.000000000000114 ) ;
#3702 = CARTESIAN_POINT ( 'NONE',  ( 19.00000000000000355, 0.000000000000000000, -29.99999999999999645 ) ) ;
#3703 = CARTESIAN_POINT ( 'NONE',  ( 8.800000000000002487, 1.250000000000000222, 4.700000000000001954 ) ) ;
#3704 = AXIS2_PLACEMENT_3D ( 'NONE', #5247, #569, #2756 ) ;
#3705 = ORIENTED_EDGE ( 'NONE', *, *, #1394, .T. ) ;
#3706 = ORIENTED_EDGE ( 'NONE', *, *, #328, .F. ) ;
#3707 = DIRECTION ( 'NONE',  ( 0.000000000000000000, 0.000000000000000000, -1.000000000000000000 ) ) ;
#3708 = CARTESIAN_POINT ( 'NONE',  ( 20.49036317236908999, 2.500000000000000000, -5.366507096221478257 ) ) ;
#3709 = VECTOR ( 'NONE', #1316, 1000.000000000000000 ) ;
#3710 = ORIENTED_EDGE ( 'NONE', *, *, #3769, .F. ) ;
#3711 = DIRECTION ( 'NONE',  ( -0.000000000000000000, 1.000000000000000000, -0.000000000000000000 ) ) ;
#3712 = CARTESIAN_POINT ( 'NONE',  ( 24.00000000000001066, 0.000000000000000000, 26.00000000000000355 ) ) ;
#3713 = CYLINDRICAL_SURFACE ( 'NONE', #1923, 2.999999999999999112 ) ;
#3714 = CARTESIAN_POINT ( 'NONE',  ( 26.00000000000001066, 3.500000000000020428, 21.00000000000000355 ) ) ;
#3715 = LINE ( 'NONE', #393, #4132 ) ;
#3716 = ORIENTED_EDGE ( 'NONE', *, *, #5177, .T. ) ;
#3717 = ORIENTED_EDGE ( 'NONE', *, *, #1431, .T. ) ;
#3718 = DIRECTION ( 'NONE',  ( 0.8660254037844422603, 0.000000000000000000, 0.4999999999999938383 ) ) ;
#3719 = EDGE_CURVE ( 'NONE', #434, #2420, #2018, .T. ) ;
#3720 = CARTESIAN_POINT ( 'NONE',  ( 24.00000000000001066, 0.000000000000000000, 23.00000000000000355 ) ) ;
#3721 = AXIS2_PLACEMENT_3D ( 'NONE', #1391, #3073, #136 ) ;
#3722 = CIRCLE ( 'NONE', #92, 3.499999999999978684 ) ;
#3723 = VERTEX_POINT ( 'NONE', #5006 ) ;
#3724 = EDGE_CURVE ( 'NONE', #3695, #2458, #2900, .T. ) ;
#3725 = DIRECTION ( 'NONE',  ( -0.7071067811865474617, -0.7071067811865474617, 0.000000000000000000 ) ) ;
#3726 = ORIENTED_EDGE ( 'NONE', *, *, #2546, .T. ) ;
#3727 = DIRECTION ( 'NONE',  ( 0.000000000000000000, 0.000000000000000000, -1.000000000000000000 ) ) ;
#3728 = DIRECTION ( 'NONE',  ( 0.000000000000000000, 0.000000000000000000, 1.000000000000000000 ) ) ;
#3729 = VECTOR ( 'NONE', #1723, 1000.000000000000000 ) ;
#3730 = AXIS2_PLACEMENT_3D ( 'NONE', #1209, #3670, #261 ) ;
#3731 = DIRECTION ( 'NONE',  ( -0.000000000000000000, 1.000000000000000000, -0.000000000000000000 ) ) ;
#3732 = CARTESIAN_POINT ( 'NONE',  ( 3.999999999999993339, 4.000000000000000000, 4.700000000000002842 ) ) ;
#3733 = ORIENTED_EDGE ( 'NONE', *, *, #3201, .F. ) ;
#3734 = VERTEX_POINT ( 'NONE', #4305 ) ;
#3735 = LINE ( 'NONE', #354, #69 ) ;
#3736 = CYLINDRICAL_SURFACE ( 'NONE', #1301, 0.7500000000000006661 ) ;
#3737 = VERTEX_POINT ( 'NONE', #486 ) ;
#3738 = EDGE_CURVE ( 'NONE', #2464, #1878, #64, .T. ) ;
#3739 = ADVANCED_FACE ( 'NONE', ( #5161 ), #3058, .F. ) ;
#3740 = CARTESIAN_POINT ( 'NONE',  ( 16.00000000000001066, 2.299999999999999822, -26.49999999999999289 ) ) ;
#3741 = DIRECTION ( 'NONE',  ( 0.000000000000000000, 1.000000000000000000, -0.000000000000000000 ) ) ;
#3742 = VECTOR ( 'NONE', #1837, 1000.000000000000000 ) ;
#3743 = DIRECTION ( 'NONE',  ( -0.8660254037844423713, 0.000000000000000000, -0.4999999999999936162 ) ) ;
#3744 = VECTOR ( 'NONE', #4157, 1000.000000000000000 ) ;
#3745 = EDGE_CURVE ( 'NONE', #2380, #4500, #2591, .T. ) ;
#3746 = ORIENTED_EDGE ( 'NONE', *, *, #4906, .F. ) ;
#3747 = DIRECTION ( 'NONE',  ( -0.000000000000000000, -1.000000000000000000, -0.000000000000000000 ) ) ;
#3748 = AXIS2_PLACEMENT_3D ( 'NONE', #4512, #2734, #1043 ) ;
#3749 = ORIENTED_EDGE ( 'NONE', *, *, #5079, .F. ) ;
#3750 = CARTESIAN_POINT ( 'NONE',  ( 2.499999999999999556, 4.000000000000000000, -30.99999999999999645 ) ) ;
#3751 = FACE_OUTER_BOUND ( 'NONE', #3698, .T. ) ;
#3752 = VECTOR ( 'NONE', #2511, 1000.000000000000000 ) ;
#3753 = ORIENTED_EDGE ( 'NONE', *, *, #2910, .T. ) ;
#3754 = CARTESIAN_POINT ( 'NONE',  ( 3.499999999999996891, 2.250000000000000444, 4.700000000000002842 ) ) ;
#3755 = EDGE_CURVE ( 'NONE', #1384, #1395, #1767, .T. ) ;
#3756 = VERTEX_POINT ( 'NONE', #1400 ) ;
#3757 = DIRECTION ( 'NONE',  ( 0.000000000000000000, 0.000000000000000000, 1.000000000000000000 ) ) ;
#3758 = DIRECTION ( 'NONE',  ( 0.000000000000000000, 1.000000000000000000, 0.000000000000000000 ) ) ;
#3759 = DIRECTION ( 'NONE',  ( 0.000000000000000000, 0.000000000000000000, -1.000000000000000000 ) ) ;
#3760 = AXIS2_PLACEMENT_3D ( 'NONE', #1888, #1513, #4391 ) ;
#3761 = FACE_OUTER_BOUND ( 'NONE', #4049, .T. ) ;
#3762 = EDGE_CURVE ( 'NONE', #3422, #3877, #12, .T. ) ;
#3763 = ORIENTED_EDGE ( 'NONE', *, *, #1454, .F. ) ;
#3764 = AXIS2_PLACEMENT_3D ( 'NONE', #5448, #4648, #3788 ) ;
#3765 = ORIENTED_EDGE ( 'NONE', *, *, #2143, .T. ) ;
#3766 = LINE ( 'NONE', #1126, #2552 ) ;
#3767 = CARTESIAN_POINT ( 'NONE',  ( 8.107641090649757132, 4.000000000000000000, -22.42060621367073381 ) ) ;
#3768 = CIRCLE ( 'NONE', #203, 2.000000000000001776 ) ;
#3769 = EDGE_CURVE ( 'NONE', #5092, #352, #3893, .T. ) ;
#3770 = AXIS2_PLACEMENT_3D ( 'NONE', #4803, #1881, #2671 ) ;
#3771 = ORIENTED_EDGE ( 'NONE', *, *, #3211, .F. ) ;
#3772 = MECHANICAL_DESIGN_GEOMETRIC_PRESENTATION_REPRESENTATION (  '', ( #3056 ), #4379 ) ;
#3773 = DIRECTION ( 'NONE',  ( -0.3142696805273561544, -0.7071067811865477948, -0.6334307917217422146 ) ) ;
#3774 = CARTESIAN_POINT ( 'NONE',  ( 10.83185842870419613, 2.600000000000000089, -25.42094808214231350 ) ) ;
#3775 = EDGE_CURVE ( 'NONE', #2306, #2325, #975, .T. ) ;
#3776 = LINE ( 'NONE', #24, #3880 ) ;
#3777 = ORIENTED_EDGE ( 'NONE', *, *, #2405, .T. ) ;
#3778 = FACE_OUTER_BOUND ( 'NONE', #4628, .T. ) ;
#3779 = ORIENTED_EDGE ( 'NONE', *, *, #4533, .F. ) ;
#3780 = DIRECTION ( 'NONE',  ( 0.000000000000000000, -1.000000000000000000, 0.000000000000000000 ) ) ;
#3781 = DIRECTION ( 'NONE',  ( -0.7660444431189746828, 0.000000000000000000, 0.6427876096865432487 ) ) ;
#3782 = AXIS2_PLACEMENT_3D ( 'NONE', #2597, #492, #73 ) ;
#3783 = ORIENTED_EDGE ( 'NONE', *, *, #1218, .T. ) ;
#3784 = CARTESIAN_POINT ( 'NONE',  ( 8.151858428704230164, 2.600000000000000089, -20.77905191785770000 ) ) ;
#3785 = ORIENTED_EDGE ( 'NONE', *, *, #3565, .T. ) ;
#3786 = CARTESIAN_POINT ( 'NONE',  ( 18.16666666666667496, 4.000000000000000000, -28.92240697562476726 ) ) ;
#3787 = CYLINDRICAL_SURFACE ( 'NONE', #2771, 0.7500000000000006661 ) ;
#3788 = DIRECTION ( 'NONE',  ( 0.000000000000000000, 0.000000000000000000, 1.000000000000000000 ) ) ;
#3789 = EDGE_CURVE ( 'NONE', #2781, #1663, #950, .T. ) ;
#3790 = AXIS2_PLACEMENT_3D ( 'NONE', #5445, #2813, #289 ) ;
#3791 = VECTOR ( 'NONE', #4653, 999.9999999999998863 ) ;
#3792 = VERTEX_POINT ( 'NONE', #3471 ) ;
#3793 = VECTOR ( 'NONE', #1725, 1000.000000000000000 ) ;
#3794 = ORIENTED_EDGE ( 'NONE', *, *, #1594, .T. ) ;
#3795 = DIRECTION ( 'NONE',  ( 0.000000000000000000, 0.000000000000000000, 1.000000000000000000 ) ) ;
#3796 = DIRECTION ( 'NONE',  ( -0.000000000000000000, -1.000000000000000000, -0.000000000000000000 ) ) ;
#3797 = EDGE_CURVE ( 'NONE', #4053, #3116, #4291, .T. ) ;
#3798 = CIRCLE ( 'NONE', #2287, 0.7500000000000006661 ) ;
#3799 = ORIENTED_EDGE ( 'NONE', *, *, #4642, .F. ) ;
#3800 = ADVANCED_FACE ( 'NONE', ( #2128 ), #398, .T. ) ;
#3801 = VECTOR ( 'NONE', #1951, 1000.000000000000114 ) ;
#3802 = CARTESIAN_POINT ( 'NONE',  ( 4.500000000000000000, 3.500000000000006661, 29.00000000000000000 ) ) ;
#3803 = DIRECTION ( 'NONE',  ( -0.000000000000000000, -1.000000000000000000, -0.000000000000000000 ) ) ;
#3804 = AXIS2_PLACEMENT_3D ( 'NONE', #1336, #477, #4185 ) ;
#3805 = DIRECTION ( 'NONE',  ( -0.000000000000000000, -1.000000000000000000, -0.000000000000000000 ) ) ;
#3806 = FACE_OUTER_BOUND ( 'NONE', #1580, .T. ) ;
#3807 = FACE_OUTER_BOUND ( 'NONE', #3430, .T. ) ;
#3808 = DIRECTION ( 'NONE',  ( 0.000000000000000000, 1.000000000000000000, 0.000000000000000000 ) ) ;
#3809 = DIRECTION ( 'NONE',  ( 9.819189486661174428E-16, 0.000000000000000000, 1.000000000000000000 ) ) ;
#3810 = ORIENTED_EDGE ( 'NONE', *, *, #60, .F. ) ;
#3811 = DIRECTION ( 'NONE',  ( 0.000000000000000000, -1.000000000000000000, 0.000000000000000000 ) ) ;
#3812 = ADVANCED_FACE ( 'NONE', ( #5083 ), #2232, .F. ) ;
#3813 = ORIENTED_EDGE ( 'NONE', *, *, #4831, .F. ) ;
#3814 = EDGE_CURVE ( 'NONE', #1468, #1822, #4740, .T. ) ;
#3815 = CARTESIAN_POINT ( 'NONE',  ( 8.799999999999998934, 4.000000000000000000, 4.700000000000002842 ) ) ;
#3816 = PLANE ( 'NONE',  #1130 ) ;
#3817 = CARTESIAN_POINT ( 'NONE',  ( 27.50000000000001776, 4.000000000000000000, -20.99999999999999645 ) ) ;
#3818 = EDGE_CURVE ( 'NONE', #1427, #1219, #3580, .T. ) ;
#3819 = ORIENTED_EDGE ( 'NONE', *, *, #4642, .T. ) ;
#3820 = EDGE_LOOP ( 'NONE', ( #1415, #2448, #3466, #4903, #4034, #1169, #1958, #5086, #567, #3785, #907, #2514, #4655, #378 ) ) ;
#3821 = CYLINDRICAL_SURFACE ( 'NONE', #5280, 2.200000000000000622 ) ;
#3822 = DIRECTION ( 'NONE',  ( -0.000000000000000000, -1.000000000000000000, -0.000000000000000000 ) ) ;
#3823 = DIRECTION ( 'NONE',  ( 0.000000000000000000, 0.000000000000000000, 1.000000000000000000 ) ) ;
#3824 = EDGE_LOOP ( 'NONE', ( #2080, #4918, #2979, #4441 ) ) ;
#3825 = ORIENTED_EDGE ( 'NONE', *, *, #2324, .T. ) ;
#3826 = EDGE_CURVE ( 'NONE', #1682, #4580, #3391, .T. ) ;
#3827 = LINE ( 'NONE', #1695, #5312 ) ;
#3828 = DIRECTION ( 'NONE',  ( 0.000000000000000000, 1.000000000000000000, 0.000000000000000000 ) ) ;
#3829 = CARTESIAN_POINT ( 'NONE',  ( 28.00000000000000711, 4.000000000000000000, 7.795084971874751467 ) ) ;
#3830 = VECTOR ( 'NONE', #383, 1000.000000000000000 ) ;
#3831 = EDGE_CURVE ( 'NONE', #3170, #3883, #4023, .T. ) ;
#3832 = EDGE_CURVE ( 'NONE', #3844, #3361, #4801, .T. ) ;
#3833 = CARTESIAN_POINT ( 'NONE',  ( 26.00000000000000355, 4.000000000000000000, -20.99999999999999645 ) ) ;
#3834 = ORIENTED_EDGE ( 'NONE', *, *, #1635, .F. ) ;
#3835 = DIRECTION ( 'NONE',  ( -0.000000000000000000, -1.000000000000000000, -0.000000000000000000 ) ) ;
#3836 = CARTESIAN_POINT ( 'NONE',  ( 13.50000000000001066, 3.499999999999999556, -29.99999999999999645 ) ) ;
#3837 = VERTEX_POINT ( 'NONE', #3005 ) ;
#3838 = CARTESIAN_POINT ( 'NONE',  ( 28.00000000000000355, 3.500000000000006661, -20.99999999999999645 ) ) ;
#3839 = ORIENTED_EDGE ( 'NONE', *, *, #3952, .T. ) ;
#3840 = DIRECTION ( 'NONE',  ( -0.7071067811865474617, -0.7071067811865474617, 0.000000000000000000 ) ) ;
#3841 = DIRECTION ( 'NONE',  ( -0.000000000000000000, 1.000000000000000000, -0.000000000000000000 ) ) ;
#3842 = CARTESIAN_POINT ( 'NONE',  ( 8.791826197258878040, 4.000000000000000000, -18.70054679054907609 ) ) ;
#3843 = EDGE_CURVE ( 'NONE', #5326, #1395, #2783, .T. ) ;
#3844 = VERTEX_POINT ( 'NONE', #2777 ) ;
#3845 = ORIENTED_EDGE ( 'NONE', *, *, #1386, .T. ) ;
#3846 = CARTESIAN_POINT ( 'NONE',  ( 17.01668019104464946, 0.000000000000000000, -10.80634763949192845 ) ) ;
#3847 = CARTESIAN_POINT ( 'NONE',  ( 28.00000000000000355, 0.000000000000000000, -23.00000000000000000 ) ) ;
#3848 = LINE ( 'NONE', #2158, #5439 ) ;
#3849 = EDGE_CURVE ( 'NONE', #2732, #1771, #2342, .T. ) ;
#3850 = VECTOR ( 'NONE', #4032, 1000.000000000000000 ) ;
#3851 = ORIENTED_EDGE ( 'NONE', *, *, #3435, .T. ) ;
#3852 = VECTOR ( 'NONE', #637, 1000.000000000000000 ) ;
#3853 = EDGE_LOOP ( 'NONE', ( #2416, #3126, #4678, #2159, #971, #1249, #3388, #1989, #2079, #2240, #3845, #3040, #616, #729, #3726, #399, #5201, #4463, #114, #5157, #1176, #568, #3355, #39, #3497, #4828, #337, #3688, #804, #3669, #1667, #4276, #5218, #4756, #5198, #5291, #5482, #2422, #3117, #1631, #266, #5410, #2154, #2344, #2950, #5155, #4534, #5256, #4644, #4344, #2654, #2629, #1116, #563, #3474, #4281, #4446, #662, #2175, #1030, #2006, #1229, #4859, #585, #150, #2533, #1340 ) ) ;
#3854 = CYLINDRICAL_SURFACE ( 'NONE', #3279, 5.999999999999996447 ) ;
#3855 = FACE_OUTER_BOUND ( 'NONE', #4892, .T. ) ;
#3856 = AXIS2_PLACEMENT_3D ( 'NONE', #3501, #4779, #928 ) ;
#3857 = EDGE_CURVE ( 'NONE', #1609, #4234, #840, .T. ) ;
#3858 = CYLINDRICAL_SURFACE ( 'NONE', #3694, 0.7500000000000006661 ) ;
#3859 = AXIS2_PLACEMENT_3D ( 'NONE', #5127, #3051, #4718 ) ;
#3860 = ORIENTED_EDGE ( 'NONE', *, *, #4971, .F. ) ;
#3861 = CARTESIAN_POINT ( 'NONE',  ( 11.50000000000000000, 4.000000000000000000, -2.000000000000000000 ) ) ;
#3862 = DIRECTION ( 'NONE',  ( 0.000000000000000000, 0.000000000000000000, 1.000000000000000000 ) ) ;
#3863 = ORIENTED_EDGE ( 'NONE', *, *, #368, .F. ) ;
#3864 = LINE ( 'NONE', #1761, #2731 ) ;
#3865 = ORIENTED_EDGE ( 'NONE', *, *, #4722, .F. ) ;
#3866 = EDGE_CURVE ( 'NONE', #2716, #1008, #3672, .T. ) ;
#3867 = DIRECTION ( 'NONE',  ( 0.7071067811865474617, 0.7071067811865474617, 0.000000000000000000 ) ) ;
#3868 = DIRECTION ( 'NONE',  ( -0.8191520442889930198, 0.000000000000000000, -0.5735764363510442720 ) ) ;
#3869 = DIRECTION ( 'NONE',  ( 0.000000000000000000, 0.000000000000000000, 1.000000000000000000 ) ) ;
#3870 = ORIENTED_EDGE ( 'NONE', *, *, #3724, .T. ) ;
#3871 = VERTEX_POINT ( 'NONE', #3212 ) ;
#3872 = DIRECTION ( 'NONE',  ( 0.000000000000000000, 0.000000000000000000, 1.000000000000000000 ) ) ;
#3873 = DIRECTION ( 'NONE',  ( 0.000000000000000000, -1.000000000000000000, 0.000000000000000000 ) ) ;
#3874 = AXIS2_PLACEMENT_3D ( 'NONE', #2207, #3659, #5345 ) ;
#3875 = CARTESIAN_POINT ( 'NONE',  ( 13.00000000000000000, 2.500000000000000000, 20.75060438757617831 ) ) ;
#3876 = ORIENTED_EDGE ( 'NONE', *, *, #20, .T. ) ;
#3877 = VERTEX_POINT ( 'NONE', #4359 ) ;
#3878 = LINE ( 'NONE', #1777, #1028 ) ;
#3879 = CARTESIAN_POINT ( 'NONE',  ( 3.499999999999999556, 3.500000000000006661, -30.00000000000000355 ) ) ;
#3880 = VECTOR ( 'NONE', #2114, 1000.000000000000000 ) ;
#3881 = DIRECTION ( 'NONE',  ( -0.8660254037844423713, 0.000000000000000000, -0.4999999999999933942 ) ) ;
#3882 = AXIS2_PLACEMENT_3D ( 'NONE', #3192, #4885, #1933 ) ;
#3883 = VERTEX_POINT ( 'NONE', #565 ) ;
#3884 = PLANE ( 'NONE',  #4503 ) ;
#3885 = CARTESIAN_POINT ( 'NONE',  ( 11.49999999999999289, 2.500000000000000000, -2.000000000000000000 ) ) ;
#3886 = VECTOR ( 'NONE', #3725, 1000.000000000000114 ) ;
#3887 = ORIENTED_EDGE ( 'NONE', *, *, #2434, .T. ) ;
#3888 = FACE_BOUND ( 'NONE', #267, .T. ) ;
#3889 = ORIENTED_EDGE ( 'NONE', *, *, #5071, .F. ) ;
#3890 = DIRECTION ( 'NONE',  ( 0.000000000000000000, 1.000000000000000000, 0.000000000000000000 ) ) ;
#3891 = EDGE_CURVE ( 'NONE', #3904, #4029, #4196, .T. ) ;
#3892 = LINE ( 'NONE', #3470, #388 ) ;
#3893 = LINE ( 'NONE', #4674, #307 ) ;
#3894 = EDGE_CURVE ( 'NONE', #3723, #533, #1286, .T. ) ;
#3895 = DIRECTION ( 'NONE',  ( -0.000000000000000000, 1.000000000000000000, -0.000000000000000000 ) ) ;
#3896 = VERTEX_POINT ( 'NONE', #145 ) ;
#3897 = EDGE_LOOP ( 'NONE', ( #4826, #2297, #5232, #3189 ) ) ;
#3898 = CARTESIAN_POINT ( 'NONE',  ( 16.29999999999999361, 0.000000000000000000, -20.30726231784357694 ) ) ;
#3899 = DIRECTION ( 'NONE',  ( 0.000000000000000000, 0.000000000000000000, -1.000000000000000000 ) ) ;
#3900 = CARTESIAN_POINT ( 'NONE',  ( 25.00000000000001066, 0.000000000000000000, 5.000000000000007994 ) ) ;
#3901 = VECTOR ( 'NONE', #4744, 1000.000000000000000 ) ;
#3902 = VECTOR ( 'NONE', #275, 1000.000000000000000 ) ;
#3903 = VERTEX_POINT ( 'NONE', #1852 ) ;
#3904 = VERTEX_POINT ( 'NONE', #3529 ) ;
#3905 = DIRECTION ( 'NONE',  ( -0.000000000000000000, 0.000000000000000000, -1.000000000000000000 ) ) ;
#3906 = VERTEX_POINT ( 'NONE', #5217 ) ;
#3907 = DIRECTION ( 'NONE',  ( -0.000000000000000000, -0.000000000000000000, 1.000000000000000000 ) ) ;
#3908 = AXIS2_PLACEMENT_3D ( 'NONE', #1541, #3218, #4914 ) ;
#3909 = VECTOR ( 'NONE', #1105, 1000.000000000000000 ) ;
#3910 = EDGE_CURVE ( 'NONE', #1101, #207, #2748, .T. ) ;
#3911 = CARTESIAN_POINT ( 'NONE',  ( 11.73531754730534793, 2.600000000000000089, -20.32616623488780050 ) ) ;
#3912 = LINE ( 'NONE', #989, #2843 ) ;
#3913 = CARTESIAN_POINT ( 'NONE',  ( 8.526858428704224835, 2.600000000000000089, -22.17857097069603611 ) ) ;
#3914 = DIRECTION ( 'NONE',  ( 0.000000000000000000, 0.000000000000000000, -1.000000000000000000 ) ) ;
#3915 = EDGE_CURVE ( 'NONE', #1771, #4877, #1506, .T. ) ;
#3916 = ORIENTED_EDGE ( 'NONE', *, *, #5275, .F. ) ;
#3917 = DIRECTION ( 'NONE',  ( -0.000000000000000000, 1.000000000000000000, -0.000000000000000000 ) ) ;
#3918 = ORIENTED_EDGE ( 'NONE', *, *, #192, .T. ) ;
#3919 = DIRECTION ( 'NONE',  ( 1.000000000000000000, 0.000000000000000000, 0.000000000000000000 ) ) ;
#3920 = DIRECTION ( 'NONE',  ( -0.000000000000000000, -1.000000000000000000, -0.000000000000000000 ) ) ;
#3921 = AXIS2_PLACEMENT_3D ( 'NONE', #704, #5022, #4077 ) ;
#3922 = EDGE_CURVE ( 'NONE', #3525, #2392, #1084, .T. ) ;
#3923 = EDGE_LOOP ( 'NONE', ( #4114, #2103, #1939, #279 ) ) ;
#3924 = ORIENTED_EDGE ( 'NONE', *, *, #265, .T. ) ;
#3925 = FACE_OUTER_BOUND ( 'NONE', #5076, .T. ) ;
#3926 = CARTESIAN_POINT ( 'NONE',  ( 12.94999999999999751, 0.000000000000000000, -20.79999999999999716 ) ) ;
#3927 = DIRECTION ( 'NONE',  ( 0.000000000000000000, -1.000000000000000000, 0.000000000000000000 ) ) ;
#3928 = ORIENTED_EDGE ( 'NONE', *, *, #3371, .T. ) ;
#3929 = ORIENTED_EDGE ( 'NONE', *, *, #368, .T. ) ;
#3930 = DIRECTION ( 'NONE',  ( 1.000000000000000000, 0.000000000000000000, 0.000000000000000000 ) ) ;
#3931 = EDGE_LOOP ( 'NONE', ( #2773, #1596, #5460, #5164 ) ) ;
#3932 = CARTESIAN_POINT ( 'NONE',  ( 24.50000000000000355, 2.500000000000000000, -14.15894732285653213 ) ) ;
#3933 = ADVANCED_FACE ( 'NONE', ( #3132 ), #4443, .T. ) ;
#3934 = VECTOR ( 'NONE', #3507, 1000.000000000000000 ) ;
#3935 = CARTESIAN_POINT ( 'NONE',  ( 16.19354838709677225, 2.500000000000000000, -22.50468536635069228 ) ) ;
#3936 = AXIS2_PLACEMENT_3D ( 'NONE', #3085, #431, #3448 ) ;
#3937 = PLANE ( 'NONE',  #3721 ) ;
#3938 = ADVANCED_FACE ( 'NONE', ( #2283 ), #3974, .F. ) ;
#3939 = LINE ( 'NONE', #1872, #213 ) ;
#3940 = SURFACE_SIDE_STYLE ('',( #3572 ) ) ;
#3941 = CIRCLE ( 'NONE', #1012, 3.249999999999999556 ) ;
#3942 = ORIENTED_EDGE ( 'NONE', *, *, #4229, .T. ) ;
#3943 = PLANE ( 'NONE',  #1322 ) ;
#3944 = ORIENTED_EDGE ( 'NONE', *, *, #560, .F. ) ;
#3945 = CIRCLE ( 'NONE', #4202, 0.5000000000000000000 ) ;
#3946 = CARTESIAN_POINT ( 'NONE',  ( 18.50000000000001066, 4.000000000000000000, -29.29508497187473282 ) ) ;
#3947 = DIRECTION ( 'NONE',  ( 0.000000000000000000, 1.000000000000000000, -0.000000000000000000 ) ) ;
#3948 = ORIENTED_EDGE ( 'NONE', *, *, #441, .F. ) ;
#3949 = VERTEX_POINT ( 'NONE', #175 ) ;
#3950 = DIRECTION ( 'NONE',  ( 0.000000000000000000, 0.000000000000000000, 1.000000000000000000 ) ) ;
#3951 = CARTESIAN_POINT ( 'NONE',  ( 21.00000000000001066, 4.000000000000000000, 26.00000000000000355 ) ) ;
#3952 = EDGE_CURVE ( 'NONE', #2471, #1609, #2722, .T. ) ;
#3953 = FACE_OUTER_BOUND ( 'NONE', #2862, .T. ) ;
#3954 = ORIENTED_EDGE ( 'NONE', *, *, #1688, .T. ) ;
#3955 = ORIENTED_EDGE ( 'NONE', *, *, #3240, .F. ) ;
#3956 = LINE ( 'NONE', #2188, #2579 ) ;
#3957 = DIRECTION ( 'NONE',  ( -0.000000000000000000, -1.000000000000000000, -0.000000000000000000 ) ) ;
#3958 = EDGE_CURVE ( 'NONE', #1199, #5321, #3318, .T. ) ;
#3959 = VECTOR ( 'NONE', #640, 1000.000000000000000 ) ;
#3960 = ORIENTED_EDGE ( 'NONE', *, *, #3826, .F. ) ;
#3961 = EDGE_CURVE ( 'NONE', #2402, #1822, #648, .T. ) ;
#3962 = FACE_OUTER_BOUND ( 'NONE', #3676, .T. ) ;
#3963 = VECTOR ( 'NONE', #2255, 1000.000000000000000 ) ;
#3964 = CARTESIAN_POINT ( 'NONE',  ( 18.50000000000000000, 0.000000000000000000, -14.15894732285653035 ) ) ;
#3965 = DIRECTION ( 'NONE',  ( -0.000000000000000000, -1.000000000000000000, -0.000000000000000000 ) ) ;
#3966 = AXIS2_PLACEMENT_3D ( 'NONE', #5468, #3332, #2972 ) ;
#3967 = ADVANCED_FACE ( 'NONE', ( #199 ), #3581, .T. ) ;
#3968 = ORIENTED_EDGE ( 'NONE', *, *, #2345, .T. ) ;
#3969 = FACE_BOUND ( 'NONE', #402, .T. ) ;
#3970 = AXIS2_PLACEMENT_3D ( 'NONE', #779, #2545, #4231 ) ;
#3971 = ORIENTED_EDGE ( 'NONE', *, *, #2441, .T. ) ;
#3972 = AXIS2_PLACEMENT_3D ( 'NONE', #4494, #1977, #5319 ) ;
#3973 = DIRECTION ( 'NONE',  ( 0.000000000000000000, 1.000000000000000000, 0.000000000000000000 ) ) ;
#3974 = CYLINDRICAL_SURFACE ( 'NONE', #5346, 2.649999999999999467 ) ;
#3975 = ADVANCED_FACE ( 'NONE', ( #1478 ), #3158, .F. ) ;
#3976 = ORIENTED_EDGE ( 'NONE', *, *, #20, .F. ) ;
#3977 = ORIENTED_EDGE ( 'NONE', *, *, #3521, .F. ) ;
#3978 = PLANE ( 'NONE',  #605 ) ;
#3979 = CARTESIAN_POINT ( 'NONE',  ( 7.499999999999996447, 1.000000000000000000, -22.34999999999999076 ) ) ;
#3980 = FACE_OUTER_BOUND ( 'NONE', #2153, .T. ) ;
#3981 = EDGE_CURVE ( 'NONE', #5238, #1094, #4470, .T. ) ;
#3982 = EDGE_LOOP ( 'NONE', ( #2199, #3307, #1714, #2004, #3034, #304, #520, #3583, #5378 ) ) ;
#3983 = VERTEX_POINT ( 'NONE', #4995 ) ;
#3984 = FACE_OUTER_BOUND ( 'NONE', #2008, .T. ) ;
#3985 = CIRCLE ( 'NONE', #359, 4.000000000000000000 ) ;
#3986 = ORIENTED_EDGE ( 'NONE', *, *, #3240, .T. ) ;
#3987 = EDGE_CURVE ( 'NONE', #4410, #2779, #1732, .T. ) ;
#3988 = VECTOR ( 'NONE', #4630, 1000.000000000000000 ) ;
#3989 = CARTESIAN_POINT ( 'NONE',  ( 16.73661379950458894, 2.500000000000000000, 22.43389151398138281 ) ) ;
#3990 = AXIS2_PLACEMENT_3D ( 'NONE', #2203, #3890, #89 ) ;
#3991 = DIRECTION ( 'NONE',  ( 0.000000000000000000, -1.000000000000000000, 0.000000000000000000 ) ) ;
#3992 = CARTESIAN_POINT ( 'NONE',  ( 5.635322457671657403, 3.499999999999999556, -29.44444444444443931 ) ) ;
#3993 = EDGE_CURVE ( 'NONE', #543, #4571, #2892, .T. ) ;
#3994 = CARTESIAN_POINT ( 'NONE',  ( 3.499999999999993783, 1.250000000000000222, -20.29999999999999716 ) ) ;
#3995 = PLANE ( 'NONE',  #3425 ) ;
#3996 = EDGE_LOOP ( 'NONE', ( #2917, #759, #1516, #1820 ) ) ;
#3997 = DIRECTION ( 'NONE',  ( 1.188166764367676095E-16, 0.000000000000000000, 1.000000000000000000 ) ) ;
#3998 = ORIENTED_EDGE ( 'NONE', *, *, #4949, .F. ) ;
#3999 = DIRECTION ( 'NONE',  ( 0.000000000000000000, -0.000000000000000000, 1.000000000000000000 ) ) ;
#4000 = ADVANCED_FACE ( 'NONE', ( #4078 ), #2921, .T. ) ;
#4001 = DIRECTION ( 'NONE',  ( -0.000000000000000000, 1.000000000000000000, -0.000000000000000000 ) ) ;
#4002 = ORIENTED_EDGE ( 'NONE', *, *, #4148, .T. ) ;
#4003 = ORIENTED_EDGE ( 'NONE', *, *, #2143, .F. ) ;
#4004 = DIRECTION ( 'NONE',  ( 0.8660254037844425934, 0.000000000000000000, 0.4999999999999932832 ) ) ;
#4005 = CARTESIAN_POINT ( 'NONE',  ( 14.49999999999999467, 2.500000000000000000, 13.71623364550170976 ) ) ;
#4006 = ADVANCED_FACE ( 'NONE', ( #1981 ), #1172, .T. ) ;
#4007 = CARTESIAN_POINT ( 'NONE',  ( 10.25000000000000000, 2.600000000000000089, 22.69999999999999929 ) ) ;
#4008 = ORIENTED_EDGE ( 'NONE', *, *, #2195, .T. ) ;
#4009 = VERTEX_POINT ( 'NONE', #2010 ) ;
#4010 = DIRECTION ( 'NONE',  ( 1.000000000000000000, 0.000000000000000000, 0.000000000000000000 ) ) ;
#4011 = VECTOR ( 'NONE', #1266, 1000.000000000000000 ) ;
#4012 = VERTEX_POINT ( 'NONE', #3242 ) ;
#4013 = FACE_BOUND ( 'NONE', #5324, .T. ) ;
#4014 = DIRECTION ( 'NONE',  ( 0.000000000000000000, -1.000000000000000000, 0.000000000000000000 ) ) ;
#4015 = CARTESIAN_POINT ( 'NONE',  ( 8.750000000000000000, 2.600000000000000089, 22.69999999999999929 ) ) ;
#4016 = EDGE_CURVE ( 'NONE', #2848, #2293, #2094, .T. ) ;
#4017 = DIRECTION ( 'NONE',  ( 0.000000000000000000, 0.000000000000000000, 1.000000000000000000 ) ) ;
#4018 = VECTOR ( 'NONE', #264, 1000.000000000000000 ) ;
#4019 = ORIENTED_EDGE ( 'NONE', *, *, #4327, .F. ) ;
#4020 = DIRECTION ( 'NONE',  ( 0.7660444431189746828, 0.000000000000000000, -0.6427876096865432487 ) ) ;
#4021 = ORIENTED_EDGE ( 'NONE', *, *, #2027, .F. ) ;
#4022 = DIRECTION ( 'NONE',  ( 0.000000000000000000, -1.000000000000000000, 0.000000000000000000 ) ) ;
#4023 = CIRCLE ( 'NONE', #5257, 1.600000000000000755 ) ;
#4024 = DIRECTION ( 'NONE',  ( 0.000000000000000000, 0.000000000000000000, 1.000000000000000000 ) ) ;
#4025 = ORIENTED_EDGE ( 'NONE', *, *, #1462, .F. ) ;
#4026 = EDGE_CURVE ( 'NONE', #4062, #3567, #1679, .T. ) ;
#4027 = PLANE ( 'NONE',  #2556 ) ;
#4028 = VECTOR ( 'NONE', #4665, 1000.000000000000114 ) ;
#4029 = VERTEX_POINT ( 'NONE', #3664 ) ;
#4030 = CARTESIAN_POINT ( 'NONE',  ( 16.00000000000001066, 0.000000000000000000, 26.50000000000000355 ) ) ;
#4031 = DIRECTION ( 'NONE',  ( -0.000000000000000000, 1.000000000000000000, -0.000000000000000000 ) ) ;
#4032 = DIRECTION ( 'NONE',  ( -0.000000000000000000, 1.000000000000000000, -0.000000000000000000 ) ) ;
#4033 = EDGE_LOOP ( 'NONE', ( #177, #3998, #4502, #1996, #5366 ) ) ;
#4034 = ORIENTED_EDGE ( 'NONE', *, *, #5470, .T. ) ;
#4035 = CARTESIAN_POINT ( 'NONE',  ( 19.02440013978876721, 2.500000000000000000, -11.70582560332145405 ) ) ;
#4036 = ORIENTED_EDGE ( 'NONE', *, *, #3831, .F. ) ;
#4037 = FACE_OUTER_BOUND ( 'NONE', #3457, .T. ) ;
#4038 = LINE ( 'NONE', #1048, #4867 ) ;
#4039 = CARTESIAN_POINT ( 'NONE',  ( 16.29999999999999361, 2.500000000000000000, -20.30726231784357694 ) ) ;
#4040 = CIRCLE ( 'NONE', #2901, 0.5000000000000004441 ) ;
#4041 = CARTESIAN_POINT ( 'NONE',  ( 27.50000000000000711, 2.299999999999999822, 7.795084971874749691 ) ) ;
#4042 = VECTOR ( 'NONE', #3205, 1000.000000000000000 ) ;
#4043 = VERTEX_POINT ( 'NONE', #2836 ) ;
#4044 = FILL_AREA_STYLE ('',( #4440 ) ) ;
#4045 = ORIENTED_EDGE ( 'NONE', *, *, #5462, .T. ) ;
#4046 = LINE ( 'NONE', #3241, #645 ) ;
#4047 = CARTESIAN_POINT ( 'NONE',  ( 6.531128874149271013, 4.000000000000000000, -29.99999999999999645 ) ) ;
#4048 = AXIS2_PLACEMENT_3D ( 'NONE', #763, #1567, #4050 ) ;
#4049 = EDGE_LOOP ( 'NONE', ( #4360, #3255, #1991, #3948 ) ) ;
#4050 = DIRECTION ( 'NONE',  ( 0.000000000000000000, 0.000000000000000000, 1.000000000000000000 ) ) ;
#4051 = EDGE_CURVE ( 'NONE', #4187, #120, #2792, .T. ) ;
#4052 = STYLED_ITEM ( 'NONE', ( #643 ), #1195 ) ;
#4053 = VERTEX_POINT ( 'NONE', #1115 ) ;
#4054 = CIRCLE ( 'NONE', #1681, 3.999999999999999112 ) ;
#4055 = CARTESIAN_POINT ( 'NONE',  ( 18.00000000000001066, 4.000000000000000000, 29.06173769148989550 ) ) ;
#4056 = DIRECTION ( 'NONE',  ( 0.000000000000000000, 0.000000000000000000, 1.000000000000000000 ) ) ;
#4057 = DIRECTION ( 'NONE',  ( 0.000000000000000000, 0.000000000000000000, -1.000000000000000000 ) ) ;
#4058 = FACE_OUTER_BOUND ( 'NONE', #1335, .T. ) ;
#4059 = EDGE_CURVE ( 'NONE', #1979, #2045, #2435, .T. ) ;
#4060 = ORIENTED_EDGE ( 'NONE', *, *, #3789, .T. ) ;
#4061 = ORIENTED_EDGE ( 'NONE', *, *, #4544, .F. ) ;
#4062 = VERTEX_POINT ( 'NONE', #2804 ) ;
#4063 = LINE ( 'NONE', #4921, #4719 ) ;
#4064 = ORIENTED_EDGE ( 'NONE', *, *, #4396, .F. ) ;
#4065 = PLANE ( 'NONE',  #1961 ) ;
#4066 = CARTESIAN_POINT ( 'NONE',  ( 10.83185842870419613, 4.000000000000000000, -25.42094808214231350 ) ) ;
#4067 = DIRECTION ( 'NONE',  ( -0.000000000000000000, 1.000000000000000000, 0.000000000000000000 ) ) ;
#4068 = EDGE_CURVE ( 'NONE', #4135, #4299, #2503, .T. ) ;
#4069 = CYLINDRICAL_SURFACE ( 'NONE', #4824, 1.549999999999997602 ) ;
#4070 = PLANE ( 'NONE',  #59 ) ;
#4071 = AXIS2_PLACEMENT_3D ( 'NONE', #4712, #5015, #2060 ) ;
#4072 = AXIS2_PLACEMENT_3D ( 'NONE', #2897, #1540, #4913 ) ;
#4073 = ORIENTED_EDGE ( 'NONE', *, *, #3075, .F. ) ;
#4074 = SURFACE_STYLE_FILL_AREA ( #4044 ) ;
#4075 = EDGE_LOOP ( 'NONE', ( #1708, #3876, #1238, #1147, #1539, #1112, #1601, #819, #2028, #3009, #577, #3575, #2674, #103, #5104, #3851, #4490, #1029 ) ) ;
#4076 = ADVANCED_FACE ( 'NONE', ( #3751 ), #283, .F. ) ;
#4077 = DIRECTION ( 'NONE',  ( 0.000000000000000000, 0.000000000000000000, 1.000000000000000000 ) ) ;
#4078 = FACE_OUTER_BOUND ( 'NONE', #2955, .T. ) ;
#4079 = CIRCLE ( 'NONE', #3021, 6.000000000000005329 ) ;
#4080 = ORIENTED_EDGE ( 'NONE', *, *, #3345, .T. ) ;
#4081 = CARTESIAN_POINT ( 'NONE',  ( 18.00000000000001066, 2.299999999999999822, 29.50000000000000355 ) ) ;
#4082 = EDGE_LOOP ( 'NONE', ( #2098, #1826 ) ) ;
#4083 = DIRECTION ( 'NONE',  ( -0.000000000000000000, 1.000000000000000000, -0.000000000000000000 ) ) ;
#4084 = CARTESIAN_POINT ( 'NONE',  ( 23.00000000000001066, 0.000000000000000000, -14.99999999999999645 ) ) ;
#4085 = FACE_OUTER_BOUND ( 'NONE', #5144, .T. ) ;
#4086 = CARTESIAN_POINT ( 'NONE',  ( 23.00000000000001066, 4.000000000000000000, -14.99999999999999645 ) ) ;
#4087 = ADVANCED_FACE ( 'NONE', ( #1623 ), #4936, .T. ) ;
#4088 = VERTEX_POINT ( 'NONE', #342 ) ;
#4089 = ORIENTED_EDGE ( 'NONE', *, *, #3403, .F. ) ;
#4090 = CARTESIAN_POINT ( 'NONE',  ( 25.00000000000001066, 2.299999999999999822, 5.000000000000007994 ) ) ;
#4091 = DIRECTION ( 'NONE',  ( 0.000000000000000000, 0.000000000000000000, 1.000000000000000000 ) ) ;
#4092 = AXIS2_PLACEMENT_3D ( 'NONE', #3683, #5042, #2112 ) ;
#4093 = VERTEX_POINT ( 'NONE', #734 ) ;
#4094 = EDGE_CURVE ( 'NONE', #433, #5010, #2068, .T. ) ;
#4095 = DIRECTION ( 'NONE',  ( 0.000000000000000000, 1.000000000000000000, -0.000000000000000000 ) ) ;
#4096 = CARTESIAN_POINT ( 'NONE',  ( 27.50000000000002132, 4.000000000000000000, -3.180326372624149758E-15 ) ) ;
#4097 = DIRECTION ( 'NONE',  ( 0.000000000000000000, -1.000000000000000000, 0.000000000000000000 ) ) ;
#4098 = DIRECTION ( 'NONE',  ( 0.000000000000000000, 0.000000000000000000, 1.000000000000000000 ) ) ;
#4099 = DIRECTION ( 'NONE',  ( -0.000000000000000000, -1.000000000000000000, 0.000000000000000000 ) ) ;
#4100 = ORIENTED_EDGE ( 'NONE', *, *, #1787, .F. ) ;
#4101 = CARTESIAN_POINT ( 'NONE',  ( 15.45347904902730285, 0.000000000000000000, -6.622770101238232954 ) ) ;
#4102 = EDGE_LOOP ( 'NONE', ( #3537, #1476, #3142, #1245 ) ) ;
#4103 = DIRECTION ( 'NONE',  ( 0.8191520442889930198, 0.000000000000000000, 0.5735764363510442720 ) ) ;
#4104 = DIRECTION ( 'NONE',  ( 0.000000000000000000, 0.000000000000000000, -1.000000000000000000 ) ) ;
#4105 = AXIS2_PLACEMENT_3D ( 'NONE', #3038, #3013, #4707 ) ;
#4106 = AXIS2_PLACEMENT_3D ( 'NONE', #437, #2001, #2134 ) ;
#4107 = ORIENTED_EDGE ( 'NONE', *, *, #2197, .F. ) ;
#4108 = DIRECTION ( 'NONE',  ( 0.000000000000000000, 1.000000000000000000, 0.000000000000000000 ) ) ;
#4109 = ORIENTED_EDGE ( 'NONE', *, *, #1166, .F. ) ;
#4110 = CARTESIAN_POINT ( 'NONE',  ( 27.50000000000000711, 2.299999999999999822, 2.204915028125265852 ) ) ;
#4111 = LINE ( 'NONE', #3671, #3243 ) ;
#4112 = LINE ( 'NONE', #1179, #2341 ) ;
#4113 = CARTESIAN_POINT ( 'NONE',  ( 3.793141571295800318, 2.600000000000000089, -23.17953286501933619 ) ) ;
#4114 = ORIENTED_EDGE ( 'NONE', *, *, #4206, .T. ) ;
#4115 = VERTEX_POINT ( 'NONE', #2476 ) ;
#4116 = DIRECTION ( 'NONE',  ( -1.000000000000000000, 0.000000000000000000, 0.000000000000000000 ) ) ;
#4117 = CARTESIAN_POINT ( 'NONE',  ( 17.36822456684302907, 2.500000000000000000, -0.7494239594891117795 ) ) ;
#4118 = ORIENTED_EDGE ( 'NONE', *, *, #2645, .T. ) ;
#4119 = EDGE_CURVE ( 'NONE', #2267, #1428, #5450, .T. ) ;
#4120 = DIRECTION ( 'NONE',  ( -0.000000000000000000, 1.000000000000000000, -0.000000000000000000 ) ) ;
#4121 = CARTESIAN_POINT ( 'NONE',  ( 13.83333333333334281, 2.299999999999999822, 28.92240697562477436 ) ) ;
#4122 = VECTOR ( 'NONE', #547, 1000.000000000000000 ) ;
#4123 = CARTESIAN_POINT ( 'NONE',  ( 21.00000000000000355, 0.000000000000000000, -29.99999999999999289 ) ) ;
#4124 = CARTESIAN_POINT ( 'NONE',  ( 27.50000000000002842, 4.000000000000000000, 6.250000000000018652 ) ) ;
#4125 = ADVANCED_FACE ( 'NONE', ( #369 ), #5438, .T. ) ;
#4126 = CARTESIAN_POINT ( 'NONE',  ( 8.438740531849417081, 4.850152435273161977, -20.26110134354693670 ) ) ;
#4127 = ORIENTED_EDGE ( 'NONE', *, *, #2248, .F. ) ;
#4128 = ORIENTED_EDGE ( 'NONE', *, *, #2189, .F. ) ;
#4129 = AXIS2_PLACEMENT_3D ( 'NONE', #5390, #5419, #1570 ) ;
#4130 = DIRECTION ( 'NONE',  ( -0.000000000000000000, -1.000000000000000000, -0.000000000000000000 ) ) ;
#4131 = CARTESIAN_POINT ( 'NONE',  ( 18.50000000000001066, 4.000000000000000000, 29.29508497187474347 ) ) ;
#4132 = VECTOR ( 'NONE', #4608, 1000.000000000000000 ) ;
#4133 = EDGE_LOOP ( 'NONE', ( #476, #1411, #3779, #1465 ) ) ;
#4134 = DIRECTION ( 'NONE',  ( 0.000000000000000000, 0.000000000000000000, 1.000000000000000000 ) ) ;
#4135 = VERTEX_POINT ( 'NONE', #5465 ) ;
#4136 = DIRECTION ( 'NONE',  ( -0.000000000000000000, -1.000000000000000000, -0.000000000000000000 ) ) ;
#4137 = DIRECTION ( 'NONE',  ( 0.000000000000000000, 1.000000000000000000, 0.000000000000000000 ) ) ;
#4138 = AXIS2_PLACEMENT_3D ( 'NONE', #726, #4959, #3323 ) ;
#4139 = LINE ( 'NONE', #4506, #3207 ) ;
#4140 = CARTESIAN_POINT ( 'NONE',  ( 8.750000000000000000, 4.000000000000000000, -19.19999999999999929 ) ) ;
#4141 = AXIS2_PLACEMENT_3D ( 'NONE', #1056, #4442, #4358 ) ;
#4142 = EDGE_CURVE ( 'NONE', #408, #1890, #2998, .T. ) ;
#4143 = ORIENTED_EDGE ( 'NONE', *, *, #4927, .F. ) ;
#4144 = ORIENTED_EDGE ( 'NONE', *, *, #4822, .F. ) ;
#4145 = CARTESIAN_POINT ( 'NONE',  ( 12.59756097560975263, 0.000000000000000000, 3.898759183490929647 ) ) ;
#4146 = CARTESIAN_POINT ( 'NONE',  ( 21.00000000000001066, 0.000000000000000000, 28.00000000000000355 ) ) ;
#4147 = AXIS2_PLACEMENT_3D ( 'NONE', #2252, #2200, #86 ) ;
#4148 = EDGE_CURVE ( 'NONE', #260, #5026, #4693, .T. ) ;
#4149 = ORIENTED_EDGE ( 'NONE', *, *, #2201, .T. ) ;
#4150 = FACE_BOUND ( 'NONE', #4315, .T. ) ;
#4151 = DIRECTION ( 'NONE',  ( 0.000000000000000000, 0.000000000000000000, 1.000000000000000000 ) ) ;
#4152 = CARTESIAN_POINT ( 'NONE',  ( 4.055555555555554470, 3.499999999999999556, -27.86467754232833727 ) ) ;
#4153 = EDGE_CURVE ( 'NONE', #164, #2043, #2788, .T. ) ;
#4154 = CARTESIAN_POINT ( 'NONE',  ( 25.00000000000001066, 0.000000000000000000, 3.450000000000010392 ) ) ;
#4155 = ORIENTED_EDGE ( 'NONE', *, *, #4572, .F. ) ;
#4156 = EDGE_CURVE ( 'NONE', #4998, #526, #4294, .T. ) ;
#4157 = DIRECTION ( 'NONE',  ( -0.000000000000000000, 1.000000000000000000, -0.000000000000000000 ) ) ;
#4158 = CARTESIAN_POINT ( 'NONE',  ( 20.49036317236908999, 0.000000000000000000, -5.366507096221478257 ) ) ;
#4159 = AXIS2_PLACEMENT_3D ( 'NONE', #3382, #3438, #919 ) ;
#4160 = AXIS2_PLACEMENT_3D ( 'NONE', #1265, #5105, #2616 ) ;
#4161 = EDGE_LOOP ( 'NONE', ( #2253, #2679, #2343, #3373 ) ) ;
#4162 = LINE ( 'NONE', #5000, #1862 ) ;
#4163 = ORIENTED_EDGE ( 'NONE', *, *, #2456, .F. ) ;
#4164 = ADVANCED_FACE ( 'NONE', ( #1337 ), #3465, .T. ) ;
#4165 = CARTESIAN_POINT ( 'NONE',  ( 10.25000000000000711, 2.600000000000000089, 27.30000000000000071 ) ) ;
#4166 = CARTESIAN_POINT ( 'NONE',  ( 27.50000000000000711, 2.299999999999999822, 2.204915028125265852 ) ) ;
#4167 = VECTOR ( 'NONE', #262, 1000.000000000000000 ) ;
#4168 = AXIS2_PLACEMENT_3D ( 'NONE', #3487, #5149, #4662 ) ;
#4169 = PLANE ( 'NONE',  #3301 ) ;
#4170 = CARTESIAN_POINT ( 'NONE',  ( 0.000000000000000000, 2.600000000000000089, 0.000000000000000000 ) ) ;
#4171 = EDGE_LOOP ( 'NONE', ( #744, #1141, #280, #3311 ) ) ;
#4172 = VERTEX_POINT ( 'NONE', #4746 ) ;
#4173 = DIRECTION ( 'NONE',  ( 0.000000000000000000, 0.000000000000000000, -1.000000000000000000 ) ) ;
#4174 = ADVANCED_FACE ( 'NONE', ( #506 ), #4273, .F. ) ;
#4175 = LINE ( 'NONE', #355, #3791 ) ;
#4176 = ORIENTED_EDGE ( 'NONE', *, *, #3384, .F. ) ;
#4177 = CARTESIAN_POINT ( 'NONE',  ( 18.25803874804650917, 2.500000000000000000, 1.511255086133999948 ) ) ;
#4178 = CARTESIAN_POINT ( 'NONE',  ( 4.249999999999995559, 4.000000000000000000, -20.29999999999999716 ) ) ;
#4179 = CIRCLE ( 'NONE', #380, 2.999999999999999112 ) ;
#4180 = DIRECTION ( 'NONE',  ( 0.000000000000000000, 1.000000000000000000, 0.000000000000000000 ) ) ;
#4181 = VERTEX_POINT ( 'NONE', #5 ) ;
#4182 = DIRECTION ( 'NONE',  ( 0.000000000000000000, -0.7071067811865549002, -0.7071067811865401342 ) ) ;
#4183 = DIRECTION ( 'NONE',  ( 0.000000000000000000, 1.000000000000000000, -0.000000000000000000 ) ) ;
#4184 = ADVANCED_FACE ( 'NONE', ( #1365 ), #532, .F. ) ;
#4185 = DIRECTION ( 'NONE',  ( 0.000000000000000000, 0.000000000000000000, 1.000000000000000000 ) ) ;
#4186 = DIRECTION ( 'NONE',  ( 0.000000000000000000, 0.000000000000000000, 1.000000000000000000 ) ) ;
#4187 = VERTEX_POINT ( 'NONE', #1704 ) ;
#4188 = DIRECTION ( 'NONE',  ( 0.000000000000000000, 1.000000000000000000, 0.000000000000000000 ) ) ;
#4189 = ORIENTED_EDGE ( 'NONE', *, *, #4881, .F. ) ;
#4190 = DIRECTION ( 'NONE',  ( 0.000000000000000000, 0.000000000000000000, 1.000000000000000000 ) ) ;
#4191 = CARTESIAN_POINT ( 'NONE',  ( 8.750000000000000000, 4.000000000000000000, 22.69999999999999929 ) ) ;
#4192 = AXIS2_PLACEMENT_3D ( 'NONE', #4422, #1460, #4916 ) ;
#4193 = DIRECTION ( 'NONE',  ( 0.000000000000000000, 1.000000000000000000, -0.000000000000000000 ) ) ;
#4194 = ADVANCED_FACE ( 'NONE', ( #4211 ), #921, .F. ) ;
#4195 = VERTEX_POINT ( 'NONE', #3385 ) ;
#4196 = CIRCLE ( 'NONE', #1550, 6.000000000000003553 ) ;
#4197 = VERTEX_POINT ( 'NONE', #3836 ) ;
#4198 = CARTESIAN_POINT ( 'NONE',  ( 8.749999999999966249, 2.600000000000000089, -1.319898296938867541E-14 ) ) ;
#4199 = CARTESIAN_POINT ( 'NONE',  ( 16.00000000000001066, 2.299999999999999822, -26.49999999999999289 ) ) ;
#4200 = AXIS2_PLACEMENT_3D ( 'NONE', #767, #796, #3337 ) ;
#4201 = ORIENTED_EDGE ( 'NONE', *, *, #604, .F. ) ;
#4202 = AXIS2_PLACEMENT_3D ( 'NONE', #2858, #3658, #4098 ) ;
#4203 = DIRECTION ( 'NONE',  ( 0.000000000000000000, -1.000000000000000000, 0.000000000000000000 ) ) ;
#4204 = CARTESIAN_POINT ( 'NONE',  ( 17.23689931702759282, 2.500000000000000000, -3.757266691850819296 ) ) ;
#4205 = DIRECTION ( 'NONE',  ( -1.000000000000000000, 0.000000000000000000, 0.000000000000000000 ) ) ;
#4206 = EDGE_CURVE ( 'NONE', #2736, #120, #1827, .T. ) ;
#4207 = EDGE_LOOP ( 'NONE', ( #1907, #3596, #1149, #126 ) ) ;
#4208 = DIRECTION ( 'NONE',  ( 0.000000000000000000, 1.000000000000000000, 0.000000000000000000 ) ) ;
#4209 = ORIENTED_EDGE ( 'NONE', *, *, #3981, .T. ) ;
#4210 = DIRECTION ( 'NONE',  ( 0.000000000000000000, 0.000000000000000000, 1.000000000000000000 ) ) ;
#4211 = FACE_OUTER_BOUND ( 'NONE', #1966, .T. ) ;
#4212 = ADVANCED_FACE ( 'NONE', ( #5049 ), #30, .F. ) ;
#4213 = AXIS2_PLACEMENT_3D ( 'NONE', #1485, #2677, #1860 ) ;
#4214 = VERTEX_POINT ( 'NONE', #2171 ) ;
#4215 = DIRECTION ( 'NONE',  ( -0.000000000000000000, -1.000000000000000000, -0.000000000000000000 ) ) ;
#4216 = EDGE_LOOP ( 'NONE', ( #1968, #1155, #1655, #347 ) ) ;
#4217 = CARTESIAN_POINT ( 'NONE',  ( 10.74999999999999822, 0.000000000000000000, -0.000000000000000000 ) ) ;
#4218 = CARTESIAN_POINT ( 'NONE',  ( 7.000000000000003553, 2.600000000000000089, 25.00000000000000000 ) ) ;
#4219 = DIRECTION ( 'NONE',  ( 0.000000000000000000, 1.000000000000000000, 0.000000000000000000 ) ) ;
#4220 = CONICAL_SURFACE ( 'NONE', #1480, 0.5000000000000004441, 0.7853981633974482790 ) ;
#4221 = VECTOR ( 'NONE', #5296, 1000.000000000000000 ) ;
#4222 = EDGE_CURVE ( 'NONE', #1900, #4062, #3411, .T. ) ;
#4223 = AXIS2_PLACEMENT_3D ( 'NONE', #5062, #2879, #4091 ) ;
#4224 = EDGE_LOOP ( 'NONE', ( #3810, #891, #3082, #1537 ) ) ;
#4225 = CIRCLE ( 'NONE', #156, 2.200000000000000178 ) ;
#4226 = ORIENTED_EDGE ( 'NONE', *, *, #1462, .T. ) ;
#4227 = CARTESIAN_POINT ( 'NONE',  ( 4.149500360312242897, 2.500000000000000000, -5.926100668555644546 ) ) ;
#4228 = FACE_OUTER_BOUND ( 'NONE', #856, .T. ) ;
#4229 = EDGE_CURVE ( 'NONE', #2267, #930, #4907, .T. ) ;
#4230 = ADVANCED_FACE ( 'NONE', ( #56, #111 ), #424, .T. ) ;
#4231 = DIRECTION ( 'NONE',  ( 0.000000000000000000, 0.000000000000000000, 1.000000000000000000 ) ) ;
#4232 = AXIS2_PLACEMENT_3D ( 'NONE', #4420, #2236, #121 ) ;
#4233 = ORIENTED_EDGE ( 'NONE', *, *, #2409, .T. ) ;
#4234 = VERTEX_POINT ( 'NONE', #4244 ) ;
#4235 =( GEOMETRIC_REPRESENTATION_CONTEXT ( 3 ) GLOBAL_UNCERTAINTY_ASSIGNED_CONTEXT ( ( #2885 ) ) GLOBAL_UNIT_ASSIGNED_CONTEXT ( ( #3154, #2387, #1111 ) ) REPRESENTATION_CONTEXT ( 'NONE', 'WORKASPACE' ) );
#4236 = CARTESIAN_POINT ( 'NONE',  ( 16.00000000000001066, 0.000000000000000000, -28.04999999999998650 ) ) ;
#4237 = DIRECTION ( 'NONE',  ( -0.000000000000000000, 1.000000000000000000, -0.000000000000000000 ) ) ;
#4238 = AXIS2_PLACEMENT_3D ( 'NONE', #1729, #3780, #896 ) ;
#4239 = CYLINDRICAL_SURFACE ( 'NONE', #785, 2.200000000000000622 ) ;
#4240 = PLANE ( 'NONE',  #2278 ) ;
#4241 = CYLINDRICAL_SURFACE ( 'NONE', #807, 1.549999999999995826 ) ;
#4242 = ADVANCED_FACE ( 'NONE', ( #1757 ), #450, .T. ) ;
#4243 = LINE ( 'NONE', #83, #4769 ) ;
#4244 = CARTESIAN_POINT ( 'NONE',  ( 4.000000000000000000, 4.000000000000000000, -24.55996122276641103 ) ) ;
#4245 = ORIENTED_EDGE ( 'NONE', *, *, #2673, .F. ) ;
#4246 = DIRECTION ( 'NONE',  ( -1.000000000000000000, 0.000000000000000000, -0.000000000000000000 ) ) ;
#4247 = ORIENTED_EDGE ( 'NONE', *, *, #1810, .F. ) ;
#4248 = EDGE_CURVE ( 'NONE', #4792, #1079, #1500, .T. ) ;
#4249 = CARTESIAN_POINT ( 'NONE',  ( 27.79289321881347163, 3.707106781186550570, 2.704915028125257415 ) ) ;
#4250 = CARTESIAN_POINT ( 'NONE',  ( 0.000000000000000000, 4.000000000000000000, -29.49999999999999645 ) ) ;
#4251 = DIRECTION ( 'NONE',  ( -1.156482317317871725E-16, 0.000000000000000000, -1.000000000000000000 ) ) ;
#4252 = AXIS2_PLACEMENT_3D ( 'NONE', #3175, #273, #4896 ) ;
#4253 = ORIENTED_EDGE ( 'NONE', *, *, #3554, .T. ) ;
#4254 = AXIS2_PLACEMENT_3D ( 'NONE', #3802, #4657, #858 ) ;
#4255 = ORIENTED_EDGE ( 'NONE', *, *, #4869, .T. ) ;
#4256 = AXIS2_PLACEMENT_3D ( 'NONE', #34, #1737, #1319 ) ;
#4257 = DIRECTION ( 'NONE',  ( 0.000000000000000000, 1.000000000000000000, 0.000000000000000000 ) ) ;
#4258 = DIRECTION ( 'NONE',  ( 0.000000000000000000, -1.000000000000000000, 0.000000000000000000 ) ) ;
#4259 = EDGE_CURVE ( 'NONE', #1228, #4308, #5261, .T. ) ;
#4260 = LINE ( 'NONE', #4681, #1003 ) ;
#4261 = VERTEX_POINT ( 'NONE', #2249 ) ;
#4262 = ORIENTED_EDGE ( 'NONE', *, *, #3542, .T. ) ;
#4263 = DIRECTION ( 'NONE',  ( 0.000000000000000000, 0.000000000000000000, 1.000000000000000000 ) ) ;
#4264 = CARTESIAN_POINT ( 'NONE',  ( 3.999999999999993339, 4.000000000000000000, -20.29999999999999716 ) ) ;
#4265 = MANIFOLD_SOLID_BREP ( '圆角7', #4785 ) ;
#4266 = AXIS2_PLACEMENT_3D ( 'NONE', #3708, #3344, #5397 ) ;
#4267 = EDGE_LOOP ( 'NONE', ( #392, #1574, #2258, #2567, #4201 ) ) ;
#4268 = PLANE ( 'NONE',  #1311 ) ;
#4269 = EDGE_CURVE ( 'NONE', #2420, #1101, #1050, .T. ) ;
#4270 = CARTESIAN_POINT ( 'NONE',  ( 11.73531754730534793, 4.000000000000000000, -20.32616623488780050 ) ) ;
#4271 = CIRCLE ( 'NONE', #1893, 0.5000000000000004441 ) ;
#4272 = CARTESIAN_POINT ( 'NONE',  ( 8.526858428704224835, 4.000000000000000000, -22.17857097069603611 ) ) ;
#4273 = CYLINDRICAL_SURFACE ( 'NONE', #221, 1.549999999999997602 ) ;
#4274 = ORIENTED_EDGE ( 'NONE', *, *, #1352, .F. ) ;
#4275 = CARTESIAN_POINT ( 'NONE',  ( 14.49999999999999467, 0.000000000000000000, 13.71623364550170976 ) ) ;
#4276 = ORIENTED_EDGE ( 'NONE', *, *, #3987, .T. ) ;
#4277 = CARTESIAN_POINT ( 'NONE',  ( 13.50000000000001066, 4.000000000000000000, 29.29508497187473992 ) ) ;
#4278 = DIRECTION ( 'NONE',  ( 1.000000000000000000, 0.000000000000000000, 0.000000000000000000 ) ) ;
#4279 = CARTESIAN_POINT ( 'NONE',  ( 16.00000000000001066, 2.299999999999999822, -26.49999999999999289 ) ) ;
#4280 = VERTEX_POINT ( 'NONE', #220 ) ;
#4281 = ORIENTED_EDGE ( 'NONE', *, *, #170, .F. ) ;
#4282 = CARTESIAN_POINT ( 'NONE',  ( 16.18988598184790817, 2.500000000000000000, 20.30290847946412924 ) ) ;
#4283 = LINE ( 'NONE', #4339, #2281 ) ;
#4284 = CARTESIAN_POINT ( 'NONE',  ( 15.22658836461049958, 2.500000000000000000, -9.304282248157557333 ) ) ;
#4285 = AXIS2_PLACEMENT_3D ( 'NONE', #4340, #4365, #2264 ) ;
#4286 = ORIENTED_EDGE ( 'NONE', *, *, #667, .F. ) ;
#4287 = VECTOR ( 'NONE', #137, 999.9999999999998863 ) ;
#4288 = VERTEX_POINT ( 'NONE', #2354 ) ;
#4289 = CARTESIAN_POINT ( 'NONE',  ( 12.56097560975609539, 2.500000000000000000, -7.905449242479584804 ) ) ;
#4290 = PLANE ( 'NONE',  #2860 ) ;
#4291 = CIRCLE ( 'NONE', #3936, 0.7500000000000006661 ) ;
#4292 = DIRECTION ( 'NONE',  ( -0.000000000000000000, 1.000000000000000000, -0.000000000000000000 ) ) ;
#4293 = EDGE_CURVE ( 'NONE', #3737, #2716, #138, .T. ) ;
#4294 = CIRCLE ( 'NONE', #2617, 2.649999999999999467 ) ;
#4295 = EDGE_LOOP ( 'NONE', ( #1283, #3765 ) ) ;
#4296 = CARTESIAN_POINT ( 'NONE',  ( 13.66531754730533343, 4.000000000000000000, -23.66902429349574177 ) ) ;
#4297 = EDGE_CURVE ( 'NONE', #1560, #2325, #4629, .T. ) ;
#4298 = CARTESIAN_POINT ( 'NONE',  ( 16.98848870208500017, 0.000000000000000000, 0.6223065738172707251 ) ) ;
#4299 = VERTEX_POINT ( 'NONE', #250 ) ;
#4300 = FACE_OUTER_BOUND ( 'NONE', #4301, .T. ) ;
#4301 = EDGE_LOOP ( 'NONE', ( #825, #1450, #3449, #2582, #1330, #709, #327, #4558 ) ) ;
#4302 = LINE ( 'NONE', #4217, #3280 ) ;
#4303 = LINE ( 'NONE', #513, #4011 ) ;
#4304 = AXIS2_PLACEMENT_3D ( 'NONE', #1935, #4031, #5222 ) ;
#4305 = CARTESIAN_POINT ( 'NONE',  ( 10.45685842870420323, 2.600000000000000089, -25.52142902930398449 ) ) ;
#4306 = CONICAL_SURFACE ( 'NONE', #683, 0.5000000000000073275, 0.7853981633974482790 ) ;
#4307 = ORIENTED_EDGE ( 'NONE', *, *, #869, .F. ) ;
#4308 = VERTEX_POINT ( 'NONE', #3178 ) ;
#4309 = DIRECTION ( 'NONE',  ( -0.000000000000000000, -1.000000000000000000, -0.000000000000000000 ) ) ;
#4310 = DIRECTION ( 'NONE',  ( 1.000000000000000000, -0.000000000000000000, -0.000000000000000000 ) ) ;
#4311 = EDGE_CURVE ( 'NONE', #5429, #5355, #3941, .T. ) ;
#4312 = LINE ( 'NONE', #1804, #3934 ) ;
#4313 = CIRCLE ( 'NONE', #2462, 0.7500000000000006661 ) ;
#4314 = CIRCLE ( 'NONE', #2198, 2.200000000000000178 ) ;
#4315 = EDGE_LOOP ( 'NONE', ( #2330, #2065 ) ) ;
#4316 = AXIS2_PLACEMENT_3D ( 'NONE', #1618, #362, #811 ) ;
#4317 = ORIENTED_EDGE ( 'NONE', *, *, #4954, .F. ) ;
#4318 = CARTESIAN_POINT ( 'NONE',  ( 20.50000000000003197, 4.000000000000000000, 26.00000000000000355 ) ) ;
#4319 = ORIENTED_EDGE ( 'NONE', *, *, #4788, .F. ) ;
#4320 = EDGE_CURVE ( 'NONE', #433, #4748, #2688, .T. ) ;
#4321 = CARTESIAN_POINT ( 'NONE',  ( 18.50000000000000000, 2.500000000000000000, -14.15894732285653035 ) ) ;
#4322 = CIRCLE ( 'NONE', #954, 3.249999999999999556 ) ;
#4323 = DIRECTION ( 'NONE',  ( -0.000000000000000000, 1.000000000000000000, -0.000000000000000000 ) ) ;
#4324 = CIRCLE ( 'NONE', #5294, 1.299999999999999156 ) ;
#4325 = FACE_OUTER_BOUND ( 'NONE', #4993, .T. ) ;
#4326 = PLANE ( 'NONE',  #3315 ) ;
#4327 = EDGE_CURVE ( 'NONE', #2932, #5423, #4796, .T. ) ;
#4328 = CARTESIAN_POINT ( 'NONE',  ( 11.49999999999999289, 0.000000000000000000, -2.000000000000000000 ) ) ;
#4329 = ORIENTED_EDGE ( 'NONE', *, *, #3789, .F. ) ;
#4330 = ORIENTED_EDGE ( 'NONE', *, *, #2975, .T. ) ;
#4331 = CARTESIAN_POINT ( 'NONE',  ( 19.30825215254416705, 0.000000000000000000, 7.458456109224194996 ) ) ;
#4332 = VERTEX_POINT ( 'NONE', #4378 ) ;
#4333 = DIRECTION ( 'NONE',  ( 0.000000000000000000, -1.000000000000000000, 0.000000000000000000 ) ) ;
#4334 = CARTESIAN_POINT ( 'NONE',  ( 21.29548616131172878, 2.500000000000000000, 6.508833065308094135 ) ) ;
#4335 = ORIENTED_EDGE ( 'NONE', *, *, #5295, .T. ) ;
#4336 = ADVANCED_FACE ( 'NONE', ( #584 ), #1019, .F. ) ;
#4337 = VERTEX_POINT ( 'NONE', #2301 ) ;
#4338 = DIRECTION ( 'NONE',  ( -0.000000000000000000, -1.000000000000000000, -0.000000000000000000 ) ) ;
#4339 = CARTESIAN_POINT ( 'NONE',  ( 26.00000000000001066, 4.000000000000000000, 22.50000000000002487 ) ) ;
#4340 = CARTESIAN_POINT ( 'NONE',  ( 24.00000000000000355, 0.000000000000000000, -26.00000000000000000 ) ) ;
#4341 = ORIENTED_EDGE ( 'NONE', *, *, #68, .F. ) ;
#4342 = CIRCLE ( 'NONE', #4700, 2.000000000000001776 ) ;
#4343 = AXIS2_PLACEMENT_3D ( 'NONE', #1371, #4618, #2952 ) ;
#4344 = ORIENTED_EDGE ( 'NONE', *, *, #4866, .T. ) ;
#4345 = EDGE_CURVE ( 'NONE', #2464, #2853, #1446, .T. ) ;
#4346 = VERTEX_POINT ( 'NONE', #2714 ) ;
#4347 = CARTESIAN_POINT ( 'NONE',  ( 7.776858428704232828, 2.600000000000000089, -20.87953286501936745 ) ) ;
#4348 = CARTESIAN_POINT ( 'NONE',  ( 11.49999999999999289, 2.500000000000000000, -2.000000000000000000 ) ) ;
#4349 = LINE ( 'NONE', #3935, #4675 ) ;
#4350 = FACE_BOUND ( 'NONE', #5059, .T. ) ;
#4351 = FACE_OUTER_BOUND ( 'NONE', #615, .T. ) ;
#4352 = CARTESIAN_POINT ( 'NONE',  ( 18.00000000000001066, -1.808568626610816077, -29.49999999999999645 ) ) ;
#4353 = CIRCLE ( 'NONE', #4266, 2.200000000000000622 ) ;
#4354 = VERTEX_POINT ( 'NONE', #3077 ) ;
#4355 = FACE_OUTER_BOUND ( 'NONE', #703, .T. ) ;
#4356 = EDGE_CURVE ( 'NONE', #4582, #4500, #5090, .T. ) ;
#4357 = VERTEX_POINT ( 'NONE', #2384 ) ;
#4358 = DIRECTION ( 'NONE',  ( 0.000000000000000000, -0.000000000000000000, -1.000000000000000000 ) ) ;
#4359 = CARTESIAN_POINT ( 'NONE',  ( 21.29548616131172878, 0.000000000000000000, 6.508833065308095911 ) ) ;
#4360 = ORIENTED_EDGE ( 'NONE', *, *, #4841, .F. ) ;
#4361 = ADVANCED_FACE ( 'NONE', ( #809 ), #4069, .F. ) ;
#4362 = ORIENTED_EDGE ( 'NONE', *, *, #2345, .F. ) ;
#4363 = DIRECTION ( 'NONE',  ( 0.000000000000000000, 0.000000000000000000, -1.000000000000000000 ) ) ;
#4364 = CARTESIAN_POINT ( 'NONE',  ( 19.00000000000001066, 3.500000000000020428, 30.00000000000000355 ) ) ;
#4365 = DIRECTION ( 'NONE',  ( 0.000000000000000000, 1.000000000000000000, 0.000000000000000000 ) ) ;
#4366 = EDGE_CURVE ( 'NONE', #3016, #1637, #1738, .T. ) ;
#4367 = ORIENTED_EDGE ( 'NONE', *, *, #5111, .T. ) ;
#4368 = EDGE_LOOP ( 'NONE', ( #985, #3706, #4884, #4984 ) ) ;
#4369 = PLANE ( 'NONE',  #5408 ) ;
#4370 = FACE_OUTER_BOUND ( 'NONE', #2675, .T. ) ;
#4371 = CIRCLE ( 'NONE', #1990, 2.200000000000000622 ) ;
#4372 = EDGE_CURVE ( 'NONE', #2509, #2575, #2914, .T. ) ;
#4373 = EDGE_LOOP ( 'NONE', ( #4661, #5227, #671, #5243 ) ) ;
#4374 = AXIS2_PLACEMENT_3D ( 'NONE', #5267, #676, #2362 ) ;
#4375 = DIRECTION ( 'NONE',  ( 0.000000000000000000, 0.000000000000000000, 1.000000000000000000 ) ) ;
#4376 = DIRECTION ( 'NONE',  ( 0.000000000000000000, 0.000000000000000000, 1.000000000000000000 ) ) ;
#4377 = EDGE_CURVE ( 'NONE', #1721, #2402, #3499, .T. ) ;
#4378 = CARTESIAN_POINT ( 'NONE',  ( 10.74999999999999822, 2.500000000000000000, -10.07078063138876622 ) ) ;
#4379 =( GEOMETRIC_REPRESENTATION_CONTEXT ( 3 ) GLOBAL_UNCERTAINTY_ASSIGNED_CONTEXT ( ( #2062 ) ) GLOBAL_UNIT_ASSIGNED_CONTEXT ( ( #3150, #4436, #668 ) ) REPRESENTATION_CONTEXT ( 'NONE', 'WORKASPACE' ) );
#4380 = EDGE_LOOP ( 'NONE', ( #2774, #3237, #102, #1604 ) ) ;
#4381 = FACE_OUTER_BOUND ( 'NONE', #3853, .T. ) ;
#4382 = ORIENTED_EDGE ( 'NONE', *, *, #2324, .F. ) ;
#4383 = EDGE_CURVE ( 'NONE', #4195, #1682, #3945, .T. ) ;
#4384 = CARTESIAN_POINT ( 'NONE',  ( 20.51987171000547150, 0.000000000000000000, 5.536556753791761487 ) ) ;
#4385 = DIRECTION ( 'NONE',  ( 0.000000000000000000, 0.000000000000000000, 1.000000000000000000 ) ) ;
#4386 = ORIENTED_EDGE ( 'NONE', *, *, #1231, .F. ) ;
#4387 = VERTEX_POINT ( 'NONE', #2033 ) ;
#4388 = CONICAL_SURFACE ( 'NONE', #4223, 3.499999999999999556, 0.7853981633974482790 ) ;
#4389 = CARTESIAN_POINT ( 'NONE',  ( 0.000000000000000000, 2.500000000000000000, -22.99999999999999645 ) ) ;
#4390 = FACE_OUTER_BOUND ( 'NONE', #786, .T. ) ;
#4391 = DIRECTION ( 'NONE',  ( 1.156482317317871725E-16, 0.000000000000000000, 1.000000000000000000 ) ) ;
#4392 = EDGE_CURVE ( 'NONE', #4172, #1384, #1833, .T. ) ;
#4393 = VERTEX_POINT ( 'NONE', #3628 ) ;
#4394 = VERTEX_POINT ( 'NONE', #2002 ) ;
#4395 = AXIS2_PLACEMENT_3D ( 'NONE', #2425, #4137, #5357 ) ;
#4396 = EDGE_CURVE ( 'NONE', #2380, #4337, #2531, .T. ) ;
#4397 = CARTESIAN_POINT ( 'NONE',  ( 4.250000000000000888, 4.000000000000000000, -5.699999999999998401 ) ) ;
#4398 = DIRECTION ( 'NONE',  ( 0.000000000000000000, -0.000000000000000000, 1.000000000000000000 ) ) ;
#4399 = AXIS2_PLACEMENT_3D ( 'NONE', #5407, #2918, #1167 ) ;
#4400 = AXIS2_PLACEMENT_3D ( 'NONE', #3579, #3186, #3999 ) ;
#4401 = VERTEX_POINT ( 'NONE', #5372 ) ;
#4402 = EDGE_CURVE ( 'NONE', #2293, #3196, #3228, .T. ) ;
#4403 = VECTOR ( 'NONE', #909, 1000.000000000000000 ) ;
#4404 = CARTESIAN_POINT ( 'NONE',  ( 18.43081293235504248, 0.000000000000000000, -9.121049864630185411 ) ) ;
#4405 = DIRECTION ( 'NONE',  ( -0.000000000000000000, -1.000000000000000000, -0.000000000000000000 ) ) ;
#4406 = DIRECTION ( 'NONE',  ( 0.000000000000000000, 0.000000000000000000, 1.000000000000000000 ) ) ;
#4407 = CARTESIAN_POINT ( 'NONE',  ( -0.000000000000000000, 0.000000000000000000, -22.99999999999999645 ) ) ;
#4408 = CIRCLE ( 'NONE', #3437, 1.500000000000018652 ) ;
#4409 = FACE_OUTER_BOUND ( 'NONE', #4617, .T. ) ;
#4410 = VERTEX_POINT ( 'NONE', #1948 ) ;
#4411 =( NAMED_UNIT ( * ) PLANE_ANGLE_UNIT ( ) SI_UNIT ( $, .RADIAN. ) );
#4412 = EDGE_CURVE ( 'NONE', #2037, #4012, #1853, .T. ) ;
#4413 = ORIENTED_EDGE ( 'NONE', *, *, #2803, .F. ) ;
#4414 = VECTOR ( 'NONE', #534, 1000.000000000000000 ) ;
#4415 = CARTESIAN_POINT ( 'NONE',  ( 16.29999999999999361, 2.500000000000000000, -20.30726231784357694 ) ) ;
#4416 = CARTESIAN_POINT ( 'NONE',  ( 11.73531754730534793, 4.000000000000000000, -20.32616623488780050 ) ) ;
#4417 = EDGE_CURVE ( 'NONE', #913, #2402, #5405, .T. ) ;
#4418 = ORIENTED_EDGE ( 'NONE', *, *, #1369, .F. ) ;
#4419 = EDGE_LOOP ( 'NONE', ( #4330, #61 ) ) ;
#4420 = CARTESIAN_POINT ( 'NONE',  ( 7.499999999999996447, 4.000000000000000000, -24.99999999999998934 ) ) ;
#4421 = DIRECTION ( 'NONE',  ( 0.000000000000000000, 0.000000000000000000, 1.000000000000000000 ) ) ;
#4422 = CARTESIAN_POINT ( 'NONE',  ( 27.50000000000000711, 2.299999999999999822, 7.795084971874749691 ) ) ;
#4423 = ORIENTED_EDGE ( 'NONE', *, *, #2350, .T. ) ;
#4424 = EDGE_LOOP ( 'NONE', ( #1507, #2104, #3400, #3647 ) ) ;
#4425 = ADVANCED_FACE ( 'NONE', ( #2496 ), #3266, .F. ) ;
#4426 = DIRECTION ( 'NONE',  ( 0.000000000000000000, 0.000000000000000000, 1.000000000000000000 ) ) ;
#4427 = AXIS2_PLACEMENT_3D ( 'NONE', #2499, #4183, #395 ) ;
#4428 = AXIS2_PLACEMENT_3D ( 'NONE', #4277, #3030, #3389 ) ;
#4429 = EDGE_LOOP ( 'NONE', ( #1750, #1296, #4089, #131 ) ) ;
#4430 = AXIS2_PLACEMENT_3D ( 'NONE', #2368, #3118, #2269 ) ;
#4431 = CARTESIAN_POINT ( 'NONE',  ( 14.68220808441862779, 2.500000000000000000, 3.086605125961786378 ) ) ;
#4432 = AXIS2_PLACEMENT_3D ( 'NONE', #5327, #4560, #4590 ) ;
#4433 = DIRECTION ( 'NONE',  ( -0.000000000000000000, -1.000000000000000000, -0.000000000000000000 ) ) ;
#4434 = AXIS2_PLACEMENT_3D ( 'NONE', #3233, #5342, #3292 ) ;
#4435 = DIRECTION ( 'NONE',  ( 0.000000000000000000, 0.000000000000000000, 1.000000000000000000 ) ) ;
#4436 =( NAMED_UNIT ( * ) PLANE_ANGLE_UNIT ( ) SI_UNIT ( $, .RADIAN. ) );
#4437 = ADVANCED_FACE ( 'NONE', ( #2439 ), #1614, .T. ) ;
#4438 = DIRECTION ( 'NONE',  ( 0.000000000000000000, 1.000000000000000000, 0.000000000000000000 ) ) ;
#4439 = ORIENTED_EDGE ( 'NONE', *, *, #55, .F. ) ;
#4440 = FILL_AREA_STYLE_COLOUR ( '', #524 ) ;
#4441 = ORIENTED_EDGE ( 'NONE', *, *, #1887, .F. ) ;
#4442 = DIRECTION ( 'NONE',  ( 0.000000000000000000, -1.000000000000000000, 0.000000000000000000 ) ) ;
#4443 = CYLINDRICAL_SURFACE ( 'NONE', #2256, 2.000000000000001776 ) ;
#4444 = ORIENTED_EDGE ( 'NONE', *, *, #1451, .T. ) ;
#4445 = CARTESIAN_POINT ( 'NONE',  ( 20.50000000000003197, 4.000000000000000000, 26.00000000000000355 ) ) ;
#4446 = ORIENTED_EDGE ( 'NONE', *, *, #494, .F. ) ;
#4447 = DIRECTION ( 'NONE',  ( 0.000000000000000000, -1.000000000000000000, 0.000000000000000000 ) ) ;
#4448 = CARTESIAN_POINT ( 'NONE',  ( 15.84901771537212589, 0.000000000000000000, 4.951693672147772673 ) ) ;
#4449 = AXIS2_PLACEMENT_3D ( 'NONE', #4348, #1809, #987 ) ;
#4450 = CARTESIAN_POINT ( 'NONE',  ( 11.50000000000000000, 0.000000000000000000, -2.000000000000000000 ) ) ;
#4451 = AXIS2_PLACEMENT_3D ( 'NONE', #3750, #3299, #2389 ) ;
#4452 = ORIENTED_EDGE ( 'NONE', *, *, #2697, .T. ) ;
#4453 = VERTEX_POINT ( 'NONE', #4152 ) ;
#4454 = CARTESIAN_POINT ( 'NONE',  ( 18.00000000000001066, 2.299999999999999822, 29.29508497187474347 ) ) ;
#4455 = AXIS2_PLACEMENT_3D ( 'NONE', #2618, #4333, #537 ) ;
#4456 = ORIENTED_EDGE ( 'NONE', *, *, #1720, .T. ) ;
#4457 = CARTESIAN_POINT ( 'NONE',  ( 4.200000000000001954, 2.250000000000000444, 19.30000000000000426 ) ) ;
#4458 = CYLINDRICAL_SURFACE ( 'NONE', #4614, 0.5000000000000004441 ) ;
#4459 = VECTOR ( 'NONE', #2454, 999.9999999999998863 ) ;
#4460 = FACE_OUTER_BOUND ( 'NONE', #2202, .T. ) ;
#4461 = DIRECTION ( 'NONE',  ( 0.000000000000000000, -1.000000000000000000, 0.000000000000000000 ) ) ;
#4462 = EDGE_CURVE ( 'NONE', #1290, #2306, #2411, .T. ) ;
#4463 = ORIENTED_EDGE ( 'NONE', *, *, #1423, .T. ) ;
#4464 = CARTESIAN_POINT ( 'NONE',  ( 28.00000000000001066, 4.000000000000000000, 21.00000000000000711 ) ) ;
#4465 = VECTOR ( 'NONE', #351, 1000.000000000000000 ) ;
#4466 = ORIENTED_EDGE ( 'NONE', *, *, #2951, .T. ) ;
#4467 = VERTEX_POINT ( 'NONE', #5316 ) ;
#4468 = EDGE_CURVE ( 'NONE', #2848, #2924, #1165, .T. ) ;
#4469 = FACE_OUTER_BOUND ( 'NONE', #2700, .T. ) ;
#4470 = CIRCLE ( 'NONE', #1995, 2.200000000000000622 ) ;
#4471 = DIRECTION ( 'NONE',  ( 0.000000000000000000, 0.000000000000000000, 1.000000000000000000 ) ) ;
#4472 = EDGE_LOOP ( 'NONE', ( #4667, #2622, #2314, #4763 ) ) ;
#4473 = DIRECTION ( 'NONE',  ( 0.000000000000000000, -1.000000000000000000, 0.000000000000000000 ) ) ;
#4474 = EDGE_LOOP ( 'NONE', ( #2820, #992, #2753, #2725 ) ) ;
#4475 = LINE ( 'NONE', #3164, #692 ) ;
#4476 = LINE ( 'NONE', #1886, #4482 ) ;
#4477 = DIRECTION ( 'NONE',  ( 0.000000000000000000, 1.000000000000000000, -0.000000000000000000 ) ) ;
#4478 = ORIENTED_EDGE ( 'NONE', *, *, #5205, .T. ) ;
#4479 = ORIENTED_EDGE ( 'NONE', *, *, #5412, .T. ) ;
#4480 = EDGE_CURVE ( 'NONE', #2649, #352, #1527, .T. ) ;
#4481 = DIRECTION ( 'NONE',  ( -0.000000000000000000, -1.000000000000000000, -0.000000000000000000 ) ) ;
#4482 = VECTOR ( 'NONE', #2757, 1000.000000000000000 ) ;
#4483 = ORIENTED_EDGE ( 'NONE', *, *, #714, .F. ) ;
#4484 = EDGE_CURVE ( 'NONE', #164, #70, #4314, .T. ) ;
#4485 = DIRECTION ( 'NONE',  ( 0.000000000000000000, 0.000000000000000000, 1.000000000000000000 ) ) ;
#4486 = LINE ( 'NONE', #694, #3902 ) ;
#4487 = FACE_OUTER_BOUND ( 'NONE', #4133, .T. ) ;
#4488 = CIRCLE ( 'NONE', #5021, 0.5000000000000073275 ) ;
#4489 = CARTESIAN_POINT ( 'NONE',  ( 15.84901771537212589, 2.500000000000000000, 4.951693672147772673 ) ) ;
#4490 = ORIENTED_EDGE ( 'NONE', *, *, #3071, .F. ) ;
#4491 = FACE_OUTER_BOUND ( 'NONE', #2956, .T. ) ;
#4492 = VECTOR ( 'NONE', #2403, 1000.000000000000000 ) ;
#4493 = ORIENTED_EDGE ( 'NONE', *, *, #2302, .F. ) ;
#4494 = CARTESIAN_POINT ( 'NONE',  ( 0.000000000000000000, 0.000000000000000000, 0.000000000000000000 ) ) ;
#4495 = ORIENTED_EDGE ( 'NONE', *, *, #2360, .T. ) ;
#4496 = EDGE_CURVE ( 'NONE', #4953, #4797, #696, .T. ) ;
#4497 = LINE ( 'NONE', #4905, #828 ) ;
#4498 = DIRECTION ( 'NONE',  ( -0.000000000000000000, -1.000000000000000000, -0.000000000000000000 ) ) ;
#4499 = CIRCLE ( 'NONE', #3162, 2.200000000000000622 ) ;
#4500 = VERTEX_POINT ( 'NONE', #1254 ) ;
#4501 = DIRECTION ( 'NONE',  ( 0.000000000000000000, 1.000000000000000000, 0.000000000000000000 ) ) ;
#4502 = ORIENTED_EDGE ( 'NONE', *, *, #1594, .F. ) ;
#4503 = AXIS2_PLACEMENT_3D ( 'NONE', #4717, #2169, #1259 ) ;
#4504 = CARTESIAN_POINT ( 'NONE',  ( 11.49999999999999289, 2.500000000000000000, -2.000000000000000000 ) ) ;
#4505 = CARTESIAN_POINT ( 'NONE',  ( 24.50000000000000355, 0.000000000000000000, -14.15894732285653213 ) ) ;
#4506 = CARTESIAN_POINT ( 'NONE',  ( 10.83185842870419613, 2.600000000000000089, -25.42094808214231350 ) ) ;
#4507 = CARTESIAN_POINT ( 'NONE',  ( 18.16666666666667496, 2.299999999999999822, 28.92240697562477791 ) ) ;
#4508 = ADVANCED_FACE ( 'NONE', ( #5485 ), #4239, .F. ) ;
#4509 = VERTEX_POINT ( 'NONE', #833 ) ;
#4510 = VERTEX_POINT ( 'NONE', #390 ) ;
#4511 = CARTESIAN_POINT ( 'NONE',  ( 8.750000000000000000, 2.250000000000000444, -5.699999999999998401 ) ) ;
#4512 = CARTESIAN_POINT ( 'NONE',  ( 27.38363500381079874, 2.500000000000000000, 6.034310117596673351 ) ) ;
#4513 = ORIENTED_EDGE ( 'NONE', *, *, #322, .T. ) ;
#4514 = FACE_OUTER_BOUND ( 'NONE', #4547, .T. ) ;
#4515 = CARTESIAN_POINT ( 'NONE',  ( 18.00000000000001066, 4.000000000000000000, 29.50000000000002132 ) ) ;
#4516 = CARTESIAN_POINT ( 'NONE',  ( 14.10236294594450079, 0.000000000000000000, 22.86418522891058558 ) ) ;
#4517 = CARTESIAN_POINT ( 'NONE',  ( 16.00000000000001066, 4.000000000000000000, -26.49999999999999289 ) ) ;
#4518 = CARTESIAN_POINT ( 'NONE',  ( 4.168141571295796766, 2.600000000000000089, -23.82905191785766874 ) ) ;
#4519 = CIRCLE ( 'NONE', #2486, 1.549999999999997602 ) ;
#4520 = CIRCLE ( 'NONE', #624, 1.549999999999997602 ) ;
#4521 = ORIENTED_EDGE ( 'NONE', *, *, #2632, .T. ) ;
#4522 = EDGE_LOOP ( 'NONE', ( #4923, #3777, #1072, #4786 ) ) ;
#4523 = LINE ( 'NONE', #1234, #1356 ) ;
#4524 = CARTESIAN_POINT ( 'NONE',  ( 8.791826197258878040, 1.250000000000000222, -18.70054679054907609 ) ) ;
#4525 = EDGE_CURVE ( 'NONE', #1448, #4308, #1579, .T. ) ;
#4526 = ORIENTED_EDGE ( 'NONE', *, *, #5135, .T. ) ;
#4527 = PLANE ( 'NONE',  #429 ) ;
#4528 = ORIENTED_EDGE ( 'NONE', *, *, #5142, .F. ) ;
#4529 = CARTESIAN_POINT ( 'NONE',  ( 7.499999999999996447, 1.000000000000000000, -22.34999999999999076 ) ) ;
#4530 = LINE ( 'NONE', #1121, #329 ) ;
#4531 = CARTESIAN_POINT ( 'NONE',  ( 6.892358909350245533, 4.000000000000000000, -27.57939378632924843 ) ) ;
#4532 = CARTESIAN_POINT ( 'NONE',  ( 14.00000000000001066, 4.000000000000000000, 29.50000000000000711 ) ) ;
#4533 = EDGE_CURVE ( 'NONE', #2560, #4992, #2964, .T. ) ;
#4534 = ORIENTED_EDGE ( 'NONE', *, *, #4977, .F. ) ;
#4535 = ORIENTED_EDGE ( 'NONE', *, *, #1414, .F. ) ;
#4536 = CIRCLE ( 'NONE', #2504, 2.999999999999999112 ) ;
#4537 = CARTESIAN_POINT ( 'NONE',  ( 23.00000000000001066, 2.299999999999999822, -14.99999999999999645 ) ) ;
#4538 = LINE ( 'NONE', #2907, #3830 ) ;
#4539 = EDGE_CURVE ( 'NONE', #3504, #4043, #4677, .T. ) ;
#4540 = ORIENTED_EDGE ( 'NONE', *, *, #783, .F. ) ;
#4541 = PLANE ( 'NONE',  #2304 ) ;
#4542 = VECTOR ( 'NONE', #1491, 1000.000000000000000 ) ;
#4543 = CARTESIAN_POINT ( 'NONE',  ( 3.499999999999999556, 3.500000000000006661, 29.00000000000000000 ) ) ;
#4544 = EDGE_CURVE ( 'NONE', #149, #3386, #3776, .T. ) ;
#4545 = CARTESIAN_POINT ( 'NONE',  ( 26.00000000000000355, 0.000000000000000000, -23.00000000000000000 ) ) ;
#4546 = CARTESIAN_POINT ( 'NONE',  ( 7.000000000000003553, 4.000000000000000000, 25.00000000000000000 ) ) ;
#4547 = EDGE_LOOP ( 'NONE', ( #4566, #1674, #1045, #3621, #1398, #544, #1518, #1318, #2547 ) ) ;
#4548 = DIRECTION ( 'NONE',  ( -0.000000000000000000, 1.000000000000000000, -0.000000000000000000 ) ) ;
#4549 = ORIENTED_EDGE ( 'NONE', *, *, #541, .F. ) ;
#4550 = VERTEX_POINT ( 'NONE', #5458 ) ;
#4551 = EDGE_CURVE ( 'NONE', #1917, #841, #4634, .T. ) ;
#4552 = CARTESIAN_POINT ( 'NONE',  ( 8.750000000000000000, 4.000000000000000000, -6.799999999999998934 ) ) ;
#4553 = DIRECTION ( 'NONE',  ( 0.000000000000000000, 0.000000000000000000, 1.000000000000000000 ) ) ;
#4554 = AXIS2_PLACEMENT_3D ( 'NONE', #3589, #4477, #2816 ) ;
#4555 = AXIS2_PLACEMENT_3D ( 'NONE', #219, #1417, #3100 ) ;
#4556 = ORIENTED_EDGE ( 'NONE', *, *, #4372, .F. ) ;
#4557 = CARTESIAN_POINT ( 'NONE',  ( 26.00000000000001066, 4.000000000000000000, 22.50000000000002487 ) ) ;
#4558 = ORIENTED_EDGE ( 'NONE', *, *, #1492, .T. ) ;
#4559 = ADVANCED_FACE ( 'NONE', ( #1280 ), #3351, .F. ) ;
#4560 = DIRECTION ( 'NONE',  ( 0.000000000000000000, -1.000000000000000000, 0.000000000000000000 ) ) ;
#4561 = CARTESIAN_POINT ( 'NONE',  ( 18.50000000000001066, 2.299999999999999822, -29.29508497187473282 ) ) ;
#4562 = AXIS2_PLACEMENT_3D ( 'NONE', #1374, #4754, #877 ) ;
#4563 = CARTESIAN_POINT ( 'NONE',  ( 13.83333333333334281, 4.000000000000000000, -28.92240697562476370 ) ) ;
#4564 = LINE ( 'NONE', #5474, #4459 ) ;
#4565 = AXIS2_PLACEMENT_3D ( 'NONE', #3885, #945, #2640 ) ;
#4566 = ORIENTED_EDGE ( 'NONE', *, *, #3171, .T. ) ;
#4567 = ORIENTED_EDGE ( 'NONE', *, *, #4417, .T. ) ;
#4568 = CARTESIAN_POINT ( 'NONE',  ( 14.68220808441862779, 0.000000000000000000, 3.086605125961786378 ) ) ;
#4569 = DIRECTION ( 'NONE',  ( 0.000000000000000000, 1.000000000000000000, 0.000000000000000000 ) ) ;
#4570 = EDGE_CURVE ( 'NONE', #2014, #4299, #1224, .T. ) ;
#4571 = VERTEX_POINT ( 'NONE', #2105 ) ;
#4572 = EDGE_CURVE ( 'NONE', #1722, #3877, #4931, .T. ) ;
#4573 = DIRECTION ( 'NONE',  ( 0.000000000000000000, 0.000000000000000000, -1.000000000000000000 ) ) ;
#4574 = CYLINDRICAL_SURFACE ( 'NONE', #1271, 3.249999999999999556 ) ;
#4575 = CARTESIAN_POINT ( 'NONE',  ( 3.999999999999993339, 4.000000000000000000, 29.00000000000000000 ) ) ;
#4576 = CARTESIAN_POINT ( 'NONE',  ( 15.84133582938291163, 0.000000000000000000, 2.260610662395256654 ) ) ;
#4577 = ORIENTED_EDGE ( 'NONE', *, *, #1113, .T. ) ;
#4578 = DIRECTION ( 'NONE',  ( -0.000000000000000000, 1.000000000000000000, -0.000000000000000000 ) ) ;
#4579 = EDGE_CURVE ( 'NONE', #4394, #215, #515, .T. ) ;
#4580 = VERTEX_POINT ( 'NONE', #5011 ) ;
#4581 = SHAPE_DEFINITION_REPRESENTATION ( #2947, #1195 ) ;
#4582 = VERTEX_POINT ( 'NONE', #801 ) ;
#4583 = CARTESIAN_POINT ( 'NONE',  ( 10.25000000000000000, 2.600000000000000089, 22.69999999999999929 ) ) ;
#4584 = CARTESIAN_POINT ( 'NONE',  ( 27.50000000000002842, 4.000000000000000000, 21.00000000000000711 ) ) ;
#4585 = VECTOR ( 'NONE', #3423, 1000.000000000000000 ) ;
#4586 = ADVANCED_FACE ( 'NONE', ( #2850 ), #381, .T. ) ;
#4587 = VERTEX_POINT ( 'NONE', #2081 ) ;
#4588 = CARTESIAN_POINT ( 'NONE',  ( 6.892358909350245533, 2.600000000000000089, -27.57939378632924843 ) ) ;
#4589 = ORIENTED_EDGE ( 'NONE', *, *, #141, .T. ) ;
#4590 = DIRECTION ( 'NONE',  ( 0.000000000000000000, 0.000000000000000000, -1.000000000000000000 ) ) ;
#4591 = FACE_OUTER_BOUND ( 'NONE', #4171, .T. ) ;
#4592 = AXIS2_PLACEMENT_3D ( 'NONE', #746, #2024, #3707 ) ;
#4593 = DIRECTION ( 'NONE',  ( 0.000000000000000000, -1.000000000000000000, 0.000000000000000000 ) ) ;
#4594 = CARTESIAN_POINT ( 'NONE',  ( 7.499999999999996447, 2.600000000000000089, -22.34999999999999076 ) ) ;
#4595 = AXIS2_PLACEMENT_3D ( 'NONE', #1908, #3587, #4860 ) ;
#4596 = VERTEX_POINT ( 'NONE', #5335 ) ;
#4597 = ORIENTED_EDGE ( 'NONE', *, *, #1764, .T. ) ;
#4598 = DIRECTION ( 'NONE',  ( 0.000000000000000000, -1.000000000000000000, 0.000000000000000000 ) ) ;
#4599 = DIRECTION ( 'NONE',  ( 0.000000000000000000, 0.000000000000000000, 1.000000000000000000 ) ) ;
#4600 = VECTOR ( 'NONE', #3997, 1000.000000000000000 ) ;
#4601 = ORIENTED_EDGE ( 'NONE', *, *, #1317, .F. ) ;
#4602 = EDGE_CURVE ( 'NONE', #1856, #3475, #3766, .T. ) ;
#4603 = LINE ( 'NONE', #2085, #3729 ) ;
#4604 = DIRECTION ( 'NONE',  ( -0.000000000000000000, 1.000000000000000000, -0.000000000000000000 ) ) ;
#4605 = PRODUCT_DEFINITION_CONTEXT ( 'detailed design', #1295, 'design' ) ;
#4606 = CARTESIAN_POINT ( 'NONE',  ( 14.41531754730530501, 2.600000000000000089, -24.96806239917241399 ) ) ;
#4607 = ORIENTED_EDGE ( 'NONE', *, *, #2039, .T. ) ;
#4608 = DIRECTION ( 'NONE',  ( 1.508455196501568866E-15, 0.000000000000000000, 1.000000000000000000 ) ) ;
#4609 = CARTESIAN_POINT ( 'NONE',  ( 24.00000000000000355, 4.000000000000000000, -22.50000000000001421 ) ) ;
#4610 = CARTESIAN_POINT ( 'NONE',  ( 19.00000000000000355, 4.000000000000000000, -29.50000000000001066 ) ) ;
#4611 = ADVANCED_FACE ( 'NONE', ( #1665 ), #3343, .T. ) ;
#4612 = CARTESIAN_POINT ( 'NONE',  ( 7.499999999999996447, 1.000000000000000000, -24.99999999999998934 ) ) ;
#4613 = AXIS2_PLACEMENT_3D ( 'NONE', #1103, #2381, #5400 ) ;
#4614 = AXIS2_PLACEMENT_3D ( 'NONE', #248, #3232, #1945 ) ;
#4615 = ORIENTED_EDGE ( 'NONE', *, *, #1523, .F. ) ;
#4616 = LINE ( 'NONE', #1683, #3709 ) ;
#4617 = EDGE_LOOP ( 'NONE', ( #1689, #4894, #1066, #4100 ) ) ;
#4618 = DIRECTION ( 'NONE',  ( 0.000000000000000000, -1.000000000000000000, 0.000000000000000000 ) ) ;
#4619 = AXIS2_PLACEMENT_3D ( 'NONE', #2550, #5456, #3348 ) ;
#4620 = CIRCLE ( 'NONE', #545, 6.000000000000003553 ) ;
#4621 = LINE ( 'NONE', #1660, #3752 ) ;
#4622 = CIRCLE ( 'NONE', #2751, 3.499999999999999556 ) ;
#4623 = DIRECTION ( 'NONE',  ( 0.000000000000000000, 1.000000000000000000, 0.000000000000000000 ) ) ;
#4624 = VERTEX_POINT ( 'NONE', #1605 ) ;
#4625 = ORIENTED_EDGE ( 'NONE', *, *, #3521, .T. ) ;
#4626 = LINE ( 'NONE', #325, #3072 ) ;
#4627 = CARTESIAN_POINT ( 'NONE',  ( 3.999999999999993339, 4.000000000000000000, 28.99999999999998934 ) ) ;
#4628 = EDGE_LOOP ( 'NONE', ( #1834, #158, #373, #5276 ) ) ;
#4629 =( BOUNDED_CURVE ( )  B_SPLINE_CURVE ( 3, ( #169, #5181, #3123, #3102 ),
 .UNSPECIFIED., .F., .F. ) 
 B_SPLINE_CURVE_WITH_KNOTS ( ( 4, 4 ),
 ( 4.712388980384731418, 6.283185307179586232 ),
 .UNSPECIFIED. ) 
 CURVE ( )  GEOMETRIC_REPRESENTATION_ITEM ( )  RATIONAL_B_SPLINE_CURVE ( ( 1.000000000000000000, 0.8047378541243747074, 0.8047378541243747074, 1.000000000000000000 ) ) 
 REPRESENTATION_ITEM ( '' )  );
#4630 = DIRECTION ( 'NONE',  ( -0.000000000000000000, 1.000000000000000000, -0.000000000000000000 ) ) ;
#4631 = EDGE_CURVE ( 'NONE', #1219, #1427, #3603, .T. ) ;
#4632 = LINE ( 'NONE', #3264, #1624 ) ;
#4633 = CIRCLE ( 'NONE', #641, 0.7500000000000006661 ) ;
#4634 = LINE ( 'NONE', #3829, #3793 ) ;
#4635 = DIRECTION ( 'NONE',  ( 0.000000000000000000, 0.000000000000000000, 1.000000000000000000 ) ) ;
#4636 = CARTESIAN_POINT ( 'NONE',  ( 18.50000000000001066, 3.500000000000006661, -29.99999999999999645 ) ) ;
#4637 = CARTESIAN_POINT ( 'NONE',  ( 8.750000000000000000, 4.000000000000000000, -5.699999999999998401 ) ) ;
#4638 = EDGE_CURVE ( 'NONE', #2781, #420, #3735, .T. ) ;
#4639 = DIRECTION ( 'NONE',  ( 0.000000000000000000, 0.000000000000000000, -1.000000000000000000 ) ) ;
#4640 = ORIENTED_EDGE ( 'NONE', *, *, #4935, .F. ) ;
#4641 = CARTESIAN_POINT ( 'NONE',  ( 3.499999999999999556, 3.500000000000006661, 4.700000000000006395 ) ) ;
#4642 = EDGE_CURVE ( 'NONE', #5277, #2473, #1216, .T. ) ;
#4643 = ADVANCED_FACE ( 'NONE', ( #1158 ), #2459, .F. ) ;
#4644 = ORIENTED_EDGE ( 'NONE', *, *, #37, .F. ) ;
#4645 = CARTESIAN_POINT ( 'NONE',  ( 25.00000000000001066, 2.299999999999999822, 5.000000000000007994 ) ) ;
#4646 = FACE_OUTER_BOUND ( 'NONE', #606, .T. ) ;
#4647 = AXIS2_PLACEMENT_3D ( 'NONE', #4086, #1861, #2758 ) ;
#4648 = DIRECTION ( 'NONE',  ( 0.000000000000000000, 1.000000000000000000, 0.000000000000000000 ) ) ;
#4649 = ORIENTED_EDGE ( 'NONE', *, *, #4682, .T. ) ;
#4650 = VECTOR ( 'NONE', #4471, 1000.000000000000000 ) ;
#4651 = ORIENTED_EDGE ( 'NONE', *, *, #2986, .T. ) ;
#4652 = DIRECTION ( 'NONE',  ( 1.508455196501568866E-15, 0.000000000000000000, 1.000000000000000000 ) ) ;
#4653 = DIRECTION ( 'NONE',  ( -0.7660444431189746828, 0.000000000000000000, 0.6427876096865432487 ) ) ;
#4654 = VECTOR ( 'NONE', #191, 1000.000000000000000 ) ;
#4655 = ORIENTED_EDGE ( 'NONE', *, *, #4320, .T. ) ;
#4656 = EDGE_CURVE ( 'NONE', #745, #3904, #4225, .T. ) ;
#4657 = DIRECTION ( 'NONE',  ( 0.000000000000000000, -1.000000000000000000, 0.000000000000000000 ) ) ;
#4658 = DIRECTION ( 'NONE',  ( -0.000000000000000000, 1.000000000000000000, -0.000000000000000000 ) ) ;
#4659 = DIRECTION ( 'NONE',  ( 0.000000000000000000, 0.000000000000000000, -1.000000000000000000 ) ) ;
#4660 = EDGE_CURVE ( 'NONE', #3133, #4214, #4626, .T. ) ;
#4661 = ORIENTED_EDGE ( 'NONE', *, *, #5320, .F. ) ;
#4662 = DIRECTION ( 'NONE',  ( 0.000000000000000000, 0.000000000000000000, 1.000000000000000000 ) ) ;
#4663 = ORIENTED_EDGE ( 'NONE', *, *, #3745, .T. ) ;
#4664 = LINE ( 'NONE', #2194, #1864 ) ;
#4665 = DIRECTION ( 'NONE',  ( 0.000000000000000000, -0.7071067811865474617, 0.7071067811865474617 ) ) ;
#4666 = CIRCLE ( 'NONE', #681, 2.200000000000000622 ) ;
#4667 = ORIENTED_EDGE ( 'NONE', *, *, #3719, .F. ) ;
#4668 = CARTESIAN_POINT ( 'NONE',  ( 16.00000000000001066, 2.299999999999999822, 28.04999999999999716 ) ) ;
#4669 = EDGE_CURVE ( 'NONE', #1562, #3002, #5363, .T. ) ;
#4670 = AXIS2_PLACEMENT_3D ( 'NONE', #4084, #795, #2898 ) ;
#4671 = EDGE_LOOP ( 'NONE', ( #5250, #3944, #210, #649 ) ) ;
#4672 = CARTESIAN_POINT ( 'NONE',  ( 12.59756097560975263, 2.500000000000000000, 3.898759183490929647 ) ) ;
#4673 = CYLINDRICAL_SURFACE ( 'NONE', #339, 2.649999999999999467 ) ;
#4674 = CARTESIAN_POINT ( 'NONE',  ( 17.11088587534442595, 0.000000000000000000, 3.149559174711987541 ) ) ;
#4675 = VECTOR ( 'NONE', #940, 1000.000000000000000 ) ;
#4676 = VERTEX_POINT ( 'NONE', #771 ) ;
#4677 = CIRCLE ( 'NONE', #4761, 4.000000000000000888 ) ;
#4678 = ORIENTED_EDGE ( 'NONE', *, *, #2020, .F. ) ;
#4679 = LINE ( 'NONE', #1800, #3701 ) ;
#4680 = DIRECTION ( 'NONE',  ( -0.000000000000000000, 1.000000000000000000, -0.000000000000000000 ) ) ;
#4681 = CARTESIAN_POINT ( 'NONE',  ( 8.750000000000000000, 1.250000000000000222, -20.29999999999999716 ) ) ;
#4682 = EDGE_CURVE ( 'NONE', #873, #4346, #717, .T. ) ;
#4683 = AXIS2_PLACEMENT_3D ( 'NONE', #3413, #1263, #5027 ) ;
#4684 = ORIENTED_EDGE ( 'NONE', *, *, #1479, .T. ) ;
#4685 = EDGE_LOOP ( 'NONE', ( #4439, #3889, #5009, #19 ) ) ;
#4686 = AXIS2_PLACEMENT_3D ( 'NONE', #3303, #2949, #872 ) ;
#4687 = CARTESIAN_POINT ( 'NONE',  ( 16.00000000000001066, 0.000000000000000000, -28.04999999999998650 ) ) ;
#4688 = DIRECTION ( 'NONE',  ( 0.000000000000000000, -1.000000000000000000, 0.000000000000000000 ) ) ;
#4689 = ORIENTED_EDGE ( 'NONE', *, *, #2011, .T. ) ;
#4690 = LINE ( 'NONE', #2245, #1225 ) ;
#4691 = EDGE_LOOP ( 'NONE', ( #3553, #21, #1913, #1456, #3653, #2922, #4444, #3155 ) ) ;
#4692 = DIRECTION ( 'NONE',  ( 0.000000000000000000, 0.000000000000000000, 1.000000000000000000 ) ) ;
#4693 = LINE ( 'NONE', #2532, #4743 ) ;
#4694 = ORIENTED_EDGE ( 'NONE', *, *, #3354, .T. ) ;
#4695 = DIRECTION ( 'NONE',  ( -0.000000000000000000, 1.000000000000000000, -0.000000000000000000 ) ) ;
#4696 = VERTEX_POINT ( 'NONE', #4568 ) ;
#4697 = DIRECTION ( 'NONE',  ( 0.000000000000000000, 0.000000000000000000, -1.000000000000000000 ) ) ;
#4698 = CARTESIAN_POINT ( 'NONE',  ( 3.999999999999991562, 4.000000000000000000, -23.06010309552283033 ) ) ;
#4699 = CARTESIAN_POINT ( 'NONE',  ( 13.79289321881346098, 3.500000000000007105, 30.00000000000000711 ) ) ;
#4700 = AXIS2_PLACEMENT_3D ( 'NONE', #4985, #722, #4870 ) ;
#4701 = ORIENTED_EDGE ( 'NONE', *, *, #4417, .F. ) ;
#4702 = AXIS2_PLACEMENT_3D ( 'NONE', #3643, #4789, #986 ) ;
#4703 = ORIENTED_EDGE ( 'NONE', *, *, #1127, .T. ) ;
#4704 = VECTOR ( 'NONE', #2099, 1000.000000000000000 ) ;
#4705 = FACE_OUTER_BOUND ( 'NONE', #4424, .T. ) ;
#4706 = LINE ( 'NONE', #2157, #3064 ) ;
#4707 = DIRECTION ( 'NONE',  ( 0.000000000000000000, 0.000000000000000000, 1.000000000000000000 ) ) ;
#4708 = EDGE_CURVE ( 'NONE', #908, #5429, #2113, .T. ) ;
#4709 = ORIENTED_EDGE ( 'NONE', *, *, #903, .F. ) ;
#4710 = ORIENTED_EDGE ( 'NONE', *, *, #1898, .F. ) ;
#4711 = EDGE_CURVE ( 'NONE', #3230, #4808, #1934, .T. ) ;
#4712 = CARTESIAN_POINT ( 'NONE',  ( 16.00000000000001066, 0.000000000000000000, -26.49999999999999289 ) ) ;
#4713 = DIRECTION ( 'NONE',  ( -0.000000000000000000, -1.000000000000000000, -0.000000000000000000 ) ) ;
#4714 = LINE ( 'NONE', #445, #5139 ) ;
#4715 = CARTESIAN_POINT ( 'NONE',  ( 16.00000000000001066, 0.000000000000000000, -26.49999999999999289 ) ) ;
#4716 = VECTOR ( 'NONE', #2138, 1000.000000000000114 ) ;
#4717 = CARTESIAN_POINT ( 'NONE',  ( 3.499999999999999556, 3.500000000000006661, -30.00000000000000355 ) ) ;
#4718 = DIRECTION ( 'NONE',  ( 0.000000000000000000, 0.000000000000000000, 1.000000000000000000 ) ) ;
#4719 = VECTOR ( 'NONE', #718, 1000.000000000000000 ) ;
#4720 = EDGE_LOOP ( 'NONE', ( #324, #3971, #5265, #1187 ) ) ;
#4721 = DIRECTION ( 'NONE',  ( 0.000000000000000000, 0.000000000000000000, 1.000000000000000000 ) ) ;
#4722 = EDGE_CURVE ( 'NONE', #3734, #3427, #5395, .T. ) ;
#4723 = VERTEX_POINT ( 'NONE', #4145 ) ;
#4724 = CARTESIAN_POINT ( 'NONE',  ( 3.499999999999999556, 3.500000000000006661, -5.699999999999998401 ) ) ;
#4725 = PLANE ( 'NONE',  #1636 ) ;
#4726 = EDGE_CURVE ( 'NONE', #4197, #4261, #2055, .T. ) ;
#4727 = ORIENTED_EDGE ( 'NONE', *, *, #1018, .F. ) ;
#4728 = ORIENTED_EDGE ( 'NONE', *, *, #3832, .F. ) ;
#4729 = CARTESIAN_POINT ( 'NONE',  ( 12.94999999999999751, 0.000000000000000000, -22.99999999999999645 ) ) ;
#4730 = CARTESIAN_POINT ( 'NONE',  ( 7.000000000000003553, 1.000000000000000000, 25.00000000000000000 ) ) ;
#4731 = CARTESIAN_POINT ( 'NONE',  ( 22.23018100228647853, 2.500000000000000000, 9.107079528758690756 ) ) ;
#4732 = CIRCLE ( 'NONE', #1095, 3.249999999999999556 ) ;
#4733 = ORIENTED_EDGE ( 'NONE', *, *, #5275, .T. ) ;
#4734 = AXIS2_PLACEMENT_3D ( 'NONE', #3074, #2687, #2300 ) ;
#4735 = ORIENTED_EDGE ( 'NONE', *, *, #2620, .T. ) ;
#4736 = VECTOR ( 'NONE', #712, 1000.000000000000000 ) ;
#4737 = EDGE_CURVE ( 'NONE', #3557, #2613, #42, .T. ) ;
#4738 = FACE_OUTER_BOUND ( 'NONE', #4368, .T. ) ;
#4739 = EDGE_LOOP ( 'NONE', ( #4253, #984, #4073, #3163 ) ) ;
#4740 = CIRCLE ( 'NONE', #2612, 0.7500000000000006661 ) ;
#4741 = ADVANCED_FACE ( 'NONE', ( #4705 ), #2651, .T. ) ;
#4742 = CARTESIAN_POINT ( 'NONE',  ( 13.79289321881345920, 3.499999999999999112, -29.99999999999999645 ) ) ;
#4743 = VECTOR ( 'NONE', #1786, 1000.000000000000000 ) ;
#4744 = DIRECTION ( 'NONE',  ( -0.000000000000000000, -1.000000000000000000, -0.000000000000000000 ) ) ;
#4745 = DIRECTION ( 'NONE',  ( 0.000000000000000000, 0.000000000000000000, 1.000000000000000000 ) ) ;
#4746 = CARTESIAN_POINT ( 'NONE',  ( 16.00000000000001066, 4.000000000000000000, -23.24999999999999289 ) ) ;
#4747 = ADVANCED_FACE ( 'NONE', ( #3395 ), #1298, .F. ) ;
#4748 = VERTEX_POINT ( 'NONE', #4729 ) ;
#4749 = DIRECTION ( 'NONE',  ( 0.000000000000000000, 0.000000000000000000, -1.000000000000000000 ) ) ;
#4750 = VERTEX_POINT ( 'NONE', #1691 ) ;
#4751 = CARTESIAN_POINT ( 'NONE',  ( 18.00000000000001066, 2.299999999999999822, -29.29508497187473282 ) ) ;
#4752 = FACE_OUTER_BOUND ( 'NONE', #3169, .T. ) ;
#4753 = VECTOR ( 'NONE', #522, 1000.000000000000000 ) ;
#4754 = DIRECTION ( 'NONE',  ( 0.000000000000000000, -1.000000000000000000, 0.000000000000000000 ) ) ;
#4755 = EDGE_CURVE ( 'NONE', #3029, #207, #4679, .T. ) ;
#4756 = ORIENTED_EDGE ( 'NONE', *, *, #536, .F. ) ;
#4757 = ORIENTED_EDGE ( 'NONE', *, *, #4831, .T. ) ;
#4758 = DIRECTION ( 'NONE',  ( 0.000000000000000000, 0.000000000000000000, 1.000000000000000000 ) ) ;
#4759 = FACE_OUTER_BOUND ( 'NONE', #3564, .T. ) ;
#4760 = CARTESIAN_POINT ( 'NONE',  ( 13.00000000000000000, 2.500000000000000000, 20.75060438757617831 ) ) ;
#4761 = AXIS2_PLACEMENT_3D ( 'NONE', #444, #2940, #2553 ) ;
#4762 = ORIENTED_EDGE ( 'NONE', *, *, #3738, .F. ) ;
#4763 = ORIENTED_EDGE ( 'NONE', *, *, #3496, .F. ) ;
#4764 = CARTESIAN_POINT ( 'NONE',  ( 4.500000000000000000, 4.000000000000000000, 29.00000000000000000 ) ) ;
#4765 = DIRECTION ( 'NONE',  ( -0.000000000000000000, 1.000000000000000000, -0.000000000000000000 ) ) ;
#4766 = VECTOR ( 'NONE', #3639, 1000.000000000000000 ) ;
#4767 = EDGE_CURVE ( 'NONE', #758, #3247, #5165, .T. ) ;
#4768 = DIRECTION ( 'NONE',  ( 0.000000000000000000, -0.000000000000000000, 1.000000000000000000 ) ) ;
#4769 = VECTOR ( 'NONE', #2119, 1000.000000000000000 ) ;
#4770 = LINE ( 'NONE', #635, #2931 ) ;
#4771 = CARTESIAN_POINT ( 'NONE',  ( 23.00000000000001066, 0.000000000000000000, -14.99999999999999645 ) ) ;
#4772 =( BOUNDED_CURVE ( )  B_SPLINE_CURVE ( 3, ( #821, #4249, #5055, #5132 ),
 .UNSPECIFIED., .F., .F. ) 
 B_SPLINE_CURVE_WITH_KNOTS ( ( 4, 4 ),
 ( 1.570796326794924314, 3.141592653589793116 ),
 .UNSPECIFIED. ) 
 CURVE ( )  GEOMETRIC_REPRESENTATION_ITEM ( )  RATIONAL_B_SPLINE_CURVE ( ( 1.000000000000000000, 0.8047378541243714878, 0.8047378541243714878, 1.000000000000000000 ) ) 
 REPRESENTATION_ITEM ( '' )  );
#4773 = ADVANCED_FACE ( 'NONE', ( #2623 ), #881, .T. ) ;
#4774 = ORIENTED_EDGE ( 'NONE', *, *, #4051, .F. ) ;
#4775 = LINE ( 'NONE', #1821, #2378 ) ;
#4776 = EDGE_LOOP ( 'NONE', ( #4127, #3331, #3319, #13 ) ) ;
#4777 = EDGE_CURVE ( 'NONE', #4299, #745, #932, .T. ) ;
#4778 = DIRECTION ( 'NONE',  ( -5.071510359137166603E-16, 0.000000000000000000, -1.000000000000000000 ) ) ;
#4779 = DIRECTION ( 'NONE',  ( 0.000000000000000000, 1.000000000000000000, 0.000000000000000000 ) ) ;
#4780 = ORIENTED_EDGE ( 'NONE', *, *, #5106, .T. ) ;
#4781 = EDGE_LOOP ( 'NONE', ( #1621, #5035, #4226, #2719 ) ) ;
#4782 = DIRECTION ( 'NONE',  ( 0.000000000000000000, -1.000000000000000000, 0.000000000000000000 ) ) ;
#4783 = LINE ( 'NONE', #5329, #2709 ) ;
#4784 = FACE_OUTER_BOUND ( 'NONE', #254, .T. ) ;
#4785 = CLOSED_SHELL ( 'NONE', ( #1610, #2285, #3198, #2769, #2660, #1591, #2882, #2279, #1201, #2465, #1880, #2254, #845, #2604, #3938, #44, #4184, #4174, #4960, #5187, #1768, #4611, #2669, #3967, #4586, #1947, #76, #2475, #5334, #1855, #5063, #4361, #708, #1260, #4895, #3483, #479, #1069, #4559, #4076, #4643, #2576, #4006, #5344, #1037, #3045, #5196, #1046, #2294, #244, #3611, #3675, #1054, #2078, #2759, #970, #849, #3156, #1443, #5058, #2941, #2447, #2502, #281, #3141, #298, #3511, #1803, #3739, #1564, #4939, #3262, #3933, #1000, #1085, #1328, #438, #2133, #4230, #4212, #209, #2587, #5387, #3498, #1107, #1779, #341, #4336, #1646, #4087, #197, #2999, #3101, #3229, #5007, #3381, #895, #2229, #3271, #820, #647, #2581, #1816, #2508, #2808, #2034, #855, #1144, #1544, #2165, #470, #2, #4000, #3800, #4741, #3078, #4773, #554, #978, #883, #128, #1536, #487, #3444, #1278, #460, #1498, #401, #5338, #4164, #2268, #385, #2234, #4194, #296, #1891, #1844, #4437, #1744, #1181, #4817, #3110, #2526, #4242, #827, #3654, #5352, #3037, #3578, #3414, #1520, #3812, #4508, #4983, #1132, #3975, #4747, #2372, #4793, #5304, #2839, #2347, #1467, #3334, #2752, #226, #4125, #3174, #4425 ) ) ;
#4786 = ORIENTED_EDGE ( 'NONE', *, *, #3961, .F. ) ;
#4787 = ORIENTED_EDGE ( 'NONE', *, *, #5235, .F. ) ;
#4788 = EDGE_CURVE ( 'NONE', #2833, #5092, #853, .T. ) ;
#4789 = DIRECTION ( 'NONE',  ( 0.000000000000000000, 0.7071067811865426878, -0.7071067811865524577 ) ) ;
#4790 = CARTESIAN_POINT ( 'NONE',  ( 4.500000000000000000, 4.000000000000000000, -26.96887112585072188 ) ) ;
#4791 = CIRCLE ( 'NONE', #1065, 1.000000000000000888 ) ;
#4792 = VERTEX_POINT ( 'NONE', #2131 ) ;
#4793 = ADVANCED_FACE ( 'NONE', ( #5061 ), #3821, .F. ) ;
#4794 = FACE_BOUND ( 'NONE', #2745, .T. ) ;
#4795 = CARTESIAN_POINT ( 'NONE',  ( 15.84901771537212589, 0.000000000000000000, 4.951693672147772673 ) ) ;
#4796 = LINE ( 'NONE', #1076, #46 ) ;
#4797 = VERTEX_POINT ( 'NONE', #1380 ) ;
#4798 = CARTESIAN_POINT ( 'NONE',  ( 20.78005928049211093, 2.500000000000000000, 0.4577428161937956430 ) ) ;
#4799 = VERTEX_POINT ( 'NONE', #1349 ) ;
#4800 = EDGE_CURVE ( 'NONE', #1942, #4387, #336, .T. ) ;
#4801 =( BOUNDED_CURVE ( )  B_SPLINE_CURVE ( 3, ( #1294, #4699, #5108, #1321 ),
 .UNSPECIFIED., .F., .F. ) 
 B_SPLINE_CURVE_WITH_KNOTS ( ( 4, 4 ),
 ( 0.000000000000000000, 1.570796326794882791 ),
 .UNSPECIFIED. ) 
 CURVE ( )  GEOMETRIC_REPRESENTATION_ITEM ( )  RATIONAL_B_SPLINE_CURVE ( ( 1.000000000000000000, 0.8047378541243681571, 0.8047378541243681571, 1.000000000000000000 ) ) 
 REPRESENTATION_ITEM ( '' )  );
#4802 = DIRECTION ( 'NONE',  ( -0.000000000000000000, 1.000000000000000000, -0.000000000000000000 ) ) ;
#4803 = CARTESIAN_POINT ( 'NONE',  ( 4.168141571295796766, 4.000000000000000000, -23.82905191785766874 ) ) ;
#4804 = EDGE_LOOP ( 'NONE', ( #3066, #1355 ) ) ;
#4805 = VECTOR ( 'NONE', #2086, 1000.000000000000000 ) ;
#4806 = EDGE_CURVE ( 'NONE', #1494, #2392, #2903, .T. ) ;
#4807 = VERTEX_POINT ( 'NONE', #1272 ) ;
#4808 = VERTEX_POINT ( 'NONE', #435 ) ;
#4809 = DIRECTION ( 'NONE',  ( 0.000000000000000000, 1.000000000000000000, 0.000000000000000000 ) ) ;
#4810 = CARTESIAN_POINT ( 'NONE',  ( 13.00000000000000000, 0.000000000000000000, 20.75060438757617831 ) ) ;
#4811 = PLANE ( 'NONE',  #3760 ) ;
#4812 = ORIENTED_EDGE ( 'NONE', *, *, #4869, .F. ) ;
#4813 = ORIENTED_EDGE ( 'NONE', *, *, #1352, .T. ) ;
#4814 = DIRECTION ( 'NONE',  ( 1.508455196501570246E-15, 0.000000000000000000, 1.000000000000000000 ) ) ;
#4815 = CYLINDRICAL_SURFACE ( 'NONE', #1802, 0.7500000000000006661 ) ;
#4816 = CIRCLE ( 'NONE', #3764, 3.249999999999999556 ) ;
#4817 = ADVANCED_FACE ( 'NONE', ( #956 ), #1716, .F. ) ;
#4818 = ORIENTED_EDGE ( 'NONE', *, *, #4366, .F. ) ;
#4819 = VECTOR ( 'NONE', #1795, 1000.000000000000000 ) ;
#4820 = CARTESIAN_POINT ( 'NONE',  ( 8.749999999999998224, -0.8612698372208114073, -18.09999999999999787 ) ) ;
#4821 = DIRECTION ( 'NONE',  ( 0.000000000000000000, -1.000000000000000000, 0.000000000000000000 ) ) ;
#4822 = EDGE_CURVE ( 'NONE', #2412, #353, #2911, .T. ) ;
#4823 = ORIENTED_EDGE ( 'NONE', *, *, #5389, .F. ) ;
#4824 = AXIS2_PLACEMENT_3D ( 'NONE', #1647, #2887, #5343 ) ;
#4825 = DIRECTION ( 'NONE',  ( 0.000000000000000000, 0.000000000000000000, 1.000000000000000000 ) ) ;
#4826 = ORIENTED_EDGE ( 'NONE', *, *, #3745, .F. ) ;
#4827 = DIRECTION ( 'NONE',  ( 0.000000000000000000, 1.000000000000000000, 0.000000000000000000 ) ) ;
#4828 = ORIENTED_EDGE ( 'NONE', *, *, #4383, .T. ) ;
#4829 = DIRECTION ( 'NONE',  ( 0.000000000000000000, -1.000000000000000000, 0.000000000000000000 ) ) ;
#4830 = DIRECTION ( 'NONE',  ( 0.000000000000000000, 0.000000000000000000, -1.000000000000000000 ) ) ;
#4831 = EDGE_CURVE ( 'NONE', #2493, #258, #2957, .T. ) ;
#4832 = ORIENTED_EDGE ( 'NONE', *, *, #2066, .T. ) ;
#4833 = ORIENTED_EDGE ( 'NONE', *, *, #2563, .F. ) ;
#4834 = CARTESIAN_POINT ( 'NONE',  ( 14.41531754730530501, 4.000000000000000000, -24.96806239917241399 ) ) ;
#4835 = CYLINDRICAL_SURFACE ( 'NONE', #3050, 2.199999999999999734 ) ;
#4836 = DIRECTION ( 'NONE',  ( 0.000000000000000000, 0.000000000000000000, 1.000000000000000000 ) ) ;
#4837 = ORIENTED_EDGE ( 'NONE', *, *, #2210, .T. ) ;
#4838 = ORIENTED_EDGE ( 'NONE', *, *, #170, .T. ) ;
#4839 = AXIS2_PLACEMENT_3D ( 'NONE', #4166, #3249, #1630 ) ;
#4840 = CARTESIAN_POINT ( 'NONE',  ( 3.666762827808755176, 3.666762827808762282, -23.25249766659142736 ) ) ;
#4841 = EDGE_CURVE ( 'NONE', #1087, #2542, #4499, .T. ) ;
#4842 = VECTOR ( 'NONE', #3380, 1000.000000000000000 ) ;
#4843 = VERTEX_POINT ( 'NONE', #2676 ) ;
#4844 = VECTOR ( 'NONE', #772, 1000.000000000000000 ) ;
#4845 = VECTOR ( 'NONE', #2469, 1000.000000000000000 ) ;
#4846 = DIRECTION ( 'NONE',  ( 0.000000000000000000, 1.000000000000000000, -0.000000000000000000 ) ) ;
#4847 = DIRECTION ( 'NONE',  ( 0.000000000000000000, 0.000000000000000000, 1.000000000000000000 ) ) ;
#4848 = CIRCLE ( 'NONE', #72, 3.499999999999999556 ) ;
#4849 = LINE ( 'NONE', #1842, #3852 ) ;
#4850 = VECTOR ( 'NONE', #3505, 1000.000000000000000 ) ;
#4851 = CARTESIAN_POINT ( 'NONE',  ( 10.74999999999999822, 0.000000000000000000, -10.07078063138876622 ) ) ;
#4852 = ORIENTED_EDGE ( 'NONE', *, *, #3358, .F. ) ;
#4853 = VERTEX_POINT ( 'NONE', #1091 ) ;
#4854 = AXIS2_PLACEMENT_3D ( 'NONE', #508, #3524, #5156 ) ;
#4855 = DIRECTION ( 'NONE',  ( 0.000000000000000000, -1.000000000000000000, 0.000000000000000000 ) ) ;
#4856 = DIRECTION ( 'NONE',  ( 0.000000000000000000, 0.000000000000000000, -1.000000000000000000 ) ) ;
#4857 = ORIENTED_EDGE ( 'NONE', *, *, #1035, .F. ) ;
#4858 = DIRECTION ( 'NONE',  ( 0.000000000000000000, 1.000000000000000000, 0.000000000000000000 ) ) ;
#4859 = ORIENTED_EDGE ( 'NONE', *, *, #3831, .T. ) ;
#4860 = DIRECTION ( 'NONE',  ( 0.000000000000000000, 0.000000000000000000, 1.000000000000000000 ) ) ;
#4861 = FACE_OUTER_BOUND ( 'NONE', #995, .T. ) ;
#4862 = CARTESIAN_POINT ( 'NONE',  ( 4.199999999999998401, 2.250000000000000444, 4.700000000000002842 ) ) ;
#4863 = ORIENTED_EDGE ( 'NONE', *, *, #3090, .T. ) ;
#4864 = ORIENTED_EDGE ( 'NONE', *, *, #911, .T. ) ;
#4865 = CARTESIAN_POINT ( 'NONE',  ( 7.499999999999996447, 1.000000000000000000, -24.99999999999998934 ) ) ;
#4866 = EDGE_CURVE ( 'NONE', #3333, #1822, #3559, .T. ) ;
#4867 = VECTOR ( 'NONE', #4433, 1000.000000000000000 ) ;
#4868 = ORIENTED_EDGE ( 'NONE', *, *, #1906, .F. ) ;
#4869 = EDGE_CURVE ( 'NONE', #5010, #1094, #2701, .T. ) ;
#4870 = DIRECTION ( 'NONE',  ( 0.000000000000000000, 0.000000000000000000, 1.000000000000000000 ) ) ;
#4871 = VECTOR ( 'NONE', #3699, 1000.000000000000000 ) ;
#4872 = DIRECTION ( 'NONE',  ( -0.000000000000000000, -1.000000000000000000, -0.000000000000000000 ) ) ;
#4873 = LINE ( 'NONE', #5404, #1517 ) ;
#4874 = DIRECTION ( 'NONE',  ( -0.000000000000000000, -1.000000000000000000, -0.000000000000000000 ) ) ;
#4875 = EDGE_LOOP ( 'NONE', ( #2562, #4852, #1125, #2628, #5298 ) ) ;
#4876 = SURFACE_SIDE_STYLE ('',( #4074 ) ) ;
#4877 = VERTEX_POINT ( 'NONE', #5221 ) ;
#4878 = FACE_OUTER_BOUND ( 'NONE', #3129, .T. ) ;
#4879 = DIRECTION ( 'NONE',  ( 0.000000000000000000, 0.000000000000000000, 1.000000000000000000 ) ) ;
#4880 = AXIS2_PLACEMENT_3D ( 'NONE', #1128, #3622, #4426 ) ;
#4881 = EDGE_CURVE ( 'NONE', #2388, #2043, #789, .T. ) ;
#4882 = ORIENTED_EDGE ( 'NONE', *, *, #5295, .F. ) ;
#4883 = CARTESIAN_POINT ( 'NONE',  ( 14.62797097206541075, 2.500000000000000000, 22.74266898630093792 ) ) ;
#4884 = ORIENTED_EDGE ( 'NONE', *, *, #3554, .F. ) ;
#4885 = DIRECTION ( 'NONE',  ( 0.000000000000000000, 1.000000000000000000, 0.000000000000000000 ) ) ;
#4886 = DIRECTION ( 'NONE',  ( 0.000000000000000000, 1.000000000000000000, 0.000000000000000000 ) ) ;
#4887 = AXIS2_PLACEMENT_3D ( 'NONE', #3485, #23, #2578 ) ;
#4888 = DIRECTION ( 'NONE',  ( 0.000000000000000000, 0.000000000000000000, -1.000000000000000000 ) ) ;
#4889 = VECTOR ( 'NONE', #3635, 1000.000000000000000 ) ;
#4890 = EDGE_CURVE ( 'NONE', #2443, #3737, #2995, .T. ) ;
#4891 = ORIENTED_EDGE ( 'NONE', *, *, #3755, .T. ) ;
#4892 = EDGE_LOOP ( 'NONE', ( #366, #4452, #3531, #3976 ) ) ;
#4893 = DIRECTION ( 'NONE',  ( 0.000000000000000000, -1.000000000000000000, 0.000000000000000000 ) ) ;
#4894 = ORIENTED_EDGE ( 'NONE', *, *, #2697, .F. ) ;
#4895 = ADVANCED_FACE ( 'NONE', ( #594 ), #3978, .F. ) ;
#4896 = DIRECTION ( 'NONE',  ( 0.000000000000000000, -0.000000000000000000, 1.000000000000000000 ) ) ;
#4897 = FACE_OUTER_BOUND ( 'NONE', #1131, .T. ) ;
#4898 = AXIS2_PLACEMENT_3D ( 'NONE', #3875, #959, #74 ) ;
#4899 = DIRECTION ( 'NONE',  ( 0.000000000000000000, 1.000000000000000000, 0.000000000000000000 ) ) ;
#4900 = DIRECTION ( 'NONE',  ( 0.000000000000000000, 1.000000000000000000, 0.000000000000000000 ) ) ;
#4901 = CARTESIAN_POINT ( 'NONE',  ( 7.499999999999996447, 1.000000000000000000, -24.99999999999998934 ) ) ;
#4902 = VECTOR ( 'NONE', #1425, 1000.000000000000000 ) ;
#4903 = ORIENTED_EDGE ( 'NONE', *, *, #3024, .T. ) ;
#4904 = ORIENTED_EDGE ( 'NONE', *, *, #2935, .T. ) ;
#4905 = CARTESIAN_POINT ( 'NONE',  ( 19.00000000000001066, 4.000000000000000000, 29.50000000000002132 ) ) ;
#4906 = EDGE_CURVE ( 'NONE', #1883, #4587, #4475, .T. ) ;
#4907 = CIRCLE ( 'NONE', #1916, 11.80000000000000604 ) ;
#4908 = CARTESIAN_POINT ( 'NONE',  ( 13.50000000000001066, 2.299999999999999822, -29.29508497187472926 ) ) ;
#4909 = EDGE_LOOP ( 'NONE', ( #3624, #680, #3297, #440 ) ) ;
#4910 = CARTESIAN_POINT ( 'NONE',  ( 13.66531754730533343, 2.600000000000000089, -23.66902429349574177 ) ) ;
#4911 = AXIS2_PLACEMENT_3D ( 'NONE', #4517, #4180, #2830 ) ;
#4912 = ORIENTED_EDGE ( 'NONE', *, *, #3565, .F. ) ;
#4913 = DIRECTION ( 'NONE',  ( 0.000000000000000000, 0.000000000000000000, 1.000000000000000000 ) ) ;
#4914 = DIRECTION ( 'NONE',  ( 0.000000000000000000, 0.000000000000000000, 1.000000000000000000 ) ) ;
#4915 = CARTESIAN_POINT ( 'NONE',  ( 11.50000000000000000, 0.000000000000000000, -6.000000000000000888 ) ) ;
#4916 = DIRECTION ( 'NONE',  ( 0.000000000000000000, 0.000000000000000000, 1.000000000000000000 ) ) ;
#4917 = VERTEX_POINT ( 'NONE', #1457 ) ;
#4918 = ORIENTED_EDGE ( 'NONE', *, *, #257, .F. ) ;
#4919 = VERTEX_POINT ( 'NONE', #3088 ) ;
#4920 = DIRECTION ( 'NONE',  ( -0.000000000000000000, 1.000000000000000000, -0.000000000000000000 ) ) ;
#4921 = CARTESIAN_POINT ( 'NONE',  ( 6.473141571295768060, 2.600000000000000089, -27.82142902930395678 ) ) ;
#4922 = AXIS2_PLACEMENT_3D ( 'NONE', #464, #5191, #1406 ) ;
#4923 = ORIENTED_EDGE ( 'NONE', *, *, #4377, .F. ) ;
#4924 = CARTESIAN_POINT ( 'NONE',  ( 13.14473684210526372, 2.500000000000000000, 22.94583814427212687 ) ) ;
#4925 = CYLINDRICAL_SURFACE ( 'NONE', #3181, 2.200000000000000622 ) ;
#4926 = CARTESIAN_POINT ( 'NONE',  ( 4.500000000000000000, 4.000000000000000000, 29.00000000000000000 ) ) ;
#4927 = EDGE_CURVE ( 'NONE', #1722, #887, #2782, .T. ) ;
#4928 = AXIS2_PLACEMENT_3D ( 'NONE', #5162, #1376, #1899 ) ;
#4929 = DIRECTION ( 'NONE',  ( 0.000000000000000000, 1.000000000000000000, 0.000000000000000000 ) ) ;
#4930 = CYLINDRICAL_SURFACE ( 'NONE', #3874, 0.7500000000000006661 ) ;
#4931 = CIRCLE ( 'NONE', #2723, 3.999999999999999112 ) ;
#4932 = ORIENTED_EDGE ( 'NONE', *, *, #26, .F. ) ;
#4933 = ORIENTED_EDGE ( 'NONE', *, *, #4638, .F. ) ;
#4934 = DIRECTION ( 'NONE',  ( 0.000000000000000000, 0.000000000000000000, -1.000000000000000000 ) ) ;
#4935 = EDGE_CURVE ( 'NONE', #2173, #1228, #5117, .T. ) ;
#4936 = PLANE ( 'NONE',  #1553 ) ;
#4937 = CIRCLE ( 'NONE', #4232, 2.649999999999999467 ) ;
#4938 = ORIENTED_EDGE ( 'NONE', *, *, #3549, .T. ) ;
#4939 = ADVANCED_FACE ( 'NONE', ( #3925 ), #2337, .F. ) ;
#4940 = FACE_OUTER_BOUND ( 'NONE', #3638, .T. ) ;
#4941 = VECTOR ( 'NONE', #5102, 1000.000000000000000 ) ;
#4942 = ORIENTED_EDGE ( 'NONE', *, *, #566, .F. ) ;
#4943 = AXIS2_PLACEMENT_3D ( 'NONE', #3439, #2093, #5463 ) ;
#4944 = FACE_OUTER_BOUND ( 'NONE', #4781, .T. ) ;
#4945 = CARTESIAN_POINT ( 'NONE',  ( 7.000000000000003553, 4.000000000000000000, 22.35000000000000142 ) ) ;
#4946 = CARTESIAN_POINT ( 'NONE',  ( 16.00000000000001066, 0.000000000000000000, -26.49999999999999289 ) ) ;
#4947 = DIRECTION ( 'NONE',  ( -0.8660254037844423713, 0.000000000000000000, -0.4999999999999933942 ) ) ;
#4948 = ORIENTED_EDGE ( 'NONE', *, *, #1736, .F. ) ;
#4949 = EDGE_CURVE ( 'NONE', #2575, #1748, #1829, .T. ) ;
#4950 = ORIENTED_EDGE ( 'NONE', *, *, #101, .F. ) ;
#4951 = CARTESIAN_POINT ( 'NONE',  ( 25.00000000000001066, 0.000000000000000000, 5.000000000000007994 ) ) ;
#4952 = DIRECTION ( 'NONE',  ( -0.000000000000000000, -1.000000000000000000, 0.000000000000000000 ) ) ;
#4953 = VERTEX_POINT ( 'NONE', #5272 ) ;
#4954 = EDGE_CURVE ( 'NONE', #2736, #1693, #2908, .T. ) ;
#4955 = DIRECTION ( 'NONE',  ( -1.000000000000000000, 0.000000000000000000, 5.071510359137166603E-16 ) ) ;
#4956 = CARTESIAN_POINT ( 'NONE',  ( 28.00000000000000711, 3.500000000000006661, 3.749999999999997335 ) ) ;
#4957 = VECTOR ( 'NONE', #3023, 1000.000000000000000 ) ;
#4958 = CARTESIAN_POINT ( 'NONE',  ( 2.499999999999999556, 0.000000000000000000, -30.99999999999999645 ) ) ;
#4959 = DIRECTION ( 'NONE',  ( 1.000000000000000000, 0.000000000000000000, 0.000000000000000000 ) ) ;
#4960 = ADVANCED_FACE ( 'NONE', ( #1031 ), #1061, .F. ) ;
#4961 = DIRECTION ( 'NONE',  ( 0.000000000000000000, 1.000000000000000000, 0.000000000000000000 ) ) ;
#4962 = VECTOR ( 'NONE', #3930, 1000.000000000000000 ) ;
#4963 = CIRCLE ( 'NONE', #2744, 2.200000000000000622 ) ;
#4964 = ORIENTED_EDGE ( 'NONE', *, *, #4259, .T. ) ;
#4965 = CARTESIAN_POINT ( 'NONE',  ( 23.00000000000001066, 2.299999999999999822, -13.44999999999999929 ) ) ;
#4966 = ORIENTED_EDGE ( 'NONE', *, *, #5148, .T. ) ;
#4967 = FACE_OUTER_BOUND ( 'NONE', #549, .T. ) ;
#4968 = CARTESIAN_POINT ( 'NONE',  ( 23.00000000000001066, 0.000000000000000000, -16.54999999999999005 ) ) ;
#4969 = ORIENTED_EDGE ( 'NONE', *, *, #5123, .F. ) ;
#4970 = DIRECTION ( 'NONE',  ( -0.000000000000000000, -1.000000000000000000, -0.000000000000000000 ) ) ;
#4971 = EDGE_CURVE ( 'NONE', #3640, #4410, #234, .T. ) ;
#4972 = ORIENTED_EDGE ( 'NONE', *, *, #2360, .F. ) ;
#4973 = LINE ( 'NONE', #4055, #628 ) ;
#4974 = FACE_OUTER_BOUND ( 'NONE', #525, .T. ) ;
#4975 = LINE ( 'NONE', #4915, #929 ) ;
#4976 = CYLINDRICAL_SURFACE ( 'NONE', #2338, 2.200000000000000622 ) ;
#4977 = EDGE_CURVE ( 'NONE', #2473, #2471, #4937, .T. ) ;
#4978 = ORIENTED_EDGE ( 'NONE', *, *, #2978, .F. ) ;
#4979 = ORIENTED_EDGE ( 'NONE', *, *, #2046, .T. ) ;
#4980 = AXIS2_PLACEMENT_3D ( 'NONE', #499, #4765, #1413 ) ;
#4981 = CARTESIAN_POINT ( 'NONE',  ( 10.45685842870420323, 2.600000000000000089, -25.52142902930398449 ) ) ;
#4982 = LINE ( 'NONE', #2082, #1705 ) ;
#4983 = ADVANCED_FACE ( 'NONE', ( #622 ), #1430, .F. ) ;
#4984 = ORIENTED_EDGE ( 'NONE', *, *, #5373, .F. ) ;
#4985 = CARTESIAN_POINT ( 'NONE',  ( 19.00000000000000355, 3.500000000000006661, -27.99999999999999645 ) ) ;
#4986 = FACE_OUTER_BOUND ( 'NONE', #2364, .T. ) ;
#4987 = CARTESIAN_POINT ( 'NONE',  ( 8.750000000000000000, 1.250000000000000222, -19.19999999999999929 ) ) ;
#4988 = EDGE_CURVE ( 'NONE', #4088, #4467, #163, .T. ) ;
#4989 = CARTESIAN_POINT ( 'NONE',  ( 16.00000000000001066, 2.500000000000000000, 26.50000000000000355 ) ) ;
#4990 = ORIENTED_EDGE ( 'NONE', *, *, #3769, .T. ) ;
#4991 = LINE ( 'NONE', #756, #2637 ) ;
#4992 = VERTEX_POINT ( 'NONE', #5301 ) ;
#4993 = EDGE_LOOP ( 'NONE', ( #550, #2414, #157, #3420 ) ) ;
#4994 = DIRECTION ( 'NONE',  ( 0.000000000000000000, 0.000000000000000000, -1.000000000000000000 ) ) ;
#4995 = CARTESIAN_POINT ( 'NONE',  ( 16.19354838709677225, 0.000000000000000000, -22.50468536635069228 ) ) ;
#4996 = AXIS2_PLACEMENT_3D ( 'NONE', #1487, #596, #1963 ) ;
#4997 = VECTOR ( 'NONE', #5286, 1000.000000000000000 ) ;
#4998 = VERTEX_POINT ( 'NONE', #1510 ) ;
#4999 = CIRCLE ( 'NONE', #1814, 2.200000000000000178 ) ;
#5000 = CARTESIAN_POINT ( 'NONE',  ( 18.00000000000001066, 2.299999999999999822, 29.06173769148989550 ) ) ;
#5001 = VERTEX_POINT ( 'NONE', #4883 ) ;
#5002 = CYLINDRICAL_SURFACE ( 'NONE', #4072, 1.549999999999995826 ) ;
#5003 = LINE ( 'NONE', #1210, #2455 ) ;
#5004 = VECTOR ( 'NONE', #4001, 1000.000000000000000 ) ;
#5005 = LINE ( 'NONE', #2899, #661 ) ;
#5006 = CARTESIAN_POINT ( 'NONE',  ( 8.750000000000007105, 4.000000000000000000, 27.30000000000000426 ) ) ;
#5007 = ADVANCED_FACE ( 'NONE', ( #2013 ), #4527, .T. ) ;
#5008 = AXIS2_PLACEMENT_3D ( 'NONE', #3273, #1235, #5351 ) ;
#5009 = ORIENTED_EDGE ( 'NONE', *, *, #4669, .T. ) ;
#5010 = VERTEX_POINT ( 'NONE', #5269 ) ;
#5011 = CARTESIAN_POINT ( 'NONE',  ( 27.50000000000001776, 4.000000000000000000, -20.99999999999999645 ) ) ;
#5012 = DIRECTION ( 'NONE',  ( -0.000000000000000000, 1.000000000000000000, -0.000000000000000000 ) ) ;
#5013 = EDGE_LOOP ( 'NONE', ( #3620, #2691, #2429, #914 ) ) ;
#5014 = EDGE_CURVE ( 'NONE', #3792, #2848, #4408, .T. ) ;
#5015 = DIRECTION ( 'NONE',  ( 0.000000000000000000, 1.000000000000000000, 0.000000000000000000 ) ) ;
#5016 = CYLINDRICAL_SURFACE ( 'NONE', #1173, 2.200000000000000178 ) ;
#5017 = AXIS2_PLACEMENT_3D ( 'NONE', #4448, #4886, #1432 ) ;
#5018 = DIRECTION ( 'NONE',  ( 0.000000000000000000, 1.000000000000000000, -0.000000000000000000 ) ) ;
#5019 = CARTESIAN_POINT ( 'NONE',  ( 13.83333333333334281, 2.299999999999999822, -28.92240697562476370 ) ) ;
#5020 = DIRECTION ( 'NONE',  ( -0.8660254037844423713, 0.000000000000000000, -0.4999999999999933942 ) ) ;
#5021 = AXIS2_PLACEMENT_3D ( 'NONE', #4764, #5146, #551 ) ;
#5022 = DIRECTION ( 'NONE',  ( -0.000000000000000000, 1.000000000000000000, -0.000000000000000000 ) ) ;
#5023 = DIRECTION ( 'NONE',  ( 0.000000000000000000, 1.000000000000000000, 0.000000000000000000 ) ) ;
#5024 = VECTOR ( 'NONE', #1361, 1000.000000000000000 ) ;
#5025 = CIRCLE ( 'NONE', #1759, 0.5000000000000004441 ) ;
#5026 = VERTEX_POINT ( 'NONE', #5385 ) ;
#5027 = DIRECTION ( 'NONE',  ( 0.000000000000000000, 0.000000000000000000, 1.000000000000000000 ) ) ;
#5028 = VERTEX_POINT ( 'NONE', #3613 ) ;
#5029 = DIRECTION ( 'NONE',  ( -2.602085213965208275E-15, 0.000000000000000000, 1.000000000000000000 ) ) ;
#5030 = DIRECTION ( 'NONE',  ( 0.000000000000000000, 0.000000000000000000, -1.000000000000000000 ) ) ;
#5031 = AXIS2_PLACEMENT_3D ( 'NONE', #2393, #4473, #3190 ) ;
#5032 = CARTESIAN_POINT ( 'NONE',  ( 14.41531754730530501, 2.600000000000000089, -24.96806239917241399 ) ) ;
#5033 = FACE_OUTER_BOUND ( 'NONE', #3173, .T. ) ;
#5034 = CIRCLE ( 'NONE', #1941, 2.199999999999999734 ) ;
#5035 = ORIENTED_EDGE ( 'NONE', *, *, #1616, .T. ) ;
#5036 = ORIENTED_EDGE ( 'NONE', *, *, #4539, .F. ) ;
#5037 = DIRECTION ( 'NONE',  ( 0.000000000000000000, 0.000000000000000000, 1.000000000000000000 ) ) ;
#5038 = DIRECTION ( 'NONE',  ( 0.000000000000000000, 1.000000000000000000, 0.000000000000000000 ) ) ;
#5039 = ORIENTED_EDGE ( 'NONE', *, *, #1357, .F. ) ;
#5040 = EDGE_CURVE ( 'NONE', #1728, #3134, #1595, .T. ) ;
#5041 = FACE_OUTER_BOUND ( 'NONE', #3982, .T. ) ;
#5042 = DIRECTION ( 'NONE',  ( -0.000000000000000000, 1.000000000000000000, -0.000000000000000000 ) ) ;
#5043 = CARTESIAN_POINT ( 'NONE',  ( 19.34042906660437566, 2.500000000000000000, -4.401597812196119897 ) ) ;
#5044 = EDGE_CURVE ( 'NONE', #317, #3268, #2029, .T. ) ;
#5045 = EDGE_LOOP ( 'NONE', ( #5129, #644, #3185, #2668 ) ) ;
#5046 = DIRECTION ( 'NONE',  ( -0.000000000000000000, 1.000000000000000000, -0.000000000000000000 ) ) ;
#5047 = DIRECTION ( 'NONE',  ( 0.000000000000000000, 0.000000000000000000, 1.000000000000000000 ) ) ;
#5048 = FACE_OUTER_BOUND ( 'NONE', #4033, .T. ) ;
#5049 = FACE_OUTER_BOUND ( 'NONE', #5347, .T. ) ;
#5050 = VECTOR ( 'NONE', #217, 1000.000000000000000 ) ;
#5051 = VECTOR ( 'NONE', #3598, 1000.000000000000000 ) ;
#5052 = EDGE_LOOP ( 'NONE', ( #3216, #453, #1086, #94 ) ) ;
#5053 = CARTESIAN_POINT ( 'NONE',  ( 4.249999999999995559, 2.250000000000000444, -20.29999999999999716 ) ) ;
#5054 = EDGE_LOOP ( 'NONE', ( #2869, #3494, #5113, #1302 ) ) ;
#5055 = CARTESIAN_POINT ( 'NONE',  ( 28.00000000000001421, 3.500000000000007105, 2.497808246938712617 ) ) ;
#5056 = LINE ( 'NONE', #2127, #3607 ) ;
#5057 = CARTESIAN_POINT ( 'NONE',  ( 11.73531754730534793, 2.600000000000000089, -20.32616623488780050 ) ) ;
#5058 = ADVANCED_FACE ( 'NONE', ( #4940 ), #4027, .F. ) ;
#5059 = EDGE_LOOP ( 'NONE', ( #988, #1742 ) ) ;
#5060 = ORIENTED_EDGE ( 'NONE', *, *, #50, .F. ) ;
#5061 = FACE_OUTER_BOUND ( 'NONE', #1684, .T. ) ;
#5062 = CARTESIAN_POINT ( 'NONE',  ( 2.499999999999999556, 3.499999999999999556, -30.99999999999999645 ) ) ;
#5063 = ADVANCED_FACE ( 'NONE', ( #3161 ), #231, .F. ) ;
#5064 = AXIS2_PLACEMENT_3D ( 'NONE', #1640, #4952, #4599 ) ;
#5065 = ORIENTED_EDGE ( 'NONE', *, *, #2968, .T. ) ;
#5066 = LINE ( 'NONE', #5093, #1514 ) ;
#5067 = ORIENTED_EDGE ( 'NONE', *, *, #5380, .F. ) ;
#5068 = CARTESIAN_POINT ( 'NONE',  ( 24.00000000000000355, 3.500000000000006661, -26.00000000000000000 ) ) ;
#5069 = AXIS2_PLACEMENT_3D ( 'NONE', #916, #4688, #2271 ) ;
#5070 = CARTESIAN_POINT ( 'NONE',  ( 4.499999999999997335, 4.000000000000000000, 29.50000000000000711 ) ) ;
#5071 = EDGE_CURVE ( 'NONE', #1562, #2186, #5289, .T. ) ;
#5072 = LINE ( 'NONE', #3267, #2193 ) ;
#5073 = VERTEX_POINT ( 'NONE', #707 ) ;
#5074 = CARTESIAN_POINT ( 'NONE',  ( 6.848141571295762731, 2.600000000000000089, -28.47094808214228223 ) ) ;
#5075 = CARTESIAN_POINT ( 'NONE',  ( 8.151858428704230164, 1.250000000000000222, -21.52905191785770000 ) ) ;
#5076 = EDGE_LOOP ( 'NONE', ( #5424, #5411, #4972, #2328 ) ) ;
#5077 = DIRECTION ( 'NONE',  ( -1.000000000000000000, 0.000000000000000000, 1.636531581110193684E-16 ) ) ;
#5078 = ORIENTED_EDGE ( 'NONE', *, *, #4866, .F. ) ;
#5079 = EDGE_CURVE ( 'NONE', #887, #3422, #519, .T. ) ;
#5080 = FACE_OUTER_BOUND ( 'NONE', #3191, .T. ) ;
#5081 = CYLINDRICAL_SURFACE ( 'NONE', #952, 2.649999999999999467 ) ;
#5082 = AXIS2_PLACEMENT_3D ( 'NONE', #4170, #4193, #2873 ) ;
#5083 = FACE_OUTER_BOUND ( 'NONE', #4102, .T. ) ;
#5084 = ORIENTED_EDGE ( 'NONE', *, *, #3317, .F. ) ;
#5085 = CIRCLE ( 'NONE', #5446, 4.000000000000000000 ) ;
#5086 = ORIENTED_EDGE ( 'NONE', *, *, #2708, .T. ) ;
#5087 = CARTESIAN_POINT ( 'NONE',  ( 14.00000000000001066, -1.808568626610816077, -29.49999999999999645 ) ) ;
#5088 = LINE ( 'NONE', #2182, #4122 ) ;
#5089 = CARTESIAN_POINT ( 'NONE',  ( 23.00000000000001066, 2.299999999999999822, -11.74999999999999645 ) ) ;
#5090 = CIRCLE ( 'NONE', #2699, 4.000000000000000000 ) ;
#5091 = VERTEX_POINT ( 'NONE', #4081 ) ;
#5092 = VERTEX_POINT ( 'NONE', #1088 ) ;
#5093 = CARTESIAN_POINT ( 'NONE',  ( 26.00000000000000355, 3.500000000000006661, -23.00000000000000000 ) ) ;
#5094 = CARTESIAN_POINT ( 'NONE',  ( 27.50000000000002842, 4.000000000000000000, 7.295084971874749691 ) ) ;
#5095 = DIRECTION ( 'NONE',  ( -0.000000000000000000, 0.000000000000000000, -1.000000000000000000 ) ) ;
#5096 = DIRECTION ( 'NONE',  ( 0.000000000000000000, 0.000000000000000000, -1.000000000000000000 ) ) ;
#5097 = AXIS2_PLACEMENT_3D ( 'NONE', #235, #263, #3644 ) ;
#5098 = ORIENTED_EDGE ( 'NONE', *, *, #1978, .F. ) ;
#5099 = CARTESIAN_POINT ( 'NONE',  ( 20.69881374351695769, 2.500000000000000000, 0.5346000417609658717 ) ) ;
#5100 = DIRECTION ( 'NONE',  ( -0.8191520442889930198, 0.000000000000000000, -0.5735764363510442720 ) ) ;
#5101 = ORIENTED_EDGE ( 'NONE', *, *, #447, .F. ) ;
#5102 = DIRECTION ( 'NONE',  ( 0.000000000000000000, 1.000000000000000000, 0.000000000000000000 ) ) ;
#5103 = CIRCLE ( 'NONE', #4839, 0.5000000000000000000 ) ;
#5104 = ORIENTED_EDGE ( 'NONE', *, *, #566, .T. ) ;
#5105 = DIRECTION ( 'NONE',  ( 0.000000000000000000, 1.000000000000000000, 0.000000000000000000 ) ) ;
#5106 = EDGE_CURVE ( 'NONE', #3792, #3196, #2365, .T. ) ;
#5107 = CARTESIAN_POINT ( 'NONE',  ( 14.62797097206541075, 2.500000000000000000, 22.74266898630093792 ) ) ;
#5108 = CARTESIAN_POINT ( 'NONE',  ( 14.00000000000000888, 3.707106781186550570, 29.79289321881345742 ) ) ;
#5109 = AXIS2_PLACEMENT_3D ( 'NONE', #1197, #4208, #2440 ) ;
#5110 = CIRCLE ( 'NONE', #2720, 2.649999999999999467 ) ;
#5111 = EDGE_CURVE ( 'NONE', #1347, #5228, #3610, .T. ) ;
#5112 = ORIENTED_EDGE ( 'NONE', *, *, #129, .F. ) ;
#5113 = ORIENTED_EDGE ( 'NONE', *, *, #3283, .F. ) ;
#5114 = DIRECTION ( 'NONE',  ( -0.000000000000000000, -1.000000000000000000, -0.000000000000000000 ) ) ;
#5115 = CARTESIAN_POINT ( 'NONE',  ( 18.50000000000001066, 2.299999999999999822, 30.00000000000000355 ) ) ;
#5116 = CARTESIAN_POINT ( 'NONE',  ( 14.00000000000001066, 4.000000000000000000, 29.50000000000000711 ) ) ;
#5117 = CIRCLE ( 'NONE', #2817, 2.200000000000000622 ) ;
#5118 = ORIENTED_EDGE ( 'NONE', *, *, #1042, .F. ) ;
#5119 = ORIENTED_EDGE ( 'NONE', *, *, #5079, .T. ) ;
#5120 = CIRCLE ( 'NONE', #346, 2.199999999999999734 ) ;
#5121 = DIRECTION ( 'NONE',  ( 1.000000000000000000, 0.000000000000000000, 0.000000000000000000 ) ) ;
#5122 = DIRECTION ( 'NONE',  ( -0.000000000000000000, 1.000000000000000000, -0.000000000000000000 ) ) ;
#5123 = EDGE_CURVE ( 'NONE', #4387, #1677, #4322, .T. ) ;
#5124 = DIRECTION ( 'NONE',  ( -0.000000000000000000, -1.000000000000000000, -0.000000000000000000 ) ) ;
#5125 = CARTESIAN_POINT ( 'NONE',  ( 24.00000000000000355, 4.000000000000000000, -26.00000000000000000 ) ) ;
#5126 = CARTESIAN_POINT ( 'NONE',  ( 7.514312158959314480, 4.000000000000000000, -18.69999999999999929 ) ) ;
#5127 = CARTESIAN_POINT ( 'NONE',  ( 23.00000000000001066, 0.000000000000000000, -14.99999999999999645 ) ) ;
#5128 = EDGE_CURVE ( 'NONE', #1883, #4509, #2838, .T. ) ;
#5129 = ORIENTED_EDGE ( 'NONE', *, *, #614, .F. ) ;
#5130 = CYLINDRICAL_SURFACE ( 'NONE', #608, 2.649999999999999467 ) ;
#5131 = ORIENTED_EDGE ( 'NONE', *, *, #2409, .F. ) ;
#5132 = CARTESIAN_POINT ( 'NONE',  ( 28.00000000000000711, 3.500000000000006661, 2.204915028125265852 ) ) ;
#5133 = CARTESIAN_POINT ( 'NONE',  ( 3.499999999999999556, 2.600000000000000089, -23.48833672784351023 ) ) ;
#5134 = DIRECTION ( 'NONE',  ( 0.000000000000000000, 0.000000000000000000, 1.000000000000000000 ) ) ;
#5135 = EDGE_CURVE ( 'NONE', #5310, #2230, #737, .T. ) ;
#5136 = ORIENTED_EDGE ( 'NONE', *, *, #3894, .F. ) ;
#5137 = VECTOR ( 'NONE', #161, 1000.000000000000000 ) ;
#5138 = EDGE_LOOP ( 'NONE', ( #5246, #4143, #701, #2073 ) ) ;
#5139 = VECTOR ( 'NONE', #1781, 1000.000000000000000 ) ;
#5140 = CARTESIAN_POINT ( 'NONE',  ( 18.50000000000001066, 4.000000000000000000, -29.49999999999999645 ) ) ;
#5141 = CARTESIAN_POINT ( 'NONE',  ( 4.499999999999997335, 4.000000000000000000, 30.00000000000000355 ) ) ;
#5142 = EDGE_CURVE ( 'NONE', #3837, #953, #2641, .T. ) ;
#5143 = LINE ( 'NONE', #5089, #2083 ) ;
#5144 = EDGE_LOOP ( 'NONE', ( #5036, #2909, #2867, #4709 ) ) ;
#5145 = ORIENTED_EDGE ( 'NONE', *, *, #4570, .T. ) ;
#5146 = DIRECTION ( 'NONE',  ( 0.000000000000000000, 1.000000000000000000, 0.000000000000000000 ) ) ;
#5147 = CARTESIAN_POINT ( 'NONE',  ( 11.20685842870419258, 4.000000000000000000, -26.82046713498064250 ) ) ;
#5148 = EDGE_CURVE ( 'NONE', #1938, #621, #3245, .T. ) ;
#5149 = DIRECTION ( 'NONE',  ( -0.000000000000000000, 1.000000000000000000, -0.000000000000000000 ) ) ;
#5150 = CARTESIAN_POINT ( 'NONE',  ( 8.799999999999998934, 4.000000000000000000, 4.700000000000002842 ) ) ;
#5151 = EDGE_CURVE ( 'NONE', #3903, #2853, #2449, .T. ) ;
#5152 = CIRCLE ( 'NONE', #2242, 1.600000000000000755 ) ;
#5153 = CARTESIAN_POINT ( 'NONE',  ( 27.50000000000002842, 4.000000000000000000, 7.295084971874749691 ) ) ;
#5154 = DIRECTION ( 'NONE',  ( -0.000000000000000000, -1.000000000000000000, 0.000000000000000000 ) ) ;
#5155 = ORIENTED_EDGE ( 'NONE', *, *, #3952, .F. ) ;
#5156 = DIRECTION ( 'NONE',  ( 0.000000000000000000, -0.000000000000000000, 1.000000000000000000 ) ) ;
#5157 = ORIENTED_EDGE ( 'NONE', *, *, #5014, .T. ) ;
#5158 = LINE ( 'NONE', #4672, #183 ) ;
#5159 = VECTOR ( 'NONE', #4278, 1000.000000000000000 ) ;
#5160 = CARTESIAN_POINT ( 'NONE',  ( 7.499999999999996447, 1.000000000000000000, -24.99999999999998934 ) ) ;
#5161 = FACE_OUTER_BOUND ( 'NONE', #4875, .T. ) ;
#5162 = CARTESIAN_POINT ( 'NONE',  ( 16.00000000000001066, 0.000000000000000000, 26.50000000000000355 ) ) ;
#5163 = EDGE_LOOP ( 'NONE', ( #2896, #3086, #2442, #2904 ) ) ;
#5164 = ORIENTED_EDGE ( 'NONE', *, *, #1423, .F. ) ;
#5165 = LINE ( 'NONE', #5087, #4585 ) ;
#5166 = CIRCLE ( 'NONE', #4105, 2.200000000000000622 ) ;
#5167 = CARTESIAN_POINT ( 'NONE',  ( 18.43081293235504603, 2.500000000000000000, -9.121049864630185411 ) ) ;
#5168 = EDGE_CURVE ( 'NONE', #5321, #461, #3584, .T. ) ;
#5169 = FACE_OUTER_BOUND ( 'NONE', #2594, .T. ) ;
#5170 = VECTOR ( 'NONE', #2152, 1000.000000000000000 ) ;
#5171 = ORIENTED_EDGE ( 'NONE', *, *, #3235, .T. ) ;
#5172 = ORIENTED_EDGE ( 'NONE', *, *, #2391, .F. ) ;
#5173 = CARTESIAN_POINT ( 'NONE',  ( 18.00000000000001066, 4.000000000000000000, -29.06173769148989550 ) ) ;
#5174 = LINE ( 'NONE', #2219, #1812 ) ;
#5175 = VECTOR ( 'NONE', #84, 1000.000000000000000 ) ;
#5176 = FACE_OUTER_BOUND ( 'NONE', #2762, .T. ) ;
#5177 = EDGE_CURVE ( 'NONE', #4877, #3695, #3798, .T. ) ;
#5178 = VECTOR ( 'NONE', #2741, 1000.000000000000000 ) ;
#5179 = CARTESIAN_POINT ( 'NONE',  ( 27.50000000000000711, 4.000000000000000000, 7.795084971874749691 ) ) ;
#5180 = FACE_OUTER_BOUND ( 'NONE', #3008, .T. ) ;
#5181 = CARTESIAN_POINT ( 'NONE',  ( 18.00000000000001776, 3.707106781186557232, 29.79289321881346453 ) ) ;
#5182 = ORIENTED_EDGE ( 'NONE', *, *, #3623, .F. ) ;
#5183 = CARTESIAN_POINT ( 'NONE',  ( 16.00000000000001066, 0.000000000000000000, 26.50000000000000355 ) ) ;
#5184 = ORIENTED_EDGE ( 'NONE', *, *, #5210, .F. ) ;
#5185 = DIRECTION ( 'NONE',  ( 0.000000000000000000, 0.000000000000000000, 1.000000000000000000 ) ) ;
#5186 = CARTESIAN_POINT ( 'NONE',  ( 4.250000000000000888, 2.250000000000000444, -5.699999999999998401 ) ) ;
#5187 = ADVANCED_FACE ( 'NONE', ( #2044 ), #1707, .F. ) ;
#5188 = VERTEX_POINT ( 'NONE', #2123 ) ;
#5189 = VERTEX_POINT ( 'NONE', #3838 ) ;
#5190 = DIRECTION ( 'NONE',  ( 1.000000000000000000, 0.000000000000000000, -0.000000000000000000 ) ) ;
#5191 = DIRECTION ( 'NONE',  ( 0.7071067811865475727, 0.7071067811865475727, 0.000000000000000000 ) ) ;
#5192 = CIRCLE ( 'NONE', #3790, 2.200000000000000622 ) ;
#5193 = CARTESIAN_POINT ( 'NONE',  ( 10.45685842870420323, 4.000000000000000000, -25.52142902930398449 ) ) ;
#5194 = CIRCLE ( 'NONE', #2806, 2.200000000000000622 ) ;
#5195 = CIRCLE ( 'NONE', #5374, 8.999999999999998224 ) ;
#5196 = ADVANCED_FACE ( 'NONE', ( #400 ), #1734, .F. ) ;
#5197 = VECTOR ( 'NONE', #1184, 1000.000000000000000 ) ;
#5198 = ORIENTED_EDGE ( 'NONE', *, *, #2684, .T. ) ;
#5199 = EDGE_LOOP ( 'NONE', ( #2800, #2615, #3027, #3442, #1429 ) ) ;
#5200 = LINE ( 'NONE', #1387, #4167 ) ;
#5201 = ORIENTED_EDGE ( 'NONE', *, *, #5168, .T. ) ;
#5202 = DIRECTION ( 'NONE',  ( -0.000000000000000000, 1.000000000000000000, -0.000000000000000000 ) ) ;
#5203 = VECTOR ( 'NONE', #1584, 1000.000000000000000 ) ;
#5204 = CARTESIAN_POINT ( 'NONE',  ( 6.531128874149271013, 0.000000000000000000, -29.99999999999999645 ) ) ;
#5205 = EDGE_CURVE ( 'NONE', #4467, #1589, #1581, .T. ) ;
#5206 = AXIS2_PLACEMENT_3D ( 'NONE', #426, #4215, #842 ) ;
#5207 = VECTOR ( 'NONE', #2530, 1000.000000000000000 ) ;
#5208 = FACE_BOUND ( 'NONE', #5393, .T. ) ;
#5209 = PLANE ( 'NONE',  #4555 ) ;
#5210 = EDGE_CURVE ( 'NONE', #4053, #2801, #1239, .T. ) ;
#5211 = CARTESIAN_POINT ( 'NONE',  ( -27.99999999999999645, 0.000000000000000000, -29.99999999999999645 ) ) ;
#5212 = EDGE_CURVE ( 'NONE', #887, #5452, #5034, .T. ) ;
#5213 = ORIENTED_EDGE ( 'NONE', *, *, #4068, .F. ) ;
#5214 = LINE ( 'NONE', #3028, #3083 ) ;
#5215 = ORIENTED_EDGE ( 'NONE', *, *, #2935, .F. ) ;
#5216 = DIRECTION ( 'NONE',  ( 0.000000000000000000, 0.000000000000000000, 1.000000000000000000 ) ) ;
#5217 = CARTESIAN_POINT ( 'NONE',  ( 3.999999999999993339, 4.000000000000000000, 19.30000000000000426 ) ) ;
#5218 = ORIENTED_EDGE ( 'NONE', *, *, #3019, .T. ) ;
#5219 = ORIENTED_EDGE ( 'NONE', *, *, #1669, .F. ) ;
#5220 = ORIENTED_EDGE ( 'NONE', *, *, #4737, .T. ) ;
#5221 = CARTESIAN_POINT ( 'NONE',  ( 3.499999999999999556, 2.600000000000000089, -23.48833672784351023 ) ) ;
#5222 = DIRECTION ( 'NONE',  ( 0.000000000000000000, 0.000000000000000000, 1.000000000000000000 ) ) ;
#5223 = EDGE_CURVE ( 'NONE', #3949, #5189, #3168, .T. ) ;
#5224 = CARTESIAN_POINT ( 'NONE',  ( 21.00000000000001066, 3.500000000000020428, 28.00000000000000355 ) ) ;
#5225 = AXIS2_PLACEMENT_3D ( 'NONE', #3047, #1871, #2636 ) ;
#5226 = VECTOR ( 'NONE', #3840, 1000.000000000000114 ) ;
#5227 = ORIENTED_EDGE ( 'NONE', *, *, #4248, .F. ) ;
#5228 = VERTEX_POINT ( 'NONE', #4668 ) ;
#5229 = PLANE ( 'NONE',  #4702 ) ;
#5230 = EDGE_CURVE ( 'NONE', #1693, #4181, #2923, .T. ) ;
#5231 = CYLINDRICAL_SURFACE ( 'NONE', #2500, 4.000000000000000000 ) ;
#5232 = ORIENTED_EDGE ( 'NONE', *, *, #129, .T. ) ;
#5233 = FACE_BOUND ( 'NONE', #3820, .T. ) ;
#5234 = CARTESIAN_POINT ( 'NONE',  ( 26.00000000000000355, 4.000000000000000000, -22.50000000000001421 ) ) ;
#5235 = EDGE_CURVE ( 'NONE', #3844, #4992, #4616, .T. ) ;
#5236 = PRESENTATION_STYLE_ASSIGNMENT (( #3520 ) ) ;
#5237 = AXIS2_PLACEMENT_3D ( 'NONE', #3932, #132, #3068 ) ;
#5238 = VERTEX_POINT ( 'NONE', #8 ) ;
#5239 = CARTESIAN_POINT ( 'NONE',  ( 4.000000000000000000, 4.000000000000000000, -26.96887112585072188 ) ) ;
#5240 = ORIENTED_EDGE ( 'NONE', *, *, #1726, .F. ) ;
#5241 = LINE ( 'NONE', #1477, #782 ) ;
#5242 = CARTESIAN_POINT ( 'NONE',  ( 19.00000000000001066, 4.000000000000000000, 28.00000000000000355 ) ) ;
#5243 = ORIENTED_EDGE ( 'NONE', *, *, #1969, .F. ) ;
#5244 = VERTEX_POINT ( 'NONE', #2478 ) ;
#5245 = EDGE_CURVE ( 'NONE', #1124, #2471, #818, .T. ) ;
#5246 = ORIENTED_EDGE ( 'NONE', *, *, #5212, .F. ) ;
#5247 = CARTESIAN_POINT ( 'NONE',  ( 7.514312158959314480, 1.250000000000000222, -18.69999999999999929 ) ) ;
#5248 = DIRECTION ( 'NONE',  ( -2.376333528735352191E-16, -0.000000000000000000, -1.000000000000000000 ) ) ;
#5249 = FACE_OUTER_BOUND ( 'NONE', #338, .T. ) ;
#5250 = ORIENTED_EDGE ( 'NONE', *, *, #2417, .F. ) ;
#5251 = EDGE_CURVE ( 'NONE', #5091, #1942, #4162, .T. ) ;
#5252 = ORIENTED_EDGE ( 'NONE', *, *, #237, .T. ) ;
#5253 = DIRECTION ( 'NONE',  ( 0.000000000000000000, 0.000000000000000000, -1.000000000000000000 ) ) ;
#5254 = CIRCLE ( 'NONE', #4285, 2.999999999999999112 ) ;
#5255 = CIRCLE ( 'NONE', #2878, 2.199999999999999734 ) ;
#5256 = ORIENTED_EDGE ( 'NONE', *, *, #2968, .F. ) ;
#5257 = AXIS2_PLACEMENT_3D ( 'NONE', #3842, #2619, #5134 ) ;
#5258 = DIRECTION ( 'NONE',  ( 0.000000000000000000, 1.000000000000000000, 0.000000000000000000 ) ) ;
#5259 = CARTESIAN_POINT ( 'NONE',  ( 19.25800355003317321, 2.500000000000000000, 7.338691251227541734 ) ) ;
#5260 = CARTESIAN_POINT ( 'NONE',  ( 10.83185842870419613, 2.600000000000000089, -26.17094808214231350 ) ) ;
#5261 = LINE ( 'NONE', #1874, #2966 ) ;
#5262 = AXIS2_PLACEMENT_3D ( 'NONE', #1654, #3329, #397 ) ;
#5263 = LINE ( 'NONE', #2742, #3959 ) ;
#5264 = EDGE_LOOP ( 'NONE', ( #4036, #4727, #4774, #315 ) ) ;
#5265 = ORIENTED_EDGE ( 'NONE', *, *, #536, .T. ) ;
#5266 = DIRECTION ( 'NONE',  ( 0.000000000000000000, 0.000000000000000000, -1.000000000000000000 ) ) ;
#5267 = CARTESIAN_POINT ( 'NONE',  ( 25.00000000000001066, 2.500000000000000000, 5.000000000000007994 ) ) ;
#5268 = ORIENTED_EDGE ( 'NONE', *, *, #4068, .T. ) ;
#5269 = CARTESIAN_POINT ( 'NONE',  ( 13.56073781646991172, 2.500000000000000000, -22.99999999999999645 ) ) ;
#5270 = EDGE_CURVE ( 'NONE', #3606, #3352, #3360, .T. ) ;
#5271 = ORIENTED_EDGE ( 'NONE', *, *, #1873, .T. ) ;
#5272 = CARTESIAN_POINT ( 'NONE',  ( 28.00000000000001066, 0.000000000000000000, 21.00000000000000711 ) ) ;
#5273 = DIRECTION ( 'NONE',  ( 0.000000000000000000, 1.000000000000000000, 0.000000000000000000 ) ) ;
#5274 = FACE_OUTER_BOUND ( 'NONE', #1174, .T. ) ;
#5275 = EDGE_CURVE ( 'NONE', #2680, #2529, #2646, .T. ) ;
#5276 = ORIENTED_EDGE ( 'NONE', *, *, #5177, .F. ) ;
#5277 = VERTEX_POINT ( 'NONE', #4588 ) ;
#5278 = VECTOR ( 'NONE', #740, 1000.000000000000000 ) ;
#5279 = FACE_OUTER_BOUND ( 'NONE', #2987, .T. ) ;
#5280 = AXIS2_PLACEMENT_3D ( 'NONE', #4282, #4338, #2212 ) ;
#5281 = VECTOR ( 'NONE', #564, 1000.000000000000000 ) ;
#5282 = EDGE_LOOP ( 'NONE', ( #1089, #1690, #1617, #4701, #2428, #4233, #1348, #427 ) ) ;
#5283 = AXIS2_PLACEMENT_3D ( 'NONE', #679, #4501, #2868 ) ;
#5284 = PLANE ( 'NONE',  #5402 ) ;
#5285 = FACE_OUTER_BOUND ( 'NONE', #1628, .T. ) ;
#5286 = DIRECTION ( 'NONE',  ( -0.000000000000000000, 1.000000000000000000, -0.000000000000000000 ) ) ;
#5287 = EDGE_CURVE ( 'NONE', #3225, #4550, #2507, .T. ) ;
#5288 = DIRECTION ( 'NONE',  ( 1.188166764367676095E-16, 0.000000000000000000, 1.000000000000000000 ) ) ;
#5289 = CIRCLE ( 'NONE', #5283, 1.100000000000000311 ) ;
#5290 = CARTESIAN_POINT ( 'NONE',  ( 4.500000000000000000, 4.000000000000000000, -26.96887112585072188 ) ) ;
#5291 = ORIENTED_EDGE ( 'NONE', *, *, #4392, .F. ) ;
#5292 = LINE ( 'NONE', #2415, #1138 ) ;
#5293 = ORIENTED_EDGE ( 'NONE', *, *, #4602, .T. ) ;
#5294 = AXIS2_PLACEMENT_3D ( 'NONE', #2329, #730, #1561 ) ;
#5295 = EDGE_CURVE ( 'NONE', #3352, #4550, #1206, .T. ) ;
#5296 = DIRECTION ( 'NONE',  ( -0.000000000000000000, -1.000000000000000000, -0.000000000000000000 ) ) ;
#5297 = CARTESIAN_POINT ( 'NONE',  ( 19.00000000000001066, 4.000000000000000000, 28.00000000000000355 ) ) ;
#5298 = ORIENTED_EDGE ( 'NONE', *, *, #473, .T. ) ;
#5299 = CARTESIAN_POINT ( 'NONE',  ( 16.00000000000001066, 2.299999999999999822, 26.50000000000000355 ) ) ;
#5300 = ORIENTED_EDGE ( 'NONE', *, *, #4142, .F. ) ;
#5301 = CARTESIAN_POINT ( 'NONE',  ( 4.499999999999997335, 3.500000000000006661, 30.00000000000000355 ) ) ;
#5302 = FACE_OUTER_BOUND ( 'NONE', #5052, .T. ) ;
#5303 = LINE ( 'NONE', #2371, #1645 ) ;
#5304 = ADVANCED_FACE ( 'NONE', ( #5442 ), #5416, .F. ) ;
#5305 = ORIENTED_EDGE ( 'NONE', *, *, #3915, .T. ) ;
#5306 = ORIENTED_EDGE ( 'NONE', *, *, #2003, .F. ) ;
#5307 = CARTESIAN_POINT ( 'NONE',  ( 0.000000000000000000, 2.500000000000000000, -22.99999999999999645 ) ) ;
#5308 = AXIS2_PLACEMENT_3D ( 'NONE', #299, #3711, #1999 ) ;
#5309 = AXIS2_PLACEMENT_3D ( 'NONE', #1135, #723, #2828 ) ;
#5310 = VERTEX_POINT ( 'NONE', #1288 ) ;
#5311 = EDGE_CURVE ( 'NONE', #1735, #3133, #2895, .T. ) ;
#5312 = VECTOR ( 'NONE', #1276, 1000.000000000000000 ) ;
#5313 = CARTESIAN_POINT ( 'NONE',  ( 7.000000000000003553, 1.000000000000000000, 27.65000000000000213 ) ) ;
#5314 = DIRECTION ( 'NONE',  ( 1.156482317317871725E-16, -0.000000000000000000, 1.000000000000000000 ) ) ;
#5315 = DIRECTION ( 'NONE',  ( 0.000000000000000000, 0.000000000000000000, 1.000000000000000000 ) ) ;
#5316 = CARTESIAN_POINT ( 'NONE',  ( 25.00000000000001066, 4.000000000000000000, 8.250000000000007105 ) ) ;
#5317 = DIRECTION ( 'NONE',  ( 0.000000000000000000, 0.000000000000000000, 1.000000000000000000 ) ) ;
#5318 = ORIENTED_EDGE ( 'NONE', *, *, #4016, .F. ) ;
#5319 = DIRECTION ( 'NONE',  ( 1.000000000000000000, 0.000000000000000000, 0.000000000000000000 ) ) ;
#5320 = EDGE_CURVE ( 'NONE', #1079, #4624, #78, .T. ) ;
#5321 = VERTEX_POINT ( 'NONE', #3104 ) ;
#5322 = CARTESIAN_POINT ( 'NONE',  ( 6.531128874149273678, 4.000000000000000000, -28.99999999999999289 ) ) ;
#5323 = CARTESIAN_POINT ( 'NONE',  ( 12.94999999999999751, 2.500000000000000000, -20.79999999999999716 ) ) ;
#5324 = EDGE_LOOP ( 'NONE', ( #1762, #687, #3634, #3705, #1490, #3825, #310, #4684, #2450, #5220, #2162, #1014, #2621, #3214, #3924, #4813, #3916 ) ) ;
#5325 = CARTESIAN_POINT ( 'NONE',  ( 16.00000000000001066, 2.299999999999999822, 26.50000000000000355 ) ) ;
#5326 = VERTEX_POINT ( 'NONE', #993 ) ;
#5327 = CARTESIAN_POINT ( 'NONE',  ( 19.25800355003317321, 2.500000000000000000, 7.338691251227541734 ) ) ;
#5328 = CARTESIAN_POINT ( 'NONE',  ( 10.24999999999996625, 4.000000000000000000, -1.546166576414104429E-14 ) ) ;
#5329 = CARTESIAN_POINT ( 'NONE',  ( 3.499999999999999556, -6.000000000000000000, -26.96887112585072188 ) ) ;
#5330 = DIRECTION ( 'NONE',  ( 0.000000000000000000, -1.000000000000000000, 0.000000000000000000 ) ) ;
#5331 = AXIS2_PLACEMENT_3D ( 'NONE', #5074, #3356, #4745 ) ;
#5332 = VERTEX_POINT ( 'NONE', #2228 ) ;
#5333 = ORIENTED_EDGE ( 'NONE', *, *, #2216, .F. ) ;
#5334 = ADVANCED_FACE ( 'NONE', ( #3969, #4381, #562, #3888 ), #3943, .T. ) ;
#5335 = CARTESIAN_POINT ( 'NONE',  ( 21.00000000000001066, 3.500000000000020428, 28.00000000000000355 ) ) ;
#5336 = PLANE ( 'NONE',  #553 ) ;
#5337 = ORIENTED_EDGE ( 'NONE', *, *, #1992, .T. ) ;
#5338 = ADVANCED_FACE ( 'NONE', ( #4355 ), #172, .F. ) ;
#5339 = DIRECTION ( 'NONE',  ( 1.734723475976805517E-15, 0.000000000000000000, 1.000000000000000000 ) ) ;
#5340 = LINE ( 'NONE', #665, #5051 ) ;
#5341 = CIRCLE ( 'NONE', #1191, 2.000000000000001776 ) ;
#5342 = DIRECTION ( 'NONE',  ( 0.000000000000000000, 1.000000000000000000, 0.000000000000000000 ) ) ;
#5343 = DIRECTION ( 'NONE',  ( 0.000000000000000000, 0.000000000000000000, 1.000000000000000000 ) ) ;
#5344 = ADVANCED_FACE ( 'NONE', ( #2277 ), #5130, .F. ) ;
#5345 = DIRECTION ( 'NONE',  ( 0.000000000000000000, 0.000000000000000000, 1.000000000000000000 ) ) ;
#5346 = AXIS2_PLACEMENT_3D ( 'NONE', #2257, #1027, #1928 ) ;
#5347 = EDGE_LOOP ( 'NONE', ( #2167, #3550, #4694, #535 ) ) ;
#5348 = VERTEX_POINT ( 'NONE', #1877 ) ;
#5349 = CARTESIAN_POINT ( 'NONE',  ( 3.780229193052146996, 3.780229193052146996, -24.50940418572092838 ) ) ;
#5350 = AXIS2_PLACEMENT_3D ( 'NONE', #2445, #788, #1565 ) ;
#5351 = DIRECTION ( 'NONE',  ( 0.000000000000000000, 0.000000000000000000, 1.000000000000000000 ) ) ;
#5352 = ADVANCED_FACE ( 'NONE', ( #140 ), #1023, .F. ) ;
#5353 = EDGE_LOOP ( 'NONE', ( #790, #1359 ) ) ;
#5354 = CARTESIAN_POINT ( 'NONE',  ( 14.42628246223865673, 2.500000000000000000, -22.82258064516128471 ) ) ;
#5355 = VERTEX_POINT ( 'NONE', #3552 ) ;
#5356 = FACE_OUTER_BOUND ( 'NONE', #3342, .T. ) ;
#5357 = DIRECTION ( 'NONE',  ( 0.000000000000000000, 0.000000000000000000, 1.000000000000000000 ) ) ;
#5358 = DIRECTION ( 'NONE',  ( 0.000000000000000000, 0.000000000000000000, 1.000000000000000000 ) ) ;
#5359 = DIRECTION ( 'NONE',  ( 0.000000000000000000, 0.000000000000000000, 1.000000000000000000 ) ) ;
#5360 = EDGE_CURVE ( 'NONE', #931, #1722, #5120, .T. ) ;
#5361 = ORIENTED_EDGE ( 'NONE', *, *, #3910, .T. ) ;
#5362 = VERTEX_POINT ( 'NONE', #5239 ) ;
#5363 = LINE ( 'NONE', #4511, #1401 ) ;
#5364 = DIRECTION ( 'NONE',  ( 0.000000000000000000, 0.000000000000000000, 1.000000000000000000 ) ) ;
#5365 = EDGE_CURVE ( 'NONE', #41, #434, #1791, .T. ) ;
#5366 = ORIENTED_EDGE ( 'NONE', *, *, #3560, .F. ) ;
#5367 = AXIS2_PLACEMENT_3D ( 'NONE', #3336, #3278, #5030 ) ;
#5368 = CARTESIAN_POINT ( 'NONE',  ( 13.14473684210526372, 2.500000000000000000, 22.94583814427212687 ) ) ;
#5369 = CYLINDRICAL_SURFACE ( 'NONE', #452, 2.200000000000000622 ) ;
#5370 = DIRECTION ( 'NONE',  ( -0.000000000000000000, -1.000000000000000000, 0.000000000000000000 ) ) ;
#5371 = VECTOR ( 'NONE', #4548, 1000.000000000000000 ) ;
#5372 = CARTESIAN_POINT ( 'NONE',  ( 23.00000000000001066, 4.000000000000000000, -11.74999999999999645 ) ) ;
#5373 = EDGE_CURVE ( 'NONE', #3092, #7, #3081, .T. ) ;
#5374 = AXIS2_PLACEMENT_3D ( 'NONE', #1273, #5454, #1185 ) ;
#5375 = CARTESIAN_POINT ( 'NONE',  ( 22.90673953227155479, 0.000000000000000000, 1.020975544904873411 ) ) ;
#5376 = VECTOR ( 'NONE', #1325, 1000.000000000000000 ) ;
#5377 = ORIENTED_EDGE ( 'NONE', *, *, #1250, .F. ) ;
#5378 = ORIENTED_EDGE ( 'NONE', *, *, #869, .T. ) ;
#5379 = EDGE_CURVE ( 'NONE', #4410, #1735, #3864, .T. ) ;
#5380 = EDGE_CURVE ( 'NONE', #4280, #1889, #3526, .T. ) ;
#5381 = FACE_OUTER_BOUND ( 'NONE', #3824, .T. ) ;
#5382 = DIRECTION ( 'NONE',  ( 0.000000000000000000, 0.000000000000000000, 1.000000000000000000 ) ) ;
#5383 = AXIS2_PLACEMENT_3D ( 'NONE', #204, #4782, #4363 ) ;
#5384 = ORIENTED_EDGE ( 'NONE', *, *, #3590, .T. ) ;
#5385 = CARTESIAN_POINT ( 'NONE',  ( 18.25803874804651628, 2.500000000000000000, 1.511255086134002168 ) ) ;
#5386 = ORIENTED_EDGE ( 'NONE', *, *, #890, .F. ) ;
#5387 = ADVANCED_FACE ( 'NONE', ( #4300, #1341 ), #1846, .T. ) ;
#5388 = DIRECTION ( 'NONE',  ( -0.000000000000000000, 1.000000000000000000, -0.000000000000000000 ) ) ;
#5389 = EDGE_CURVE ( 'NONE', #1124, #2732, #5214, .T. ) ;
#5390 = CARTESIAN_POINT ( 'NONE',  ( 24.00000000000000355, 4.000000000000000000, -26.00000000000000000 ) ) ;
#5391 = PLANE ( 'NONE',  #1375 ) ;
#5392 = DIRECTION ( 'NONE',  ( 0.000000000000000000, 1.000000000000000000, 0.000000000000000000 ) ) ;
#5393 = EDGE_LOOP ( 'NONE', ( #4262, #1040 ) ) ;
#5394 = EDGE_LOOP ( 'NONE', ( #413, #2764, #2147, #3771 ) ) ;
#5395 = LINE ( 'NONE', #4981, #5197 ) ;
#5396 = EDGE_CURVE ( 'NONE', #461, #3667, #4775, .T. ) ;
#5397 = DIRECTION ( 'NONE',  ( 0.000000000000000000, 0.000000000000000000, -1.000000000000000000 ) ) ;
#5398 = ORIENTED_EDGE ( 'NONE', *, *, #2201, .F. ) ;
#5399 = EDGE_CURVE ( 'NONE', #4288, #4853, #3619, .T. ) ;
#5400 = DIRECTION ( 'NONE',  ( 0.000000000000000000, 0.000000000000000000, 1.000000000000000000 ) ) ;
#5401 = CARTESIAN_POINT ( 'NONE',  ( 13.56073781646991172, 0.000000000000000000, -20.79999999999999716 ) ) ;
#5402 = AXIS2_PLACEMENT_3D ( 'NONE', #4457, #247, #1944 ) ;
#5403 = VECTOR ( 'NONE', #4083, 1000.000000000000000 ) ;
#5404 = CARTESIAN_POINT ( 'NONE',  ( 4.200000000000001954, 4.000000000000000000, 19.30000000000000426 ) ) ;
#5405 = LINE ( 'NONE', #4606, #4845 ) ;
#5406 = ORIENTED_EDGE ( 'NONE', *, *, #3681, .T. ) ;
#5407 = CARTESIAN_POINT ( 'NONE',  ( 19.00000000000001066, 4.000000000000000000, 28.00000000000000355 ) ) ;
#5408 = AXIS2_PLACEMENT_3D ( 'NONE', #576, #2218, #3905 ) ;
#5409 = AXIS2_PLACEMENT_3D ( 'NONE', #925, #2589, #2537 ) ;
#5410 = ORIENTED_EDGE ( 'NONE', *, *, #2863, .T. ) ;
#5411 = ORIENTED_EDGE ( 'NONE', *, *, #918, .T. ) ;
#5412 = EDGE_CURVE ( 'NONE', #5348, #1889, #972, .T. ) ;
#5413 = CARTESIAN_POINT ( 'NONE',  ( 8.151858428704230164, 4.000000000000000000, -20.77905191785770000 ) ) ;
#5414 = CARTESIAN_POINT ( 'NONE',  ( 21.00000000000000355, 3.500000000000006661, -29.99999999999999289 ) ) ;
#5415 = ORIENTED_EDGE ( 'NONE', *, *, #2216, .T. ) ;
#5416 = CYLINDRICAL_SURFACE ( 'NONE', #5206, 2.200000000000000622 ) ;
#5417 = ORIENTED_EDGE ( 'NONE', *, *, #1113, .F. ) ;
#5418 = CARTESIAN_POINT ( 'NONE',  ( 18.00000000000001421, 3.707106781186550570, -29.79289321881346098 ) ) ;
#5419 = DIRECTION ( 'NONE',  ( -0.000000000000000000, -1.000000000000000000, -0.000000000000000000 ) ) ;
#5420 = DIRECTION ( 'NONE',  ( 0.000000000000000000, 1.000000000000000000, 0.000000000000000000 ) ) ;
#5421 = CARTESIAN_POINT ( 'NONE',  ( 16.00000000000001066, 2.500000000000000000, -26.49999999999999289 ) ) ;
#5422 = EDGE_CURVE ( 'NONE', #5321, #4596, #3269, .T. ) ;
#5423 = VERTEX_POINT ( 'NONE', #4965 ) ;
#5424 = ORIENTED_EDGE ( 'NONE', *, *, #4026, .F. ) ;
#5425 = CIRCLE ( 'NONE', #5069, 2.200000000000000178 ) ;
#5426 = CARTESIAN_POINT ( 'NONE',  ( 20.78005928049211093, 2.500000000000000000, 0.4577428161937956430 ) ) ;
#5427 = CARTESIAN_POINT ( 'NONE',  ( 8.151858428704230164, 2.600000000000000089, -21.52905191785770000 ) ) ;
#5428 = PRODUCT_RELATED_PRODUCT_CATEGORY ( 'part', '', ( #1718 ) ) ;
#5429 = VERTEX_POINT ( 'NONE', #1503 ) ;
#5430 = CYLINDRICAL_SURFACE ( 'NONE', #4619, 1.000000000000000888 ) ;
#5431 = LINE ( 'NONE', #4956, #2317 ) ;
#5432 = CARTESIAN_POINT ( 'NONE',  ( 28.00000000000000355, 0.000000000000000000, -29.99999999999999645 ) ) ;
#5433 = ORIENTED_EDGE ( 'NONE', *, *, #1394, .F. ) ;
#5434 = DIRECTION ( 'NONE',  ( -0.000000000000000000, 1.000000000000000000, -0.000000000000000000 ) ) ;
#5435 = APPLICATION_PROTOCOL_DEFINITION ( 'draft international standard', 'automotive_design', 1998, #1295 ) ;
#5436 = ORIENTED_EDGE ( 'NONE', *, *, #5389, .T. ) ;
#5437 = CARTESIAN_POINT ( 'NONE',  ( 16.00000000000001066, 2.500000000000000000, 26.50000000000000355 ) ) ;
#5438 = CYLINDRICAL_SURFACE ( 'NONE', #5262, 1.299999999999999156 ) ;
#5439 = VECTOR ( 'NONE', #3063, 1000.000000000000000 ) ;
#5440 = VERTEX_POINT ( 'NONE', #702 ) ;
#5441 = AXIS2_PLACEMENT_3D ( 'NONE', #4250, #847, #3919 ) ;
#5442 = FACE_OUTER_BOUND ( 'NONE', #1277, .T. ) ;
#5443 = VERTEX_POINT ( 'NONE', #1531 ) ;
#5444 = DIRECTION ( 'NONE',  ( 0.000000000000000000, 0.000000000000000000, 1.000000000000000000 ) ) ;
#5445 = CARTESIAN_POINT ( 'NONE',  ( 20.78005928049211093, 0.000000000000000000, 0.4577428161937956430 ) ) ;
#5446 = AXIS2_PLACEMENT_3D ( 'NONE', #5421, #2846, #2954 ) ;
#5447 = DIRECTION ( 'NONE',  ( 0.000000000000000000, 0.000000000000000000, -1.000000000000000000 ) ) ;
#5448 = CARTESIAN_POINT ( 'NONE',  ( 23.00000000000001066, 4.000000000000000000, -14.99999999999999645 ) ) ;
#5449 = EDGE_CURVE ( 'NONE', #2644, #3170, #4324, .T. ) ;
#5450 = CIRCLE ( 'NONE', #3320, 2.200000000000000178 ) ;
#5451 = ORIENTED_EDGE ( 'NONE', *, *, #3454, .T. ) ;
#5452 = VERTEX_POINT ( 'NONE', #1142 ) ;
#5453 = DIRECTION ( 'NONE',  ( -3.401418580346680326E-16, 0.000000000000000000, -1.000000000000000000 ) ) ;
#5454 = DIRECTION ( 'NONE',  ( 0.000000000000000000, -1.000000000000000000, 0.000000000000000000 ) ) ;
#5455 = ORIENTED_EDGE ( 'NONE', *, *, #26, .T. ) ;
#5456 = DIRECTION ( 'NONE',  ( -0.000000000000000000, 1.000000000000000000, -0.000000000000000000 ) ) ;
#5457 = CARTESIAN_POINT ( 'NONE',  ( 4.543141571295792325, 4.000000000000000000, -24.47857097069600130 ) ) ;
#5458 = CARTESIAN_POINT ( 'NONE',  ( 3.499999999999996891, 3.500000000000006217, 4.700000000000002842 ) ) ;
#5459 = DIRECTION ( 'NONE',  ( 0.000000000000000000, 0.000000000000000000, 1.000000000000000000 ) ) ;
#5460 = ORIENTED_EDGE ( 'NONE', *, *, #4222, .F. ) ;
#5461 = AXIS2_PLACEMENT_3D ( 'NONE', #4901, #1109, #5317 ) ;
#5462 = EDGE_CURVE ( 'NONE', #3352, #3871, #1925, .T. ) ;
#5463 = DIRECTION ( 'NONE',  ( 0.000000000000000000, 0.000000000000000000, 1.000000000000000000 ) ) ;
#5464 = EDGE_CURVE ( 'NONE', #4750, #1735, #5292, .T. ) ;
#5465 = CARTESIAN_POINT ( 'NONE',  ( 19.07623043105870053, 2.500000000000000000, -7.051804871083224846 ) ) ;
#5466 = AXIS2_PLACEMENT_3D ( 'NONE', #4537, #1639, #2933 ) ;
#5467 = ORIENTED_EDGE ( 'NONE', *, *, #4767, .F. ) ;
#5468 = CARTESIAN_POINT ( 'NONE',  ( 8.749999999999966249, 2.600000000000000089, -1.319898296938867541E-14 ) ) ;
#5469 = ORIENTED_EDGE ( 'NONE', *, *, #4977, .T. ) ;
#5470 = EDGE_CURVE ( 'NONE', #272, #1087, #2358, .T. ) ;
#5471 = CARTESIAN_POINT ( 'NONE',  ( 4.000000000000000000, 4.000000000000000000, -26.96887112585072188 ) ) ;
#5472 = VECTOR ( 'NONE', #1983, 1000.000000000000000 ) ;
#5473 = CARTESIAN_POINT ( 'NONE',  ( 19.51990690801881101, 0.000000000000000000, -0.2908794113017860172 ) ) ;
#5474 = CARTESIAN_POINT ( 'NONE',  ( 13.66531754730533343, 4.000000000000000000, -23.66902429349574177 ) ) ;
#5475 = AXIS2_PLACEMENT_3D ( 'NONE', #4798, #2717, #4749 ) ;
#5476 = CIRCLE ( 'NONE', #699, 2.200000000000000622 ) ;
#5477 = EDGE_LOOP ( 'NONE', ( #2894, #2819, #3783, #2536 ) ) ;
#5478 = ORIENTED_EDGE ( 'NONE', *, *, #837, .F. ) ;
#5479 = CARTESIAN_POINT ( 'NONE',  ( 19.51990690801881101, 2.500000000000000000, -0.2908794113017860172 ) ) ;
#5480 = DIRECTION ( 'NONE',  ( 0.000000000000000000, 1.000000000000000000, -0.000000000000000000 ) ) ;
#5481 = EDGE_CURVE ( 'NONE', #599, #1799, #2208, .T. ) ;
#5482 = ORIENTED_EDGE ( 'NONE', *, *, #2239, .F. ) ;
#5483 = DIRECTION ( 'NONE',  ( 0.000000000000000000, -1.000000000000000000, 0.000000000000000000 ) ) ;
#5484 = DIRECTION ( 'NONE',  ( 0.000000000000000000, 0.000000000000000000, -1.000000000000000000 ) ) ;
#5485 = FACE_OUTER_BOUND ( 'NONE', #2286, .T. ) ;
ENDSEC;
END-ISO-10303-21;
