ISO-10303-21;
HEADER;
FILE_DESCRIPTION (( 'STEP AP214' ),
    '1' );
FILE_NAME ('¼·³ö»úµ×¸Ç£¨CNC£©.STEP',
    '2026-09-30T12:51:54',
    ( '' ),
    ( '' ),
    'SwSTEP 2.0',
    'SolidWorks 2022',
    '' );
FILE_SCHEMA (( 'AUTOMOTIVE_DESIGN' ));
ENDSEC;

DATA;
#1 = AXIS2_PLACEMENT_3D ( 'NONE', #997, #4005, #2364 ) ;
#2 = ADVANCED_FACE ( 'NONE', ( #1315 ), #960, .F. ) ;
#3 = EDGE_LOOP ( 'NONE', ( #2128, #1756, #3970, #3717 ) ) ;
#4 = CARTESIAN_POINT ( 'NONE',  ( 11.50000000000000000, 0.000000000000000000, -2.000000000000000000 ) ) ;
#5 = ORIENTED_EDGE ( 'NONE', *, *, #4199, .T. ) ;
#6 = ORIENTED_EDGE ( 'NONE', *, *, #580, .F. ) ;
#7 = DIRECTION ( 'NONE',  ( -0.000000000000000000, 1.000000000000000000, -0.000000000000000000 ) ) ;
#8 = DIRECTION ( 'NONE',  ( 0.000000000000000000, -1.000000000000000000, 0.000000000000000000 ) ) ;
#9 = ORIENTED_EDGE ( 'NONE', *, *, #1829, .T. ) ;
#10 = DIRECTION ( 'NONE',  ( 0.000000000000000000, 1.000000000000000000, 0.000000000000000000 ) ) ;
#11 = DIRECTION ( 'NONE',  ( 0.000000000000000000, 0.000000000000000000, 1.000000000000000000 ) ) ;
#12 = CARTESIAN_POINT ( 'NONE',  ( -21.88120744007501273, 1.000000000000000000, -7.609860255490433545 ) ) ;
#13 = EDGE_LOOP ( 'NONE', ( #4127, #3353, #737, #990 ) ) ;
#14 = AXIS2_PLACEMENT_3D ( 'NONE', #50, #4080, #2685 ) ;
#15 = ORIENTED_EDGE ( 'NONE', *, *, #769, .T. ) ;
#16 = DIRECTION ( 'NONE',  ( -0.000000000000000000, -1.000000000000000000, -0.000000000000000000 ) ) ;
#17 = DIRECTION ( 'NONE',  ( 0.000000000000000000, 0.000000000000000000, 1.000000000000000000 ) ) ;
#18 = CIRCLE ( 'NONE', #588, 2.100000000000000977 ) ;
#19 = DIRECTION ( 'NONE',  ( -0.000000000000000000, 1.000000000000000000, -0.000000000000000000 ) ) ;
#20 = CIRCLE ( 'NONE', #4097, 2.200000000000000622 ) ;
#21 = VERTEX_POINT ( 'NONE', #2993 ) ;
#22 = EDGE_CURVE ( 'NONE', #1727, #3564, #2054, .T. ) ;
#23 = ORIENTED_EDGE ( 'NONE', *, *, #3003, .F. ) ;
#24 = DIRECTION ( 'NONE',  ( -0.000000000000000000, 1.000000000000000000, -0.000000000000000000 ) ) ;
#25 = DIRECTION ( 'NONE',  ( 0.000000000000000000, 0.000000000000000000, 1.000000000000000000 ) ) ;
#26 = VECTOR ( 'NONE', #1682, 1000.000000000000000 ) ;
#27 = ADVANCED_FACE ( 'NONE', ( #3644 ), #575, .F. ) ;
#28 = ORIENTED_EDGE ( 'NONE', *, *, #783, .F. ) ;
#29 = EDGE_LOOP ( 'NONE', ( #1904, #3832 ) ) ;
#30 = AXIS2_PLACEMENT_3D ( 'NONE', #344, #1706, #75 ) ;
#31 = CYLINDRICAL_SURFACE ( 'NONE', #1881, 6.000000000000001776 ) ;
#32 = DIRECTION ( 'NONE',  ( 0.000000000000000000, 1.000000000000000000, 0.000000000000000000 ) ) ;
#33 = EDGE_CURVE ( 'NONE', #2618, #1911, #1609, .T. ) ;
#34 = EDGE_LOOP ( 'NONE', ( #1651, #2097, #3908, #2928 ) ) ;
#35 = AXIS2_PLACEMENT_3D ( 'NONE', #178, #1547, #3560 ) ;
#36 = CIRCLE ( 'NONE', #2892, 3.499999999999999556 ) ;
#37 = CIRCLE ( 'NONE', #610, 3.500000000000000000 ) ;
#38 = SURFACE_SIDE_STYLE ('',( #1019 ) ) ;
#39 = DIRECTION ( 'NONE',  ( 0.000000000000000000, 1.000000000000000000, -0.000000000000000000 ) ) ;
#40 = CIRCLE ( 'NONE', #2540, 9.000000000000000000 ) ;
#41 = ORIENTED_EDGE ( 'NONE', *, *, #795, .T. ) ;
#42 = DIRECTION ( 'NONE',  ( -0.000000000000000000, 1.000000000000000000, -0.000000000000000000 ) ) ;
#43 = DIRECTION ( 'NONE',  ( -0.000000000000000000, 1.000000000000000000, -0.000000000000000000 ) ) ;
#44 = DIRECTION ( 'NONE',  ( 0.000000000000000000, 0.000000000000000000, 1.000000000000000000 ) ) ;
#45 = ORIENTED_EDGE ( 'NONE', *, *, #3402, .T. ) ;
#46 = ORIENTED_EDGE ( 'NONE', *, *, #112, .T. ) ;
#47 = LINE ( 'NONE', #3395, #3653 ) ;
#48 = CARTESIAN_POINT ( 'NONE',  ( -11.39092863676334844, 3.000000000000000000, 6.199274567772547151 ) ) ;
#49 = ADVANCED_FACE ( 'NONE', ( #2325 ), #3713, .T. ) ;
#50 = CARTESIAN_POINT ( 'NONE',  ( 17.41777456375695365, 3.000000000000000000, 19.85843126484715881 ) ) ;
#51 = VERTEX_POINT ( 'NONE', #1648 ) ;
#52 = AXIS2_PLACEMENT_3D ( 'NONE', #3367, #3762, #2348 ) ;
#53 = EDGE_CURVE ( 'NONE', #120, #633, #3191, .T. ) ;
#54 = DIRECTION ( 'NONE',  ( 0.000000000000000000, 1.000000000000000000, 0.000000000000000000 ) ) ;
#55 = FACE_OUTER_BOUND ( 'NONE', #1451, .T. ) ;
#56 = ADVANCED_FACE ( 'NONE', ( #3011 ), #2677, .T. ) ;
#57 = DIRECTION ( 'NONE',  ( 0.000000000000000000, 0.000000000000000000, 1.000000000000000000 ) ) ;
#58 = FACE_OUTER_BOUND ( 'NONE', #2509, .T. ) ;
#59 = CARTESIAN_POINT ( 'NONE',  ( 24.50000000000000355, 3.000000000000000000, -14.15894732285653213 ) ) ;
#60 = EDGE_LOOP ( 'NONE', ( #999, #652 ) ) ;
#61 = COLOUR_RGB ( '',1.000000000000000000, 1.000000000000000000, 1.000000000000000000 ) ;
#62 = ORIENTED_EDGE ( 'NONE', *, *, #209, .T. ) ;
#63 = CARTESIAN_POINT ( 'NONE',  ( -23.00000000000001066, 3.000000000000000000, -16.24999999999999645 ) ) ;
#64 = CARTESIAN_POINT ( 'NONE',  ( 14.50000000000000000, 1.000000000000000000, 13.71623364550171154 ) ) ;
#65 = DIRECTION ( 'NONE',  ( 0.000000000000000000, 1.000000000000000000, 0.000000000000000000 ) ) ;
#66 = LINE ( 'NONE', #2501, #694 ) ;
#67 = AXIS2_PLACEMENT_3D ( 'NONE', #1274, #2244, #3904 ) ;
#68 = ORIENTED_EDGE ( 'NONE', *, *, #1622, .T. ) ;
#69 = ORIENTED_EDGE ( 'NONE', *, *, #4383, .F. ) ;
#70 = DIRECTION ( 'NONE',  ( 0.000000000000000000, 0.000000000000000000, 1.000000000000000000 ) ) ;
#71 = DIRECTION ( 'NONE',  ( 0.000000000000000000, 1.000000000000000000, 0.000000000000000000 ) ) ;
#72 = AXIS2_PLACEMENT_3D ( 'NONE', #956, #2322, #4391 ) ;
#73 = EDGE_LOOP ( 'NONE', ( #3703, #2738 ) ) ;
#74 = DIRECTION ( 'NONE',  ( 0.000000000000000000, -1.000000000000000000, 0.000000000000000000 ) ) ;
#75 = DIRECTION ( 'NONE',  ( 0.000000000000000000, 0.000000000000000000, 1.000000000000000000 ) ) ;
#76 = EDGE_CURVE ( 'NONE', #3214, #1849, #2984, .T. ) ;
#77 = DIRECTION ( 'NONE',  ( -0.000000000000000000, 1.000000000000000000, -0.000000000000000000 ) ) ;
#78 = DIRECTION ( 'NONE',  ( 0.000000000000000000, 1.000000000000000000, 0.000000000000000000 ) ) ;
#79 = DIRECTION ( 'NONE',  ( 0.000000000000000000, 0.000000000000000000, 1.000000000000000000 ) ) ;
#80 = ORIENTED_EDGE ( 'NONE', *, *, #303, .F. ) ;
#81 = VERTEX_POINT ( 'NONE', #893 ) ;
#82 = PRESENTATION_STYLE_ASSIGNMENT (( #1540 ) ) ;
#83 = DIRECTION ( 'NONE',  ( -0.000000000000000000, 1.000000000000000000, -0.000000000000000000 ) ) ;
#84 = DIRECTION ( 'NONE',  ( 0.000000000000000000, 0.000000000000000000, 1.000000000000000000 ) ) ;
#85 = CARTESIAN_POINT ( 'NONE',  ( 1.000000000000000888, -7.000000000000000000, 7.410632284814872683 ) ) ;
#86 = EDGE_LOOP ( 'NONE', ( #1548, #1594, #873, #2572 ) ) ;
#87 = EDGE_CURVE ( 'NONE', #447, #3538, #1267, .T. ) ;
#88 = EDGE_LOOP ( 'NONE', ( #3183, #93, #1882, #2152 ) ) ;
#89 = AXIS2_PLACEMENT_3D ( 'NONE', #2312, #183, #3266 ) ;
#90 = CYLINDRICAL_SURFACE ( 'NONE', #3342, 1.250000000000001110 ) ;
#91 = EDGE_CURVE ( 'NONE', #714, #3263, #3299, .T. ) ;
#92 = CIRCLE ( 'NONE', #2526, 2.200000000000000622 ) ;
#93 = ORIENTED_EDGE ( 'NONE', *, *, #1095, .F. ) ;
#94 = DIRECTION ( 'NONE',  ( 0.000000000000000000, 0.000000000000000000, 1.000000000000000000 ) ) ;
#95 = CIRCLE ( 'NONE', #4176, 2.200000000000000622 ) ;
#96 = DIRECTION ( 'NONE',  ( 0.000000000000000000, 0.000000000000000000, 1.000000000000000000 ) ) ;
#97 = AXIS2_PLACEMENT_3D ( 'NONE', #4321, #3235, #2197 ) ;
#98 = AXIS2_PLACEMENT_3D ( 'NONE', #2854, #3526, #3941 ) ;
#99 = COLOUR_RGB ( '',1.000000000000000000, 1.000000000000000000, 1.000000000000000000 ) ;
#100 = DIRECTION ( 'NONE',  ( -0.000000000000000000, -1.000000000000000000, -0.000000000000000000 ) ) ;
#101 = PLANE ( 'NONE',  #3782 ) ;
#102 = ORIENTED_EDGE ( 'NONE', *, *, #1368, .F. ) ;
#103 = ORIENTED_EDGE ( 'NONE', *, *, #1965, .T. ) ;
#104 = DIRECTION ( 'NONE',  ( 0.000000000000000000, 1.000000000000000000, -0.000000000000000000 ) ) ;
#105 = CYLINDRICAL_SURFACE ( 'NONE', #1299, 1.250000000000001110 ) ;
#106 = CARTESIAN_POINT ( 'NONE',  ( 16.50000000000000000, 1.000000000000000000, -22.99999999999999645 ) ) ;
#107 = SURFACE_STYLE_USAGE ( .BOTH. , #420 ) ;
#108 = EDGE_CURVE ( 'NONE', #201, #3149, #3625, .T. ) ;
#109 = EDGE_LOOP ( 'NONE', ( #3775, #2794, #1365, #3906 ) ) ;
#110 = PRESENTATION_STYLE_ASSIGNMENT (( #1141 ) ) ;
#111 = FACE_OUTER_BOUND ( 'NONE', #861, .T. ) ;
#112 = EDGE_CURVE ( 'NONE', #4426, #832, #2836, .T. ) ;
#113 = ORIENTED_EDGE ( 'NONE', *, *, #2570, .T. ) ;
#114 = ORIENTED_EDGE ( 'NONE', *, *, #606, .T. ) ;
#115 = EDGE_LOOP ( 'NONE', ( #4362, #1656, #1342, #3603 ) ) ;
#116 = ADVANCED_FACE ( 'NONE', ( #731 ), #4142, .F. ) ;
#117 = CARTESIAN_POINT ( 'NONE',  ( 20.08452761423220068, 3.000000000000000000, 9.508614375090122195 ) ) ;
#118 = FILL_AREA_STYLE_COLOUR ( '', #240 ) ;
#119 = AXIS2_PLACEMENT_3D ( 'NONE', #2483, #2146, #1139 ) ;
#120 = VERTEX_POINT ( 'NONE', #3080 ) ;
#121 = DIRECTION ( 'NONE',  ( 0.000000000000000000, -1.000000000000000000, 0.000000000000000000 ) ) ;
#122 = AXIS2_PLACEMENT_3D ( 'NONE', #2195, #826, #2902 ) ;
#123 = DIRECTION ( 'NONE',  ( 0.000000000000000000, 0.000000000000000000, 1.000000000000000000 ) ) ;
#124 = VECTOR ( 'NONE', #284, 1000.000000000000000 ) ;
#125 = ORIENTED_EDGE ( 'NONE', *, *, #2050, .F. ) ;
#126 = ORIENTED_EDGE ( 'NONE', *, *, #1891, .T. ) ;
#127 = CARTESIAN_POINT ( 'NONE',  ( 4.200000000000003730, 1.000000000000000000, 19.44236117138807529 ) ) ;
#128 = PRESENTATION_STYLE_ASSIGNMENT (( #3894 ) ) ;
#129 = CYLINDRICAL_SURFACE ( 'NONE', #2177, 1.549999999999997380 ) ;
#130 = CARTESIAN_POINT ( 'NONE',  ( 8.904074921583314151, 1.000000000000000000, -22.99999999999999645 ) ) ;
#131 = DIRECTION ( 'NONE',  ( -0.000000000000000000, 1.000000000000000000, -0.000000000000000000 ) ) ;
#132 = CIRCLE ( 'NONE', #3929, 8.250000000000000000 ) ;
#133 = EDGE_CURVE ( 'NONE', #681, #2017, #1001, .T. ) ;
#134 = ORIENTED_EDGE ( 'NONE', *, *, #1258, .F. ) ;
#135 = FACE_BOUND ( 'NONE', #1481, .T. ) ;
#136 = PRESENTATION_STYLE_ASSIGNMENT (( #1811 ) ) ;
#137 = ORIENTED_EDGE ( 'NONE', *, *, #2412, .T. ) ;
#138 = EDGE_CURVE ( 'NONE', #1793, #493, #825, .T. ) ;
#139 = ORIENTED_EDGE ( 'NONE', *, *, #1231, .F. ) ;
#140 = EDGE_LOOP ( 'NONE', ( #2241, #2267, #291, #4419, #2191, #475, #3945, #158, #2947, #1639, #3056, #707, #647, #1031, #3083, #627, #4228 ) ) ;
#141 = CARTESIAN_POINT ( 'NONE',  ( 13.36803642966739503, 1.000000000000000000, -9.984387258734106041 ) ) ;
#142 = CARTESIAN_POINT ( 'NONE',  ( -24.99999999999999645, 0.000000000000000000, -26.99999999999999645 ) ) ;
#143 = ADVANCED_FACE ( 'NONE', ( #2367 ), #376, .F. ) ;
#144 = ORIENTED_EDGE ( 'NONE', *, *, #519, .T. ) ;
#145 = CARTESIAN_POINT ( 'NONE',  ( 16.00000000000001066, -4.242640687119289211, 26.50000000000000355 ) ) ;
#146 = CARTESIAN_POINT ( 'NONE',  ( -1.999999999999996669, 3.000000000000000000, 19.59976851727814662 ) ) ;
#147 = EDGE_LOOP ( 'NONE', ( #3306, #1024, #2065, #1357 ) ) ;
#148 = ORIENTED_EDGE ( 'NONE', *, *, #606, .F. ) ;
#149 = FACE_OUTER_BOUND ( 'NONE', #4160, .T. ) ;
#150 = DIRECTION ( 'NONE',  ( 1.000000000000000000, -0.000000000000000000, 0.000000000000000000 ) ) ;
#151 = LINE ( 'NONE', #1184, #2600 ) ;
#152 = CARTESIAN_POINT ( 'NONE',  ( 11.50000000000000000, 3.000000000000000000, 2.000000000000000888 ) ) ;
#153 = CYLINDRICAL_SURFACE ( 'NONE', #2812, 2.200000000000000622 ) ;
#154 = VERTEX_POINT ( 'NONE', #4092 ) ;
#155 = DIRECTION ( 'NONE',  ( -0.000000000000000000, -1.000000000000000000, -0.000000000000000000 ) ) ;
#156 = VERTEX_POINT ( 'NONE', #2076 ) ;
#157 = CIRCLE ( 'NONE', #1947, 2.200000000000000622 ) ;
#158 = ORIENTED_EDGE ( 'NONE', *, *, #4387, .T. ) ;
#159 = CIRCLE ( 'NONE', #1092, 1.600000000000000755 ) ;
#160 = CARTESIAN_POINT ( 'NONE',  ( -18.87079823077861462, 1.200000000000000178, -20.67653767347957583 ) ) ;
#161 = EDGE_CURVE ( 'NONE', #4090, #2041, #2439, .T. ) ;
#162 = CIRCLE ( 'NONE', #2661, 2.200000000000000622 ) ;
#163 = CARTESIAN_POINT ( 'NONE',  ( 24.50000000000000355, 1.000000000000000000, -14.15894732285653213 ) ) ;
#164 = ORIENTED_EDGE ( 'NONE', *, *, #567, .F. ) ;
#165 = DIRECTION ( 'NONE',  ( 0.000000000000000000, 0.000000000000000000, 1.000000000000000000 ) ) ;
#166 = EDGE_CURVE ( 'NONE', #1369, #541, #2402, .T. ) ;
#167 = CARTESIAN_POINT ( 'NONE',  ( -16.00000000000001066, -4.242640687119289211, -25.24999999999999289 ) ) ;
#168 = ORIENTED_EDGE ( 'NONE', *, *, #818, .F. ) ;
#169 = CARTESIAN_POINT ( 'NONE',  ( -18.50194593744821958, 3.000000000000000000, -14.00614855746213827 ) ) ;
#170 =( NAMED_UNIT ( * ) PLANE_ANGLE_UNIT ( ) SI_UNIT ( $, .RADIAN. ) );
#171 = CARTESIAN_POINT ( 'NONE',  ( 15.46079714317719755, 1.000000000000000000, -6.506893163876792840 ) ) ;
#172 = DIRECTION ( 'NONE',  ( -0.000000000000000000, -1.000000000000000000, 0.000000000000000000 ) ) ;
#173 = EDGE_CURVE ( 'NONE', #607, #1436, #465, .T. ) ;
#174 = DIRECTION ( 'NONE',  ( -1.474280530776552476E-16, 0.000000000000000000, -1.000000000000000000 ) ) ;
#175 = VECTOR ( 'NONE', #982, 1000.000000000000000 ) ;
#176 = VERTEX_POINT ( 'NONE', #1669 ) ;
#177 = CARTESIAN_POINT ( 'NONE',  ( -1.999999999999996669, 1.000000000000000000, 19.59976851727814662 ) ) ;
#178 = CARTESIAN_POINT ( 'NONE',  ( -14.50000000000000000, 1.000000000000000000, 13.71623364550171154 ) ) ;
#179 = ORIENTED_EDGE ( 'NONE', *, *, #2570, .F. ) ;
#180 = EDGE_CURVE ( 'NONE', #758, #2393, #1249, .T. ) ;
#181 = ORIENTED_EDGE ( 'NONE', *, *, #2139, .T. ) ;
#182 = DIRECTION ( 'NONE',  ( 0.000000000000000000, 1.000000000000000000, -0.000000000000000000 ) ) ;
#183 = DIRECTION ( 'NONE',  ( 0.000000000000000000, 1.000000000000000000, 0.000000000000000000 ) ) ;
#184 = CYLINDRICAL_SURFACE ( 'NONE', #2598, 1.250000000000001110 ) ;
#185 = ORIENTED_EDGE ( 'NONE', *, *, #2670, .T. ) ;
#186 = ADVANCED_FACE ( 'NONE', ( #3460, #398 ), #3037, .T. ) ;
#187 = DIRECTION ( 'NONE',  ( 0.000000000000000000, 0.000000000000000000, 1.000000000000000000 ) ) ;
#188 = AXIS2_PLACEMENT_3D ( 'NONE', #525, #1894, #2234 ) ;
#189 = CYLINDRICAL_SURFACE ( 'NONE', #2601, 1.250000000000001110 ) ;
#190 = CIRCLE ( 'NONE', #979, 1.250000000000001110 ) ;
#191 = EDGE_CURVE ( 'NONE', #192, #3918, #3905, .T. ) ;
#192 = VERTEX_POINT ( 'NONE', #1359 ) ;
#193 = AXIS2_PLACEMENT_3D ( 'NONE', #401, #3131, #3108 ) ;
#194 = CARTESIAN_POINT ( 'NONE',  ( 16.18750000000000000, 1.000000000000000000, 22.55661507109642372 ) ) ;
#195 = DIRECTION ( 'NONE',  ( 0.000000000000000000, 0.000000000000000000, 1.000000000000000000 ) ) ;
#196 = SURFACE_STYLE_USAGE ( .BOTH. , #3596 ) ;
#197 = DIRECTION ( 'NONE',  ( 0.000000000000000000, 1.000000000000000000, 0.000000000000000000 ) ) ;
#198 = DIRECTION ( 'NONE',  ( 1.577021341797096821E-15, 0.000000000000000000, 1.000000000000000000 ) ) ;
#199 = CYLINDRICAL_SURFACE ( 'NONE', #747, 5.000000000000000000 ) ;
#200 = CARTESIAN_POINT ( 'NONE',  ( -18.87079823077861462, 1.200000000000000178, -24.17653767347957583 ) ) ;
#201 = VERTEX_POINT ( 'NONE', #63 ) ;
#202 = CIRCLE ( 'NONE', #4361, 2.200000000000000622 ) ;
#203 = ORIENTED_EDGE ( 'NONE', *, *, #3743, .T. ) ;
#204 = DIRECTION ( 'NONE',  ( -0.000000000000000000, 1.000000000000000000, -0.000000000000000000 ) ) ;
#205 = LINE ( 'NONE', #1750, #4022 ) ;
#206 = ORIENTED_EDGE ( 'NONE', *, *, #1282, .T. ) ;
#207 = CARTESIAN_POINT ( 'NONE',  ( -16.18750000000001066, 3.000000000000000000, 22.55661507109643082 ) ) ;
#208 = CARTESIAN_POINT ( 'NONE',  ( 25.00000000000001421, 0.000000000000000000, 30.00000000000000355 ) ) ;
#209 = EDGE_CURVE ( 'NONE', #4420, #2848, #2187, .T. ) ;
#210 = AXIS2_PLACEMENT_3D ( 'NONE', #2903, #2588, #2923 ) ;
#211 = ORIENTED_EDGE ( 'NONE', *, *, #3859, .F. ) ;
#212 = CARTESIAN_POINT ( 'NONE',  ( -11.50000000000000000, 0.000000000000000000, -6.000000000000000888 ) ) ;
#213 = CARTESIAN_POINT ( 'NONE',  ( -19.52449063271097884, 1.000000000000000000, 5.624702551290853947 ) ) ;
#214 = LINE ( 'NONE', #2938, #2052 ) ;
#215 = FACE_OUTER_BOUND ( 'NONE', #88, .T. ) ;
#216 = FILL_AREA_STYLE ('',( #1565 ) ) ;
#217 = FACE_OUTER_BOUND ( 'NONE', #3605, .T. ) ;
#218 = CYLINDRICAL_SURFACE ( 'NONE', #1038, 1.250000000000001110 ) ;
#219 = CYLINDRICAL_SURFACE ( 'NONE', #35, 9.000000000000000000 ) ;
#220 = ORIENTED_EDGE ( 'NONE', *, *, #3561, .F. ) ;
#221 = VECTOR ( 'NONE', #329, 1000.000000000000000 ) ;
#222 = ORIENTED_EDGE ( 'NONE', *, *, #4243, .T. ) ;
#223 = CARTESIAN_POINT ( 'NONE',  ( -11.50000000000000000, 3.000000000000000000, -2.000000000000000000 ) ) ;
#224 = CARTESIAN_POINT ( 'NONE',  ( -16.21929733413430696, 3.000000000000000000, 4.071143531214476141 ) ) ;
#225 = EDGE_CURVE ( 'NONE', #2016, #1582, #2699, .T. ) ;
#226 = AXIS2_PLACEMENT_3D ( 'NONE', #2567, #3940, #549 ) ;
#227 = CIRCLE ( 'NONE', #3305, 6.000000000000001776 ) ;
#228 = EDGE_LOOP ( 'NONE', ( #1016, #1415 ) ) ;
#229 = ORIENTED_EDGE ( 'NONE', *, *, #896, .T. ) ;
#230 = COLOUR_RGB ( '',1.000000000000000000, 1.000000000000000000, 1.000000000000000000 ) ;
#231 = CIRCLE ( 'NONE', #14, 2.200000000000000622 ) ;
#232 = DIRECTION ( 'NONE',  ( 0.000000000000000000, 0.000000000000000000, 1.000000000000000000 ) ) ;
#233 = DIRECTION ( 'NONE',  ( 1.971276677246371124E-15, 0.000000000000000000, 1.000000000000000000 ) ) ;
#234 = VECTOR ( 'NONE', #4432, 1000.000000000000000 ) ;
#235 = VERTEX_POINT ( 'NONE', #2721 ) ;
#236 = SURFACE_SIDE_STYLE ('',( #863 ) ) ;
#237 = DIRECTION ( 'NONE',  ( 0.000000000000000000, 0.000000000000000000, 1.000000000000000000 ) ) ;
#238 = CARTESIAN_POINT ( 'NONE',  ( 13.36803642966740213, 1.000000000000000000, 5.984387258734104265 ) ) ;
#239 = AXIS2_PLACEMENT_3D ( 'NONE', #1350, #2409, #3772 ) ;
#240 = COLOUR_RGB ( '',1.000000000000000000, 1.000000000000000000, 1.000000000000000000 ) ;
#241 = UNCERTAINTY_MEASURE_WITH_UNIT (LENGTH_MEASURE( 1.000000000000000082E-05 ), #3245, 'distance_accuracy_value', 'NONE');
#242 = ADVANCED_FACE ( 'NONE', ( #352 ), #715, .T. ) ;
#243 = CARTESIAN_POINT ( 'NONE',  ( 17.10072011364086464, 1.000000000000000000, 3.989318342571107401 ) ) ;
#244 = DIRECTION ( 'NONE',  ( 0.000000000000000000, 1.000000000000000000, -0.000000000000000000 ) ) ;
#245 = CIRCLE ( 'NONE', #1889, 9.000000000000000000 ) ;
#246 = CARTESIAN_POINT ( 'NONE',  ( -11.39092863676334844, 1.000000000000000000, 6.199274567772547151 ) ) ;
#247 = VECTOR ( 'NONE', #3456, 1000.000000000000000 ) ;
#248 = ORIENTED_EDGE ( 'NONE', *, *, #2135, .T. ) ;
#249 = AXIS2_PLACEMENT_3D ( 'NONE', #1611, #2615, #2679 ) ;
#250 = AXIS2_PLACEMENT_3D ( 'NONE', #1360, #642, #1985 ) ;
#251 = CIRCLE ( 'NONE', #819, 10.25000000000000178 ) ;
#252 = EDGE_CURVE ( 'NONE', #4307, #2596, #3670, .T. ) ;
#253 = ORIENTED_EDGE ( 'NONE', *, *, #3583, .T. ) ;
#254 = DIRECTION ( 'NONE',  ( 0.000000000000000000, -1.000000000000000000, 0.000000000000000000 ) ) ;
#255 = FACE_OUTER_BOUND ( 'NONE', #1831, .T. ) ;
#256 = CIRCLE ( 'NONE', #1400, 1.250000000000001110 ) ;
#257 = ORIENTED_EDGE ( 'NONE', *, *, #3798, .T. ) ;
#258 = EDGE_LOOP ( 'NONE', ( #3370, #3586, #504, #2105 ) ) ;
#259 = CARTESIAN_POINT ( 'NONE',  ( -18.87079823077861462, 0.000000000000000000, -20.67653767347957583 ) ) ;
#260 = UNCERTAINTY_MEASURE_WITH_UNIT (LENGTH_MEASURE( 1.000000000000000082E-05 ), #4156, 'distance_accuracy_value', 'NONE');
#261 = DIRECTION ( 'NONE',  ( -0.000000000000000000, 1.000000000000000000, -0.000000000000000000 ) ) ;
#262 = CIRCLE ( 'NONE', #3978, 25.00000000000000711 ) ;
#263 = DIRECTION ( 'NONE',  ( 0.000000000000000000, 1.000000000000000000, 0.000000000000000000 ) ) ;
#264 = DIRECTION ( 'NONE',  ( 0.000000000000000000, 0.000000000000000000, 1.000000000000000000 ) ) ;
#265 = LINE ( 'NONE', #1605, #2349 ) ;
#266 = DIRECTION ( 'NONE',  ( 0.000000000000000000, 0.000000000000000000, 1.000000000000000000 ) ) ;
#267 = AXIS2_PLACEMENT_3D ( 'NONE', #2400, #2702, #4096 ) ;
#268 = CARTESIAN_POINT ( 'NONE',  ( 18.50000000000000000, 1.000000000000000000, -14.15894732285653035 ) ) ;
#269 = DIRECTION ( 'NONE',  ( 0.000000000000000000, 0.000000000000000000, 1.000000000000000000 ) ) ;
#270 = DIRECTION ( 'NONE',  ( -0.000000000000000000, 1.000000000000000000, -0.000000000000000000 ) ) ;
#271 = VERTEX_POINT ( 'NONE', #3783 ) ;
#272 = ADVANCED_FACE ( 'NONE', ( #3920 ), #2876, .F. ) ;
#273 = ORIENTED_EDGE ( 'NONE', *, *, #2361, .F. ) ;
#274 = CARTESIAN_POINT ( 'NONE',  ( -25.00000000000001066, 3.000000000000000000, 3.750000000000006661 ) ) ;
#275 = EDGE_LOOP ( 'NONE', ( #847, #2403 ) ) ;
#276 = VERTEX_POINT ( 'NONE', #505 ) ;
#277 = DIRECTION ( 'NONE',  ( -0.000000000000000000, -1.000000000000000000, -0.000000000000000000 ) ) ;
#278 = DIRECTION ( 'NONE',  ( -0.000000000000000000, -1.000000000000000000, -0.000000000000000000 ) ) ;
#279 = DIRECTION ( 'NONE',  ( 0.000000000000000000, 0.000000000000000000, 1.000000000000000000 ) ) ;
#280 = DIRECTION ( 'NONE',  ( -0.000000000000000000, 1.000000000000000000, -0.000000000000000000 ) ) ;
#281 = CARTESIAN_POINT ( 'NONE',  ( -1.999999999999996669, -4.595591605208931618, 19.59976851727814662 ) ) ;
#282 = CIRCLE ( 'NONE', #72, 10.25000000000000000 ) ;
#283 = EDGE_LOOP ( 'NONE', ( #4048, #288, #1125, #2645 ) ) ;
#284 = DIRECTION ( 'NONE',  ( 0.000000000000000000, 1.000000000000000000, 0.000000000000000000 ) ) ;
#285 = DIRECTION ( 'NONE',  ( -0.000000000000000000, 1.000000000000000000, -0.000000000000000000 ) ) ;
#286 = DIRECTION ( 'NONE',  ( -0.000000000000000000, 1.000000000000000000, -0.000000000000000000 ) ) ;
#287 = VERTEX_POINT ( 'NONE', #3232 ) ;
#288 = ORIENTED_EDGE ( 'NONE', *, *, #486, .T. ) ;
#289 = CARTESIAN_POINT ( 'NONE',  ( -6.904074921583319480, 1.000000000000000000, -20.89999999999999503 ) ) ;
#290 = DIRECTION ( 'NONE',  ( 0.000000000000000000, 1.000000000000000000, -0.000000000000000000 ) ) ;
#291 = ORIENTED_EDGE ( 'NONE', *, *, #574, .F. ) ;
#292 = ORIENTED_EDGE ( 'NONE', *, *, #2321, .F. ) ;
#293 = EDGE_CURVE ( 'NONE', #2683, #903, #256, .T. ) ;
#294 = FACE_OUTER_BOUND ( 'NONE', #3724, .T. ) ;
#295 = DIRECTION ( 'NONE',  ( 0.000000000000000000, -1.000000000000000000, 0.000000000000000000 ) ) ;
#296 = PRESENTATION_LAYER_ASSIGNMENT (  '', '', ( #1230 ) ) ;
#297 = EDGE_CURVE ( 'NONE', #1692, #924, #40, .T. ) ;
#298 = CARTESIAN_POINT ( 'NONE',  ( 15.59808788802989987, 3.000000000000000000, 2.382428055539834499 ) ) ;
#299 = SURFACE_STYLE_FILL_AREA ( #3359 ) ;
#300 = CYLINDRICAL_SURFACE ( 'NONE', #1997, 3.499999999999999556 ) ;
#301 = CIRCLE ( 'NONE', #2381, 2.200000000000000622 ) ;
#302 = ORIENTED_EDGE ( 'NONE', *, *, #2072, .F. ) ;
#303 = EDGE_CURVE ( 'NONE', #3117, #3508, #4115, .T. ) ;
#304 = DIRECTION ( 'NONE',  ( 7.885106708985484103E-16, 0.000000000000000000, 1.000000000000000000 ) ) ;
#305 = DIRECTION ( 'NONE',  ( 0.000000000000000000, 0.000000000000000000, -1.000000000000000000 ) ) ;
#306 = CARTESIAN_POINT ( 'NONE',  ( -20.11797752808989515, 3.000000000000000000, -10.06042575335432687 ) ) ;
#307 = CIRCLE ( 'NONE', #1171, 6.000000000000000888 ) ;
#308 = DIRECTION ( 'NONE',  ( 0.000000000000000000, 0.000000000000000000, 1.000000000000000000 ) ) ;
#309 = VECTOR ( 'NONE', #3910, 1000.000000000000000 ) ;
#310 = ORIENTED_EDGE ( 'NONE', *, *, #4020, .F. ) ;
#311 = ORIENTED_EDGE ( 'NONE', *, *, #3824, .T. ) ;
#312 = DIRECTION ( 'NONE',  ( 1.577021341797096821E-15, 0.000000000000000000, 1.000000000000000000 ) ) ;
#313 = CARTESIAN_POINT ( 'NONE',  ( -11.50000000000000000, 0.000000000000000000, -2.000000000000000000 ) ) ;
#314 = CIRCLE ( 'NONE', #4181, 1.549999999999997380 ) ;
#315 = VERTEX_POINT ( 'NONE', #4185 ) ;
#316 = ADVANCED_FACE ( 'NONE', ( #149 ), #1452, .F. ) ;
#317 = ORIENTED_EDGE ( 'NONE', *, *, #1783, .T. ) ;
#318 = AXIS2_PLACEMENT_3D ( 'NONE', #330, #353, #1695 ) ;
#319 = LINE ( 'NONE', #2762, #26 ) ;
#320 = CARTESIAN_POINT ( 'NONE',  ( 11.50000000000000000, 1.000000000000000000, 23.00000000000000711 ) ) ;
#321 = EDGE_CURVE ( 'NONE', #1719, #794, #3685, .T. ) ;
#322 = DIRECTION ( 'NONE',  ( 0.000000000000000000, 1.000000000000000000, -0.000000000000000000 ) ) ;
#323 = CYLINDRICAL_SURFACE ( 'NONE', #4288, 2.999999999999999112 ) ;
#324 = DIRECTION ( 'NONE',  ( 0.000000000000000000, 1.000000000000000000, 0.000000000000000000 ) ) ;
#325 = CIRCLE ( 'NONE', #2760, 1.250000000000001110 ) ;
#326 = ADVANCED_FACE ( 'NONE', ( #1158 ), #3867, .F. ) ;
#327 = VERTEX_POINT ( 'NONE', #487 ) ;
#328 = ORIENTED_EDGE ( 'NONE', *, *, #4148, .F. ) ;
#329 = DIRECTION ( 'NONE',  ( -0.000000000000000000, 1.000000000000000000, -0.000000000000000000 ) ) ;
#330 = CARTESIAN_POINT ( 'NONE',  ( 1.000000000000000888, 1.000000000000000000, 7.410632284814872683 ) ) ;
#331 = CARTESIAN_POINT ( 'NONE',  ( -24.99999999999999645, 3.000000000000000000, -29.99999999999999645 ) ) ;
#332 = LINE ( 'NONE', #4052, #3919 ) ;
#333 = CIRCLE ( 'NONE', #1329, 10.25000000000000000 ) ;
#334 = VECTOR ( 'NONE', #804, 1000.000000000000000 ) ;
#335 = VERTEX_POINT ( 'NONE', #822 ) ;
#336 = ADVANCED_FACE ( 'NONE', ( #2480 ), #438, .F. ) ;
#337 = ORIENTED_EDGE ( 'NONE', *, *, #1759, .F. ) ;
#338 = CARTESIAN_POINT ( 'NONE',  ( 28.00000000000000355, 3.000000000000000000, -26.99999999999999645 ) ) ;
#339 = AXIS2_PLACEMENT_3D ( 'NONE', #1871, #1498, #3618 ) ;
#340 = DIRECTION ( 'NONE',  ( 0.000000000000000000, 1.000000000000000000, 0.000000000000000000 ) ) ;
#341 = ORIENTED_EDGE ( 'NONE', *, *, #166, .F. ) ;
#342 = VERTEX_POINT ( 'NONE', #169 ) ;
#343 = FACE_BOUND ( 'NONE', #1988, .T. ) ;
#344 = CARTESIAN_POINT ( 'NONE',  ( 25.00000000000001066, 3.000000000000000000, 5.000000000000007994 ) ) ;
#345 = ORIENTED_EDGE ( 'NONE', *, *, #519, .F. ) ;
#346 = DIRECTION ( 'NONE',  ( 0.000000000000000000, 0.000000000000000000, 1.000000000000000000 ) ) ;
#347 = DIRECTION ( 'NONE',  ( 1.577021341797096821E-15, 0.000000000000000000, 1.000000000000000000 ) ) ;
#348 = EDGE_CURVE ( 'NONE', #3090, #4090, #3533, .T. ) ;
#349 = CARTESIAN_POINT ( 'NONE',  ( 0.9999999999999974465, 1.000000000000000000, -11.41063228481487002 ) ) ;
#350 = ORIENTED_EDGE ( 'NONE', *, *, #2247, .T. ) ;
#351 = ORIENTED_EDGE ( 'NONE', *, *, #764, .F. ) ;
#352 = FACE_OUTER_BOUND ( 'NONE', #3132, .T. ) ;
#353 = DIRECTION ( 'NONE',  ( -0.000000000000000000, 1.000000000000000000, -0.000000000000000000 ) ) ;
#354 = DIRECTION ( 'NONE',  ( 0.000000000000000000, 0.000000000000000000, -1.000000000000000000 ) ) ;
#355 = FACE_BOUND ( 'NONE', #3930, .T. ) ;
#356 = EDGE_CURVE ( 'NONE', #3182, #2848, #251, .T. ) ;
#357 = ORIENTED_EDGE ( 'NONE', *, *, #4431, .T. ) ;
#358 = AXIS2_PLACEMENT_3D ( 'NONE', #1873, #4302, #3189 ) ;
#359 = VERTEX_POINT ( 'NONE', #1850 ) ;
#360 = DIRECTION ( 'NONE',  ( 0.000000000000000000, 0.000000000000000000, 1.000000000000000000 ) ) ;
#361 = EDGE_CURVE ( 'NONE', #3086, #2291, #37, .T. ) ;
#362 = SURFACE_STYLE_USAGE ( .BOTH. , #2063 ) ;
#363 = ORIENTED_EDGE ( 'NONE', *, *, #297, .F. ) ;
#364 = ORIENTED_EDGE ( 'NONE', *, *, #1771, .F. ) ;
#365 = CARTESIAN_POINT ( 'NONE',  ( 0.000000000000000000, 3.000000000000000000, 0.000000000000000000 ) ) ;
#366 = CARTESIAN_POINT ( 'NONE',  ( 16.00000000000001066, 0.000000000000000000, -27.74999999999999289 ) ) ;
#367 = EDGE_LOOP ( 'NONE', ( #3394, #2607, #1818, #15, #1936, #1254, #4121, #535, #2119, #41, #248, #3048, #3220, #1157, #3467, #363, #987 ) ) ;
#368 = FILL_AREA_STYLE ('',( #4087 ) ) ;
#369 = SURFACE_SIDE_STYLE ('',( #1735 ) ) ;
#370 = DIRECTION ( 'NONE',  ( 0.000000000000000000, 1.000000000000000000, -0.000000000000000000 ) ) ;
#371 = CIRCLE ( 'NONE', #442, 4.000000000000000888 ) ;
#372 = ORIENTED_EDGE ( 'NONE', *, *, #1800, .F. ) ;
#373 = COLOUR_RGB ( '',1.000000000000000000, 1.000000000000000000, 1.000000000000000000 ) ;
#374 = EDGE_CURVE ( 'NONE', #714, #3502, #1685, .T. ) ;
#375 = ORIENTED_EDGE ( 'NONE', *, *, #783, .T. ) ;
#376 = CYLINDRICAL_SURFACE ( 'NONE', #614, 2.200000000000000622 ) ;
#377 = CARTESIAN_POINT ( 'NONE',  ( 7.560062181880887522, 3.000000000000000000, -19.28642330349078193 ) ) ;
#378 = CIRCLE ( 'NONE', #2872, 4.000000000000000888 ) ;
#379 = PLANE ( 'NONE',  #1600 ) ;
#380 = DIRECTION ( 'NONE',  ( 0.000000000000000000, 0.000000000000000000, 1.000000000000000000 ) ) ;
#381 = CIRCLE ( 'NONE', #1525, 1.250000000000001110 ) ;
#382 = ORIENTED_EDGE ( 'NONE', *, *, #1511, .F. ) ;
#383 = EDGE_CURVE ( 'NONE', #3675, #1320, #3620, .T. ) ;
#384 = ORIENTED_EDGE ( 'NONE', *, *, #4226, .F. ) ;
#385 = DIRECTION ( 'NONE',  ( 0.000000000000000000, 0.000000000000000000, 1.000000000000000000 ) ) ;
#386 = DIRECTION ( 'NONE',  ( 0.000000000000000000, 0.000000000000000000, 1.000000000000000000 ) ) ;
#387 = CIRCLE ( 'NONE', #1238, 1.549999999999995826 ) ;
#388 = EDGE_CURVE ( 'NONE', #633, #3675, #3158, .T. ) ;
#389 = VERTEX_POINT ( 'NONE', #1780 ) ;
#390 = DIRECTION ( 'NONE',  ( 0.000000000000000000, -0.000000000000000000, 1.000000000000000000 ) ) ;
#391 = DIRECTION ( 'NONE',  ( -0.000000000000000000, 1.000000000000000000, -0.000000000000000000 ) ) ;
#392 = VERTEX_POINT ( 'NONE', #2767 ) ;
#393 = DIRECTION ( 'NONE',  ( 0.000000000000000000, 0.000000000000000000, 1.000000000000000000 ) ) ;
#394 = FACE_OUTER_BOUND ( 'NONE', #2036, .T. ) ;
#395 = CARTESIAN_POINT ( 'NONE',  ( 20.87079823077861107, 1.200000000000000178, -0.5947268961501701590 ) ) ;
#396 = VERTEX_POINT ( 'NONE', #2454 ) ;
#397 = VERTEX_POINT ( 'NONE', #1072 ) ;
#398 = FACE_BOUND ( 'NONE', #581, .T. ) ;
#399 = DIRECTION ( 'NONE',  ( 1.000000000000000000, 0.000000000000000000, -1.156482317317871478E-16 ) ) ;
#400 = DIRECTION ( 'NONE',  ( -0.000000000000000000, -1.000000000000000000, -0.000000000000000000 ) ) ;
#401 = CARTESIAN_POINT ( 'NONE',  ( -11.50000000000000000, 1.000000000000000000, -2.000000000000000000 ) ) ;
#402 = VERTEX_POINT ( 'NONE', #4089 ) ;
#403 = ORIENTED_EDGE ( 'NONE', *, *, #2650, .F. ) ;
#404 =( NAMED_UNIT ( * ) SI_UNIT ( $, .STERADIAN. ) SOLID_ANGLE_UNIT ( ) );
#405 = EDGE_CURVE ( 'NONE', #3997, #2042, #4417, .T. ) ;
#406 = EDGE_LOOP ( 'NONE', ( #1182, #3001, #1876, #3948 ) ) ;
#407 = PRESENTATION_LAYER_ASSIGNMENT (  '', '', ( #3474 ) ) ;
#408 = DIRECTION ( 'NONE',  ( 0.000000000000000000, 1.000000000000000000, -0.000000000000000000 ) ) ;
#409 = ADVANCED_FACE ( 'NONE', ( #1429 ), #1798, .T. ) ;
#410 = DIRECTION ( 'NONE',  ( 0.000000000000000000, 1.000000000000000000, -0.000000000000000000 ) ) ;
#411 = CARTESIAN_POINT ( 'NONE',  ( -17.08736852040867404, 1.000000000000000000, -16.00541591653833962 ) ) ;
#412 = DIRECTION ( 'NONE',  ( -0.000000000000000000, 1.000000000000000000, -0.000000000000000000 ) ) ;
#413 = EDGE_CURVE ( 'NONE', #1516, #2596, #2477, .T. ) ;
#414 = DIRECTION ( 'NONE',  ( 0.000000000000000000, 0.000000000000000000, 1.000000000000000000 ) ) ;
#415 = EDGE_LOOP ( 'NONE', ( #2956, #978, #2343, #4435 ) ) ;
#416 = AXIS2_PLACEMENT_3D ( 'NONE', #4068, #4024, #1287 ) ;
#417 = ORIENTED_EDGE ( 'NONE', *, *, #3295, .T. ) ;
#418 = DIRECTION ( 'NONE',  ( 0.000000000000000000, 0.000000000000000000, 1.000000000000000000 ) ) ;
#419 = CARTESIAN_POINT ( 'NONE',  ( 0.000000000000000000, 1.000000000000000000, -22.99999999999999645 ) ) ;
#420 = SURFACE_SIDE_STYLE ('',( #2750 ) ) ;
#421 = EDGE_CURVE ( 'NONE', #2356, #120, #4197, .T. ) ;
#422 = AXIS2_PLACEMENT_3D ( 'NONE', #3624, #917, #2266 ) ;
#423 = ORIENTED_EDGE ( 'NONE', *, *, #252, .F. ) ;
#424 = VERTEX_POINT ( 'NONE', #1710 ) ;
#425 = LINE ( 'NONE', #1460, #763 ) ;
#426 = CARTESIAN_POINT ( 'NONE',  ( -19.85191411977123721, 3.000000000000000000, 0.6354346831441348709 ) ) ;
#427 = CIRCLE ( 'NONE', #2784, 2.999999999999999112 ) ;
#428 = ORIENTED_EDGE ( 'NONE', *, *, #2307, .F. ) ;
#429 = CARTESIAN_POINT ( 'NONE',  ( 24.50000000000001066, 3.000000000000000000, 24.89999999999999147 ) ) ;
#430 =( NAMED_UNIT ( * ) SI_UNIT ( $, .STERADIAN. ) SOLID_ANGLE_UNIT ( ) );
#431 = EDGE_CURVE ( 'NONE', #4136, #2385, #544, .T. ) ;
#432 = CYLINDRICAL_SURFACE ( 'NONE', #4246, 25.00000000000000711 ) ;
#433 = PRESENTATION_STYLE_ASSIGNMENT (( #3099 ) ) ;
#434 = CARTESIAN_POINT ( 'NONE',  ( 13.36803642966739503, 3.000000000000000000, -9.984387258734106041 ) ) ;
#435 = ORIENTED_EDGE ( 'NONE', *, *, #660, .T. ) ;
#436 = EDGE_CURVE ( 'NONE', #1782, #1880, #333, .T. ) ;
#437 = EDGE_LOOP ( 'NONE', ( #2829, #1191, #1485, #4287 ) ) ;
#438 = CYLINDRICAL_SURFACE ( 'NONE', #1039, 2.200000000000000178 ) ;
#439 = DIRECTION ( 'NONE',  ( 0.000000000000000000, 0.000000000000000000, 1.000000000000000000 ) ) ;
#440 = CARTESIAN_POINT ( 'NONE',  ( 11.18251995213580763, 1.000000000000000000, -10.23641449225841704 ) ) ;
#441 = CARTESIAN_POINT ( 'NONE',  ( 19.26611757656450763, 1.000000000000000000, 4.874176151904495491 ) ) ;
#442 = AXIS2_PLACEMENT_3D ( 'NONE', #4334, #3678, #2620 ) ;
#443 = ORIENTED_EDGE ( 'NONE', *, *, #4103, .F. ) ;
#444 = CARTESIAN_POINT ( 'NONE',  ( 25.00000000000000711, 3.000000000000000000, -29.99999999999999645 ) ) ;
#445 = CIRCLE ( 'NONE', #2015, 1.250000000000001110 ) ;
#446 = VECTOR ( 'NONE', #2694, 1000.000000000000000 ) ;
#447 = VERTEX_POINT ( 'NONE', #1408 ) ;
#448 = EDGE_LOOP ( 'NONE', ( #2536, #4205 ) ) ;
#449 = ADVANCED_BREP_SHAPE_REPRESENTATION ( '¼·³ö»úµ×¸Ç£¨CNC£©', ( #3216, #2732 ), #585 ) ;
#450 = DIRECTION ( 'NONE',  ( 0.000000000000000000, 1.000000000000000000, 0.000000000000000000 ) ) ;
#451 = AXIS2_PLACEMENT_3D ( 'NONE', #4064, #7, #2020 ) ;
#452 = CARTESIAN_POINT ( 'NONE',  ( -14.62094594845406093, 1.000000000000000000, 3.382855424365427410 ) ) ;
#453 = AXIS2_PLACEMENT_3D ( 'NONE', #3222, #4221, #96 ) ;
#454 = EDGE_LOOP ( 'NONE', ( #3278, #2710, #2226, #499 ) ) ;
#455 = AXIS2_PLACEMENT_3D ( 'NONE', #464, #2236, #1826 ) ;
#456 = AXIS2_PLACEMENT_3D ( 'NONE', #1514, #2584, #1132 ) ;
#457 = CARTESIAN_POINT ( 'NONE',  ( -13.78361898667370333, 3.000000000000000000, 3.548430798316166701 ) ) ;
#458 = FILL_AREA_STYLE_COLOUR ( '', #99 ) ;
#459 = EDGE_CURVE ( 'NONE', #2215, #2548, #3046, .T. ) ;
#460 = CIRCLE ( 'NONE', #3315, 2.200000000000000622 ) ;
#461 = ORIENTED_EDGE ( 'NONE', *, *, #3493, .T. ) ;
#462 = ORIENTED_EDGE ( 'NONE', *, *, #3493, .F. ) ;
#463 = DIRECTION ( 'NONE',  ( -0.000000000000000000, -1.000000000000000000, -0.000000000000000000 ) ) ;
#464 = CARTESIAN_POINT ( 'NONE',  ( 21.85191411977124432, 0.000000000000000000, 14.18582988648560494 ) ) ;
#465 = CIRCLE ( 'NONE', #3112, 2.200000000000000622 ) ;
#466 = FACE_OUTER_BOUND ( 'NONE', #4040, .T. ) ;
#467 = CARTESIAN_POINT ( 'NONE',  ( -1.999999999999999556, 1.000000000000000000, 2.948561061553104458E-16 ) ) ;
#468 = EDGE_CURVE ( 'NONE', #1587, #2529, #905, .T. ) ;
#469 = ORIENTED_EDGE ( 'NONE', *, *, #1047, .T. ) ;
#470 = DIRECTION ( 'NONE',  ( -0.000000000000000000, 1.000000000000000000, -0.000000000000000000 ) ) ;
#471 = CARTESIAN_POINT ( 'NONE',  ( 23.00000000000001066, 0.000000000000000000, -14.99999999999999645 ) ) ;
#472 = EDGE_CURVE ( 'NONE', #1459, #2789, #2904, .T. ) ;
#473 = ORIENTED_EDGE ( 'NONE', *, *, #3223, .T. ) ;
#474 = AXIS2_PLACEMENT_3D ( 'NONE', #3915, #503, #3227 ) ;
#475 = ORIENTED_EDGE ( 'NONE', *, *, #2606, .T. ) ;
#476 = ORIENTED_EDGE ( 'NONE', *, *, #548, .T. ) ;
#477 = LINE ( 'NONE', #1816, #2528 ) ;
#478 = DIRECTION ( 'NONE',  ( 0.000000000000000000, 0.000000000000000000, 1.000000000000000000 ) ) ;
#479 = COLOUR_RGB ( '',1.000000000000000000, 1.000000000000000000, 1.000000000000000000 ) ;
#480 = ORIENTED_EDGE ( 'NONE', *, *, #3718, .T. ) ;
#481 = DIRECTION ( 'NONE',  ( -0.000000000000000000, 1.000000000000000000, -0.000000000000000000 ) ) ;
#482 = CIRCLE ( 'NONE', #3262, 3.499999999999999556 ) ;
#483 = PRESENTATION_STYLE_ASSIGNMENT (( #2916 ) ) ;
#484 = EDGE_LOOP ( 'NONE', ( #1040, #2180, #2709, #611 ) ) ;
#485 = ORIENTED_EDGE ( 'NONE', *, *, #1237, .T. ) ;
#486 = EDGE_CURVE ( 'NONE', #2010, #3409, #1447, .T. ) ;
#487 = CARTESIAN_POINT ( 'NONE',  ( 20.87079823077861107, 3.000000000000000000, -5.644726896150167761 ) ) ;
#488 = FACE_OUTER_BOUND ( 'NONE', #829, .T. ) ;
#489 = DIRECTION ( 'NONE',  ( 0.000000000000000000, 0.000000000000000000, -1.000000000000000000 ) ) ;
#490 = CARTESIAN_POINT ( 'NONE',  ( 24.50000000000001066, 0.000000000000000000, -26.49999999999999289 ) ) ;
#491 = AXIS2_PLACEMENT_3D ( 'NONE', #4157, #412, #2071 ) ;
#492 = EDGE_CURVE ( 'NONE', #966, #3010, #3256, .T. ) ;
#493 = VERTEX_POINT ( 'NONE', #3799 ) ;
#494 = FACE_BOUND ( 'NONE', #29, .T. ) ;
#495 = CIRCLE ( 'NONE', #3787, 1.250000000000001110 ) ;
#496 = FACE_OUTER_BOUND ( 'NONE', #2957, .T. ) ;
#497 = ORIENTED_EDGE ( 'NONE', *, *, #1197, .F. ) ;
#498 = EDGE_CURVE ( 'NONE', #276, #3044, #772, .T. ) ;
#499 = ORIENTED_EDGE ( 'NONE', *, *, #1237, .F. ) ;
#500 = CARTESIAN_POINT ( 'NONE',  ( 16.00000000000001066, 3.000000000000000000, -25.24999999999999289 ) ) ;
#501 = ORIENTED_EDGE ( 'NONE', *, *, #472, .F. ) ;
#502 = CARTESIAN_POINT ( 'NONE',  ( 24.50000000000001066, 3.000000000000000000, 28.09999999999999432 ) ) ;
#503 = DIRECTION ( 'NONE',  ( 0.000000000000000000, -1.000000000000000000, 0.000000000000000000 ) ) ;
#504 = ORIENTED_EDGE ( 'NONE', *, *, #436, .T. ) ;
#505 = CARTESIAN_POINT ( 'NONE',  ( 23.00000000000001066, 0.000000000000000000, -13.74999999999999467 ) ) ;
#506 = FACE_OUTER_BOUND ( 'NONE', #3814, .T. ) ;
#507 = FACE_OUTER_BOUND ( 'NONE', #4105, .T. ) ;
#508 = EDGE_CURVE ( 'NONE', #192, #3263, #1601, .T. ) ;
#509 = ORIENTED_EDGE ( 'NONE', *, *, #1449, .F. ) ;
#510 = CARTESIAN_POINT ( 'NONE',  ( -18.87079823077861462, 1.200000000000000178, -20.67653767347957583 ) ) ;
#511 = ORIENTED_EDGE ( 'NONE', *, *, #3583, .F. ) ;
#512 = EDGE_CURVE ( 'NONE', #3522, #1837, #3967, .T. ) ;
#513 = MECHANICAL_DESIGN_GEOMETRIC_PRESENTATION_REPRESENTATION (  '', ( #3013 ), #2014 ) ;
#514 = AXIS2_PLACEMENT_3D ( 'NONE', #900, #560, #3284 ) ;
#515 = EDGE_LOOP ( 'NONE', ( #3162, #382 ) ) ;
#516 = VECTOR ( 'NONE', #24, 1000.000000000000000 ) ;
#517 = DIRECTION ( 'NONE',  ( 0.000000000000000000, 1.000000000000000000, 0.000000000000000000 ) ) ;
#518 = SURFACE_SIDE_STYLE ('',( #3495 ) ) ;
#519 = EDGE_CURVE ( 'NONE', #2666, #720, #2787, .T. ) ;
#520 = ORIENTED_EDGE ( 'NONE', *, *, #3516, .T. ) ;
#521 = CARTESIAN_POINT ( 'NONE',  ( -20.11797752808989515, 1.000000000000000000, -10.06042575335432687 ) ) ;
#522 = AXIS2_PLACEMENT_3D ( 'NONE', #3381, #680, #2044 ) ;
#523 = CARTESIAN_POINT ( 'NONE',  ( -5.560062181880891075, -6.839445286733748297, -19.28642330349078193 ) ) ;
#524 = VERTEX_POINT ( 'NONE', #395 ) ;
#525 = CARTESIAN_POINT ( 'NONE',  ( 4.200000000000003730, 1.000000000000000000, 19.59976851727815017 ) ) ;
#526 = CARTESIAN_POINT ( 'NONE',  ( -16.00000000000001066, 3.000000000000000000, 26.50000000000000355 ) ) ;
#527 = CARTESIAN_POINT ( 'NONE',  ( -25.00000000000001066, 0.000000000000000000, 5.000000000000007994 ) ) ;
#528 = LINE ( 'NONE', #2220, #2713 ) ;
#529 = AXIS2_PLACEMENT_3D ( 'NONE', #4144, #3850, #84 ) ;
#530 = VECTOR ( 'NONE', #2614, 1000.000000000000000 ) ;
#531 = EDGE_LOOP ( 'NONE', ( #1652, #1512, #1259, #4429 ) ) ;
#532 = DIRECTION ( 'NONE',  ( 0.000000000000000000, 0.000000000000000000, 1.000000000000000000 ) ) ;
#533 = CYLINDRICAL_SURFACE ( 'NONE', #3752, 5.000000000000000888 ) ;
#534 = ORIENTED_EDGE ( 'NONE', *, *, #512, .F. ) ;
#535 = ORIENTED_EDGE ( 'NONE', *, *, #2865, .T. ) ;
#536 = CARTESIAN_POINT ( 'NONE',  ( 28.00000000000001066, 3.000000000000000000, 27.00000000000000000 ) ) ;
#537 = EDGE_CURVE ( 'NONE', #3697, #2356, #1758, .T. ) ;
#538 = FACE_OUTER_BOUND ( 'NONE', #1504, .T. ) ;
#539 = AXIS2_PLACEMENT_3D ( 'NONE', #1643, #2934, #233 ) ;
#540 = LINE ( 'NONE', #3952, #2457 ) ;
#541 = VERTEX_POINT ( 'NONE', #1866 ) ;
#542 = EDGE_CURVE ( 'NONE', #1587, #2066, #2189, .T. ) ;
#543 = CARTESIAN_POINT ( 'NONE',  ( -11.67185684652424804, 3.000000000000000000, -20.79999999999999716 ) ) ;
#544 = CIRCLE ( 'NONE', #2120, 5.000000000000000888 ) ;
#545 = AXIS2_PLACEMENT_3D ( 'NONE', #1524, #2839, #2884 ) ;
#546 = ORIENTED_EDGE ( 'NONE', *, *, #1197, .T. ) ;
#547 = COLOUR_RGB ( '',1.000000000000000000, 1.000000000000000000, 1.000000000000000000 ) ;
#548 = EDGE_CURVE ( 'NONE', #3937, #3149, #3614, .T. ) ;
#549 = DIRECTION ( 'NONE',  ( 0.000000000000000000, 0.000000000000000000, 1.000000000000000000 ) ) ;
#550 = CARTESIAN_POINT ( 'NONE',  ( 25.00000000000001066, 0.000000000000000000, 6.250000000000008882 ) ) ;
#551 = CARTESIAN_POINT ( 'NONE',  ( 16.00000000000001066, -4.242640687119289211, -26.49999999999999289 ) ) ;
#552 = CARTESIAN_POINT ( 'NONE',  ( -16.00000000000001066, 3.000000000000000000, -25.24999999999999289 ) ) ;
#553 = ADVANCED_FACE ( 'NONE', ( #2257 ), #189, .F. ) ;
#554 = CARTESIAN_POINT ( 'NONE',  ( 17.10072011364086464, 1.000000000000000000, 3.989318342571107401 ) ) ;
#555 = DIRECTION ( 'NONE',  ( 0.000000000000000000, 0.000000000000000000, 1.000000000000000000 ) ) ;
#556 = DIRECTION ( 'NONE',  ( -0.000000000000000000, 1.000000000000000000, -0.000000000000000000 ) ) ;
#557 = VERTEX_POINT ( 'NONE', #1177 ) ;
#558 = EDGE_LOOP ( 'NONE', ( #569, #641 ) ) ;
#559 = CARTESIAN_POINT ( 'NONE',  ( -19.85191411977123721, 1.200000000000000178, 0.6354346831441348709 ) ) ;
#560 = DIRECTION ( 'NONE',  ( 0.000000000000000000, 1.000000000000000000, 0.000000000000000000 ) ) ;
#561 = ORIENTED_EDGE ( 'NONE', *, *, #2245, .F. ) ;
#562 = EDGE_CURVE ( 'NONE', #493, #3052, #3181, .T. ) ;
#563 = ORIENTED_EDGE ( 'NONE', *, *, #3035, .F. ) ;
#564 = LINE ( 'NONE', #1934, #801 ) ;
#565 = UNCERTAINTY_MEASURE_WITH_UNIT (LENGTH_MEASURE( 1.000000000000000082E-05 ), #1165, 'distance_accuracy_value', 'NONE');
#566 = FACE_OUTER_BOUND ( 'NONE', #3452, .T. ) ;
#567 = EDGE_CURVE ( 'NONE', #672, #3023, #3168, .T. ) ;
#568 = CIRCLE ( 'NONE', #3072, 1.550000000000000933 ) ;
#569 = ORIENTED_EDGE ( 'NONE', *, *, #2623, .F. ) ;
#570 = DIRECTION ( 'NONE',  ( 0.000000000000000000, 0.000000000000000000, 1.000000000000000000 ) ) ;
#571 = CARTESIAN_POINT ( 'NONE',  ( 27.38363500381080229, 1.000000000000000000, 6.034310117596673351 ) ) ;
#572 = FACE_OUTER_BOUND ( 'NONE', #1589, .T. ) ;
#573 = DIRECTION ( 'NONE',  ( 0.000000000000000000, 1.000000000000000000, -0.000000000000000000 ) ) ;
#574 = EDGE_CURVE ( 'NONE', #1634, #2324, #1035, .T. ) ;
#575 = CYLINDRICAL_SURFACE ( 'NONE', #3404, 1.550000000000000933 ) ;
#576 = FACE_OUTER_BOUND ( 'NONE', #3996, .T. ) ;
#577 = FILL_AREA_STYLE_COLOUR ( '', #3169 ) ;
#578 = CARTESIAN_POINT ( 'NONE',  ( -19.38042429840446346, 3.000000000000000000, 7.819980413275407827 ) ) ;
#579 = ORIENTED_EDGE ( 'NONE', *, *, #3066, .F. ) ;
#580 = EDGE_CURVE ( 'NONE', #1911, #1707, #686, .T. ) ;
#581 = EDGE_LOOP ( 'NONE', ( #1864, #3074 ) ) ;
#582 = CARTESIAN_POINT ( 'NONE',  ( -14.62094594845406093, 3.000000000000000000, 5.582855424365427588 ) ) ;
#583 = CARTESIAN_POINT ( 'NONE',  ( -27.99999999999998934, 3.000000000000000000, 30.00000000000000355 ) ) ;
#584 = VECTOR ( 'NONE', #204, 1000.000000000000000 ) ;
#585 =( GEOMETRIC_REPRESENTATION_CONTEXT ( 3 ) GLOBAL_UNCERTAINTY_ASSIGNED_CONTEXT ( ( #1957 ) ) GLOBAL_UNIT_ASSIGNED_CONTEXT ( ( #1037, #631, #3067 ) ) REPRESENTATION_CONTEXT ( 'NONE', 'WORKASPACE' ) );
#586 = ORIENTED_EDGE ( 'NONE', *, *, #512, .T. ) ;
#587 = ORIENTED_EDGE ( 'NONE', *, *, #3352, .F. ) ;
#588 = AXIS2_PLACEMENT_3D ( 'NONE', #1034, #1393, #673 ) ;
#589 = VECTOR ( 'NONE', #3205, 1000.000000000000000 ) ;
#590 = DIRECTION ( 'NONE',  ( 1.156482317317871478E-16, 0.000000000000000000, 1.000000000000000000 ) ) ;
#591 = CARTESIAN_POINT ( 'NONE',  ( -18.87079823077861462, 1.200000000000000178, -20.67653767347957583 ) ) ;
#592 = AXIS2_PLACEMENT_3D ( 'NONE', #749, #10, #3098 ) ;
#593 = DIRECTION ( 'NONE',  ( 0.000000000000000000, 0.000000000000000000, 1.000000000000000000 ) ) ;
#594 = DIRECTION ( 'NONE',  ( 0.000000000000000000, 0.000000000000000000, 1.000000000000000000 ) ) ;
#595 = CARTESIAN_POINT ( 'NONE',  ( 20.87079823077861107, 3.000000000000000000, -2.144726896150167761 ) ) ;
#596 = EDGE_CURVE ( 'NONE', #335, #3545, #3864, .T. ) ;
#597 = DIRECTION ( 'NONE',  ( 0.000000000000000000, 1.000000000000000000, 0.000000000000000000 ) ) ;
#598 = CIRCLE ( 'NONE', #1098, 11.80000000000000071 ) ;
#599 = AXIS2_PLACEMENT_3D ( 'NONE', #2208, #2893, #2252 ) ;
#600 = UNCERTAINTY_MEASURE_WITH_UNIT (LENGTH_MEASURE( 1.000000000000000082E-05 ), #3123, 'distance_accuracy_value', 'NONE');
#601 = DIRECTION ( 'NONE',  ( 0.000000000000000000, 0.000000000000000000, 1.000000000000000000 ) ) ;
#602 = LINE ( 'NONE', #2994, #3464 ) ;
#603 =( NAMED_UNIT ( * ) SI_UNIT ( $, .STERADIAN. ) SOLID_ANGLE_UNIT ( ) );
#604 = AXIS2_PLACEMENT_3D ( 'NONE', #1961, #2341, #264 ) ;
#605 = FACE_BOUND ( 'NONE', #3334, .T. ) ;
#606 = EDGE_CURVE ( 'NONE', #389, #3846, #4225, .T. ) ;
#607 = VERTEX_POINT ( 'NONE', #146 ) ;
#608 = PRESENTATION_LAYER_ASSIGNMENT (  '', '', ( #2891 ) ) ;
#609 = AXIS2_PLACEMENT_3D ( 'NONE', #3760, #43, #2077 ) ;
#610 = AXIS2_PLACEMENT_3D ( 'NONE', #2193, #862, #3251 ) ;
#611 = ORIENTED_EDGE ( 'NONE', *, *, #1632, .T. ) ;
#612 = FACE_OUTER_BOUND ( 'NONE', #2910, .T. ) ;
#613 = FILL_AREA_STYLE_COLOUR ( '', #657 ) ;
#614 = AXIS2_PLACEMENT_3D ( 'NONE', #2055, #1075, #2420 ) ;
#615 = ORIENTED_EDGE ( 'NONE', *, *, #4412, .F. ) ;
#616 = ORIENTED_EDGE ( 'NONE', *, *, #405, .T. ) ;
#617 = DIRECTION ( 'NONE',  ( 0.000000000000000000, 1.000000000000000000, 0.000000000000000000 ) ) ;
#618 = CARTESIAN_POINT ( 'NONE',  ( 3.634538152610445216, 1.000000000000000000, 17.31627253279682677 ) ) ;
#619 = CIRCLE ( 'NONE', #539, 2.200000000000000622 ) ;
#620 = CARTESIAN_POINT ( 'NONE',  ( 16.00000000000001066, 3.000000000000000000, -26.49999999999999289 ) ) ;
#621 = LINE ( 'NONE', #1626, #1641 ) ;
#622 = ORIENTED_EDGE ( 'NONE', *, *, #1124, .T. ) ;
#623 = EDGE_CURVE ( 'NONE', #541, #2688, #3325, .T. ) ;
#624 = CARTESIAN_POINT ( 'NONE',  ( 11.50000000000000000, 1.000000000000000000, -2.000000000000000000 ) ) ;
#625 = CARTESIAN_POINT ( 'NONE',  ( 20.87079823077861107, 1.200000000000000178, -2.144726896150167761 ) ) ;
#626 = FACE_BOUND ( 'NONE', #4399, .T. ) ;
#627 = ORIENTED_EDGE ( 'NONE', *, *, #2968, .T. ) ;
#628 = EDGE_CURVE ( 'NONE', #2291, #327, #1846, .T. ) ;
#629 = ORIENTED_EDGE ( 'NONE', *, *, #252, .T. ) ;
#630 = DIRECTION ( 'NONE',  ( 0.000000000000000000, 0.000000000000000000, 1.000000000000000000 ) ) ;
#631 =( NAMED_UNIT ( * ) PLANE_ANGLE_UNIT ( ) SI_UNIT ( $, .RADIAN. ) );
#632 = EDGE_LOOP ( 'NONE', ( #2153, #2520, #351, #3281 ) ) ;
#633 = VERTEX_POINT ( 'NONE', #3206 ) ;
#634 = LINE ( 'NONE', #2275, #3879 ) ;
#635 = CIRCLE ( 'NONE', #849, 5.999999999999998224 ) ;
#636 = FACE_OUTER_BOUND ( 'NONE', #3430, .T. ) ;
#637 = CYLINDRICAL_SURFACE ( 'NONE', #1235, 10.25000000000000000 ) ;
#638 = FILL_AREA_STYLE_COLOUR ( '', #61 ) ;
#639 = FACE_OUTER_BOUND ( 'NONE', #2875, .T. ) ;
#640 = CIRCLE ( 'NONE', #3861, 5.000000000000000888 ) ;
#641 = ORIENTED_EDGE ( 'NONE', *, *, #1375, .F. ) ;
#642 = DIRECTION ( 'NONE',  ( 0.000000000000000000, 1.000000000000000000, 0.000000000000000000 ) ) ;
#643 = SURFACE_SIDE_STYLE ('',( #4051 ) ) ;
#644 = CARTESIAN_POINT ( 'NONE',  ( -6.904074921583319480, 3.000000000000000000, -22.99999999999999645 ) ) ;
#645 = ADVANCED_FACE ( 'NONE', ( #4252 ), #2545, .F. ) ;
#646 = ORIENTED_EDGE ( 'NONE', *, *, #1898, .F. ) ;
#647 = ORIENTED_EDGE ( 'NONE', *, *, #508, .T. ) ;
#648 = DIRECTION ( 'NONE',  ( 0.000000000000000000, 1.000000000000000000, -0.000000000000000000 ) ) ;
#649 = EDGE_CURVE ( 'NONE', #1114, #1189, #4275, .T. ) ;
#650 = EDGE_CURVE ( 'NONE', #3502, #2192, #1660, .T. ) ;
#651 = EDGE_LOOP ( 'NONE', ( #1976, #443, #185, #1953 ) ) ;
#652 = ORIENTED_EDGE ( 'NONE', *, *, #321, .F. ) ;
#653 = DIRECTION ( 'NONE',  ( 0.000000000000000000, 1.000000000000000000, 0.000000000000000000 ) ) ;
#654 = EDGE_CURVE ( 'NONE', #2683, #4216, #1599, .T. ) ;
#655 = CARTESIAN_POINT ( 'NONE',  ( 20.87079823077861107, 1.200000000000000178, -2.144726896150167761 ) ) ;
#656 = CIRCLE ( 'NONE', #4312, 1.250000000000001110 ) ;
#657 = COLOUR_RGB ( '',1.000000000000000000, 1.000000000000000000, 1.000000000000000000 ) ;
#658 = DIRECTION ( 'NONE',  ( 0.000000000000000000, -1.000000000000000000, 0.000000000000000000 ) ) ;
#659 = SURFACE_STYLE_USAGE ( .BOTH. , #2966 ) ;
#660 = EDGE_CURVE ( 'NONE', #4401, #3924, #1051, .T. ) ;
#661 = CARTESIAN_POINT ( 'NONE',  ( 19.92678214968091055, 1.000000000000000000, -10.27491868064457670 ) ) ;
#662 = CIRCLE ( 'NONE', #3669, 5.999999999999998224 ) ;
#663 = ORIENTED_EDGE ( 'NONE', *, *, #3627, .T. ) ;
#664 = ORIENTED_EDGE ( 'NONE', *, *, #3969, .T. ) ;
#665 = CARTESIAN_POINT ( 'NONE',  ( 20.87079823077861107, 1.200000000000000178, -2.144726896150167761 ) ) ;
#666 = CYLINDRICAL_SURFACE ( 'NONE', #609, 1.600000000000000755 ) ;
#667 = DIRECTION ( 'NONE',  ( -0.000000000000000000, 1.000000000000000000, -0.000000000000000000 ) ) ;
#668 = CIRCLE ( 'NONE', #2729, 1.549999999999995826 ) ;
#669 = CARTESIAN_POINT ( 'NONE',  ( 24.50000000000001066, 0.000000000000000000, -24.89999999999999147 ) ) ;
#670 = VERTEX_POINT ( 'NONE', #3976 ) ;
#671 = CIRCLE ( 'NONE', #813, 1.550000000000000933 ) ;
#672 = VERTEX_POINT ( 'NONE', #3706 ) ;
#673 = DIRECTION ( 'NONE',  ( 8.260587980841934835E-16, 0.000000000000000000, 1.000000000000000000 ) ) ;
#674 = VECTOR ( 'NONE', #792, 1000.000000000000000 ) ;
#675 = CARTESIAN_POINT ( 'NONE',  ( 21.85191411977124432, 3.000000000000000000, 10.68582988648560494 ) ) ;
#676 = MECHANICAL_DESIGN_GEOMETRIC_PRESENTATION_REPRESENTATION (  '', ( #4330 ), #2399 ) ;
#677 = EDGE_LOOP ( 'NONE', ( #1501, #1180 ) ) ;
#678 = ORIENTED_EDGE ( 'NONE', *, *, #2383, .F. ) ;
#679 = FACE_BOUND ( 'NONE', #1264, .T. ) ;
#680 = DIRECTION ( 'NONE',  ( -0.000000000000000000, 1.000000000000000000, -0.000000000000000000 ) ) ;
#681 = VERTEX_POINT ( 'NONE', #4341 ) ;
#682 = EDGE_CURVE ( 'NONE', #2017, #524, #3764, .T. ) ;
#683 = CARTESIAN_POINT ( 'NONE',  ( -24.99999999999998934, 0.000000000000000000, 30.00000000000000355 ) ) ;
#684 = CARTESIAN_POINT ( 'NONE',  ( -11.50000000000000000, 0.000000000000000000, -2.000000000000000000 ) ) ;
#685 = CARTESIAN_POINT ( 'NONE',  ( -19.85191411977123721, 0.000000000000000000, 0.6354346831441348709 ) ) ;
#686 = CIRCLE ( 'NONE', #1409, 2.100000000000000977 ) ;
#687 = ORIENTED_EDGE ( 'NONE', *, *, #1119, .T. ) ;
#688 = ADVANCED_FACE ( 'NONE', ( #636 ), #1241, .F. ) ;
#689 = ORIENTED_EDGE ( 'NONE', *, *, #2554, .T. ) ;
#690 = DIRECTION ( 'NONE',  ( 0.000000000000000000, 0.000000000000000000, 1.000000000000000000 ) ) ;
#691 = LINE ( 'NONE', #3390, #1538 ) ;
#692 = CARTESIAN_POINT ( 'NONE',  ( 0.000000000000000000, 1.000000000000000000, -22.99999999999999645 ) ) ;
#693 = CARTESIAN_POINT ( 'NONE',  ( -25.00000000000001066, 0.000000000000000000, 6.250000000000008882 ) ) ;
#694 = VECTOR ( 'NONE', #1057, 1000.000000000000000 ) ;
#695 = EDGE_LOOP ( 'NONE', ( #3732, #760, #2278, #148 ) ) ;
#696 = ORIENTED_EDGE ( 'NONE', *, *, #76, .T. ) ;
#697 = DIRECTION ( 'NONE',  ( -0.000000000000000000, 1.000000000000000000, -0.000000000000000000 ) ) ;
#698 = AXIS2_PLACEMENT_3D ( 'NONE', #3234, #172, #2855 ) ;
#699 = DIRECTION ( 'NONE',  ( 0.000000000000000000, 1.000000000000000000, -0.000000000000000000 ) ) ;
#700 = AXIS2_PLACEMENT_3D ( 'NONE', #554, #981, #2590 ) ;
#701 = ORIENTED_EDGE ( 'NONE', *, *, #1073, .T. ) ;
#702 = ORIENTED_EDGE ( 'NONE', *, *, #3798, .F. ) ;
#703 = FACE_OUTER_BOUND ( 'NONE', #1059, .T. ) ;
#704 = CYLINDRICAL_SURFACE ( 'NONE', #3118, 6.000000000000000888 ) ;
#705 = AXIS2_PLACEMENT_3D ( 'NONE', #3428, #3779, #750 ) ;
#706 = EDGE_CURVE ( 'NONE', #4401, #176, #2970, .T. ) ;
#707 = ORIENTED_EDGE ( 'NONE', *, *, #191, .F. ) ;
#708 = CIRCLE ( 'NONE', #3202, 25.00000000000000711 ) ;
#709 = DIRECTION ( 'NONE',  ( 0.000000000000000000, 1.000000000000000000, -0.000000000000000000 ) ) ;
#710 = CARTESIAN_POINT ( 'NONE',  ( 11.50000000000000000, 0.000000000000000000, -2.000000000000000000 ) ) ;
#711 = DIRECTION ( 'NONE',  ( 0.000000000000000000, 0.000000000000000000, 1.000000000000000000 ) ) ;
#712 = ADVANCED_FACE ( 'NONE', ( #566, #3658 ), #4385, .T. ) ;
#713 = ORIENTED_EDGE ( 'NONE', *, *, #3659, .T. ) ;
#714 = VERTEX_POINT ( 'NONE', #4367 ) ;
#715 = CYLINDRICAL_SURFACE ( 'NONE', #2754, 6.000000000000003553 ) ;
#716 = CARTESIAN_POINT ( 'NONE',  ( 16.18750000000000000, 3.000000000000000000, 22.55661507109642372 ) ) ;
#717 = CYLINDRICAL_SURFACE ( 'NONE', #4109, 25.00000000000000711 ) ;
#718 = CARTESIAN_POINT ( 'NONE',  ( 12.86685592414688095, 3.000000000000000000, 3.842234579561539132 ) ) ;
#719 = ORIENTED_EDGE ( 'NONE', *, *, #2157, .F. ) ;
#720 = VERTEX_POINT ( 'NONE', #1284 ) ;
#721 = CARTESIAN_POINT ( 'NONE',  ( 24.50000000000001066, 0.000000000000000000, -26.49999999999999289 ) ) ;
#722 = ORIENTED_EDGE ( 'NONE', *, *, #1989, .F. ) ;
#723 = FACE_BOUND ( 'NONE', #275, .T. ) ;
#724 = LINE ( 'NONE', #3451, #2251 ) ;
#725 = ORIENTED_EDGE ( 'NONE', *, *, #4020, .T. ) ;
#726 = CARTESIAN_POINT ( 'NONE',  ( 4.200000000000003730, 1.000000000000000000, 19.44236117138807529 ) ) ;
#727 = AXIS2_PLACEMENT_3D ( 'NONE', #2608, #3252, #1541 ) ;
#728 = ORIENTED_EDGE ( 'NONE', *, *, #628, .F. ) ;
#729 = ORIENTED_EDGE ( 'NONE', *, *, #3490, .T. ) ;
#730 = ADVANCED_FACE ( 'NONE', ( #994 ), #1306, .T. ) ;
#731 = FACE_OUTER_BOUND ( 'NONE', #3793, .T. ) ;
#732 = DIRECTION ( 'NONE',  ( 0.000000000000000000, 0.000000000000000000, 1.000000000000000000 ) ) ;
#733 = VECTOR ( 'NONE', #3766, 1000.000000000000000 ) ;
#734 = DIRECTION ( 'NONE',  ( 0.000000000000000000, 0.000000000000000000, 1.000000000000000000 ) ) ;
#735 = CARTESIAN_POINT ( 'NONE',  ( 0.000000000000000000, 1.000000000000000000, 0.000000000000000000 ) ) ;
#736 = AXIS2_PLACEMENT_3D ( 'NONE', #620, #1644, #3339 ) ;
#737 = ORIENTED_EDGE ( 'NONE', *, *, #4137, .T. ) ;
#738 = EDGE_CURVE ( 'NONE', #1948, #1722, #262, .T. ) ;
#739 = VERTEX_POINT ( 'NONE', #2339 ) ;
#740 = LINE ( 'NONE', #3443, #1848 ) ;
#741 =( GEOMETRIC_REPRESENTATION_CONTEXT ( 3 ) GLOBAL_UNCERTAINTY_ASSIGNED_CONTEXT ( ( #241 ) ) GLOBAL_UNIT_ASSIGNED_CONTEXT ( ( #3245, #2845, #430 ) ) REPRESENTATION_CONTEXT ( 'NONE', 'WORKASPACE' ) );
#742 = ORIENTED_EDGE ( 'NONE', *, *, #293, .F. ) ;
#743 = COLOUR_RGB ( '',1.000000000000000000, 1.000000000000000000, 1.000000000000000000 ) ;
#744 = FACE_BOUND ( 'NONE', #60, .T. ) ;
#745 = CIRCLE ( 'NONE', #2818, 1.250000000000001110 ) ;
#746 = DIRECTION ( 'NONE',  ( -0.000000000000000000, 1.000000000000000000, -0.000000000000000000 ) ) ;
#747 = AXIS2_PLACEMENT_3D ( 'NONE', #1292, #3986, #3925 ) ;
#748 = EDGE_CURVE ( 'NONE', #2676, #192, #3357, .T. ) ;
#749 = CARTESIAN_POINT ( 'NONE',  ( -24.50000000000001066, 0.000000000000000000, 26.49999999999999289 ) ) ;
#750 = DIRECTION ( 'NONE',  ( 0.000000000000000000, 0.000000000000000000, 1.000000000000000000 ) ) ;
#751 = DIRECTION ( 'NONE',  ( 0.000000000000000000, 1.000000000000000000, -0.000000000000000000 ) ) ;
#752 = ORIENTED_EDGE ( 'NONE', *, *, #1637, .T. ) ;
#753 = ORIENTED_EDGE ( 'NONE', *, *, #3035, .T. ) ;
#754 = DIRECTION ( 'NONE',  ( 0.000000000000000000, 0.000000000000000000, 1.000000000000000000 ) ) ;
#755 = SURFACE_STYLE_FILL_AREA ( #3186 ) ;
#756 =( NAMED_UNIT ( * ) PLANE_ANGLE_UNIT ( ) SI_UNIT ( $, .RADIAN. ) );
#757 = DIRECTION ( 'NONE',  ( 0.000000000000000000, 0.000000000000000000, 1.000000000000000000 ) ) ;
#758 = VERTEX_POINT ( 'NONE', #2961 ) ;
#759 = EDGE_CURVE ( 'NONE', #3417, #3911, #907, .T. ) ;
#760 = ORIENTED_EDGE ( 'NONE', *, *, #1340, .T. ) ;
#761 = CARTESIAN_POINT ( 'NONE',  ( -11.50000000000000000, 3.000000000000000000, -2.000000000000000000 ) ) ;
#762 = AXIS2_PLACEMENT_3D ( 'NONE', #1736, #4139, #2049 ) ;
#763 = VECTOR ( 'NONE', #4191, 1000.000000000000000 ) ;
#764 = EDGE_CURVE ( 'NONE', #3149, #201, #325, .T. ) ;
#765 = ORIENTED_EDGE ( 'NONE', *, *, #87, .T. ) ;
#766 =( GEOMETRIC_REPRESENTATION_CONTEXT ( 3 ) GLOBAL_UNCERTAINTY_ASSIGNED_CONTEXT ( ( #4006 ) ) GLOBAL_UNIT_ASSIGNED_CONTEXT ( ( #1563, #4300, #1222 ) ) REPRESENTATION_CONTEXT ( 'NONE', 'WORKASPACE' ) );
#767 = DIRECTION ( 'NONE',  ( 0.000000000000000000, 0.000000000000000000, 1.000000000000000000 ) ) ;
#768 = CARTESIAN_POINT ( 'NONE',  ( 19.92678214968091055, 1.000000000000000000, -10.27491868064457670 ) ) ;
#769 = EDGE_CURVE ( 'NONE', #2503, #2676, #833, .T. ) ;
#770 = CARTESIAN_POINT ( 'NONE',  ( -11.50000000000000000, 1.000000000000000000, -2.000000000000000000 ) ) ;
#771 = DIRECTION ( 'NONE',  ( 0.000000000000000000, -1.000000000000000000, 0.000000000000000000 ) ) ;
#772 = LINE ( 'NONE', #4119, #1243 ) ;
#773 = ADVANCED_FACE ( 'NONE', ( #951 ), #2277, .F. ) ;
#774 = VERTEX_POINT ( 'NONE', #208 ) ;
#775 = ORIENTED_EDGE ( 'NONE', *, *, #3969, .F. ) ;
#776 = DIRECTION ( 'NONE',  ( 0.000000000000000000, 1.000000000000000000, -0.000000000000000000 ) ) ;
#777 = DIRECTION ( 'NONE',  ( -0.000000000000000000, -1.000000000000000000, -0.000000000000000000 ) ) ;
#778 = CARTESIAN_POINT ( 'NONE',  ( -24.50000000000001066, 3.000000000000000000, 26.49999999999999289 ) ) ;
#779 = FACE_OUTER_BOUND ( 'NONE', #2852, .T. ) ;
#780 = VERTEX_POINT ( 'NONE', #3337 ) ;
#781 = DIRECTION ( 'NONE',  ( 0.000000000000000000, 1.000000000000000000, 0.000000000000000000 ) ) ;
#782 = DIRECTION ( 'NONE',  ( 0.000000000000000000, 0.000000000000000000, 1.000000000000000000 ) ) ;
#783 = EDGE_CURVE ( 'NONE', #2688, #1888, #619, .T. ) ;
#784 = AXIS2_PLACEMENT_3D ( 'NONE', #1334, #3642, #2696 ) ;
#785 = ORIENTED_EDGE ( 'NONE', *, *, #3680, .T. ) ;
#786 = ORIENTED_EDGE ( 'NONE', *, *, #4226, .T. ) ;
#787 = ADVANCED_FACE ( 'NONE', ( #3472 ), #704, .T. ) ;
#788 = DIRECTION ( 'NONE',  ( -0.000000000000000000, 1.000000000000000000, -0.000000000000000000 ) ) ;
#789 = CARTESIAN_POINT ( 'NONE',  ( 25.00000000000000711, 3.000000000000000000, -29.99999999999999645 ) ) ;
#790 = ORIENTED_EDGE ( 'NONE', *, *, #2221, .T. ) ;
#791 = CARTESIAN_POINT ( 'NONE',  ( -11.50000000000000000, 1.000000000000000000, -2.000000000000000000 ) ) ;
#792 = DIRECTION ( 'NONE',  ( -0.000000000000000000, 1.000000000000000000, -0.000000000000000000 ) ) ;
#793 = ORIENTED_EDGE ( 'NONE', *, *, #297, .T. ) ;
#794 = VERTEX_POINT ( 'NONE', #3051 ) ;
#795 = EDGE_CURVE ( 'NONE', #4090, #1822, #1479, .T. ) ;
#796 = DIRECTION ( 'NONE',  ( -3.154042683594193641E-15, 0.000000000000000000, 1.000000000000000000 ) ) ;
#797 = CARTESIAN_POINT ( 'NONE',  ( -19.85191411977123721, 3.000000000000000000, 0.6354346831441348709 ) ) ;
#798 = CARTESIAN_POINT ( 'NONE',  ( -11.50000000000000000, 3.000000000000000000, -2.000000000000000000 ) ) ;
#799 = PLANE ( 'NONE',  #119 ) ;
#800 = CARTESIAN_POINT ( 'NONE',  ( -11.67185684652424804, 1.000000000000000000, -22.99999999999999645 ) ) ;
#801 = VECTOR ( 'NONE', #4384, 1000.000000000000000 ) ;
#802 = CIRCLE ( 'NONE', #3812, 1.250000000000001110 ) ;
#803 = ORIENTED_EDGE ( 'NONE', *, *, #1150, .F. ) ;
#804 = DIRECTION ( 'NONE',  ( 0.000000000000000000, -1.000000000000000000, 0.000000000000000000 ) ) ;
#805 = ORIENTED_EDGE ( 'NONE', *, *, #980, .F. ) ;
#806 = VECTOR ( 'NONE', #4003, 1000.000000000000000 ) ;
#807 = ORIENTED_EDGE ( 'NONE', *, *, #1708, .T. ) ;
#808 = ORIENTED_EDGE ( 'NONE', *, *, #1425, .F. ) ;
#809 = DIRECTION ( 'NONE',  ( 0.000000000000000000, 1.000000000000000000, 0.000000000000000000 ) ) ;
#810 = CIRCLE ( 'NONE', #1661, 2.200000000000000622 ) ;
#811 = CIRCLE ( 'NONE', #2532, 2.999999999999999112 ) ;
#812 = EDGE_LOOP ( 'NONE', ( #1399, #3510 ) ) ;
#813 = AXIS2_PLACEMENT_3D ( 'NONE', #2568, #4209, #4280 ) ;
#814 = STYLED_ITEM ( 'NONE', ( #483 ), #553 ) ;
#815 = CARTESIAN_POINT ( 'NONE',  ( 16.00000000000001066, 3.000000000000000000, 27.75000000000000355 ) ) ;
#816 = DIRECTION ( 'NONE',  ( 0.000000000000000000, 0.000000000000000000, 1.000000000000000000 ) ) ;
#817 = CIRCLE ( 'NONE', #2323, 1.549999999999997380 ) ;
#818 = EDGE_CURVE ( 'NONE', #2666, #3911, #3693, .T. ) ;
#819 = AXIS2_PLACEMENT_3D ( 'NONE', #4257, #104, #1475 ) ;
#820 = EDGE_LOOP ( 'NONE', ( #4039, #2861 ) ) ;
#821 = ORIENTED_EDGE ( 'NONE', *, *, #108, .T. ) ;
#822 = CARTESIAN_POINT ( 'NONE',  ( -19.52449063271097884, 3.000000000000000000, 5.624702551290853947 ) ) ;
#823 = CARTESIAN_POINT ( 'NONE',  ( -19.85191411977123721, 1.200000000000000178, 0.6354346831441348709 ) ) ;
#824 = FACE_OUTER_BOUND ( 'NONE', #1569, .T. ) ;
#825 = CIRCLE ( 'NONE', #3688, 3.500000000000000444 ) ;
#826 = DIRECTION ( 'NONE',  ( -0.000000000000000000, 1.000000000000000000, -0.000000000000000000 ) ) ;
#827 = PLANE ( 'NONE',  #4223 ) ;
#828 = ADVANCED_FACE ( 'NONE', ( #1683 ), #1351, .F. ) ;
#829 = EDGE_LOOP ( 'NONE', ( #918, #786, #2437, #3329 ) ) ;
#830 = DIRECTION ( 'NONE',  ( 0.000000000000000000, 0.000000000000000000, 1.000000000000000000 ) ) ;
#831 = DIRECTION ( 'NONE',  ( 0.000000000000000000, 0.000000000000000000, 1.000000000000000000 ) ) ;
#832 = VERTEX_POINT ( 'NONE', #3818 ) ;
#833 = CIRCLE ( 'NONE', #1975, 2.200000000000000622 ) ;
#834 = ORIENTED_EDGE ( 'NONE', *, *, #650, .T. ) ;
#835 = ORIENTED_EDGE ( 'NONE', *, *, #3408, .F. ) ;
#836 = CARTESIAN_POINT ( 'NONE',  ( -24.50000000000001066, 0.000000000000000000, 26.49999999999999289 ) ) ;
#837 = CARTESIAN_POINT ( 'NONE',  ( -27.99999999999999645, 0.000000000000000000, -26.99999999999999645 ) ) ;
#838 = AXIS2_PLACEMENT_3D ( 'NONE', #2035, #286, #308 ) ;
#839 = ORIENTED_EDGE ( 'NONE', *, *, #1752, .F. ) ;
#840 = CARTESIAN_POINT ( 'NONE',  ( -20.11797752808989515, 1.000000000000000000, -10.06042575335432687 ) ) ;
#841 = ORIENTED_EDGE ( 'NONE', *, *, #33, .T. ) ;
#842 = ORIENTED_EDGE ( 'NONE', *, *, #1204, .T. ) ;
#843 = LINE ( 'NONE', #440, #884 ) ;
#844 = EDGE_CURVE ( 'NONE', #2997, #156, #2068, .T. ) ;
#845 = DIRECTION ( 'NONE',  ( 0.000000000000000000, -1.000000000000000000, 0.000000000000000000 ) ) ;
#846 = AXIS2_PLACEMENT_3D ( 'NONE', #1446, #2806, #1110 ) ;
#847 = ORIENTED_EDGE ( 'NONE', *, *, #3627, .F. ) ;
#848 = FACE_OUTER_BOUND ( 'NONE', #1206, .T. ) ;
#849 = AXIS2_PLACEMENT_3D ( 'NONE', #2151, #2173, #3261 ) ;
#850 = DIRECTION ( 'NONE',  ( -0.000000000000000000, 1.000000000000000000, -0.000000000000000000 ) ) ;
#851 = ADVANCED_FACE ( 'NONE', ( #1107 ), #1373, .F. ) ;
#852 = ORIENTED_EDGE ( 'NONE', *, *, #1714, .T. ) ;
#853 = ORIENTED_EDGE ( 'NONE', *, *, #225, .T. ) ;
#854 = EDGE_CURVE ( 'NONE', #3698, #4070, #3834, .T. ) ;
#855 = FACE_OUTER_BOUND ( 'NONE', #1278, .T. ) ;
#856 = LINE ( 'NONE', #768, #3599 ) ;
#857 = VECTOR ( 'NONE', #3710, 1000.000000000000000 ) ;
#858 = ORIENTED_EDGE ( 'NONE', *, *, #986, .F. ) ;
#859 = LINE ( 'NONE', #3914, #2309 ) ;
#860 = DIRECTION ( 'NONE',  ( 0.000000000000000000, 0.000000000000000000, 1.000000000000000000 ) ) ;
#861 = EDGE_LOOP ( 'NONE', ( #3362, #3002, #2838, #1977 ) ) ;
#862 = DIRECTION ( 'NONE',  ( 0.000000000000000000, 1.000000000000000000, 0.000000000000000000 ) ) ;
#863 = SURFACE_STYLE_FILL_AREA ( #4318 ) ;
#864 = CARTESIAN_POINT ( 'NONE',  ( -24.50000000000001066, 0.000000000000000000, -26.49999999999999289 ) ) ;
#865 = CARTESIAN_POINT ( 'NONE',  ( 25.00000000000000711, 0.000000000000000000, -29.99999999999999645 ) ) ;
#866 = DIRECTION ( 'NONE',  ( 0.000000000000000000, 0.000000000000000000, 1.000000000000000000 ) ) ;
#867 = EDGE_CURVE ( 'NONE', #2489, #2689, #1403, .T. ) ;
#868 = ORIENTED_EDGE ( 'NONE', *, *, #2240, .F. ) ;
#869 = LINE ( 'NONE', #1250, #530 ) ;
#870 = CARTESIAN_POINT ( 'NONE',  ( 19.30687755179502219, 1.000000000000000000, 7.450639550076109785 ) ) ;
#871 = ORIENTED_EDGE ( 'NONE', *, *, #421, .F. ) ;
#872 = AXIS2_PLACEMENT_3D ( 'NONE', #3210, #2833, #3826 ) ;
#873 = ORIENTED_EDGE ( 'NONE', *, *, #1457, .T. ) ;
#874 = CARTESIAN_POINT ( 'NONE',  ( 25.00000000000001066, -7.000000000000000000, 6.250000000000008882 ) ) ;
#875 =( NAMED_UNIT ( * ) SI_UNIT ( $, .STERADIAN. ) SOLID_ANGLE_UNIT ( ) );
#876 = AXIS2_PLACEMENT_3D ( 'NONE', #3981, #911, #2671 ) ;
#877 = DIRECTION ( 'NONE',  ( 0.000000000000000000, -1.000000000000000000, 0.000000000000000000 ) ) ;
#878 = EDGE_CURVE ( 'NONE', #3790, #1822, #4428, .T. ) ;
#879 = ORIENTED_EDGE ( 'NONE', *, *, #1505, .T. ) ;
#880 = AXIS2_PLACEMENT_3D ( 'NONE', #3513, #3882, #2511 ) ;
#881 = FACE_BOUND ( 'NONE', #1099, .T. ) ;
#882 = CIRCLE ( 'NONE', #599, 1.250000000000001110 ) ;
#883 = CARTESIAN_POINT ( 'NONE',  ( 8.904074921583314151, 3.000000000000000000, -20.89999999999999503 ) ) ;
#884 = VECTOR ( 'NONE', #2834, 1000.000000000000000 ) ;
#885 = AXIS2_PLACEMENT_3D ( 'NONE', #2743, #2808, #4180 ) ;
#886 = EDGE_LOOP ( 'NONE', ( #2983, #179 ) ) ;
#887 = DIRECTION ( 'NONE',  ( -0.000000000000000000, -1.000000000000000000, -0.000000000000000000 ) ) ;
#888 = FACE_OUTER_BOUND ( 'NONE', #258, .T. ) ;
#889 = DIRECTION ( 'NONE',  ( 0.000000000000000000, 1.000000000000000000, 0.000000000000000000 ) ) ;
#890 = DIRECTION ( 'NONE',  ( 0.000000000000000000, -1.000000000000000000, 0.000000000000000000 ) ) ;
#891 = AXIS2_PLACEMENT_3D ( 'NONE', #4396, #3391, #1434 ) ;
#892 = AXIS2_PLACEMENT_3D ( 'NONE', #2943, #1967, #2907 ) ;
#893 = CARTESIAN_POINT ( 'NONE',  ( -24.50000000000001066, 0.000000000000000000, -28.09999999999999432 ) ) ;
#894 = DIRECTION ( 'NONE',  ( 0.000000000000000000, 1.000000000000000000, -0.000000000000000000 ) ) ;
#895 = CYLINDRICAL_SURFACE ( 'NONE', #67, 1.550000000000000933 ) ;
#896 = EDGE_CURVE ( 'NONE', #1927, #794, #2737, .T. ) ;
#897 = ORIENTED_EDGE ( 'NONE', *, *, #3352, .T. ) ;
#898 = ORIENTED_EDGE ( 'NONE', *, *, #3070, .F. ) ;
#899 = DIRECTION ( 'NONE',  ( 0.000000000000000000, 0.000000000000000000, 1.000000000000000000 ) ) ;
#900 = CARTESIAN_POINT ( 'NONE',  ( -18.87079823077861462, 3.000000000000000000, -20.67653767347957583 ) ) ;
#901 = VECTOR ( 'NONE', #3750, 1000.000000000000000 ) ;
#902 = ADVANCED_FACE ( 'NONE', ( #1755 ), #3401, .F. ) ;
#903 = VERTEX_POINT ( 'NONE', #366 ) ;
#904 = CARTESIAN_POINT ( 'NONE',  ( 28.00000000000000355, 3.000000000000000000, -29.99999999999999645 ) ) ;
#905 = CIRCLE ( 'NONE', #762, 10.25000000000000000 ) ;
#906 = EDGE_CURVE ( 'NONE', #3023, #672, #1240, .T. ) ;
#907 = LINE ( 'NONE', #3028, #2472 ) ;
#908 = AXIS2_PLACEMENT_3D ( 'NONE', #85, #2793, #1455 ) ;
#909 = ORIENTED_EDGE ( 'NONE', *, *, #4331, .T. ) ;
#910 = DIRECTION ( 'NONE',  ( -0.000000000000000000, 1.000000000000000000, -0.000000000000000000 ) ) ;
#911 = DIRECTION ( 'NONE',  ( 0.000000000000000000, 1.000000000000000000, -0.000000000000000000 ) ) ;
#912 = DIRECTION ( 'NONE',  ( 0.000000000000000000, 0.000000000000000000, 1.000000000000000000 ) ) ;
#913 = UNCERTAINTY_MEASURE_WITH_UNIT (LENGTH_MEASURE( 1.000000000000000082E-05 ), #4230, 'distance_accuracy_value', 'NONE');
#914 = CARTESIAN_POINT ( 'NONE',  ( 2.000000000000000444, 1.000000000000000000, -2.948561061553105938E-16 ) ) ;
#915 = CARTESIAN_POINT ( 'NONE',  ( -19.85191411977123721, 1.200000000000000178, 0.6354346831441348709 ) ) ;
#916 = DIRECTION ( 'NONE',  ( 0.000000000000000000, 0.000000000000000000, 1.000000000000000000 ) ) ;
#917 = DIRECTION ( 'NONE',  ( 0.000000000000000000, 1.000000000000000000, 0.000000000000000000 ) ) ;
#918 = ORIENTED_EDGE ( 'NONE', *, *, #2488, .T. ) ;
#919 = AXIS2_PLACEMENT_3D ( 'NONE', #1471, #2828, #2117 ) ;
#920 = EDGE_CURVE ( 'NONE', #4061, #1374, #4323, .T. ) ;
#921 = ORIENTED_EDGE ( 'NONE', *, *, #958, .T. ) ;
#922 = CARTESIAN_POINT ( 'NONE',  ( 0.9999999999999985567, 0.000000000000000000, -19.66063228481487002 ) ) ;
#923 = SURFACE_STYLE_FILL_AREA ( #3994 ) ;
#924 = VERTEX_POINT ( 'NONE', #2091 ) ;
#925 = VERTEX_POINT ( 'NONE', #4112 ) ;
#926 = ADVANCED_FACE ( 'NONE', ( #3095 ), #2803, .F. ) ;
#927 = DIRECTION ( 'NONE',  ( -0.000000000000000000, 1.000000000000000000, -0.000000000000000000 ) ) ;
#928 = DIRECTION ( 'NONE',  ( 0.000000000000000000, 1.000000000000000000, -0.000000000000000000 ) ) ;
#929 = AXIS2_PLACEMENT_3D ( 'NONE', #1288, #3691, #3055 ) ;
#930 = ADVANCED_FACE ( 'NONE', ( #55 ), #2431, .F. ) ;
#931 = ORIENTED_EDGE ( 'NONE', *, *, #1006, .F. ) ;
#932 = DIRECTION ( 'NONE',  ( -0.000000000000000000, -1.000000000000000000, -0.000000000000000000 ) ) ;
#933 = CARTESIAN_POINT ( 'NONE',  ( -11.42019168543659724, 1.000000000000000000, -7.999469195931133036 ) ) ;
#934 = FACE_OUTER_BOUND ( 'NONE', #2811, .T. ) ;
#935 = DIRECTION ( 'NONE',  ( 0.000000000000000000, 0.000000000000000000, 1.000000000000000000 ) ) ;
#936 = EDGE_CURVE ( 'NONE', #925, #1602, #724, .T. ) ;
#937 =( NAMED_UNIT ( * ) PLANE_ANGLE_UNIT ( ) SI_UNIT ( $, .RADIAN. ) );
#938 = LINE ( 'NONE', #1566, #1356 ) ;
#939 = FILL_AREA_STYLE ('',( #4010 ) ) ;
#940 = CYLINDRICAL_SURFACE ( 'NONE', #838, 2.200000000000000622 ) ;
#941 = ORIENTED_EDGE ( 'NONE', *, *, #3973, .T. ) ;
#942 = ORIENTED_EDGE ( 'NONE', *, *, #1746, .F. ) ;
#943 = DIRECTION ( 'NONE',  ( 0.000000000000000000, 0.000000000000000000, 1.000000000000000000 ) ) ;
#944 = CIRCLE ( 'NONE', #1520, 2.200000000000000622 ) ;
#945 = CIRCLE ( 'NONE', #514, 3.499999999999999556 ) ;
#946 = ORIENTED_EDGE ( 'NONE', *, *, #2905, .F. ) ;
#947 = ORIENTED_EDGE ( 'NONE', *, *, #468, .F. ) ;
#948 = CIRCLE ( 'NONE', #1733, 2.200000000000000622 ) ;
#949 = CIRCLE ( 'NONE', #4026, 2.200000000000000622 ) ;
#950 = FACE_OUTER_BOUND ( 'NONE', #1363, .T. ) ;
#951 = FACE_OUTER_BOUND ( 'NONE', #3702, .T. ) ;
#952 = ADVANCED_FACE ( 'NONE', ( #1886 ), #184, .F. ) ;
#953 = AXIS2_PLACEMENT_3D ( 'NONE', #904, #3656, #590 ) ;
#954 = CARTESIAN_POINT ( 'NONE',  ( -19.94572808684069187, 1.000000000000000000, -6.563954106161710378 ) ) ;
#955 = DIRECTION ( 'NONE',  ( 0.000000000000000000, 0.000000000000000000, 1.000000000000000000 ) ) ;
#956 = CARTESIAN_POINT ( 'NONE',  ( 0.9999999999999974465, 3.000000000000000000, -11.41063228481487002 ) ) ;
#957 = VECTOR ( 'NONE', #3837, 1000.000000000000000 ) ;
#958 = EDGE_CURVE ( 'NONE', #2233, #3214, #1215, .T. ) ;
#959 = ORIENTED_EDGE ( 'NONE', *, *, #1043, .T. ) ;
#960 = CYLINDRICAL_SURFACE ( 'NONE', #1487, 1.250000000000001110 ) ;
#961 = DIRECTION ( 'NONE',  ( 1.474280530776552476E-16, 0.000000000000000000, 1.000000000000000000 ) ) ;
#962 = CIRCLE ( 'NONE', #3457, 1.549999999999995826 ) ;
#963 = DIRECTION ( 'NONE',  ( 0.000000000000000000, 0.000000000000000000, 1.000000000000000000 ) ) ;
#964 = EDGE_LOOP ( 'NONE', ( #2780, #729, #2463, #1169 ) ) ;
#965 = AXIS2_PLACEMENT_3D ( 'NONE', #1610, #2242, #3601 ) ;
#966 = VERTEX_POINT ( 'NONE', #2825 ) ;
#967 = LINE ( 'NONE', #2332, #3881 ) ;
#968 = APPLICATION_PROTOCOL_DEFINITION ( 'draft international standard', 'automotive_design', 1998, #3936 ) ;
#969 = ORIENTED_EDGE ( 'NONE', *, *, #4343, .T. ) ;
#970 = VERTEX_POINT ( 'NONE', #1554 ) ;
#971 = FACE_OUTER_BOUND ( 'NONE', #4333, .T. ) ;
#972 = DIRECTION ( 'NONE',  ( 0.000000000000000000, 1.000000000000000000, -0.000000000000000000 ) ) ;
#973 = VECTOR ( 'NONE', #3780, 1000.000000000000000 ) ;
#974 = EDGE_CURVE ( 'NONE', #3458, #1550, #1389, .T. ) ;
#975 = DIRECTION ( 'NONE',  ( 0.000000000000000000, 0.000000000000000000, 1.000000000000000000 ) ) ;
#976 = DIRECTION ( 'NONE',  ( 0.000000000000000000, 0.000000000000000000, 1.000000000000000000 ) ) ;
#977 = CARTESIAN_POINT ( 'NONE',  ( -18.87079823077861462, 3.000000000000000000, -20.67653767347957583 ) ) ;
#978 = ORIENTED_EDGE ( 'NONE', *, *, #3416, .F. ) ;
#979 = AXIS2_PLACEMENT_3D ( 'NONE', #3371, #4150, #3045 ) ;
#980 = EDGE_CURVE ( 'NONE', #1507, #3808, #3201, .T. ) ;
#981 = DIRECTION ( 'NONE',  ( 0.000000000000000000, 1.000000000000000000, -0.000000000000000000 ) ) ;
#982 = DIRECTION ( 'NONE',  ( -0.000000000000000000, 1.000000000000000000, -0.000000000000000000 ) ) ;
#983 =( LENGTH_UNIT ( ) NAMED_UNIT ( * ) SI_UNIT ( .MILLI., .METRE. ) );
#984 = CARTESIAN_POINT ( 'NONE',  ( 18.77265053920576676, 3.000000000000000000, 18.12513639923668407 ) ) ;
#985 = VERTEX_POINT ( 'NONE', #3860 ) ;
#986 = EDGE_CURVE ( 'NONE', #1320, #120, #856, .T. ) ;
#987 = ORIENTED_EDGE ( 'NONE', *, *, #2132, .F. ) ;
#988 = CARTESIAN_POINT ( 'NONE',  ( 21.47381247794559656, 1.000000000000000000, 7.070648726727968736 ) ) ;
#989 = CIRCLE ( 'NONE', #1346, 5.000000000000000888 ) ;
#990 = ORIENTED_EDGE ( 'NONE', *, *, #682, .F. ) ;
#991 = ORIENTED_EDGE ( 'NONE', *, *, #3531, .F. ) ;
#992 = EDGE_CURVE ( 'NONE', #2365, #2666, #1817, .T. ) ;
#993 = FACE_BOUND ( 'NONE', #820, .T. ) ;
#994 = FACE_OUTER_BOUND ( 'NONE', #3, .T. ) ;
#995 = LINE ( 'NONE', #411, #3446 ) ;
#996 =( NAMED_UNIT ( * ) SI_UNIT ( $, .STERADIAN. ) SOLID_ANGLE_UNIT ( ) );
#997 = CARTESIAN_POINT ( 'NONE',  ( -18.40788475374043642, 1.000000000000000000, -6.418272086352359906 ) ) ;
#998 = AXIS2_PLACEMENT_3D ( 'NONE', #1646, #2967, #935 ) ;
#999 = ORIENTED_EDGE ( 'NONE', *, *, #3243, .F. ) ;
#1000 = EDGE_LOOP ( 'NONE', ( #273, #1041, #4265, #1767 ) ) ;
#1001 = LINE ( 'NONE', #1740, #221 ) ;
#1002 = FACE_OUTER_BOUND ( 'NONE', #1074, .T. ) ;
#1003 = CYLINDRICAL_SURFACE ( 'NONE', #3900, 5.000000000000000888 ) ;
#1004 = CARTESIAN_POINT ( 'NONE',  ( -11.42019168543659546, 1.000000000000000000, 3.999469195931133481 ) ) ;
#1005 = ORIENTED_EDGE ( 'NONE', *, *, #1965, .F. ) ;
#1006 = EDGE_CURVE ( 'NONE', #557, #4014, #1309, .T. ) ;
#1007 = ORIENTED_EDGE ( 'NONE', *, *, #1449, .T. ) ;
#1008 = CARTESIAN_POINT ( 'NONE',  ( -19.85191411977123721, 3.000000000000000000, 0.6354346831441348709 ) ) ;
#1009 = LINE ( 'NONE', #2013, #4388 ) ;
#1010 = EDGE_CURVE ( 'NONE', #3182, #3458, #2741, .T. ) ;
#1011 = EDGE_LOOP ( 'NONE', ( #1893, #2929, #476, #3800 ) ) ;
#1012 = ORIENTED_EDGE ( 'NONE', *, *, #3777, .T. ) ;
#1013 = CARTESIAN_POINT ( 'NONE',  ( 25.00000000000001066, 3.000000000000000000, 3.750000000000006661 ) ) ;
#1014 = DIRECTION ( 'NONE',  ( -0.000000000000000000, 1.000000000000000000, -0.000000000000000000 ) ) ;
#1015 = EDGE_CURVE ( 'NONE', #2233, #3733, #2952, .T. ) ;
#1016 = ORIENTED_EDGE ( 'NONE', *, *, #1971, .T. ) ;
#1017 = AXIS2_PLACEMENT_3D ( 'NONE', #4208, #399, #1825 ) ;
#1018 =( GEOMETRIC_REPRESENTATION_CONTEXT ( 3 ) GLOBAL_UNCERTAINTY_ASSIGNED_CONTEXT ( ( #4340 ) ) GLOBAL_UNIT_ASSIGNED_CONTEXT ( ( #2427, #3021, #1920 ) ) REPRESENTATION_CONTEXT ( 'NONE', 'WORKASPACE' ) );
#1019 = SURFACE_STYLE_FILL_AREA ( #368 ) ;
#1020 = DIRECTION ( 'NONE',  ( 0.000000000000000000, 0.000000000000000000, 1.000000000000000000 ) ) ;
#1021 = DIRECTION ( 'NONE',  ( 0.000000000000000000, 0.000000000000000000, 1.000000000000000000 ) ) ;
#1022 = CIRCLE ( 'NONE', #592, 1.600000000000000755 ) ;
#1023 = EDGE_LOOP ( 'NONE', ( #1120, #3019, #2004, #1012 ) ) ;
#1024 = ORIENTED_EDGE ( 'NONE', *, *, #1632, .F. ) ;
#1025 = DIRECTION ( 'NONE',  ( 0.000000000000000000, 1.000000000000000000, 0.000000000000000000 ) ) ;
#1026 = DIRECTION ( 'NONE',  ( 1.156482317317871478E-16, 0.000000000000000000, 1.000000000000000000 ) ) ;
#1027 = CARTESIAN_POINT ( 'NONE',  ( 16.00000000000001066, 3.000000000000000000, -27.74999999999999289 ) ) ;
#1028 = VECTOR ( 'NONE', #2382, 1000.000000000000000 ) ;
#1029 = FACE_BOUND ( 'NONE', #1053, .T. ) ;
#1030 = AXIS2_PLACEMENT_3D ( 'NONE', #142, #2866, #4247 ) ;
#1031 = ORIENTED_EDGE ( 'NONE', *, *, #91, .F. ) ;
#1032 = AXIS2_PLACEMENT_3D ( 'NONE', #2194, #3554, #489 ) ;
#1033 = VERTEX_POINT ( 'NONE', #2185 ) ;
#1034 = CARTESIAN_POINT ( 'NONE',  ( 8.904074921583314151, 1.000000000000000000, -20.89999999999999503 ) ) ;
#1035 = CIRCLE ( 'NONE', #3530, 5.000000000000000888 ) ;
#1036 = EDGE_CURVE ( 'NONE', #1556, #1320, #3376, .T. ) ;
#1037 =( LENGTH_UNIT ( ) NAMED_UNIT ( * ) SI_UNIT ( .MILLI., .METRE. ) );
#1038 = AXIS2_PLACEMENT_3D ( 'NONE', #3987, #1317, #269 ) ;
#1039 = AXIS2_PLACEMENT_3D ( 'NONE', #3848, #1784, #3552 ) ;
#1040 = ORIENTED_EDGE ( 'NONE', *, *, #4053, .T. ) ;
#1041 = ORIENTED_EDGE ( 'NONE', *, *, #492, .T. ) ;
#1042 = VECTOR ( 'NONE', #1715, 1000.000000000000000 ) ;
#1043 = EDGE_CURVE ( 'NONE', #1052, #720, #4178, .T. ) ;
#1044 = DIRECTION ( 'NONE',  ( 0.000000000000000000, 1.000000000000000000, -0.000000000000000000 ) ) ;
#1045 = DIRECTION ( 'NONE',  ( 0.000000000000000000, -1.000000000000000000, 0.000000000000000000 ) ) ;
#1046 = EDGE_LOOP ( 'NONE', ( #206, #2142 ) ) ;
#1047 = EDGE_CURVE ( 'NONE', #4017, #4235, #1172, .T. ) ;
#1048 = CARTESIAN_POINT ( 'NONE',  ( -19.85191411977123721, 0.000000000000000000, -0.9145653168558663948 ) ) ;
#1049 = FACE_OUTER_BOUND ( 'NONE', #1198, .T. ) ;
#1050 = DIRECTION ( 'NONE',  ( -0.000000000000000000, 1.000000000000000000, -0.000000000000000000 ) ) ;
#1051 = CIRCLE ( 'NONE', #3178, 9.000000000000000000 ) ;
#1052 = VERTEX_POINT ( 'NONE', #837 ) ;
#1053 = EDGE_LOOP ( 'NONE', ( #2133, #752 ) ) ;
#1054 = CARTESIAN_POINT ( 'NONE',  ( 24.50000000000001066, 0.000000000000000000, -28.09999999999999432 ) ) ;
#1055 = CARTESIAN_POINT ( 'NONE',  ( -19.38042429840446346, 1.000000000000000000, 7.819980413275407827 ) ) ;
#1056 = DIRECTION ( 'NONE',  ( 0.000000000000000000, 0.000000000000000000, -1.000000000000000000 ) ) ;
#1057 = DIRECTION ( 'NONE',  ( -0.000000000000000000, 1.000000000000000000, -0.000000000000000000 ) ) ;
#1058 = AXIS2_PLACEMENT_3D ( 'NONE', #1008, #4236, #2820 ) ;
#1059 = EDGE_LOOP ( 'NONE', ( #203, #4413, #1089, #3768 ) ) ;
#1060 = ORIENTED_EDGE ( 'NONE', *, *, #4283, .T. ) ;
#1061 = DIRECTION ( 'NONE',  ( 0.000000000000000000, 0.000000000000000000, 1.000000000000000000 ) ) ;
#1062 = PRESENTATION_LAYER_ASSIGNMENT (  '', '', ( #2981 ) ) ;
#1063 = ORIENTED_EDGE ( 'NONE', *, *, #1863, .F. ) ;
#1064 = FACE_BOUND ( 'NONE', #1383, .T. ) ;
#1065 = CARTESIAN_POINT ( 'NONE',  ( 19.75643666535215104, 1.000000000000000000, 2.729511331665569696 ) ) ;
#1066 = STYLED_ITEM ( 'NONE', ( #4045 ), #2698 ) ;
#1067 = ORIENTED_EDGE ( 'NONE', *, *, #1210, .F. ) ;
#1068 = EDGE_CURVE ( 'NONE', #276, #359, #882, .T. ) ;
#1069 = CIRCLE ( 'NONE', #3932, 2.200000000000000622 ) ;
#1070 = DIRECTION ( 'NONE',  ( 0.000000000000000000, 1.000000000000000000, 0.000000000000000000 ) ) ;
#1071 = CYLINDRICAL_SURFACE ( 'NONE', #491, 1.999999999999998224 ) ;
#1072 = CARTESIAN_POINT ( 'NONE',  ( 21.44398810582571002, 1.000000000000000000, 5.185431606114591752 ) ) ;
#1073 = EDGE_CURVE ( 'NONE', #3090, #1727, #540, .T. ) ;
#1074 = EDGE_LOOP ( 'NONE', ( #1416, #1140, #1367, #646 ) ) ;
#1075 = DIRECTION ( 'NONE',  ( -0.000000000000000000, 1.000000000000000000, -0.000000000000000000 ) ) ;
#1076 = CARTESIAN_POINT ( 'NONE',  ( 17.10072011364086464, 1.000000000000000000, 1.789318342571107223 ) ) ;
#1077 = FACE_OUTER_BOUND ( 'NONE', #4167, .T. ) ;
#1078 = CARTESIAN_POINT ( 'NONE',  ( 18.50000000000000000, 1.000000000000000000, -14.15894732285653035 ) ) ;
#1079 = CIRCLE ( 'NONE', #3719, 8.250000000000000000 ) ;
#1080 = ORIENTED_EDGE ( 'NONE', *, *, #3219, .F. ) ;
#1081 = ORIENTED_EDGE ( 'NONE', *, *, #1364, .T. ) ;
#1082 = DIRECTION ( 'NONE',  ( -0.000000000000000000, -1.000000000000000000, -0.000000000000000000 ) ) ;
#1083 = ORIENTED_EDGE ( 'NONE', *, *, #2018, .T. ) ;
#1084 = CARTESIAN_POINT ( 'NONE',  ( 18.25268842721073170, 3.000000000000000000, 2.115026741850717151 ) ) ;
#1085 = DIRECTION ( 'NONE',  ( 0.000000000000000000, 0.000000000000000000, 1.000000000000000000 ) ) ;
#1086 = CARTESIAN_POINT ( 'NONE',  ( -11.50000000000000000, 1.000000000000000000, -2.000000000000000000 ) ) ;
#1087 = CIRCLE ( 'NONE', #3660, 1.250000000000001110 ) ;
#1088 = ORIENTED_EDGE ( 'NONE', *, *, #2623, .T. ) ;
#1089 = ORIENTED_EDGE ( 'NONE', *, *, #4046, .F. ) ;
#1090 = CARTESIAN_POINT ( 'NONE',  ( -23.00000000000001066, 3.000000000000000000, -14.99999999999999645 ) ) ;
#1091 = FACE_OUTER_BOUND ( 'NONE', #2662, .T. ) ;
#1092 = AXIS2_PLACEMENT_3D ( 'NONE', #2039, #4057, #4402 ) ;
#1093 =( NAMED_UNIT ( * ) SI_UNIT ( $, .STERADIAN. ) SOLID_ANGLE_UNIT ( ) );
#1094 = CARTESIAN_POINT ( 'NONE',  ( 20.87079823077861107, 1.000000000000000000, -2.144726896150167761 ) ) ;
#1095 = EDGE_CURVE ( 'NONE', #1907, #3522, #3610, .T. ) ;
#1096 = CIRCLE ( 'NONE', #3230, 2.200000000000000622 ) ;
#1097 = ORIENTED_EDGE ( 'NONE', *, *, #1402, .F. ) ;
#1098 = AXIS2_PLACEMENT_3D ( 'NONE', #3176, #1170, #767 ) ;
#1099 = EDGE_LOOP ( 'NONE', ( #2719, #4222 ) ) ;
#1100 = CARTESIAN_POINT ( 'NONE',  ( -11.50000000000000000, 1.000000000000000000, -2.000000000000000000 ) ) ;
#1101 = DIRECTION ( 'NONE',  ( 0.000000000000000000, 0.000000000000000000, 1.000000000000000000 ) ) ;
#1102 = ADVANCED_FACE ( 'NONE', ( #215 ), #153, .F. ) ;
#1103 = ORIENTED_EDGE ( 'NONE', *, *, #2296, .T. ) ;
#1104 = EDGE_CURVE ( 'NONE', #2577, #985, #3943, .T. ) ;
#1105 = DIRECTION ( 'NONE',  ( 0.000000000000000000, 1.000000000000000000, 0.000000000000000000 ) ) ;
#1106 = VECTOR ( 'NONE', #1786, 1000.000000000000000 ) ;
#1107 = FACE_OUTER_BOUND ( 'NONE', #4082, .T. ) ;
#1108 = CIRCLE ( 'NONE', #2822, 2.200000000000000622 ) ;
#1109 = DIRECTION ( 'NONE',  ( 0.000000000000000000, 0.000000000000000000, 1.000000000000000000 ) ) ;
#1110 = DIRECTION ( 'NONE',  ( 0.000000000000000000, 0.000000000000000000, 1.000000000000000000 ) ) ;
#1111 = DIRECTION ( 'NONE',  ( -0.000000000000000000, 1.000000000000000000, -0.000000000000000000 ) ) ;
#1112 = ORIENTED_EDGE ( 'NONE', *, *, #3448, .T. ) ;
#1113 = EDGE_CURVE ( 'NONE', #2246, #2365, #811, .T. ) ;
#1114 = VERTEX_POINT ( 'NONE', #1854 ) ;
#1115 =( NAMED_UNIT ( * ) PLANE_ANGLE_UNIT ( ) SI_UNIT ( $, .RADIAN. ) );
#1116 = CARTESIAN_POINT ( 'NONE',  ( -19.85191411977123721, 1.200000000000000178, 4.135434683144135093 ) ) ;
#1117 = FACE_OUTER_BOUND ( 'NONE', #1289, .T. ) ;
#1118 = AXIS2_PLACEMENT_3D ( 'NONE', #2317, #3271, #3290 ) ;
#1119 = EDGE_CURVE ( 'NONE', #2042, #1707, #2025, .T. ) ;
#1120 = ORIENTED_EDGE ( 'NONE', *, *, #2783, .F. ) ;
#1121 = AXIS2_PLACEMENT_3D ( 'NONE', #59, #39, #414 ) ;
#1122 = DIRECTION ( 'NONE',  ( 0.000000000000000000, 0.000000000000000000, 1.000000000000000000 ) ) ;
#1123 = AXIS2_PLACEMENT_3D ( 'NONE', #1673, #1697, #4074 ) ;
#1124 = EDGE_CURVE ( 'NONE', #3924, #2310, #3572, .T. ) ;
#1125 = ORIENTED_EDGE ( 'NONE', *, *, #4133, .F. ) ;
#1126 = AXIS2_PLACEMENT_3D ( 'NONE', #2261, #3576, #3212 ) ;
#1127 = AXIS2_PLACEMENT_3D ( 'NONE', #4373, #1291, #2264 ) ;
#1128 = CARTESIAN_POINT ( 'NONE',  ( -16.00000000000001066, 0.000000000000000000, -27.74999999999999289 ) ) ;
#1129 = CARTESIAN_POINT ( 'NONE',  ( -11.39092863676334844, 1.000000000000000000, 6.199274567772547151 ) ) ;
#1130 = CARTESIAN_POINT ( 'NONE',  ( -23.00000000000001066, 0.000000000000000000, -16.24999999999999645 ) ) ;
#1131 = FILL_AREA_STYLE_COLOUR ( '', #1134 ) ;
#1132 = DIRECTION ( 'NONE',  ( 0.000000000000000000, 0.000000000000000000, 1.000000000000000000 ) ) ;
#1133 = ORIENTED_EDGE ( 'NONE', *, *, #3835, .F. ) ;
#1134 = COLOUR_RGB ( '',1.000000000000000000, 1.000000000000000000, 1.000000000000000000 ) ;
#1135 = ORIENTED_EDGE ( 'NONE', *, *, #2987, .F. ) ;
#1136 = CARTESIAN_POINT ( 'NONE',  ( 14.50000000000000000, 3.000000000000000000, 13.71623364550171154 ) ) ;
#1137 = CARTESIAN_POINT ( 'NONE',  ( -16.00000000000001066, 3.000000000000000000, -26.49999999999999289 ) ) ;
#1138 = CYLINDRICAL_SURFACE ( 'NONE', #3311, 1.600000000000000755 ) ;
#1139 = DIRECTION ( 'NONE',  ( 1.000000000000000000, 0.000000000000000000, -0.000000000000000000 ) ) ;
#1140 = ORIENTED_EDGE ( 'NONE', *, *, #844, .T. ) ;
#1141 = SURFACE_STYLE_USAGE ( .BOTH. , #2200 ) ;
#1142 = CARTESIAN_POINT ( 'NONE',  ( -16.55454981981007734, 1.000000000000000000, -5.232882014404165893 ) ) ;
#1143 = DIRECTION ( 'NONE',  ( 1.000000000000000000, 0.000000000000000000, 0.000000000000000000 ) ) ;
#1144 = ADVANCED_FACE ( 'NONE', ( #3277 ), #1581, .F. ) ;
#1145 = ORIENTED_EDGE ( 'NONE', *, *, #3977, .F. ) ;
#1146 = VECTOR ( 'NONE', #174, 1000.000000000000000 ) ;
#1147 = EDGE_LOOP ( 'NONE', ( #1655, #62, #3431, #4382, #2029, #2626, #3218, #473, #696, #1781, #3745, #2796, #3426, #1527, #2051, #3757 ) ) ;
#1148 = ORIENTED_EDGE ( 'NONE', *, *, #2788, .T. ) ;
#1149 = CARTESIAN_POINT ( 'NONE',  ( 21.85191411977124432, 0.000000000000000000, 14.18582988648560494 ) ) ;
#1150 = EDGE_CURVE ( 'NONE', #1508, #4420, #1223, .T. ) ;
#1151 = DIRECTION ( 'NONE',  ( -0.000000000000000000, -1.000000000000000000, -0.000000000000000000 ) ) ;
#1152 = ORIENTED_EDGE ( 'NONE', *, *, #4424, .T. ) ;
#1153 = DIRECTION ( 'NONE',  ( -0.000000000000000000, 1.000000000000000000, -0.000000000000000000 ) ) ;
#1154 = EDGE_CURVE ( 'NONE', #924, #1431, #3556, .T. ) ;
#1155 = CARTESIAN_POINT ( 'NONE',  ( -18.87079823077861462, 0.000000000000000000, -19.12653767347957867 ) ) ;
#1156 = VERTEX_POINT ( 'NONE', #1830 ) ;
#1157 = ORIENTED_EDGE ( 'NONE', *, *, #431, .T. ) ;
#1158 = FACE_OUTER_BOUND ( 'NONE', #1173, .T. ) ;
#1159 = CARTESIAN_POINT ( 'NONE',  ( -18.84911594891651276, 1.000000000000000000, -4.262972795672875570 ) ) ;
#1160 = CIRCLE ( 'NONE', #872, 1.250000000000001110 ) ;
#1161 = DIRECTION ( 'NONE',  ( 0.000000000000000000, 0.000000000000000000, 1.000000000000000000 ) ) ;
#1162 = CIRCLE ( 'NONE', #1720, 6.000000000000000888 ) ;
#1163 = ORIENTED_EDGE ( 'NONE', *, *, #2147, .T. ) ;
#1164 = CARTESIAN_POINT ( 'NONE',  ( -11.50000000000000000, 3.000000000000000000, 23.00000000000000711 ) ) ;
#1165 =( LENGTH_UNIT ( ) NAMED_UNIT ( * ) SI_UNIT ( .MILLI., .METRE. ) );
#1166 = ORIENTED_EDGE ( 'NONE', *, *, #3539, .T. ) ;
#1167 = VECTOR ( 'NONE', #3157, 1000.000000000000000 ) ;
#1168 = ORIENTED_EDGE ( 'NONE', *, *, #3993, .F. ) ;
#1169 = ORIENTED_EDGE ( 'NONE', *, *, #3815, .F. ) ;
#1170 = DIRECTION ( 'NONE',  ( 0.000000000000000000, 1.000000000000000000, -0.000000000000000000 ) ) ;
#1171 = AXIS2_PLACEMENT_3D ( 'NONE', #1509, #408, #1862 ) ;
#1172 = LINE ( 'NONE', #2541, #309 ) ;
#1173 = EDGE_LOOP ( 'NONE', ( #793, #2496, #942, #2432 ) ) ;
#1174 = ADVANCED_FACE ( 'NONE', ( #2262 ), #1564, .T. ) ;
#1175 = VECTOR ( 'NONE', #2145, 1000.000000000000000 ) ;
#1176 = DIRECTION ( 'NONE',  ( -0.000000000000000000, -1.000000000000000000, -0.000000000000000000 ) ) ;
#1177 = CARTESIAN_POINT ( 'NONE',  ( -24.50000000000001066, 3.000000000000000000, -24.89999999999999147 ) ) ;
#1178 = VECTOR ( 'NONE', #1207, 1000.000000000000000 ) ;
#1179 = AXIS2_PLACEMENT_3D ( 'NONE', #1803, #2900, #796 ) ;
#1180 = ORIENTED_EDGE ( 'NONE', *, *, #3029, .T. ) ;
#1181 = ADVANCED_FACE ( 'NONE', ( #1899 ), #1203, .F. ) ;
#1182 = ORIENTED_EDGE ( 'NONE', *, *, #1263, .F. ) ;
#1183 = CARTESIAN_POINT ( 'NONE',  ( 0.000000000000000000, 3.000000000000000000, -22.99999999999999645 ) ) ;
#1184 = CARTESIAN_POINT ( 'NONE',  ( -16.00000000000001066, -4.242640687119289211, 25.25000000000000000 ) ) ;
#1185 = LINE ( 'NONE', #3922, #4152 ) ;
#1186 = ORIENTED_EDGE ( 'NONE', *, *, #1684, .T. ) ;
#1187 = CARTESIAN_POINT ( 'NONE',  ( -4.199999999999996625, 1.000000000000000000, 19.59976851727814662 ) ) ;
#1188 = DIRECTION ( 'NONE',  ( 0.000000000000000000, 0.000000000000000000, 1.000000000000000000 ) ) ;
#1189 = VERTEX_POINT ( 'NONE', #552 ) ;
#1190 = AXIS2_PLACEMENT_3D ( 'NONE', #2763, #410, #1731 ) ;
#1191 = ORIENTED_EDGE ( 'NONE', *, *, #2361, .T. ) ;
#1192 = DIRECTION ( 'NONE',  ( 0.000000000000000000, 1.000000000000000000, 0.000000000000000000 ) ) ;
#1193 = PRESENTATION_STYLE_ASSIGNMENT (( #3883 ) ) ;
#1194 = VECTOR ( 'NONE', #1439, 1000.000000000000000 ) ;
#1195 = ORIENTED_EDGE ( 'NONE', *, *, #3565, .T. ) ;
#1196 = DIRECTION ( 'NONE',  ( 0.000000000000000000, 0.000000000000000000, 1.000000000000000000 ) ) ;
#1197 = EDGE_CURVE ( 'NONE', #1220, #2016, #1572, .T. ) ;
#1198 = EDGE_LOOP ( 'NONE', ( #2745, #462, #168, #2764 ) ) ;
#1199 = DIRECTION ( 'NONE',  ( 0.000000000000000000, 1.000000000000000000, 0.000000000000000000 ) ) ;
#1200 = CYLINDRICAL_SURFACE ( 'NONE', #226, 1.250000000000001110 ) ;
#1201 = FACE_OUTER_BOUND ( 'NONE', #147, .T. ) ;
#1202 = FILL_AREA_STYLE_COLOUR ( '', #3190 ) ;
#1203 = CYLINDRICAL_SURFACE ( 'NONE', #1931, 11.80000000000000071 ) ;
#1204 = EDGE_CURVE ( 'NONE', #1033, #1341, #3255, .T. ) ;
#1205 = STYLED_ITEM ( 'NONE', ( #136 ), #2895 ) ;
#1206 = EDGE_LOOP ( 'NONE', ( #3677, #1465, #3593, #4294 ) ) ;
#1207 = DIRECTION ( 'NONE',  ( -0.000000000000000000, 1.000000000000000000, -0.000000000000000000 ) ) ;
#1208 = CIRCLE ( 'NONE', #2428, 6.000000000000000000 ) ;
#1209 = DIRECTION ( 'NONE',  ( 0.000000000000000000, 0.000000000000000000, -1.000000000000000000 ) ) ;
#1210 = EDGE_CURVE ( 'NONE', #2442, #2074, #427, .T. ) ;
#1211 = ORIENTED_EDGE ( 'NONE', *, *, #1684, .F. ) ;
#1212 = ORIENTED_EDGE ( 'NONE', *, *, #3668, .T. ) ;
#1213 = DIRECTION ( 'NONE',  ( 0.000000000000000000, 0.000000000000000000, 1.000000000000000000 ) ) ;
#1214 = DIRECTION ( 'NONE',  ( 0.000000000000000000, 1.000000000000000000, 0.000000000000000000 ) ) ;
#1215 = LINE ( 'NONE', #452, #3236 ) ;
#1216 = VECTOR ( 'NONE', #890, 1000.000000000000000 ) ;
#1217 = ORIENTED_EDGE ( 'NONE', *, *, #1104, .F. ) ;
#1218 = DIRECTION ( 'NONE',  ( -0.000000000000000000, 1.000000000000000000, -0.000000000000000000 ) ) ;
#1219 = CARTESIAN_POINT ( 'NONE',  ( -19.85191411977123721, 1.200000000000000178, -2.864565316855865351 ) ) ;
#1220 = VERTEX_POINT ( 'NONE', #3897 ) ;
#1221 = PLANE ( 'NONE',  #3379 ) ;
#1222 =( NAMED_UNIT ( * ) SI_UNIT ( $, .STERADIAN. ) SOLID_ANGLE_UNIT ( ) );
#1223 = LINE ( 'NONE', #467, #1146 ) ;
#1224 = ADVANCED_FACE ( 'NONE', ( #2940 ), #827, .F. ) ;
#1225 = DIRECTION ( 'NONE',  ( 0.000000000000000000, 0.000000000000000000, 1.000000000000000000 ) ) ;
#1226 = CYLINDRICAL_SURFACE ( 'NONE', #1608, 4.000000000000000888 ) ;
#1227 = CARTESIAN_POINT ( 'NONE',  ( 23.00000000000001066, 3.000000000000000000, -13.74999999999999467 ) ) ;
#1228 = ORIENTED_EDGE ( 'NONE', *, *, #4383, .T. ) ;
#1229 = MECHANICAL_DESIGN_GEOMETRIC_PRESENTATION_REPRESENTATION (  '', ( #3153 ), #3225 ) ;
#1230 = STYLED_ITEM ( 'NONE', ( #3351 ), #449 ) ;
#1231 = EDGE_CURVE ( 'NONE', #739, #1052, #1185, .T. ) ;
#1232 = ORIENTED_EDGE ( 'NONE', *, *, #4387, .F. ) ;
#1233 = CARTESIAN_POINT ( 'NONE',  ( -24.99999999999998934, 3.000000000000000000, 30.00000000000000355 ) ) ;
#1234 = DIRECTION ( 'NONE',  ( -0.000000000000000000, 1.000000000000000000, -0.000000000000000000 ) ) ;
#1235 = AXIS2_PLACEMENT_3D ( 'NONE', #4319, #3708, #2609 ) ;
#1236 = ORIENTED_EDGE ( 'NONE', *, *, #628, .T. ) ;
#1237 = EDGE_CURVE ( 'NONE', #4254, #4401, #528, .T. ) ;
#1238 = AXIS2_PLACEMENT_3D ( 'NONE', #259, #2933, #4314 ) ;
#1239 = CARTESIAN_POINT ( 'NONE',  ( 21.85191411977124432, 0.000000000000000000, 15.73582988648560743 ) ) ;
#1240 = CIRCLE ( 'NONE', #1598, 8.250000000000000000 ) ;
#1241 = CYLINDRICAL_SURFACE ( 'NONE', #2552, 1.600000000000000755 ) ;
#1242 = CIRCLE ( 'NONE', #2464, 1.600000000000000755 ) ;
#1243 = VECTOR ( 'NONE', #1050, 1000.000000000000000 ) ;
#1244 = ORIENTED_EDGE ( 'NONE', *, *, #542, .F. ) ;
#1245 = CARTESIAN_POINT ( 'NONE',  ( -16.00000000000001066, -4.242640687119289211, 26.50000000000000355 ) ) ;
#1246 = DIRECTION ( 'NONE',  ( -0.000000000000000000, 1.000000000000000000, -0.000000000000000000 ) ) ;
#1247 = DIRECTION ( 'NONE',  ( 0.000000000000000000, 0.000000000000000000, -1.000000000000000000 ) ) ;
#1248 = AXIS2_PLACEMENT_3D ( 'NONE', #2143, #1199, #1824 ) ;
#1249 = CIRCLE ( 'NONE', #2962, 8.250000000000000000 ) ;
#1250 = CARTESIAN_POINT ( 'NONE',  ( -24.50000000000001066, 0.000000000000000000, -24.89999999999999147 ) ) ;
#1251 = CYLINDRICAL_SURFACE ( 'NONE', #2603, 6.000000000000001776 ) ;
#1252 = ORIENTED_EDGE ( 'NONE', *, *, #3377, .T. ) ;
#1253 = ADVANCED_FACE ( 'NONE', ( #507 ), #300, .F. ) ;
#1254 = ORIENTED_EDGE ( 'NONE', *, *, #1312, .T. ) ;
#1255 = DIRECTION ( 'NONE',  ( -0.000000000000000000, -1.000000000000000000, -0.000000000000000000 ) ) ;
#1256 = DIRECTION ( 'NONE',  ( -1.156482317317871478E-16, -0.000000000000000000, -1.000000000000000000 ) ) ;
#1257 = VECTOR ( 'NONE', #4315, 1000.000000000000000 ) ;
#1258 = EDGE_CURVE ( 'NONE', #2074, #3417, #3361, .T. ) ;
#1259 = ORIENTED_EDGE ( 'NONE', *, *, #498, .T. ) ;
#1260 = EDGE_LOOP ( 'NONE', ( #3068, #310, #3144, #3830 ) ) ;
#1261 = CARTESIAN_POINT ( 'NONE',  ( -24.50000000000001066, 0.000000000000000000, 26.49999999999999289 ) ) ;
#1262 = DIRECTION ( 'NONE',  ( 0.000000000000000000, 0.000000000000000000, 1.000000000000000000 ) ) ;
#1263 = EDGE_CURVE ( 'NONE', #3374, #3918, #3141, .T. ) ;
#1264 = EDGE_LOOP ( 'NONE', ( #2867, #1839 ) ) ;
#1265 = VECTOR ( 'NONE', #1354, 1000.000000000000000 ) ;
#1266 = FACE_OUTER_BOUND ( 'NONE', #3304, .T. ) ;
#1267 = CIRCLE ( 'NONE', #1127, 1.250000000000001110 ) ;
#1268 = LINE ( 'NONE', #2634, #1424 ) ;
#1269 = CYLINDRICAL_SURFACE ( 'NONE', #1, 2.200000000000000622 ) ;
#1270 = UNCERTAINTY_MEASURE_WITH_UNIT (LENGTH_MEASURE( 1.000000000000000082E-05 ), #2797, 'distance_accuracy_value', 'NONE');
#1271 = DIRECTION ( 'NONE',  ( 0.000000000000000000, 0.000000000000000000, 1.000000000000000000 ) ) ;
#1272 = CYLINDRICAL_SURFACE ( 'NONE', #2037, 6.000000000000000888 ) ;
#1273 = CARTESIAN_POINT ( 'NONE',  ( 21.85191411977124432, 0.000000000000000000, 14.18582988648560494 ) ) ;
#1274 = CARTESIAN_POINT ( 'NONE',  ( -19.85191411977123721, 0.000000000000000000, 0.6354346831441348709 ) ) ;
#1275 = AXIS2_PLACEMENT_3D ( 'NONE', #3008, #3754, #1020 ) ;
#1276 = ORIENTED_EDGE ( 'NONE', *, *, #4309, .F. ) ;
#1277 = VECTOR ( 'NONE', #556, 1000.000000000000000 ) ;
#1278 = EDGE_LOOP ( 'NONE', ( #1410, #2053, #3650, #3196 ) ) ;
#1279 = CARTESIAN_POINT ( 'NONE',  ( 11.50000000000000000, 1.000000000000000000, -2.000000000000000000 ) ) ;
#1280 = VERTEX_POINT ( 'NONE', #3983 ) ;
#1281 = EDGE_LOOP ( 'NONE', ( #3907, #3873, #4363, #4013 ) ) ;
#1282 = EDGE_CURVE ( 'NONE', #3025, #2075, #1079, .T. ) ;
#1283 = CARTESIAN_POINT ( 'NONE',  ( 21.85191411977124432, 1.200000000000000178, 14.18582988648560494 ) ) ;
#1284 = CARTESIAN_POINT ( 'NONE',  ( -24.99999999999999645, 0.000000000000000000, -29.99999999999999645 ) ) ;
#1285 = CARTESIAN_POINT ( 'NONE',  ( 16.00000000000001066, 0.000000000000000000, -26.49999999999999289 ) ) ;
#1286 = DIRECTION ( 'NONE',  ( 0.000000000000000000, 1.000000000000000000, 0.000000000000000000 ) ) ;
#1287 = DIRECTION ( 'NONE',  ( 0.000000000000000000, 0.000000000000000000, 1.000000000000000000 ) ) ;
#1288 = CARTESIAN_POINT ( 'NONE',  ( 21.85191411977124432, 3.000000000000000000, 14.18582988648560494 ) ) ;
#1289 = EDGE_LOOP ( 'NONE', ( #2819, #4027, #803, #1081 ) ) ;
#1290 = EDGE_CURVE ( 'NONE', #3808, #4235, #3496, .T. ) ;
#1291 = DIRECTION ( 'NONE',  ( 0.000000000000000000, 1.000000000000000000, 0.000000000000000000 ) ) ;
#1292 = CARTESIAN_POINT ( 'NONE',  ( -19.85191411977123721, 1.000000000000000000, 0.6354346831441348709 ) ) ;
#1293 = PLANE ( 'NONE',  #2749 ) ;
#1294 = CYLINDRICAL_SURFACE ( 'NONE', #267, 5.999999999999998224 ) ;
#1295 = ORIENTED_EDGE ( 'NONE', *, *, #1375, .T. ) ;
#1296 = ORIENTED_EDGE ( 'NONE', *, *, #2169, .F. ) ;
#1297 = DIRECTION ( 'NONE',  ( 0.000000000000000000, 1.000000000000000000, 0.000000000000000000 ) ) ;
#1298 = CARTESIAN_POINT ( 'NONE',  ( 11.50000000000000000, 3.000000000000000000, -2.000000000000000000 ) ) ;
#1299 = AXIS2_PLACEMENT_3D ( 'NONE', #1245, #1960, #593 ) ;
#1300 = AXIS2_PLACEMENT_3D ( 'NONE', #4102, #699, #3701 ) ;
#1301 = ORIENTED_EDGE ( 'NONE', *, *, #4393, .T. ) ;
#1302 = ORIENTED_EDGE ( 'NONE', *, *, #1676, .F. ) ;
#1303 = AXIS2_PLACEMENT_3D ( 'NONE', #2269, #254, #1615 ) ;
#1304 = AXIS2_PLACEMENT_3D ( 'NONE', #2716, #2070, #1427 ) ;
#1305 = FACE_OUTER_BOUND ( 'NONE', #695, .T. ) ;
#1306 = CYLINDRICAL_SURFACE ( 'NONE', #2196, 5.000000000000000888 ) ;
#1307 = EDGE_CURVE ( 'NONE', #2618, #2843, #621, .T. ) ;
#1308 = CARTESIAN_POINT ( 'NONE',  ( -11.67185684652424804, 1.000000000000000000, -20.79999999999999716 ) ) ;
#1309 = CIRCLE ( 'NONE', #1883, 1.600000000000000755 ) ;
#1310 = CARTESIAN_POINT ( 'NONE',  ( 0.9999999999999974465, 0.000000000000000000, -11.41063228481487002 ) ) ;
#1311 = DIRECTION ( 'NONE',  ( 0.000000000000000000, 0.000000000000000000, 1.000000000000000000 ) ) ;
#1312 = EDGE_CURVE ( 'NONE', #3631, #2558, #2225, .T. ) ;
#1313 = ORIENTED_EDGE ( 'NONE', *, *, #2473, .F. ) ;
#1314 = STYLED_ITEM ( 'NONE', ( #4349 ), #2 ) ;
#1315 = FACE_OUTER_BOUND ( 'NONE', #1473, .T. ) ;
#1316 = LINE ( 'NONE', #4050, #175 ) ;
#1317 = DIRECTION ( 'NONE',  ( -0.000000000000000000, 1.000000000000000000, -0.000000000000000000 ) ) ;
#1318 = CIRCLE ( 'NONE', #1391, 1.250000000000001110 ) ;
#1319 = LINE ( 'NONE', #669, #2202 ) ;
#1320 = VERTEX_POINT ( 'NONE', #661 ) ;
#1321 = CIRCLE ( 'NONE', #1751, 1.600000000000000755 ) ;
#1322 = ORIENTED_EDGE ( 'NONE', *, *, #472, .T. ) ;
#1323 = DIRECTION ( 'NONE',  ( 0.000000000000000000, 1.000000000000000000, -0.000000000000000000 ) ) ;
#1324 = CARTESIAN_POINT ( 'NONE',  ( -13.87153338060197250, 1.000000000000000000, -20.76227540022986773 ) ) ;
#1325 = ORIENTED_EDGE ( 'NONE', *, *, #2841, .T. ) ;
#1326 = ORIENTED_EDGE ( 'NONE', *, *, #1511, .T. ) ;
#1327 = LINE ( 'NONE', #2448, #4253 ) ;
#1328 = CARTESIAN_POINT ( 'NONE',  ( 4.200000000000003730, 3.000000000000000000, 19.44236117138807529 ) ) ;
#1329 = AXIS2_PLACEMENT_3D ( 'NONE', #2096, #3143, #2435 ) ;
#1330 = CARTESIAN_POINT ( 'NONE',  ( 21.85191411977124432, 1.200000000000000178, 10.68582988648560494 ) ) ;
#1331 = SURFACE_STYLE_USAGE ( .BOTH. , #4409 ) ;
#1332 =( GEOMETRIC_REPRESENTATION_CONTEXT ( 3 ) GLOBAL_UNCERTAINTY_ASSIGNED_CONTEXT ( ( #1270 ) ) GLOBAL_UNIT_ASSIGNED_CONTEXT ( ( #2797, #2109, #1857 ) ) REPRESENTATION_CONTEXT ( 'NONE', 'WORKASPACE' ) );
#1333 = EDGE_CURVE ( 'NONE', #1928, #1633, #3322, .T. ) ;
#1334 = CARTESIAN_POINT ( 'NONE',  ( 20.87079823077861107, 0.000000000000000000, -2.144726896150167761 ) ) ;
#1335 = VERTEX_POINT ( 'NONE', #3009 ) ;
#1336 = CARTESIAN_POINT ( 'NONE',  ( -4.199999999999997513, 1.000000000000000000, 18.72268338088052531 ) ) ;
#1337 = CARTESIAN_POINT ( 'NONE',  ( -16.00000000000001066, 0.000000000000000000, 26.50000000000000355 ) ) ;
#1338 = CARTESIAN_POINT ( 'NONE',  ( 0.000000000000000000, 1.000000000000000000, 0.000000000000000000 ) ) ;
#1339 = DIRECTION ( 'NONE',  ( 0.000000000000000000, -0.000000000000000000, 1.000000000000000000 ) ) ;
#1340 = EDGE_CURVE ( 'NONE', #1861, #2497, #3667, .T. ) ;
#1341 = VERTEX_POINT ( 'NONE', #3033 ) ;
#1342 = ORIENTED_EDGE ( 'NONE', *, *, #2765, .F. ) ;
#1343 = DIRECTION ( 'NONE',  ( -3.469446951953615372E-15, 0.000000000000000000, 1.000000000000000000 ) ) ;
#1344 = EDGE_CURVE ( 'NONE', #2066, #1703, #282, .T. ) ;
#1345 = DIRECTION ( 'NONE',  ( -0.000000000000000000, 1.000000000000000000, -0.000000000000000000 ) ) ;
#1346 = AXIS2_PLACEMENT_3D ( 'NONE', #595, #3321, #3709 ) ;
#1347 = VERTEX_POINT ( 'NONE', #4410 ) ;
#1348 = ORIENTED_EDGE ( 'NONE', *, *, #4301, .F. ) ;
#1349 = EDGE_CURVE ( 'NONE', #2227, #681, #2575, .T. ) ;
#1350 = CARTESIAN_POINT ( 'NONE',  ( -11.50000000000000000, 0.000000000000000000, -2.000000000000000000 ) ) ;
#1351 = CYLINDRICAL_SURFACE ( 'NONE', #4193, 3.499999999999999556 ) ;
#1352 = EDGE_LOOP ( 'NONE', ( #3127, #897 ) ) ;
#1353 = CARTESIAN_POINT ( 'NONE',  ( -11.50000000000000000, 1.000000000000000000, -2.000000000000000000 ) ) ;
#1354 = DIRECTION ( 'NONE',  ( 0.000000000000000000, 1.000000000000000000, 0.000000000000000000 ) ) ;
#1355 = DIRECTION ( 'NONE',  ( 0.000000000000000000, 0.000000000000000000, 1.000000000000000000 ) ) ;
#1356 = VECTOR ( 'NONE', #1902, 1000.000000000000000 ) ;
#1357 = ORIENTED_EDGE ( 'NONE', *, *, #2506, .T. ) ;
#1358 = ORIENTED_EDGE ( 'NONE', *, *, #1906, .T. ) ;
#1359 = CARTESIAN_POINT ( 'NONE',  ( 3.634538152610445216, 1.000000000000000000, 17.31627253279682677 ) ) ;
#1360 = CARTESIAN_POINT ( 'NONE',  ( 24.50000000000001066, 0.000000000000000000, -26.49999999999999289 ) ) ;
#1361 = DIRECTION ( 'NONE',  ( 0.000000000000000000, 1.000000000000000000, -0.000000000000000000 ) ) ;
#1362 = CARTESIAN_POINT ( 'NONE',  ( 1.000000000000000888, 3.000000000000000000, 15.66063228481487357 ) ) ;
#1363 = EDGE_LOOP ( 'NONE', ( #4016, #253, #1295, #1217 ) ) ;
#1364 = EDGE_CURVE ( 'NONE', #1508, #607, #1962, .T. ) ;
#1365 = ORIENTED_EDGE ( 'NONE', *, *, #2654, .F. ) ;
#1366 = DIRECTION ( 'NONE',  ( -0.000000000000000000, -1.000000000000000000, -0.000000000000000000 ) ) ;
#1367 = ORIENTED_EDGE ( 'NONE', *, *, #2132, .T. ) ;
#1368 = EDGE_CURVE ( 'NONE', #3264, #3979, #640, .T. ) ;
#1369 = VERTEX_POINT ( 'NONE', #2991 ) ;
#1370 = VECTOR ( 'NONE', #1412, 1000.000000000000000 ) ;
#1371 = CARTESIAN_POINT ( 'NONE',  ( 24.50000000000001066, 3.000000000000000000, -24.89999999999999147 ) ) ;
#1372 = AXIS2_PLACEMENT_3D ( 'NONE', #1261, #4018, #3004 ) ;
#1373 = CYLINDRICAL_SURFACE ( 'NONE', #1681, 3.500000000000000444 ) ;
#1374 = VERTEX_POINT ( 'NONE', #4371 ) ;
#1375 = EDGE_CURVE ( 'NONE', #4425, #985, #2359, .T. ) ;
#1376 = AXIS2_PLACEMENT_3D ( 'NONE', #2289, #4358, #1213 ) ;
#1377 =( GEOMETRIC_REPRESENTATION_CONTEXT ( 3 ) GLOBAL_UNCERTAINTY_ASSIGNED_CONTEXT ( ( #2276 ) ) GLOBAL_UNIT_ASSIGNED_CONTEXT ( ( #2580, #1636, #875 ) ) REPRESENTATION_CONTEXT ( 'NONE', 'WORKASPACE' ) );
#1378 = DIRECTION ( 'NONE',  ( 0.000000000000000000, -1.000000000000000000, 0.000000000000000000 ) ) ;
#1379 = DIRECTION ( 'NONE',  ( 0.000000000000000000, 0.000000000000000000, 1.000000000000000000 ) ) ;
#1380 = DIRECTION ( 'NONE',  ( 0.000000000000000000, -1.000000000000000000, 0.000000000000000000 ) ) ;
#1381 = AXIS2_PLACEMENT_3D ( 'NONE', #2188, #1491, #1196 ) ;
#1382 = ORIENTED_EDGE ( 'NONE', *, *, #2371, .F. ) ;
#1383 = EDGE_LOOP ( 'NONE', ( #2336, #257 ) ) ;
#1384 = CARTESIAN_POINT ( 'NONE',  ( -18.87079823077861462, 1.200000000000000178, -20.67653767347957583 ) ) ;
#1385 = DIRECTION ( 'NONE',  ( 0.000000000000000000, 1.000000000000000000, -0.000000000000000000 ) ) ;
#1386 = CARTESIAN_POINT ( 'NONE',  ( -19.38042429840446346, 1.000000000000000000, 7.819980413275407827 ) ) ;
#1387 = AXIS2_PLACEMENT_3D ( 'NONE', #4195, #450, #3566 ) ;
#1388 = CARTESIAN_POINT ( 'NONE',  ( 23.00000000000001066, 3.000000000000000000, -14.99999999999999645 ) ) ;
#1389 = CIRCLE ( 'NONE', #2388, 2.200000000000000622 ) ;
#1390 = ORIENTED_EDGE ( 'NONE', *, *, #4159, .F. ) ;
#1391 = AXIS2_PLACEMENT_3D ( 'NONE', #527, #3253, #195 ) ;
#1392 = ORIENTED_EDGE ( 'NONE', *, *, #209, .F. ) ;
#1393 = DIRECTION ( 'NONE',  ( -0.000000000000000000, -1.000000000000000000, 0.000000000000000000 ) ) ;
#1394 = CARTESIAN_POINT ( 'NONE',  ( -22.23018100228648208, 3.000000000000000000, 9.107079528758683651 ) ) ;
#1395 = ADVANCED_FACE ( 'NONE', ( #639 ), #3297, .F. ) ;
#1396 = AXIS2_PLACEMENT_3D ( 'NONE', #3038, #3364, #305 ) ;
#1397 = AXIS2_PLACEMENT_3D ( 'NONE', #3504, #2523, #3893 ) ;
#1398 = VERTEX_POINT ( 'NONE', #4069 ) ;
#1399 = ORIENTED_EDGE ( 'NONE', *, *, #4276, .F. ) ;
#1400 = AXIS2_PLACEMENT_3D ( 'NONE', #1496, #4207, #4279 ) ;
#1401 = DIRECTION ( 'NONE',  ( 0.000000000000000000, 0.000000000000000000, 1.000000000000000000 ) ) ;
#1402 = EDGE_CURVE ( 'NONE', #4337, #1667, #1506, .T. ) ;
#1403 = LINE ( 'NONE', #2115, #3043 ) ;
#1404 = ORIENTED_EDGE ( 'NONE', *, *, #2506, .F. ) ;
#1405 = CARTESIAN_POINT ( 'NONE',  ( 19.05075474035173499, 1.000000000000000000, -6.801704638522870994 ) ) ;
#1406 = CARTESIAN_POINT ( 'NONE',  ( -18.87079823077861462, 1.200000000000000178, -20.67653767347957583 ) ) ;
#1407 = ADVANCED_FACE ( 'NONE', ( #4347 ), #1269, .F. ) ;
#1408 = CARTESIAN_POINT ( 'NONE',  ( 25.00000000000001066, 0.000000000000000000, 3.750000000000006661 ) ) ;
#1409 = AXIS2_PLACEMENT_3D ( 'NONE', #883, #2494, #123 ) ;
#1410 = ORIENTED_EDGE ( 'NONE', *, *, #3402, .F. ) ;
#1411 = DIRECTION ( 'NONE',  ( 0.000000000000000000, -1.000000000000000000, 0.000000000000000000 ) ) ;
#1412 = DIRECTION ( 'NONE',  ( -0.000000000000000000, 1.000000000000000000, -0.000000000000000000 ) ) ;
#1413 = CARTESIAN_POINT ( 'NONE',  ( 25.00000000000001066, 0.000000000000000000, 5.000000000000007994 ) ) ;
#1414 = DIRECTION ( 'NONE',  ( 0.000000000000000000, 0.000000000000000000, 1.000000000000000000 ) ) ;
#1415 = ORIENTED_EDGE ( 'NONE', *, *, #2240, .T. ) ;
#1416 = ORIENTED_EDGE ( 'NONE', *, *, #3062, .F. ) ;
#1417 = CARTESIAN_POINT ( 'NONE',  ( -9.201366949945732898, 1.000000000000000000, -10.41332974668765665 ) ) ;
#1418 = CARTESIAN_POINT ( 'NONE',  ( -11.50000000000000000, 1.000000000000000000, 4.000000000000000888 ) ) ;
#1419 = CARTESIAN_POINT ( 'NONE',  ( -18.40788475374043642, 1.000000000000000000, -6.418272086352359906 ) ) ;
#1420 = ORIENTED_EDGE ( 'NONE', *, *, #388, .T. ) ;
#1421 = EDGE_CURVE ( 'NONE', #3918, #3631, #938, .T. ) ;
#1422 = FACE_BOUND ( 'NONE', #3285, .T. ) ;
#1423 = DIRECTION ( 'NONE',  ( 0.000000000000000000, 0.000000000000000000, 1.000000000000000000 ) ) ;
#1424 = VECTOR ( 'NONE', #280, 1000.000000000000000 ) ;
#1425 = EDGE_CURVE ( 'NONE', #2060, #3480, #568, .T. ) ;
#1426 = VECTOR ( 'NONE', #2505, 1000.000000000000000 ) ;
#1427 = DIRECTION ( 'NONE',  ( 0.000000000000000000, 0.000000000000000000, 1.000000000000000000 ) ) ;
#1428 = DIRECTION ( 'NONE',  ( 1.000000000000000000, 0.000000000000000000, -0.000000000000000000 ) ) ;
#1429 = FACE_OUTER_BOUND ( 'NONE', #4194, .T. ) ;
#1430 = EDGE_LOOP ( 'NONE', ( #2199, #2889, #114, #1823 ) ) ;
#1431 = VERTEX_POINT ( 'NONE', #4374 ) ;
#1432 = DIRECTION ( 'NONE',  ( 0.000000000000000000, 0.000000000000000000, 1.000000000000000000 ) ) ;
#1433 = CARTESIAN_POINT ( 'NONE',  ( 16.00000000000001066, 3.000000000000000000, 26.50000000000000355 ) ) ;
#1434 = DIRECTION ( 'NONE',  ( 0.000000000000000000, 0.000000000000000000, 1.000000000000000000 ) ) ;
#1435 = CYLINDRICAL_SURFACE ( 'NONE', #908, 8.250000000000000000 ) ;
#1436 = VERTEX_POINT ( 'NONE', #3327 ) ;
#1437 = EDGE_CURVE ( 'NONE', #287, #402, #36, .T. ) ;
#1438 = ORIENTED_EDGE ( 'NONE', *, *, #2279, .F. ) ;
#1439 = DIRECTION ( 'NONE',  ( -0.000000000000000000, 1.000000000000000000, -0.000000000000000000 ) ) ;
#1440 = DIRECTION ( 'NONE',  ( 0.000000000000000000, 1.000000000000000000, -0.000000000000000000 ) ) ;
#1441 = EDGE_LOOP ( 'NONE', ( #1933, #701, #1232, #1859 ) ) ;
#1442 = FACE_OUTER_BOUND ( 'NONE', #1739, .T. ) ;
#1443 = CARTESIAN_POINT ( 'NONE',  ( 1.000000000000000888, 0.000000000000000000, 7.410632284814872683 ) ) ;
#1444 = EDGE_CURVE ( 'NONE', #2429, #424, #3580, .T. ) ;
#1445 = DIRECTION ( 'NONE',  ( 0.000000000000000000, 0.000000000000000000, 1.000000000000000000 ) ) ;
#1446 = CARTESIAN_POINT ( 'NONE',  ( 16.00000000000001066, -4.242640687119289211, 26.50000000000000355 ) ) ;
#1447 = LINE ( 'NONE', #12, #1549 ) ;
#1448 = ADVANCED_FACE ( 'NONE', ( #217 ), #1272, .T. ) ;
#1449 = EDGE_CURVE ( 'NONE', #2577, #235, #3316, .T. ) ;
#1450 = AXIS2_PLACEMENT_3D ( 'NONE', #1137, #2440, #1453 ) ;
#1451 = EDGE_LOOP ( 'NONE', ( #3492, #2625, #1560, #1647 ) ) ;
#1452 = CYLINDRICAL_SURFACE ( 'NONE', #2959, 1.250000000000001110 ) ;
#1453 = DIRECTION ( 'NONE',  ( 0.000000000000000000, 0.000000000000000000, 1.000000000000000000 ) ) ;
#1454 = DIRECTION ( 'NONE',  ( 1.000000000000000000, 0.000000000000000000, -0.000000000000000000 ) ) ;
#1455 = DIRECTION ( 'NONE',  ( 0.000000000000000000, 0.000000000000000000, 1.000000000000000000 ) ) ;
#1456 = CIRCLE ( 'NONE', #3956, 6.000000000000000888 ) ;
#1457 = EDGE_CURVE ( 'NONE', #2789, #2060, #602, .T. ) ;
#1458 = CIRCLE ( 'NONE', #4034, 3.499999999999999556 ) ;
#1459 = VERTEX_POINT ( 'NONE', #3238 ) ;
#1460 = CARTESIAN_POINT ( 'NONE',  ( 16.00000000000001066, -4.242640687119289211, 25.25000000000000000 ) ) ;
#1461 = CARTESIAN_POINT ( 'NONE',  ( 23.00000000000001066, 0.000000000000000000, -16.24999999999999645 ) ) ;
#1462 = VECTOR ( 'NONE', #1544, 1000.000000000000000 ) ;
#1463 = ADVANCED_FACE ( 'NONE', ( #576 ), #199, .T. ) ;
#1464 = VECTOR ( 'NONE', #1870, 1000.000000000000000 ) ;
#1465 = ORIENTED_EDGE ( 'NONE', *, *, #2865, .F. ) ;
#1466 = CYLINDRICAL_SURFACE ( 'NONE', #2315, 1.550000000000002709 ) ;
#1467 = MECHANICAL_DESIGN_GEOMETRIC_PRESENTATION_REPRESENTATION (  '', ( #2891 ), #2744 ) ;
#1468 = DIRECTION ( 'NONE',  ( 0.000000000000000000, -1.000000000000000000, 0.000000000000000000 ) ) ;
#1469 = AXIS2_PLACEMENT_3D ( 'NONE', #1055, #1385, #2748 ) ;
#1470 = DIRECTION ( 'NONE',  ( 0.000000000000000000, 0.000000000000000000, 1.000000000000000000 ) ) ;
#1471 = CARTESIAN_POINT ( 'NONE',  ( -24.50000000000000355, 3.000000000000000000, -14.15894732285653213 ) ) ;
#1472 = DIRECTION ( 'NONE',  ( -0.000000000000000000, 1.000000000000000000, -0.000000000000000000 ) ) ;
#1473 = EDGE_LOOP ( 'NONE', ( #1836, #1515, #337, #1867 ) ) ;
#1474 = ORIENTED_EDGE ( 'NONE', *, *, #596, .T. ) ;
#1475 = DIRECTION ( 'NONE',  ( 0.000000000000000000, 0.000000000000000000, 1.000000000000000000 ) ) ;
#1476 = SURFACE_SIDE_STYLE ('',( #755 ) ) ;
#1477 = LINE ( 'NONE', #2587, #3382 ) ;
#1478 = PRESENTATION_STYLE_ASSIGNMENT (( #107 ) ) ;
#1479 = CIRCLE ( 'NONE', #1190, 5.000000000000000888 ) ;
#1480 = ADVANCED_FACE ( 'NONE', ( #848 ), #1546, .F. ) ;
#1481 = EDGE_LOOP ( 'NONE', ( #2357, #765 ) ) ;
#1482 = FACE_OUTER_BOUND ( 'NONE', #2630, .T. ) ;
#1483 = FILL_AREA_STYLE_COLOUR ( '', #2777 ) ;
#1484 = ORIENTED_EDGE ( 'NONE', *, *, #4256, .T. ) ;
#1485 = ORIENTED_EDGE ( 'NONE', *, *, #3637, .T. ) ;
#1486 = ORIENTED_EDGE ( 'NONE', *, *, #1364, .F. ) ;
#1487 = AXIS2_PLACEMENT_3D ( 'NONE', #1966, #3344, #1271 ) ;
#1488 = CARTESIAN_POINT ( 'NONE',  ( 21.85191411977124432, 1.200000000000000178, 14.18582988648560494 ) ) ;
#1489 = DIRECTION ( 'NONE',  ( -0.000000000000000000, -1.000000000000000000, -0.000000000000000000 ) ) ;
#1490 = ORIENTED_EDGE ( 'NONE', *, *, #4086, .F. ) ;
#1491 = DIRECTION ( 'NONE',  ( -0.000000000000000000, -1.000000000000000000, -0.000000000000000000 ) ) ;
#1492 = DIRECTION ( 'NONE',  ( 0.000000000000000000, -1.000000000000000000, 0.000000000000000000 ) ) ;
#1493 = ORIENTED_EDGE ( 'NONE', *, *, #1437, .T. ) ;
#1494 = MECHANICAL_DESIGN_GEOMETRIC_PRESENTATION_REPRESENTATION (  '', ( #1205 ), #4146 ) ;
#1495 = EDGE_LOOP ( 'NONE', ( #23, #3765, #1133, #2974 ) ) ;
#1496 = CARTESIAN_POINT ( 'NONE',  ( 16.00000000000001066, 0.000000000000000000, -26.49999999999999289 ) ) ;
#1497 = CYLINDRICAL_SURFACE ( 'NONE', #98, 2.200000000000000622 ) ;
#1498 = DIRECTION ( 'NONE',  ( -0.000000000000000000, -1.000000000000000000, -0.000000000000000000 ) ) ;
#1499 = CARTESIAN_POINT ( 'NONE',  ( -11.39092863676335021, 1.000000000000000000, -10.19927456777254804 ) ) ;
#1500 = ADVANCED_FACE ( 'NONE', ( #2639 ), #4009, .T. ) ;
#1501 = ORIENTED_EDGE ( 'NONE', *, *, #138, .T. ) ;
#1502 = DIRECTION ( 'NONE',  ( -0.000000000000000000, 1.000000000000000000, -0.000000000000000000 ) ) ;
#1503 = DIRECTION ( 'NONE',  ( 0.000000000000000000, 0.000000000000000000, 1.000000000000000000 ) ) ;
#1504 = EDGE_LOOP ( 'NONE', ( #4113, #3558, #1166, #2186 ) ) ;
#1505 = EDGE_CURVE ( 'NONE', #3545, #1849, #3109, .T. ) ;
#1506 = CIRCLE ( 'NONE', #998, 1.550000000000002709 ) ;
#1507 = VERTEX_POINT ( 'NONE', #2926 ) ;
#1508 = VERTEX_POINT ( 'NONE', #177 ) ;
#1509 = CARTESIAN_POINT ( 'NONE',  ( -11.50000000000000000, 3.000000000000000000, -2.000000000000000000 ) ) ;
#1510 = CARTESIAN_POINT ( 'NONE',  ( 23.00000000000001066, 0.000000000000000000, -14.99999999999999645 ) ) ;
#1511 = EDGE_CURVE ( 'NONE', #327, #21, #2183, .T. ) ;
#1512 = ORIENTED_EDGE ( 'NONE', *, *, #1068, .F. ) ;
#1513 = CARTESIAN_POINT ( 'NONE',  ( 19.75643666535215104, 1.000000000000000000, 2.729511331665569696 ) ) ;
#1514 = CARTESIAN_POINT ( 'NONE',  ( 1.000000000000000888, 0.000000000000000000, 7.410632284814872683 ) ) ;
#1515 = ORIENTED_EDGE ( 'NONE', *, *, #3383, .T. ) ;
#1516 = VERTEX_POINT ( 'NONE', #2971 ) ;
#1517 = FILL_AREA_STYLE_COLOUR ( '', #2752 ) ;
#1518 = CARTESIAN_POINT ( 'NONE',  ( 8.904074921583314151, 3.000000000000000000, -22.99999999999999645 ) ) ;
#1519 = DIRECTION ( 'NONE',  ( -1.000000000000000000, 0.000000000000000000, 0.000000000000000000 ) ) ;
#1520 = AXIS2_PLACEMENT_3D ( 'NONE', #4290, #3992, #1635 ) ;
#1521 = DIRECTION ( 'NONE',  ( 0.000000000000000000, 0.000000000000000000, 1.000000000000000000 ) ) ;
#1522 = CIRCLE ( 'NONE', #2660, 2.999999999999999112 ) ;
#1523 = ORIENTED_EDGE ( 'NONE', *, *, #1231, .T. ) ;
#1524 = CARTESIAN_POINT ( 'NONE',  ( -4.199999999999997513, 1.000000000000000000, 18.72268338088052531 ) ) ;
#1525 = AXIS2_PLACEMENT_3D ( 'NONE', #3589, #100, #1865 ) ;
#1526 = DIRECTION ( 'NONE',  ( -0.000000000000000000, -1.000000000000000000, -0.000000000000000000 ) ) ;
#1527 = ORIENTED_EDGE ( 'NONE', *, *, #738, .T. ) ;
#1528 = VECTOR ( 'NONE', #3269, 1000.000000000000000 ) ;
#1529 = ORIENTED_EDGE ( 'NONE', *, *, #1721, .F. ) ;
#1530 = EDGE_CURVE ( 'NONE', #3086, #21, #4303, .T. ) ;
#1531 = CARTESIAN_POINT ( 'NONE',  ( -24.99999999999998934, 0.000000000000000000, 27.00000000000000355 ) ) ;
#1532 = CIRCLE ( 'NONE', #239, 4.000000000000000888 ) ;
#1533 = CARTESIAN_POINT ( 'NONE',  ( 24.50000000000001066, 0.000000000000000000, 28.09999999999999432 ) ) ;
#1534 = ORIENTED_EDGE ( 'NONE', *, *, #2765, .T. ) ;
#1535 = AXIS2_PLACEMENT_3D ( 'NONE', #2651, #3617, #594 ) ;
#1536 = CARTESIAN_POINT ( 'NONE',  ( -24.50000000000001066, 0.000000000000000000, -28.09999999999999432 ) ) ;
#1537 = DIRECTION ( 'NONE',  ( 0.000000000000000000, 1.000000000000000000, 0.000000000000000000 ) ) ;
#1538 = VECTOR ( 'NONE', #961, 1000.000000000000000 ) ;
#1539 = ORIENTED_EDGE ( 'NONE', *, *, #2003, .F. ) ;
#1540 = SURFACE_STYLE_USAGE ( .BOTH. , #2832 ) ;
#1541 = DIRECTION ( 'NONE',  ( 0.000000000000000000, 0.000000000000000000, 1.000000000000000000 ) ) ;
#1542 = CARTESIAN_POINT ( 'NONE',  ( -11.39092863676334844, 1.000000000000000000, 3.999274567772546529 ) ) ;
#1543 = DIRECTION ( 'NONE',  ( 0.000000000000000000, 1.000000000000000000, 0.000000000000000000 ) ) ;
#1544 = DIRECTION ( 'NONE',  ( -0.000000000000000000, 1.000000000000000000, -0.000000000000000000 ) ) ;
#1545 = ORIENTED_EDGE ( 'NONE', *, *, #854, .F. ) ;
#1546 = CYLINDRICAL_SURFACE ( 'NONE', #2111, 2.200000000000000178 ) ;
#1547 = DIRECTION ( 'NONE',  ( -0.000000000000000000, 1.000000000000000000, -0.000000000000000000 ) ) ;
#1548 = ORIENTED_EDGE ( 'NONE', *, *, #3718, .F. ) ;
#1549 = VECTOR ( 'NONE', #1380, 1000.000000000000000 ) ;
#1550 = VERTEX_POINT ( 'NONE', #2285 ) ;
#1551 = CYLINDRICAL_SURFACE ( 'NONE', #1376, 3.500000000000000000 ) ;
#1552 = MECHANICAL_DESIGN_GEOMETRIC_PRESENTATION_REPRESENTATION (  '', ( #3474 ), #1332 ) ;
#1553 = SURFACE_SIDE_STYLE ('',( #923 ) ) ;
#1554 = CARTESIAN_POINT ( 'NONE',  ( -16.00000000000001066, 3.000000000000000000, -27.74999999999999289 ) ) ;
#1555 = AXIS2_PLACEMENT_3D ( 'NONE', #3791, #1366, #312 ) ;
#1556 = VERTEX_POINT ( 'NONE', #268 ) ;
#1557 = LINE ( 'NONE', #3612, #2455 ) ;
#1558 = SURFACE_STYLE_FILL_AREA ( #2850 ) ;
#1559 = ADVANCED_FACE ( 'NONE', ( #2573 ), #1226, .F. ) ;
#1560 = ORIENTED_EDGE ( 'NONE', *, *, #2253, .F. ) ;
#1561 = LINE ( 'NONE', #1183, #1945 ) ;
#1562 = CARTESIAN_POINT ( 'NONE',  ( 18.50000000000000000, 1.000000000000000000, 0.000000000000000000 ) ) ;
#1563 =( LENGTH_UNIT ( ) NAMED_UNIT ( * ) SI_UNIT ( .MILLI., .METRE. ) );
#1564 = CYLINDRICAL_SURFACE ( 'NONE', #3348, 10.25000000000000178 ) ;
#1565 = FILL_AREA_STYLE_COLOUR ( '', #743 ) ;
#1566 = CARTESIAN_POINT ( 'NONE',  ( 11.18251995213581296, 1.000000000000000000, 6.236414492258417042 ) ) ;
#1567 = CYLINDRICAL_SURFACE ( 'NONE', #2214, 2.200000000000000622 ) ;
#1568 = ORIENTED_EDGE ( 'NONE', *, *, #3066, .T. ) ;
#1569 = EDGE_LOOP ( 'NONE', ( #587, #2963, #3193, #4174 ) ) ;
#1570 = FACE_OUTER_BOUND ( 'NONE', #3763, .T. ) ;
#1571 = DIRECTION ( 'NONE',  ( 0.000000000000000000, 1.000000000000000000, 0.000000000000000000 ) ) ;
#1572 = CIRCLE ( 'NONE', #3648, 1.600000000000000755 ) ;
#1573 = ORIENTED_EDGE ( 'NONE', *, *, #3383, .F. ) ;
#1574 = PLANE ( 'NONE',  #3093 ) ;
#1575 = CARTESIAN_POINT ( 'NONE',  ( -11.50000000000000000, 1.000000000000000000, -2.000000000000000000 ) ) ;
#1576 = ORIENTED_EDGE ( 'NONE', *, *, #3973, .F. ) ;
#1577 = FACE_OUTER_BOUND ( 'NONE', #109, .T. ) ;
#1578 = CARTESIAN_POINT ( 'NONE',  ( 28.00000000000000355, 3.000000000000000000, -26.99999999999999645 ) ) ;
#1579 = SURFACE_STYLE_FILL_AREA ( #1939 ) ;
#1580 = EDGE_CURVE ( 'NONE', #1335, #557, #869, .T. ) ;
#1581 = CYLINDRICAL_SURFACE ( 'NONE', #210, 2.200000000000000178 ) ;
#1582 = VERTEX_POINT ( 'NONE', #3300 ) ;
#1583 = DIRECTION ( 'NONE',  ( 0.000000000000000000, -1.000000000000000000, 0.000000000000000000 ) ) ;
#1584 = CARTESIAN_POINT ( 'NONE',  ( 20.87079823077861107, 1.000000000000000000, -2.144726896150167761 ) ) ;
#1585 = DIRECTION ( 'NONE',  ( 0.000000000000000000, 1.000000000000000000, -0.000000000000000000 ) ) ;
#1586 = ADVANCED_FACE ( 'NONE', ( #4124 ), #2678, .T. ) ;
#1587 = VERTEX_POINT ( 'NONE', #4415 ) ;
#1588 = AXIS2_PLACEMENT_3D ( 'NONE', #3585, #2228, #3972 ) ;
#1589 = EDGE_LOOP ( 'NONE', ( #4081, #103, #1813, #663 ) ) ;
#1590 = CARTESIAN_POINT ( 'NONE',  ( 20.87079823077861107, 1.200000000000000178, -3.694726896150164919 ) ) ;
#1591 = EDGE_CURVE ( 'NONE', #2092, #2476, #3081, .T. ) ;
#1592 = LINE ( 'NONE', #1884, #3661 ) ;
#1593 = EDGE_LOOP ( 'NONE', ( #4122, #1348 ) ) ;
#1594 = ORIENTED_EDGE ( 'NONE', *, *, #3377, .F. ) ;
#1595 = AXIS2_PLACEMENT_3D ( 'NONE', #3378, #54, #4154 ) ;
#1596 = LINE ( 'NONE', #3999, #2170 ) ;
#1597 = UNCERTAINTY_MEASURE_WITH_UNIT (LENGTH_MEASURE( 1.000000000000000082E-05 ), #1986, 'distance_accuracy_value', 'NONE');
#1598 = AXIS2_PLACEMENT_3D ( 'NONE', #1443, #32, #4177 ) ;
#1599 = LINE ( 'NONE', #3318, #4342 ) ;
#1600 = AXIS2_PLACEMENT_3D ( 'NONE', #419, #3785, #1454 ) ;
#1601 = CIRCLE ( 'NONE', #4111, 2.200000000000000622 ) ;
#1602 = VERTEX_POINT ( 'NONE', #1741 ) ;
#1603 = PRESENTATION_STYLE_ASSIGNMENT (( #1937 ) ) ;
#1604 = FACE_OUTER_BOUND ( 'NONE', #4403, .T. ) ;
#1605 = CARTESIAN_POINT ( 'NONE',  ( -16.21929733413430696, 1.000000000000000000, 4.071143531214477029 ) ) ;
#1606 = CARTESIAN_POINT ( 'NONE',  ( 8.904074921583314151, -6.839445286733748297, -20.89999999999999503 ) ) ;
#1607 = AXIS2_PLACEMENT_3D ( 'NONE', #3715, #244, #2347 ) ;
#1608 = AXIS2_PLACEMENT_3D ( 'NONE', #3645, #3946, #2265 ) ;
#1609 = LINE ( 'NONE', #2638, #124 ) ;
#1610 = CARTESIAN_POINT ( 'NONE',  ( -19.85191411977123721, 1.000000000000000000, 0.6354346831441348709 ) ) ;
#1611 = CARTESIAN_POINT ( 'NONE',  ( 20.87079823077861107, 1.000000000000000000, -2.144726896150167761 ) ) ;
#1612 = DIRECTION ( 'NONE',  ( 0.000000000000000000, 0.000000000000000000, 1.000000000000000000 ) ) ;
#1613 = EDGE_LOOP ( 'NONE', ( #341, #3550, #3876, #1382 ) ) ;
#1614 = ORIENTED_EDGE ( 'NONE', *, *, #1402, .T. ) ;
#1615 = DIRECTION ( 'NONE',  ( 0.000000000000000000, 0.000000000000000000, -1.000000000000000000 ) ) ;
#1616 = DIRECTION ( 'NONE',  ( -1.000000000000000000, 0.000000000000000000, -0.000000000000000000 ) ) ;
#1617 = VECTOR ( 'NONE', #1492, 1000.000000000000000 ) ;
#1618 = ORIENTED_EDGE ( 'NONE', *, *, #413, .F. ) ;
#1619 = EDGE_LOOP ( 'NONE', ( #1712, #3751, #1790, #1677 ) ) ;
#1620 = LINE ( 'NONE', #1239, #3961 ) ;
#1621 = CARTESIAN_POINT ( 'NONE',  ( -27.38363500381080229, 3.000000000000000000, 6.034310117596673351 ) ) ;
#1622 = EDGE_CURVE ( 'NONE', #1888, #607, #691, .T. ) ;
#1623 = CYLINDRICAL_SURFACE ( 'NONE', #2377, 2.100000000000004530 ) ;
#1624 = CARTESIAN_POINT ( 'NONE',  ( -18.87079823077861462, 3.000000000000000000, -17.17653767347957583 ) ) ;
#1625 = FACE_OUTER_BOUND ( 'NONE', #1000, .T. ) ;
#1626 = CARTESIAN_POINT ( 'NONE',  ( 0.000000000000000000, 1.000000000000000000, -22.99999999999999645 ) ) ;
#1627 = UNCERTAINTY_MEASURE_WITH_UNIT (LENGTH_MEASURE( 1.000000000000000082E-05 ), #2922, 'distance_accuracy_value', 'NONE');
#1628 = ORIENTED_EDGE ( 'NONE', *, *, #2337, .F. ) ;
#1629 = DIRECTION ( 'NONE',  ( 0.000000000000000000, 0.000000000000000000, 1.000000000000000000 ) ) ;
#1630 = SURFACE_SIDE_STYLE ('',( #3673 ) ) ;
#1631 = FACE_BOUND ( 'NONE', #1593, .T. ) ;
#1632 = EDGE_CURVE ( 'NONE', #3836, #3697, #2032, .T. ) ;
#1633 = VERTEX_POINT ( 'NONE', #3784 ) ;
#1634 = VERTEX_POINT ( 'NONE', #2056 ) ;
#1635 = DIRECTION ( 'NONE',  ( 0.000000000000000000, 0.000000000000000000, 1.000000000000000000 ) ) ;
#1636 =( NAMED_UNIT ( * ) PLANE_ANGLE_UNIT ( ) SI_UNIT ( $, .RADIAN. ) );
#1637 = EDGE_CURVE ( 'NONE', #3501, #925, #3034, .T. ) ;
#1638 = ORIENTED_EDGE ( 'NONE', *, *, #3258, .T. ) ;
#1639 = ORIENTED_EDGE ( 'NONE', *, *, #3743, .F. ) ;
#1640 = CYLINDRICAL_SURFACE ( 'NONE', #1372, 1.600000000000000755 ) ;
#1641 = VECTOR ( 'NONE', #1940, 1000.000000000000000 ) ;
#1642 = ADVANCED_FACE ( 'NONE', ( #4072 ), #666, .F. ) ;
#1643 = CARTESIAN_POINT ( 'NONE',  ( -4.199999999999997513, 3.000000000000000000, 18.72268338088052531 ) ) ;
#1644 = DIRECTION ( 'NONE',  ( 0.000000000000000000, 1.000000000000000000, 0.000000000000000000 ) ) ;
#1645 = CYLINDRICAL_SURFACE ( 'NONE', #846, 1.250000000000001110 ) ;
#1646 = CARTESIAN_POINT ( 'NONE',  ( 21.85191411977124432, 0.000000000000000000, 14.18582988648560494 ) ) ;
#1647 = ORIENTED_EDGE ( 'NONE', *, *, #2917, .F. ) ;
#1648 = CARTESIAN_POINT ( 'NONE',  ( 11.50000000000000000, 0.000000000000000000, -6.000000000000000888 ) ) ;
#1649 = DIRECTION ( 'NONE',  ( -0.000000000000000000, 1.000000000000000000, -0.000000000000000000 ) ) ;
#1650 = DIRECTION ( 'NONE',  ( -0.000000000000000000, -1.000000000000000000, -0.000000000000000000 ) ) ;
#1651 = ORIENTED_EDGE ( 'NONE', *, *, #2761, .F. ) ;
#1652 = ORIENTED_EDGE ( 'NONE', *, *, #2941, .F. ) ;
#1653 = CARTESIAN_POINT ( 'NONE',  ( -14.62094594845406093, 3.000000000000000000, 3.382855424365427410 ) ) ;
#1654 = AXIS2_PLACEMENT_3D ( 'NONE', #3639, #2586, #570 ) ;
#1655 = ORIENTED_EDGE ( 'NONE', *, *, #1150, .T. ) ;
#1656 = ORIENTED_EDGE ( 'NONE', *, *, #2023, .F. ) ;
#1657 = ADVANCED_FACE ( 'NONE', ( #3735 ), #3714, .T. ) ;
#1658 = MECHANICAL_DESIGN_GEOMETRIC_PRESENTATION_REPRESENTATION (  '', ( #1878 ), #3156 ) ;
#1659 = FACE_BOUND ( 'NONE', #367, .T. ) ;
#1660 = LINE ( 'NONE', #3726, #4128 ) ;
#1661 = AXIS2_PLACEMENT_3D ( 'NONE', #141, #4220, #1774 ) ;
#1662 = EDGE_CURVE ( 'NONE', #1431, #2324, #1108, .T. ) ;
#1663 = CARTESIAN_POINT ( 'NONE',  ( 16.50000000000000000, 3.000000000000000000, -22.99999999999999645 ) ) ;
#1664 = PRESENTATION_LAYER_ASSIGNMENT (  '', '', ( #2175 ) ) ;
#1665 = CARTESIAN_POINT ( 'NONE',  ( -11.42019168543659546, 3.000000000000000000, 3.999469195931133481 ) ) ;
#1666 = CARTESIAN_POINT ( 'NONE',  ( 21.85191411977124432, 1.200000000000000178, 14.18582988648560494 ) ) ;
#1667 = VERTEX_POINT ( 'NONE', #2326 ) ;
#1668 = ADVANCED_FACE ( 'NONE', ( #1002 ), #2346, .F. ) ;
#1669 = CARTESIAN_POINT ( 'NONE',  ( -21.52762717058665132, 3.000000000000000000, 7.340898138825015629 ) ) ;
#1670 = CARTESIAN_POINT ( 'NONE',  ( 20.87079823077861107, 1.000000000000000000, -2.144726896150167761 ) ) ;
#1671 = CARTESIAN_POINT ( 'NONE',  ( -23.00000000000001066, 3.000000000000000000, -13.74999999999999467 ) ) ;
#1672 = AXIS2_PLACEMENT_3D ( 'NONE', #1386, #4125, #1056 ) ;
#1673 = CARTESIAN_POINT ( 'NONE',  ( -19.85191411977123721, 1.000000000000000000, 0.6354346831441348709 ) ) ;
#1674 = ORIENTED_EDGE ( 'NONE', *, *, #4370, .F. ) ;
#1675 = AXIS2_PLACEMENT_3D ( 'NONE', #1670, #285, #3695 ) ;
#1676 = EDGE_CURVE ( 'NONE', #3545, #1745, #3684, .T. ) ;
#1677 = ORIENTED_EDGE ( 'NONE', *, *, #748, .T. ) ;
#1678 = DIRECTION ( 'NONE',  ( -0.000000000000000000, -1.000000000000000000, -0.000000000000000000 ) ) ;
#1679 = ORIENTED_EDGE ( 'NONE', *, *, #112, .F. ) ;
#1680 = ORIENTED_EDGE ( 'NONE', *, *, #161, .T. ) ;
#1681 = AXIS2_PLACEMENT_3D ( 'NONE', #2471, #3773, #2714 ) ;
#1682 = DIRECTION ( 'NONE',  ( -0.000000000000000000, 1.000000000000000000, -0.000000000000000000 ) ) ;
#1683 = FACE_OUTER_BOUND ( 'NONE', #2851, .T. ) ;
#1684 = EDGE_CURVE ( 'NONE', #2016, #1220, #4041, .T. ) ;
#1685 = CIRCLE ( 'NONE', #188, 2.200000000000000622 ) ;
#1686 = FACE_OUTER_BOUND ( 'NONE', #1713, .T. ) ;
#1687 = FILL_AREA_STYLE_COLOUR ( '', #3774 ) ;
#1688 = CARTESIAN_POINT ( 'NONE',  ( 28.00000000000001066, 3.000000000000000000, 27.00000000000000000 ) ) ;
#1689 = ADVANCED_FACE ( 'NONE', ( #2006 ), #2421, .T. ) ;
#1690 = ORIENTED_EDGE ( 'NONE', *, *, #1113, .T. ) ;
#1691 = CIRCLE ( 'NONE', #2484, 2.200000000000000622 ) ;
#1692 = VERTEX_POINT ( 'NONE', #716 ) ;
#1693 =( GEOMETRIC_REPRESENTATION_CONTEXT ( 3 ) GLOBAL_UNCERTAINTY_ASSIGNED_CONTEXT ( ( #1942 ) ) GLOBAL_UNIT_ASSIGNED_CONTEXT ( ( #1924, #937, #3964 ) ) REPRESENTATION_CONTEXT ( 'NONE', 'WORKASPACE' ) );
#1694 = CARTESIAN_POINT ( 'NONE',  ( 1.000000000000000888, 1.000000000000000000, 7.410632284814872683 ) ) ;
#1695 = DIRECTION ( 'NONE',  ( 0.000000000000000000, 0.000000000000000000, 1.000000000000000000 ) ) ;
#1696 = CARTESIAN_POINT ( 'NONE',  ( -14.50000000000000000, 1.000000000000000000, 13.71623364550171154 ) ) ;
#1697 = DIRECTION ( 'NONE',  ( 0.000000000000000000, 1.000000000000000000, -0.000000000000000000 ) ) ;
#1698 = ORIENTED_EDGE ( 'NONE', *, *, #4166, .T. ) ;
#1699 = ORIENTED_EDGE ( 'NONE', *, *, #383, .T. ) ;
#1700 = LINE ( 'NONE', #2707, #4234 ) ;
#1701 = CARTESIAN_POINT ( 'NONE',  ( -1.999999999999997113, 1.000000000000000000, 18.72268338088052531 ) ) ;
#1702 = EDGE_CURVE ( 'NONE', #3044, #3569, #2751, .T. ) ;
#1703 = VERTEX_POINT ( 'NONE', #2368 ) ;
#1704 = ORIENTED_EDGE ( 'NONE', *, *, #1721, .T. ) ;
#1705 = FACE_BOUND ( 'NONE', #886, .T. ) ;
#1706 = DIRECTION ( 'NONE',  ( 0.000000000000000000, 1.000000000000000000, 0.000000000000000000 ) ) ;
#1707 = VERTEX_POINT ( 'NONE', #377 ) ;
#1708 = EDGE_CURVE ( 'NONE', #739, #4426, #3345, .T. ) ;
#1709 = CARTESIAN_POINT ( 'NONE',  ( 11.18251995213581296, 3.000000000000000000, 6.236414492258417042 ) ) ;
#1710 = CARTESIAN_POINT ( 'NONE',  ( -25.00000000000001066, 3.000000000000000000, 6.250000000000008882 ) ) ;
#1711 = VECTOR ( 'NONE', #2673, 1000.000000000000000 ) ;
#1712 = ORIENTED_EDGE ( 'NONE', *, *, #191, .T. ) ;
#1713 = EDGE_LOOP ( 'NONE', ( #615, #3720, #222, #4404 ) ) ;
#1714 = EDGE_CURVE ( 'NONE', #3025, #3698, #1316, .T. ) ;
#1715 = DIRECTION ( 'NONE',  ( -0.000000000000000000, 1.000000000000000000, -0.000000000000000000 ) ) ;
#1716 = DIRECTION ( 'NONE',  ( 0.000000000000000000, 0.000000000000000000, 1.000000000000000000 ) ) ;
#1717 = CYLINDRICAL_SURFACE ( 'NONE', #1672, 2.200000000000000622 ) ;
#1718 = FACE_BOUND ( 'NONE', #2768, .T. ) ;
#1719 = VERTEX_POINT ( 'NONE', #2397 ) ;
#1720 = AXIS2_PLACEMENT_3D ( 'NONE', #4101, #648, #2756 ) ;
#1721 = EDGE_CURVE ( 'NONE', #1582, #4085, #1321, .T. ) ;
#1722 = VERTEX_POINT ( 'NONE', #3129 ) ;
#1723 = CARTESIAN_POINT ( 'NONE',  ( -17.08736852040867404, 1.000000000000000000, -16.00541591653833962 ) ) ;
#1724 = DIRECTION ( 'NONE',  ( 0.000000000000000000, 1.000000000000000000, 0.000000000000000000 ) ) ;
#1725 = AXIS2_PLACEMENT_3D ( 'NONE', #3389, #2100, #1432 ) ;
#1726 = ORIENTED_EDGE ( 'NONE', *, *, #1591, .T. ) ;
#1727 = VERTEX_POINT ( 'NONE', #1076 ) ;
#1728 = AXIS2_PLACEMENT_3D ( 'NONE', #2144, #3849, #3505 ) ;
#1729 = LINE ( 'NONE', #2736, #1028 ) ;
#1730 = AXIS2_PLACEMENT_3D ( 'NONE', #3652, #2599, #2622 ) ;
#1731 = DIRECTION ( 'NONE',  ( 0.000000000000000000, 0.000000000000000000, 1.000000000000000000 ) ) ;
#1732 = ORIENTED_EDGE ( 'NONE', *, *, #1800, .T. ) ;
#1733 = AXIS2_PLACEMENT_3D ( 'NONE', #582, #2250, #3971 ) ;
#1734 = DIRECTION ( 'NONE',  ( 0.000000000000000000, 1.000000000000000000, 0.000000000000000000 ) ) ;
#1735 = SURFACE_STYLE_FILL_AREA ( #2493 ) ;
#1736 = CARTESIAN_POINT ( 'NONE',  ( 0.9999999999999974465, 1.000000000000000000, -11.41063228481487002 ) ) ;
#1737 = CIRCLE ( 'NONE', #3449, 25.00000000000000711 ) ;
#1738 = EDGE_LOOP ( 'NONE', ( #3991, #3177 ) ) ;
#1739 = EDGE_LOOP ( 'NONE', ( #1628, #2287, #852, #2562 ) ) ;
#1740 = CARTESIAN_POINT ( 'NONE',  ( 20.87079823077861107, 0.000000000000000000, -3.694726896150164919 ) ) ;
#1741 = CARTESIAN_POINT ( 'NONE',  ( -16.00000000000001066, 3.000000000000000000, 27.75000000000000355 ) ) ;
#1742 = FACE_OUTER_BOUND ( 'NONE', #4190, .T. ) ;
#1743 = CIRCLE ( 'NONE', #2809, 2.999999999999999112 ) ;
#1744 = FACE_OUTER_BOUND ( 'NONE', #4381, .T. ) ;
#1745 = VERTEX_POINT ( 'NONE', #4186 ) ;
#1746 = EDGE_CURVE ( 'NONE', #2306, #1431, #4264, .T. ) ;
#1747 = AXIS2_PLACEMENT_3D ( 'NONE', #1308, #1246, #279 ) ;
#1748 = ORIENTED_EDGE ( 'NONE', *, *, #3272, .F. ) ;
#1749 = DIRECTION ( 'NONE',  ( -0.000000000000000000, 1.000000000000000000, -0.000000000000000000 ) ) ;
#1750 = CARTESIAN_POINT ( 'NONE',  ( 0.000000000000000000, 3.000000000000000000, -22.99999999999999645 ) ) ;
#1751 = AXIS2_PLACEMENT_3D ( 'NONE', #1763, #4143, #439 ) ;
#1752 = EDGE_CURVE ( 'NONE', #3937, #3758, #1160, .T. ) ;
#1753 = ORIENTED_EDGE ( 'NONE', *, *, #2941, .T. ) ;
#1754 = CARTESIAN_POINT ( 'NONE',  ( 16.50000000000000000, 3.000000000000000000, -20.99999999999999645 ) ) ;
#1755 = FACE_OUTER_BOUND ( 'NONE', #1430, .T. ) ;
#1756 = ORIENTED_EDGE ( 'NONE', *, *, #4007, .T. ) ;
#1757 = DIRECTION ( 'NONE',  ( -0.000000000000000000, 1.000000000000000000, -0.000000000000000000 ) ) ;
#1758 = LINE ( 'NONE', #2140, #2746 ) ;
#1759 = EDGE_CURVE ( 'NONE', #1189, #970, #2657, .T. ) ;
#1760 = ORIENTED_EDGE ( 'NONE', *, *, #1043, .F. ) ;
#1761 = EDGE_LOOP ( 'NONE', ( #1576, #3314, #2258, #2141 ) ) ;
#1762 = DIRECTION ( 'NONE',  ( 0.000000000000000000, -0.000000000000000000, 1.000000000000000000 ) ) ;
#1763 = CARTESIAN_POINT ( 'NONE',  ( 24.50000000000001066, 3.000000000000000000, -26.49999999999999289 ) ) ;
#1764 = DIRECTION ( 'NONE',  ( 0.000000000000000000, 0.000000000000000000, 1.000000000000000000 ) ) ;
#1765 = LINE ( 'NONE', #3527, #1980 ) ;
#1766 = VECTOR ( 'NONE', #270, 1000.000000000000000 ) ;
#1767 = ORIENTED_EDGE ( 'NONE', *, *, #1771, .T. ) ;
#1768 = ORIENTED_EDGE ( 'NONE', *, *, #2344, .T. ) ;
#1769 = DIRECTION ( 'NONE',  ( 0.000000000000000000, 0.000000000000000000, 1.000000000000000000 ) ) ;
#1770 = LINE ( 'NONE', #1142, #1426 ) ;
#1771 = EDGE_CURVE ( 'NONE', #3739, #2560, #1087, .T. ) ;
#1772 = ORIENTED_EDGE ( 'NONE', *, *, #2546, .F. ) ;
#1773 = EDGE_CURVE ( 'NONE', #2192, #670, #1872, .T. ) ;
#1774 = DIRECTION ( 'NONE',  ( 0.000000000000000000, 0.000000000000000000, 1.000000000000000000 ) ) ;
#1775 = DIRECTION ( 'NONE',  ( 0.000000000000000000, 0.000000000000000000, 1.000000000000000000 ) ) ;
#1776 =( GEOMETRIC_REPRESENTATION_CONTEXT ( 3 ) GLOBAL_UNCERTAINTY_ASSIGNED_CONTEXT ( ( #4372 ) ) GLOBAL_UNIT_ASSIGNED_CONTEXT ( ( #2453, #3180, #3519 ) ) REPRESENTATION_CONTEXT ( 'NONE', 'WORKASPACE' ) );
#1777 = EDGE_CURVE ( 'NONE', #3480, #2060, #2160, .T. ) ;
#1778 = SURFACE_STYLE_USAGE ( .BOTH. , #38 ) ;
#1779 =( NAMED_UNIT ( * ) SI_UNIT ( $, .STERADIAN. ) SOLID_ANGLE_UNIT ( ) );
#1780 = CARTESIAN_POINT ( 'NONE',  ( -18.87079823077861462, 0.000000000000000000, -19.12653767347957867 ) ) ;
#1781 = ORIENTED_EDGE ( 'NONE', *, *, #1505, .F. ) ;
#1782 = VERTEX_POINT ( 'NONE', #1804 ) ;
#1783 = EDGE_CURVE ( 'NONE', #335, #4317, #4239, .T. ) ;
#1784 = DIRECTION ( 'NONE',  ( 0.000000000000000000, -1.000000000000000000, 0.000000000000000000 ) ) ;
#1785 = DIRECTION ( 'NONE',  ( 0.000000000000000000, 0.000000000000000000, 1.000000000000000000 ) ) ;
#1786 = DIRECTION ( 'NONE',  ( 1.000000000000000000, -0.000000000000000000, 0.000000000000000000 ) ) ;
#1787 = PLANE ( 'NONE',  #3124 ) ;
#1788 = VECTOR ( 'NONE', #2652, 1000.000000000000000 ) ;
#1789 = ORIENTED_EDGE ( 'NONE', *, *, #3805, .F. ) ;
#1790 = ORIENTED_EDGE ( 'NONE', *, *, #2198, .F. ) ;
#1791 = CARTESIAN_POINT ( 'NONE',  ( 16.18750000000000000, 1.000000000000000000, 22.55661507109642372 ) ) ;
#1792 = DIRECTION ( 'NONE',  ( -0.000000000000000000, 1.000000000000000000, -0.000000000000000000 ) ) ;
#1793 = VERTEX_POINT ( 'NONE', #1116 ) ;
#1794 = DIRECTION ( 'NONE',  ( -0.000000000000000000, -1.000000000000000000, -0.000000000000000000 ) ) ;
#1795 = DIRECTION ( 'NONE',  ( 0.000000000000000000, 1.000000000000000000, 0.000000000000000000 ) ) ;
#1796 = ADVANCED_FACE ( 'NONE', ( #488 ), #2524, .T. ) ;
#1797 = DIRECTION ( 'NONE',  ( 0.000000000000000000, 1.000000000000000000, 0.000000000000000000 ) ) ;
#1798 = CYLINDRICAL_SURFACE ( 'NONE', #1905, 10.25000000000000000 ) ;
#1799 = AXIS2_PLACEMENT_3D ( 'NONE', #1285, #1255, #630 ) ;
#1800 = EDGE_CURVE ( 'NONE', #287, #3508, #2101, .T. ) ;
#1801 = ORIENTED_EDGE ( 'NONE', *, *, #3578, .T. ) ;
#1802 = EDGE_LOOP ( 'NONE', ( #3884, #2222 ) ) ;
#1803 = CARTESIAN_POINT ( 'NONE',  ( 17.10072011364086464, 3.000000000000000000, 3.989318342571107401 ) ) ;
#1804 = CARTESIAN_POINT ( 'NONE',  ( 11.18251995213580763, 1.000000000000000000, -10.23641449225841704 ) ) ;
#1805 = DIRECTION ( 'NONE',  ( 0.000000000000000000, 1.000000000000000000, 0.000000000000000000 ) ) ;
#1806 = DIRECTION ( 'NONE',  ( -0.000000000000000000, 1.000000000000000000, -0.000000000000000000 ) ) ;
#1807 = CIRCLE ( 'NONE', #4316, 6.000000000000001776 ) ;
#1808 = CIRCLE ( 'NONE', #2386, 4.000000000000000888 ) ;
#1809 = EDGE_LOOP ( 'NONE', ( #2127, #5, #1674, #959, #345, #4306, #3397, #3712 ) ) ;
#1810 = FILL_AREA_STYLE ('',( #3150 ) ) ;
#1811 = SURFACE_STYLE_USAGE ( .BOTH. , #4151 ) ;
#1812 = CIRCLE ( 'NONE', #2255, 1.250000000000001110 ) ;
#1813 = ORIENTED_EDGE ( 'NONE', *, *, #654, .T. ) ;
#1814 = VECTOR ( 'NONE', #3955, 1000.000000000000000 ) ;
#1815 = ORIENTED_EDGE ( 'NONE', *, *, #1258, .T. ) ;
#1816 = CARTESIAN_POINT ( 'NONE',  ( 15.59808788802989987, 1.000000000000000000, 2.382428055539834499 ) ) ;
#1817 = LINE ( 'NONE', #789, #3963 ) ;
#1818 = ORIENTED_EDGE ( 'NONE', *, *, #3923, .F. ) ;
#1819 = AXIS2_PLACEMENT_3D ( 'NONE', #127, #3209, #3939 ) ;
#1820 = CARTESIAN_POINT ( 'NONE',  ( 1.000000000000000888, 3.000000000000000000, 7.410632284814872683 ) ) ;
#1821 = CARTESIAN_POINT ( 'NONE',  ( -23.00000000000001066, 0.000000000000000000, -14.99999999999999645 ) ) ;
#1822 = VERTEX_POINT ( 'NONE', #2481 ) ;
#1823 = ORIENTED_EDGE ( 'NONE', *, *, #2817, .F. ) ;
#1824 = DIRECTION ( 'NONE',  ( 0.000000000000000000, 0.000000000000000000, 1.000000000000000000 ) ) ;
#1825 = DIRECTION ( 'NONE',  ( -1.156482317317871478E-16, 0.000000000000000000, -1.000000000000000000 ) ) ;
#1826 = DIRECTION ( 'NONE',  ( 0.000000000000000000, 0.000000000000000000, 1.000000000000000000 ) ) ;
#1827 = FACE_OUTER_BOUND ( 'NONE', #140, .T. ) ;
#1828 = VECTOR ( 'NONE', #295, 1000.000000000000000 ) ;
#1829 = EDGE_CURVE ( 'NONE', #2932, #2213, #3461, .T. ) ;
#1830 = CARTESIAN_POINT ( 'NONE',  ( -11.50000000000000000, 0.000000000000000000, 2.000000000000000888 ) ) ;
#1831 = EDGE_LOOP ( 'NONE', ( #3549, #1083, #350, #3092 ) ) ;
#1832 = DIRECTION ( 'NONE',  ( 0.000000000000000000, 0.000000000000000000, 1.000000000000000000 ) ) ;
#1833 = DIRECTION ( 'NONE',  ( 0.000000000000000000, 0.000000000000000000, 1.000000000000000000 ) ) ;
#1834 = ADVANCED_FACE ( 'NONE', ( #2164 ), #2771, .F. ) ;
#1835 = CIRCLE ( 'NONE', #4348, 1.250000000000001110 ) ;
#1836 = ORIENTED_EDGE ( 'NONE', *, *, #4431, .F. ) ;
#1837 = VERTEX_POINT ( 'NONE', #2123 ) ;
#1838 =( GEOMETRIC_REPRESENTATION_CONTEXT ( 3 ) GLOBAL_UNCERTAINTY_ASSIGNED_CONTEXT ( ( #1627 ) ) GLOBAL_UNIT_ASSIGNED_CONTEXT ( ( #2922, #4260, #2237 ) ) REPRESENTATION_CONTEXT ( 'NONE', 'WORKASPACE' ) );
#1839 = ORIENTED_EDGE ( 'NONE', *, *, #180, .F. ) ;
#1840 = VECTOR ( 'NONE', #4028, 1000.000000000000000 ) ;
#1841 = CYLINDRICAL_SURFACE ( 'NONE', #4322, 2.200000000000000622 ) ;
#1842 = CARTESIAN_POINT ( 'NONE',  ( -24.50000000000001066, 3.000000000000000000, -26.49999999999999289 ) ) ;
#1843 = ORIENTED_EDGE ( 'NONE', *, *, #4199, .F. ) ;
#1844 = LINE ( 'NONE', #4224, #589 ) ;
#1845 = CIRCLE ( 'NONE', #705, 6.000000000000001776 ) ;
#1846 = LINE ( 'NONE', #3571, #2263 ) ;
#1847 = ORIENTED_EDGE ( 'NONE', *, *, #4211, .F. ) ;
#1848 = VECTOR ( 'NONE', #3195, 1000.000000000000000 ) ;
#1849 = VERTEX_POINT ( 'NONE', #3164 ) ;
#1850 = CARTESIAN_POINT ( 'NONE',  ( 23.00000000000001066, 0.000000000000000000, -16.24999999999999645 ) ) ;
#1851 = DIRECTION ( 'NONE',  ( -0.000000000000000000, 1.000000000000000000, -0.000000000000000000 ) ) ;
#1852 = FACE_OUTER_BOUND ( 'NONE', #3600, .T. ) ;
#1853 = CARTESIAN_POINT ( 'NONE',  ( 21.85191411977124432, 3.000000000000000000, 14.18582988648560494 ) ) ;
#1854 = CARTESIAN_POINT ( 'NONE',  ( -16.00000000000001066, 0.000000000000000000, -25.24999999999999289 ) ) ;
#1855 = EDGE_CURVE ( 'NONE', #3836, #2843, #3512, .T. ) ;
#1856 = ORIENTED_EDGE ( 'NONE', *, *, #1437, .F. ) ;
#1857 =( NAMED_UNIT ( * ) SI_UNIT ( $, .STERADIAN. ) SOLID_ANGLE_UNIT ( ) );
#1858 = DIRECTION ( 'NONE',  ( 0.000000000000000000, -1.000000000000000000, 0.000000000000000000 ) ) ;
#1859 = ORIENTED_EDGE ( 'NONE', *, *, #161, .F. ) ;
#1860 = ADVANCED_FACE ( 'NONE', ( #1091 ), #105, .F. ) ;
#1861 = VERTEX_POINT ( 'NONE', #2280 ) ;
#1862 = DIRECTION ( 'NONE',  ( 0.000000000000000000, 0.000000000000000000, 1.000000000000000000 ) ) ;
#1863 = EDGE_CURVE ( 'NONE', #2213, #2720, #3587, .T. ) ;
#1864 = ORIENTED_EDGE ( 'NONE', *, *, #3192, .T. ) ;
#1865 = DIRECTION ( 'NONE',  ( 0.000000000000000000, 0.000000000000000000, 1.000000000000000000 ) ) ;
#1866 = CARTESIAN_POINT ( 'NONE',  ( -9.201366949945731122, 3.000000000000000000, 6.413329746687656652 ) ) ;
#1867 = ORIENTED_EDGE ( 'NONE', *, *, #649, .F. ) ;
#1868 = FILL_AREA_STYLE ('',( #1517 ) ) ;
#1869 =( NAMED_UNIT ( * ) SI_UNIT ( $, .STERADIAN. ) SOLID_ANGLE_UNIT ( ) );
#1870 = DIRECTION ( 'NONE',  ( 0.000000000000000000, -1.000000000000000000, 0.000000000000000000 ) ) ;
#1871 = CARTESIAN_POINT ( 'NONE',  ( -16.00000000000001066, 3.000000000000000000, -26.49999999999999289 ) ) ;
#1872 = CIRCLE ( 'NONE', #3365, 2.200000000000000622 ) ;
#1873 = CARTESIAN_POINT ( 'NONE',  ( -11.50000000000000000, 3.000000000000000000, -2.000000000000000000 ) ) ;
#1874 = AXIS2_PLACEMENT_3D ( 'NONE', #2979, #1571, #2931 ) ;
#1875 = CIRCLE ( 'NONE', #3666, 4.000000000000000888 ) ;
#1876 = ORIENTED_EDGE ( 'NONE', *, *, #1312, .F. ) ;
#1877 = CARTESIAN_POINT ( 'NONE',  ( 21.85191411977124432, 1.200000000000000178, 14.18582988648560494 ) ) ;
#1878 = STYLED_ITEM ( 'NONE', ( #2387 ), #3731 ) ;
#1879 = DIRECTION ( 'NONE',  ( 0.000000000000000000, 1.000000000000000000, -0.000000000000000000 ) ) ;
#1880 = VERTEX_POINT ( 'NONE', #4002 ) ;
#1881 = AXIS2_PLACEMENT_3D ( 'NONE', #3858, #3471, #3909 ) ;
#1882 = ORIENTED_EDGE ( 'NONE', *, *, #2705, .F. ) ;
#1883 = AXIS2_PLACEMENT_3D ( 'NONE', #1842, #1489, #2155 ) ;
#1884 = CARTESIAN_POINT ( 'NONE',  ( 28.00000000000000355, 3.000000000000000000, -29.99999999999999645 ) ) ;
#1885 = EDGE_CURVE ( 'NONE', #2209, #1602, #656, .T. ) ;
#1886 = FACE_OUTER_BOUND ( 'NONE', #4206, .T. ) ;
#1887 = MECHANICAL_DESIGN_GEOMETRIC_PRESENTATION_REPRESENTATION (  '', ( #1314 ), #1693 ) ;
#1888 = VERTEX_POINT ( 'NONE', #4345 ) ;
#1889 = AXIS2_PLACEMENT_3D ( 'NONE', #1696, #1361, #1764 ) ;
#1890 = DIRECTION ( 'NONE',  ( -0.000000000000000000, 1.000000000000000000, -0.000000000000000000 ) ) ;
#1891 = EDGE_CURVE ( 'NONE', #2689, #2443, #2730, .T. ) ;
#1892 = AXIS2_PLACEMENT_3D ( 'NONE', #2303, #894, #555 ) ;
#1893 = ORIENTED_EDGE ( 'NONE', *, *, #3885, .F. ) ;
#1894 = DIRECTION ( 'NONE',  ( 0.000000000000000000, 1.000000000000000000, -0.000000000000000000 ) ) ;
#1895 = DIRECTION ( 'NONE',  ( -3.154042683594193641E-15, 0.000000000000000000, 1.000000000000000000 ) ) ;
#1896 = CARTESIAN_POINT ( 'NONE',  ( 28.00000000000001066, 0.000000000000000000, 27.00000000000000000 ) ) ;
#1897 = DIRECTION ( 'NONE',  ( 0.000000000000000000, 0.000000000000000000, -1.000000000000000000 ) ) ;
#1898 = EDGE_CURVE ( 'NONE', #2306, #1692, #3980, .T. ) ;
#1899 = FACE_OUTER_BOUND ( 'NONE', #283, .T. ) ;
#1900 = VECTOR ( 'NONE', #746, 1000.000000000000000 ) ;
#1901 = ORIENTED_EDGE ( 'NONE', *, *, #2975, .T. ) ;
#1902 = DIRECTION ( 'NONE',  ( -0.000000000000000000, 1.000000000000000000, -0.000000000000000000 ) ) ;
#1903 = CARTESIAN_POINT ( 'NONE',  ( 16.00000000000001066, 0.000000000000000000, 27.75000000000000355 ) ) ;
#1904 = ORIENTED_EDGE ( 'NONE', *, *, #4354, .F. ) ;
#1905 = AXIS2_PLACEMENT_3D ( 'NONE', #349, #1111, #2073 ) ;
#1906 = EDGE_CURVE ( 'NONE', #1911, #3511, #1561, .T. ) ;
#1907 = VERTEX_POINT ( 'NONE', #2964 ) ;
#1908 = LINE ( 'NONE', #874, #584 ) ;
#1909 = CYLINDRICAL_SURFACE ( 'NONE', #89, 1.250000000000001110 ) ;
#1910 = CARTESIAN_POINT ( 'NONE',  ( -11.42019168543659724, 1.000000000000000000, -7.999469195931134813 ) ) ;
#1911 = VERTEX_POINT ( 'NONE', #1518 ) ;
#1912 = ADVANCED_FACE ( 'NONE', ( #2936 ), #2217, .F. ) ;
#1913 = CARTESIAN_POINT ( 'NONE',  ( 21.85191411977124432, 1.200000000000000178, 14.18582988648560494 ) ) ;
#1914 =( LENGTH_UNIT ( ) NAMED_UNIT ( * ) SI_UNIT ( .MILLI., .METRE. ) );
#1915 = ADVANCED_FACE ( 'NONE', ( #2920 ), #1200, .F. ) ;
#1916 = ORIENTED_EDGE ( 'NONE', *, *, #2837, .T. ) ;
#1917 = CARTESIAN_POINT ( 'NONE',  ( -24.50000000000001066, 0.000000000000000000, 28.09999999999999432 ) ) ;
#1918 = DIRECTION ( 'NONE',  ( 0.000000000000000000, 0.000000000000000000, 1.000000000000000000 ) ) ;
#1919 = DIRECTION ( 'NONE',  ( 0.000000000000000000, 0.000000000000000000, 1.000000000000000000 ) ) ;
#1920 =( NAMED_UNIT ( * ) SI_UNIT ( $, .STERADIAN. ) SOLID_ANGLE_UNIT ( ) );
#1921 = CARTESIAN_POINT ( 'NONE',  ( 25.00000000000001066, 3.000000000000000000, 27.00000000000000000 ) ) ;
#1922 = AXIS2_PLACEMENT_3D ( 'NONE', #684, #1982, #955 ) ;
#1923 = EDGE_CURVE ( 'NONE', #1398, #4426, #4298, .T. ) ;
#1924 =( LENGTH_UNIT ( ) NAMED_UNIT ( * ) SI_UNIT ( .MILLI., .METRE. ) );
#1925 = DIRECTION ( 'NONE',  ( 0.000000000000000000, 0.000000000000000000, 1.000000000000000000 ) ) ;
#1926 = CARTESIAN_POINT ( 'NONE',  ( 20.87079823077861107, 1.200000000000000178, 1.355273103849832461 ) ) ;
#1927 = VERTEX_POINT ( 'NONE', #1917 ) ;
#1928 = VERTEX_POINT ( 'NONE', #212 ) ;
#1929 = DIRECTION ( 'NONE',  ( 0.000000000000000000, 0.000000000000000000, 1.000000000000000000 ) ) ;
#1930 = DIRECTION ( 'NONE',  ( -0.000000000000000000, 1.000000000000000000, -0.000000000000000000 ) ) ;
#1931 = AXIS2_PLACEMENT_3D ( 'NONE', #3619, #2571, #866 ) ;
#1932 = ORIENTED_EDGE ( 'NONE', *, *, #303, .T. ) ;
#1933 = ORIENTED_EDGE ( 'NONE', *, *, #348, .F. ) ;
#1934 = CARTESIAN_POINT ( 'NONE',  ( -16.18750000000001066, 1.000000000000000000, 22.55661507109643082 ) ) ;
#1935 = DIRECTION ( 'NONE',  ( 0.000000000000000000, 1.000000000000000000, 0.000000000000000000 ) ) ;
#1936 = ORIENTED_EDGE ( 'NONE', *, *, #2198, .T. ) ;
#1937 = SURFACE_STYLE_USAGE ( .BOTH. , #236 ) ;
#1938 = CARTESIAN_POINT ( 'NONE',  ( -18.87079823077861462, 0.000000000000000000, -20.67653767347957583 ) ) ;
#1939 = FILL_AREA_STYLE ('',( #1202 ) ) ;
#1940 = DIRECTION ( 'NONE',  ( 1.000000000000000000, -0.000000000000000000, 0.000000000000000000 ) ) ;
#1941 = ADVANCED_FACE ( 'NONE', ( #1577 ), #1623, .F. ) ;
#1942 = UNCERTAINTY_MEASURE_WITH_UNIT (LENGTH_MEASURE( 1.000000000000000082E-05 ), #1924, 'distance_accuracy_value', 'NONE');
#1943 = CARTESIAN_POINT ( 'NONE',  ( -14.62094594845406093, 1.000000000000000000, 5.582855424365427588 ) ) ;
#1944 = DIRECTION ( 'NONE',  ( 0.000000000000000000, 0.000000000000000000, -1.000000000000000000 ) ) ;
#1945 = VECTOR ( 'NONE', #150, 1000.000000000000000 ) ;
#1946 = DIRECTION ( 'NONE',  ( 1.577021341797096821E-15, 0.000000000000000000, 1.000000000000000000 ) ) ;
#1947 = AXIS2_PLACEMENT_3D ( 'NONE', #1419, #290, #3115 ) ;
#1948 = VERTEX_POINT ( 'NONE', #4368 ) ;
#1949 = AXIS2_PLACEMENT_3D ( 'NONE', #4421, #1082, #2728 ) ;
#1950 = ORIENTED_EDGE ( 'NONE', *, *, #1863, .T. ) ;
#1951 = DIRECTION ( 'NONE',  ( 0.000000000000000000, 1.000000000000000000, 0.000000000000000000 ) ) ;
#1952 = AXIS2_PLACEMENT_3D ( 'NONE', #2319, #3689, #1918 ) ;
#1953 = ORIENTED_EDGE ( 'NONE', *, *, #2046, .T. ) ;
#1954 = ORIENTED_EDGE ( 'NONE', *, *, #3125, .T. ) ;
#1955 = AXIS2_PLACEMENT_3D ( 'NONE', #1754, #1044, #3748 ) ;
#1956 = DIRECTION ( 'NONE',  ( 0.000000000000000000, 1.000000000000000000, -0.000000000000000000 ) ) ;
#1957 = UNCERTAINTY_MEASURE_WITH_UNIT (LENGTH_MEASURE( 1.000000000000000082E-05 ), #1037, 'distance_accuracy_value', 'NONE');
#1958 = DIRECTION ( 'NONE',  ( 0.000000000000000000, 0.000000000000000000, 1.000000000000000000 ) ) ;
#1959 = PRODUCT_RELATED_PRODUCT_CATEGORY ( 'part', '', ( #3912 ) ) ;
#1960 = DIRECTION ( 'NONE',  ( 0.000000000000000000, 1.000000000000000000, 0.000000000000000000 ) ) ;
#1961 = CARTESIAN_POINT ( 'NONE',  ( -19.94572808684069187, 1.000000000000000000, -6.563954106161710378 ) ) ;
#1962 = LINE ( 'NONE', #281, #2290 ) ;
#1963 = VECTOR ( 'NONE', #1026, 1000.000000000000000 ) ;
#1964 = VECTOR ( 'NONE', #4071, 1000.000000000000000 ) ;
#1965 = EDGE_CURVE ( 'NONE', #903, #2683, #2514, .T. ) ;
#1966 = CARTESIAN_POINT ( 'NONE',  ( -16.00000000000001066, -4.242640687119289211, -26.49999999999999289 ) ) ;
#1967 = DIRECTION ( 'NONE',  ( 0.000000000000000000, 1.000000000000000000, 0.000000000000000000 ) ) ;
#1968 = DIRECTION ( 'NONE',  ( 0.000000000000000000, 0.000000000000000000, 1.000000000000000000 ) ) ;
#1969 = FACE_BOUND ( 'NONE', #1352, .T. ) ;
#1970 = ORIENTED_EDGE ( 'NONE', *, *, #2788, .F. ) ;
#1971 = EDGE_CURVE ( 'NONE', #3152, #51, #371, .T. ) ;
#1972 = ORIENTED_EDGE ( 'NONE', *, *, #2190, .T. ) ;
#1973 = LINE ( 'NONE', #3699, #2297 ) ;
#1974 = DIRECTION ( 'NONE',  ( 0.000000000000000000, 0.000000000000000000, 1.000000000000000000 ) ) ;
#1975 = AXIS2_PLACEMENT_3D ( 'NONE', #1328, #4065, #2605 ) ;
#1976 = ORIENTED_EDGE ( 'NONE', *, *, #1333, .F. ) ;
#1977 = ORIENTED_EDGE ( 'NONE', *, *, #936, .F. ) ;
#1978 = CYLINDRICAL_SURFACE ( 'NONE', #4249, 3.499999999999999556 ) ;
#1979 = CARTESIAN_POINT ( 'NONE',  ( -23.00000000000001066, 3.000000000000000000, -14.99999999999999645 ) ) ;
#1980 = VECTOR ( 'NONE', #3166, 1000.000000000000000 ) ;
#1981 = CARTESIAN_POINT ( 'NONE',  ( 3.495614035087725391, 1.000000000000000000, 21.68395670754183513 ) ) ;
#1982 = DIRECTION ( 'NONE',  ( -0.000000000000000000, 1.000000000000000000, -0.000000000000000000 ) ) ;
#1983 = CARTESIAN_POINT ( 'NONE',  ( -11.50000000000000000, 0.000000000000000000, -6.000000000000000888 ) ) ;
#1984 = ORIENTED_EDGE ( 'NONE', *, *, #4250, .T. ) ;
#1985 = DIRECTION ( 'NONE',  ( 0.000000000000000000, 0.000000000000000000, 1.000000000000000000 ) ) ;
#1986 =( LENGTH_UNIT ( ) NAMED_UNIT ( * ) SI_UNIT ( .MILLI., .METRE. ) );
#1987 = CARTESIAN_POINT ( 'NONE',  ( 25.00000000000001421, 3.000000000000000000, 30.00000000000000355 ) ) ;
#1988 = EDGE_LOOP ( 'NONE', ( #4392, #821 ) ) ;
#1989 = EDGE_CURVE ( 'NONE', #3538, #1374, #1908, .T. ) ;
#1990 = AXIS2_PLACEMENT_3D ( 'NONE', #2130, #1440, #2798 ) ;
#1991 = ORIENTED_EDGE ( 'NONE', *, *, #2949, .T. ) ;
#1992 = CARTESIAN_POINT ( 'NONE',  ( -16.00000000000001066, 3.000000000000000000, 25.25000000000000000 ) ) ;
#1993 = ADVANCED_FACE ( 'NONE', ( #3606 ), #2911, .T. ) ;
#1994 = ORIENTED_EDGE ( 'NONE', *, *, #4393, .F. ) ;
#1995 = ORIENTED_EDGE ( 'NONE', *, *, #1457, .F. ) ;
#1996 = LINE ( 'NONE', #3686, #1528 ) ;
#1997 = AXIS2_PLACEMENT_3D ( 'NONE', #1666, #4025, #1311 ) ;
#1998 = DIRECTION ( 'NONE',  ( 0.000000000000000000, 0.000000000000000000, 1.000000000000000000 ) ) ;
#1999 = EDGE_CURVE ( 'NONE', #3522, #2529, #944, .T. ) ;
#2000 = CARTESIAN_POINT ( 'NONE',  ( -27.99999999999998934, 3.000000000000000000, 30.00000000000000355 ) ) ;
#2001 = CARTESIAN_POINT ( 'NONE',  ( 16.00000000000001066, -4.242640687119289211, -27.74999999999999289 ) ) ;
#2002 = CARTESIAN_POINT ( 'NONE',  ( 0.9999999999999974465, 0.000000000000000000, -11.41063228481487002 ) ) ;
#2003 = EDGE_CURVE ( 'NONE', #3349, #4277, #4021, .T. ) ;
#2004 = ORIENTED_EDGE ( 'NONE', *, *, #2245, .T. ) ;
#2005 = DIRECTION ( 'NONE',  ( 0.000000000000000000, 0.000000000000000000, 1.000000000000000000 ) ) ;
#2006 = FACE_OUTER_BOUND ( 'NONE', #4032, .T. ) ;
#2007 = SURFACE_STYLE_USAGE ( .BOTH. , #643 ) ;
#2008 = DIRECTION ( 'NONE',  ( 0.000000000000000000, -1.000000000000000000, 0.000000000000000000 ) ) ;
#2009 = ORIENTED_EDGE ( 'NONE', *, *, #2344, .F. ) ;
#2010 = VERTEX_POINT ( 'NONE', #4379 ) ;
#2011 = DIRECTION ( 'NONE',  ( 1.000000000000000000, 0.000000000000000000, 0.000000000000000000 ) ) ;
#2012 = ADVANCED_FACE ( 'NONE', ( #612 ), #1551, .F. ) ;
#2013 = CARTESIAN_POINT ( 'NONE',  ( -27.99999999999999645, 0.000000000000000000, -29.99999999999999645 ) ) ;
#2014 =( GEOMETRIC_REPRESENTATION_CONTEXT ( 3 ) GLOBAL_UNCERTAINTY_ASSIGNED_CONTEXT ( ( #913 ) ) GLOBAL_UNIT_ASSIGNED_CONTEXT ( ( #4230, #2632, #2235 ) ) REPRESENTATION_CONTEXT ( 'NONE', 'WORKASPACE' ) );
#2015 = AXIS2_PLACEMENT_3D ( 'NONE', #2355, #4423, #2757 ) ;
#2016 = VERTEX_POINT ( 'NONE', #2578 ) ;
#2017 = VERTEX_POINT ( 'NONE', #1590 ) ;
#2018 = EDGE_CURVE ( 'NONE', #832, #3616, #2311, .T. ) ;
#2019 = COLOUR_RGB ( '',1.000000000000000000, 1.000000000000000000, 1.000000000000000000 ) ;
#2020 = DIRECTION ( 'NONE',  ( 0.000000000000000000, 0.000000000000000000, 1.000000000000000000 ) ) ;
#2021 = CARTESIAN_POINT ( 'NONE',  ( 25.00000000000000711, 0.000000000000000000, -26.99999999999999645 ) ) ;
#2022 = AXIS2_PLACEMENT_3D ( 'NONE', #836, #1192, #3154 ) ;
#2023 = EDGE_CURVE ( 'NONE', #4317, #2233, #948, .T. ) ;
#2024 = DIRECTION ( 'NONE',  ( -0.000000000000000000, -1.000000000000000000, -0.000000000000000000 ) ) ;
#2025 = CIRCLE ( 'NONE', #97, 10.25000000000000000 ) ;
#2026 =( NAMED_UNIT ( * ) PLANE_ANGLE_UNIT ( ) SI_UNIT ( $, .RADIAN. ) );
#2027 = CARTESIAN_POINT ( 'NONE',  ( -18.87079823077861462, 0.000000000000000000, -22.22653767347957299 ) ) ;
#2028 = AXIS2_PLACEMENT_3D ( 'NONE', #798, #2165, #2921 ) ;
#2029 = ORIENTED_EDGE ( 'NONE', *, *, #974, .T. ) ;
#2030 = EDGE_LOOP ( 'NONE', ( #2298, #4182 ) ) ;
#2031 = DIRECTION ( 'NONE',  ( 0.000000000000000000, 0.000000000000000000, 1.000000000000000000 ) ) ;
#2032 = LINE ( 'NONE', #3412, #2674 ) ;
#2033 = DIRECTION ( 'NONE',  ( 0.000000000000000000, 0.000000000000000000, 1.000000000000000000 ) ) ;
#2034 = AXIS2_PLACEMENT_3D ( 'NONE', #2946, #155, #3217 ) ;
#2035 = CARTESIAN_POINT ( 'NONE',  ( -19.94572808684069187, 1.000000000000000000, -6.563954106161710378 ) ) ;
#2036 = EDGE_LOOP ( 'NONE', ( #868, #2659, #137, #3957 ) ) ;
#2037 = AXIS2_PLACEMENT_3D ( 'NONE', #3279, #3965, #1925 ) ;
#2038 = EDGE_LOOP ( 'NONE', ( #3770, #469, #3486, #805 ) ) ;
#2039 = CARTESIAN_POINT ( 'NONE',  ( -24.50000000000001066, 0.000000000000000000, -26.49999999999999289 ) ) ;
#2040 = DIRECTION ( 'NONE',  ( 1.156482317317871478E-16, 0.000000000000000000, 1.000000000000000000 ) ) ;
#2041 = VERTEX_POINT ( 'NONE', #4036 ) ;
#2042 = VERTEX_POINT ( 'NONE', #4015 ) ;
#2043 = FACE_BOUND ( 'NONE', #3655, .T. ) ;
#2044 = DIRECTION ( 'NONE',  ( 0.000000000000000000, 0.000000000000000000, 1.000000000000000000 ) ) ;
#2045 = EDGE_LOOP ( 'NONE', ( #1539, #3078, #3259, #1699, #3857, #125, #4140, #2594, #3388, #2842, #3246 ) ) ;
#2046 = EDGE_CURVE ( 'NONE', #154, #1633, #1875, .T. ) ;
#2047 = DIRECTION ( 'NONE',  ( 0.000000000000000000, -1.000000000000000000, 0.000000000000000000 ) ) ;
#2048 = PRESENTATION_STYLE_ASSIGNMENT (( #1331 ) ) ;
#2049 = DIRECTION ( 'NONE',  ( 0.000000000000000000, 0.000000000000000000, 1.000000000000000000 ) ) ;
#2050 = EDGE_CURVE ( 'NONE', #3836, #1556, #1973, .T. ) ;
#2051 = ORIENTED_EDGE ( 'NONE', *, *, #2321, .T. ) ;
#2052 = VECTOR ( 'NONE', #4320, 1000.000000000000000 ) ;
#2053 = ORIENTED_EDGE ( 'NONE', *, *, #3448, .F. ) ;
#2054 = CIRCLE ( 'NONE', #700, 2.200000000000000622 ) ;
#2055 = CARTESIAN_POINT ( 'NONE',  ( 17.41777456375695365, 1.000000000000000000, 19.85843126484715881 ) ) ;
#2056 = CARTESIAN_POINT ( 'NONE',  ( 20.08452761423220068, 1.000000000000000000, 9.508614375090122195 ) ) ;
#2057 = DIRECTION ( 'NONE',  ( -0.000000000000000000, 1.000000000000000000, -0.000000000000000000 ) ) ;
#2058 = FACE_OUTER_BOUND ( 'NONE', #2697, .T. ) ;
#2059 = VERTEX_POINT ( 'NONE', #2597 ) ;
#2060 = VERTEX_POINT ( 'NONE', #2951 ) ;
#2061 = FACE_OUTER_BOUND ( 'NONE', #3638, .T. ) ;
#2062 = AXIS2_PLACEMENT_3D ( 'NONE', #471, #2778, #1833 ) ;
#2063 = SURFACE_SIDE_STYLE ('',( #4060 ) ) ;
#2064 = CIRCLE ( 'NONE', #2637, 1.550000000000002709 ) ;
#2065 = ORIENTED_EDGE ( 'NONE', *, *, #2050, .T. ) ;
#2066 = VERTEX_POINT ( 'NONE', #2644 ) ;
#2067 = FACE_BOUND ( 'NONE', #3880, .T. ) ;
#2068 = LINE ( 'NONE', #320, #1900 ) ;
#2069 = EDGE_LOOP ( 'NONE', ( #689, #4183, #3541, #1680 ) ) ;
#2070 = DIRECTION ( 'NONE',  ( -0.000000000000000000, 1.000000000000000000, -0.000000000000000000 ) ) ;
#2071 = DIRECTION ( 'NONE',  ( 0.000000000000000000, 0.000000000000000000, 1.000000000000000000 ) ) ;
#2072 = EDGE_CURVE ( 'NONE', #1114, #4248, #802, .T. ) ;
#2073 = DIRECTION ( 'NONE',  ( 0.000000000000000000, 0.000000000000000000, 1.000000000000000000 ) ) ;
#2074 = VERTEX_POINT ( 'NONE', #536 ) ;
#2075 = VERTEX_POINT ( 'NONE', #922 ) ;
#2076 = CARTESIAN_POINT ( 'NONE',  ( 11.50000000000000000, 3.000000000000000000, 23.00000000000000711 ) ) ;
#2077 = DIRECTION ( 'NONE',  ( 0.000000000000000000, 0.000000000000000000, 1.000000000000000000 ) ) ;
#2078 = CARTESIAN_POINT ( 'NONE',  ( 11.50000000000000000, 1.000000000000000000, -2.000000000000000000 ) ) ;
#2079 = DIRECTION ( 'NONE',  ( 0.000000000000000000, 0.000000000000000000, 1.000000000000000000 ) ) ;
#2080 = ADVANCED_FACE ( 'NONE', ( #1570 ), #3651, .F. ) ;
#2081 = EDGE_LOOP ( 'NONE', ( #2446, #2857, #2273, #1063 ) ) ;
#2082 = ORIENTED_EDGE ( 'NONE', *, *, #596, .F. ) ;
#2083 = CYLINDRICAL_SURFACE ( 'NONE', #3477, 1.600000000000000755 ) ;
#2084 = CARTESIAN_POINT ( 'NONE',  ( -25.00000000000001066, 3.000000000000000000, 5.000000000000007994 ) ) ;
#2085 = DIRECTION ( 'NONE',  ( 1.000000000000000000, -0.000000000000000000, 0.000000000000000000 ) ) ;
#2086 = EDGE_LOOP ( 'NONE', ( #2009, #1529 ) ) ;
#2087 = ADVANCED_FACE ( 'NONE', ( #2977, #2999 ), #2930, .T. ) ;
#2088 = AXIS2_PLACEMENT_3D ( 'NONE', #1279, #182, #3265 ) ;
#2089 = FACE_BOUND ( 'NONE', #812, .T. ) ;
#2090 = CIRCLE ( 'NONE', #1300, 6.000000000000001776 ) ;
#2091 = CARTESIAN_POINT ( 'NONE',  ( 18.36176045203126606, 3.000000000000000000, 21.84561284757656807 ) ) ;
#2092 = VERTEX_POINT ( 'NONE', #3332 ) ;
#2093 = CIRCLE ( 'NONE', #3018, 2.100000000000004530 ) ;
#2094 = VECTOR ( 'NONE', #658, 1000.000000000000000 ) ;
#2095 = DIRECTION ( 'NONE',  ( 3.154042683594193641E-15, 0.000000000000000000, 1.000000000000000000 ) ) ;
#2096 = CARTESIAN_POINT ( 'NONE',  ( 0.9999999999999974465, 1.000000000000000000, -11.41063228481487002 ) ) ;
#2097 = ORIENTED_EDGE ( 'NONE', *, *, #2337, .T. ) ;
#2098 = VERTEX_POINT ( 'NONE', #274 ) ;
#2099 = VECTOR ( 'NONE', #3425, 1000.000000000000000 ) ;
#2100 = DIRECTION ( 'NONE',  ( 0.000000000000000000, 1.000000000000000000, 0.000000000000000000 ) ) ;
#2101 = LINE ( 'NONE', #2791, #1370 ) ;
#2102 = PLANE ( 'NONE',  #2954 ) ;
#2103 = CIRCLE ( 'NONE', #1387, 4.000000000000000888 ) ;
#2104 = CYLINDRICAL_SURFACE ( 'NONE', #122, 1.250000000000001110 ) ;
#2105 = ORIENTED_EDGE ( 'NONE', *, *, #3856, .T. ) ;
#2106 = EDGE_CURVE ( 'NONE', #392, #2098, #967, .T. ) ;
#2107 = CIRCLE ( 'NONE', #1535, 3.500000000000000000 ) ;
#2108 = ORIENTED_EDGE ( 'NONE', *, *, #2681, .T. ) ;
#2109 =( NAMED_UNIT ( * ) PLANE_ANGLE_UNIT ( ) SI_UNIT ( $, .RADIAN. ) );
#2110 = DIRECTION ( 'NONE',  ( -0.000000000000000000, 1.000000000000000000, -0.000000000000000000 ) ) ;
#2111 = AXIS2_PLACEMENT_3D ( 'NONE', #243, #1583, #1944 ) ;
#2112 = EDGE_CURVE ( 'NONE', #51, #3933, #3087, .T. ) ;
#2113 = VERTEX_POINT ( 'NONE', #988 ) ;
#2114 = CARTESIAN_POINT ( 'NONE',  ( 11.50000000000000000, 3.000000000000000000, -2.000000000000000000 ) ) ;
#2115 = CARTESIAN_POINT ( 'NONE',  ( 18.12238934066071394, 1.000000000000000000, -6.321597563614139936 ) ) ;
#2116 = CARTESIAN_POINT ( 'NONE',  ( 0.9999999999999974465, 3.000000000000000000, -3.160632284814869575 ) ) ;
#2117 = DIRECTION ( 'NONE',  ( 0.000000000000000000, 0.000000000000000000, 1.000000000000000000 ) ) ;
#2118 = DIRECTION ( 'NONE',  ( 0.000000000000000000, 1.000000000000000000, -0.000000000000000000 ) ) ;
#2119 = ORIENTED_EDGE ( 'NONE', *, *, #348, .T. ) ;
#2120 = AXIS2_PLACEMENT_3D ( 'NONE', #2718, #370, #2391 ) ;
#2121 = AXIS2_PLACEMENT_3D ( 'NONE', #4170, #781, #830 ) ;
#2122 = SURFACE_STYLE_FILL_AREA ( #1868 ) ;
#2123 = CARTESIAN_POINT ( 'NONE',  ( -16.55454981981007734, 1.000000000000000000, -5.232882014404165893 ) ) ;
#2124 = DIRECTION ( 'NONE',  ( -0.000000000000000000, -1.000000000000000000, -0.000000000000000000 ) ) ;
#2125 = DIRECTION ( 'NONE',  ( 0.000000000000000000, 1.000000000000000000, -0.000000000000000000 ) ) ;
#2126 = MECHANICAL_DESIGN_GEOMETRIC_PRESENTATION_REPRESENTATION (  '', ( #2981 ), #766 ) ;
#2127 = ORIENTED_EDGE ( 'NONE', *, *, #2247, .F. ) ;
#2128 = ORIENTED_EDGE ( 'NONE', *, *, #574, .T. ) ;
#2129 = DIRECTION ( 'NONE',  ( 0.000000000000000000, 0.000000000000000000, 1.000000000000000000 ) ) ;
#2130 = CARTESIAN_POINT ( 'NONE',  ( 11.50000000000000000, 1.000000000000000000, -2.000000000000000000 ) ) ;
#2131 = APPLICATION_PROTOCOL_DEFINITION ( 'draft international standard', 'automotive_design', 1998, #3557 ) ;
#2132 = EDGE_CURVE ( 'NONE', #156, #1692, #3445, .T. ) ;
#2133 = ORIENTED_EDGE ( 'NONE', *, *, #4076, .T. ) ;
#2134 = DIRECTION ( 'NONE',  ( 0.000000000000000000, 0.000000000000000000, 1.000000000000000000 ) ) ;
#2135 = EDGE_CURVE ( 'NONE', #1822, #396, #4244, .T. ) ;
#2136 = CIRCLE ( 'NONE', #2631, 1.549999999999995826 ) ;
#2137 = LINE ( 'NONE', #2231, #3672 ) ;
#2138 = CYLINDRICAL_SURFACE ( 'NONE', #2062, 1.250000000000001110 ) ;
#2139 = EDGE_CURVE ( 'NONE', #2529, #1703, #3020, .T. ) ;
#2140 = CARTESIAN_POINT ( 'NONE',  ( 18.50000000000000000, 3.000000000000000000, -0.000000000000000000 ) ) ;
#2141 = ORIENTED_EDGE ( 'NONE', *, *, #4400, .T. ) ;
#2142 = ORIENTED_EDGE ( 'NONE', *, *, #2761, .T. ) ;
#2143 = CARTESIAN_POINT ( 'NONE',  ( -18.87079823077861462, 3.000000000000000000, -20.67653767347957583 ) ) ;
#2144 = CARTESIAN_POINT ( 'NONE',  ( 16.50000000000000000, 1.000000000000000000, -20.99999999999999645 ) ) ;
#2145 = DIRECTION ( 'NONE',  ( -0.000000000000000000, 1.000000000000000000, -0.000000000000000000 ) ) ;
#2146 = DIRECTION ( 'NONE',  ( 0.000000000000000000, 0.000000000000000000, 1.000000000000000000 ) ) ;
#2147 = EDGE_CURVE ( 'NONE', #1880, #2618, #18, .T. ) ;
#2148 = AXIS2_PLACEMENT_3D ( 'NONE', #2283, #3386, #2301 ) ;
#2149 = ORIENTED_EDGE ( 'NONE', *, *, #1971, .F. ) ;
#2150 = LINE ( 'NONE', #2467, #2415 ) ;
#2151 = CARTESIAN_POINT ( 'NONE',  ( 27.38363500381080229, 3.000000000000000000, 6.034310117596673351 ) ) ;
#2152 = ORIENTED_EDGE ( 'NONE', *, *, #2139, .F. ) ;
#2153 = ORIENTED_EDGE ( 'NONE', *, *, #1752, .T. ) ;
#2154 = DIRECTION ( 'NONE',  ( -0.000000000000000000, 1.000000000000000000, -0.000000000000000000 ) ) ;
#2155 = DIRECTION ( 'NONE',  ( 0.000000000000000000, 0.000000000000000000, 1.000000000000000000 ) ) ;
#2156 = EDGE_LOOP ( 'NONE', ( #3096, #2418 ) ) ;
#2157 = EDGE_CURVE ( 'NONE', #4235, #3808, #3296, .T. ) ;
#2158 = CARTESIAN_POINT ( 'NONE',  ( 19.30687755179502219, 3.000000000000000000, 7.450639550076109785 ) ) ;
#2159 = DIRECTION ( 'NONE',  ( 0.000000000000000000, 1.000000000000000000, -0.000000000000000000 ) ) ;
#2160 = CIRCLE ( 'NONE', #2726, 1.550000000000000933 ) ;
#2161 = ORIENTED_EDGE ( 'NONE', *, *, #405, .F. ) ;
#2162 = CIRCLE ( 'NONE', #3588, 1.250000000000001110 ) ;
#2163 = ORIENTED_EDGE ( 'NONE', *, *, #459, .T. ) ;
#2164 = FACE_OUTER_BOUND ( 'NONE', #3203, .T. ) ;
#2165 = DIRECTION ( 'NONE',  ( 0.000000000000000000, 1.000000000000000000, -0.000000000000000000 ) ) ;
#2166 = CYLINDRICAL_SURFACE ( 'NONE', #193, 6.000000000000000888 ) ;
#2167 = AXIS2_PLACEMENT_3D ( 'NONE', #3934, #481, #1470 ) ;
#2168 = CARTESIAN_POINT ( 'NONE',  ( 2.000000000000000444, -4.595591605208931618, -2.948561061553105938E-16 ) ) ;
#2169 = EDGE_CURVE ( 'NONE', #3417, #774, #1522, .T. ) ;
#2170 = VECTOR ( 'NONE', #927, 1000.000000000000000 ) ;
#2171 = ORIENTED_EDGE ( 'NONE', *, *, #1210, .T. ) ;
#2172 = FACE_BOUND ( 'NONE', #2576, .T. ) ;
#2173 = DIRECTION ( 'NONE',  ( 0.000000000000000000, 1.000000000000000000, -0.000000000000000000 ) ) ;
#2174 = SHAPE_DEFINITION_REPRESENTATION ( #3797, #449 ) ;
#2175 = STYLED_ITEM ( 'NONE', ( #1193 ), #952 ) ;
#2176 = ORIENTED_EDGE ( 'NONE', *, *, #4370, .T. ) ;
#2177 = AXIS2_PLACEMENT_3D ( 'NONE', #2525, #3211, #3895 ) ;
#2178 = ORIENTED_EDGE ( 'NONE', *, *, #1204, .F. ) ;
#2179 = AXIS2_PLACEMENT_3D ( 'NONE', #1086, #3845, #711 ) ;
#2180 = ORIENTED_EDGE ( 'NONE', *, *, #3360, .F. ) ;
#2181 = DIRECTION ( 'NONE',  ( 0.000000000000000000, 0.000000000000000000, 1.000000000000000000 ) ) ;
#2182 = PRESENTATION_LAYER_ASSIGNMENT (  '', '', ( #4330 ) ) ;
#2183 = CIRCLE ( 'NONE', #892, 3.500000000000000000 ) ;
#2184 = MECHANICAL_DESIGN_GEOMETRIC_PRESENTATION_REPRESENTATION (  '', ( #3110 ), #3753 ) ;
#2185 = CARTESIAN_POINT ( 'NONE',  ( -11.67185684652424804, 3.000000000000000000, -22.99999999999999645 ) ) ;
#2186 = ORIENTED_EDGE ( 'NONE', *, *, #654, .F. ) ;
#2187 = CIRCLE ( 'NONE', #3756, 2.200000000000000622 ) ;
#2188 = CARTESIAN_POINT ( 'NONE',  ( -24.50000000000001066, 3.000000000000000000, -26.49999999999999289 ) ) ;
#2189 = LINE ( 'NONE', #523, #2394 ) ;
#2190 = EDGE_CURVE ( 'NONE', #271, #2932, #1162, .T. ) ;
#2191 = ORIENTED_EDGE ( 'NONE', *, *, #3609, .F. ) ;
#2192 = VERTEX_POINT ( 'NONE', #3742 ) ;
#2193 = CARTESIAN_POINT ( 'NONE',  ( 20.87079823077861107, 1.200000000000000178, -2.144726896150167761 ) ) ;
#2194 = CARTESIAN_POINT ( 'NONE',  ( -11.39092863676334844, 1.000000000000000000, 6.199274567772547151 ) ) ;
#2195 = CARTESIAN_POINT ( 'NONE',  ( 25.00000000000001066, -7.000000000000000000, 5.000000000000007994 ) ) ;
#2196 = AXIS2_PLACEMENT_3D ( 'NONE', #2668, #2360, #1958 ) ;
#2197 = DIRECTION ( 'NONE',  ( 0.000000000000000000, 0.000000000000000000, 1.000000000000000000 ) ) ;
#2198 = EDGE_CURVE ( 'NONE', #2676, #3631, #3229, .T. ) ;
#2199 = ORIENTED_EDGE ( 'NONE', *, *, #1340, .F. ) ;
#2200 = SURFACE_SIDE_STYLE ('',( #4266 ) ) ;
#2201 = LINE ( 'NONE', #2224, #1277 ) ;
#2202 = VECTOR ( 'NONE', #3346, 1000.000000000000000 ) ;
#2203 = EDGE_CURVE ( 'NONE', #1587, #2092, #2093, .T. ) ;
#2204 = ORIENTED_EDGE ( 'NONE', *, *, #91, .T. ) ;
#2205 = EDGE_LOOP ( 'NONE', ( #546, #1186 ) ) ;
#2206 = EDGE_LOOP ( 'NONE', ( #2521, #3781, #4311, #785, #3892, #4436, #1195, #1954, #2642, #1152, #534, #4153, #947, #3249 ) ) ;
#2207 = CARTESIAN_POINT ( 'NONE',  ( -3.495614035087716953, 1.000000000000000000, 21.68395670754182802 ) ) ;
#2208 = CARTESIAN_POINT ( 'NONE',  ( 23.00000000000001066, 0.000000000000000000, -14.99999999999999645 ) ) ;
#2209 = VERTEX_POINT ( 'NONE', #1992 ) ;
#2210 = DIRECTION ( 'NONE',  ( 0.000000000000000000, 0.000000000000000000, 1.000000000000000000 ) ) ;
#2211 = AXIS2_PLACEMENT_3D ( 'NONE', #710, #1757, #1379 ) ;
#2212 =( NAMED_UNIT ( * ) PLANE_ANGLE_UNIT ( ) SI_UNIT ( $, .RADIAN. ) );
#2213 = VERTEX_POINT ( 'NONE', #3721 ) ;
#2214 = AXIS2_PLACEMENT_3D ( 'NONE', #246, #4286, #1209 ) ;
#2215 = VERTEX_POINT ( 'NONE', #1723 ) ;
#2216 = CARTESIAN_POINT ( 'NONE',  ( -16.00000000000001066, -4.242640687119289211, -26.49999999999999289 ) ) ;
#2217 = CYLINDRICAL_SURFACE ( 'NONE', #1654, 3.500000000000000000 ) ;
#2218 = CARTESIAN_POINT ( 'NONE',  ( -21.88120744007501273, 1.000000000000000000, -7.609860255490433545 ) ) ;
#2219 = CARTESIAN_POINT ( 'NONE',  ( 19.26611757656450763, 1.000000000000000000, 4.874176151904495491 ) ) ;
#2220 = CARTESIAN_POINT ( 'NONE',  ( -22.23018100228648208, 1.000000000000000000, 9.107079528758683651 ) ) ;
#2221 = EDGE_CURVE ( 'NONE', #1335, #81, #159, .T. ) ;
#2222 = ORIENTED_EDGE ( 'NONE', *, *, #4412, .T. ) ;
#2223 = DIRECTION ( 'NONE',  ( 0.000000000000000000, 1.000000000000000000, 0.000000000000000000 ) ) ;
#2224 = CARTESIAN_POINT ( 'NONE',  ( -11.50000000000000000, 1.000000000000000000, 23.00000000000000711 ) ) ;
#2225 = CIRCLE ( 'NONE', #2148, 2.200000000000000622 ) ;
#2226 = ORIENTED_EDGE ( 'NONE', *, *, #706, .F. ) ;
#2227 = VERTEX_POINT ( 'NONE', #3350 ) ;
#2228 = DIRECTION ( 'NONE',  ( 0.000000000000000000, -1.000000000000000000, 0.000000000000000000 ) ) ;
#2229 = DIRECTION ( 'NONE',  ( -0.000000000000000000, 1.000000000000000000, -0.000000000000000000 ) ) ;
#2230 = ORIENTED_EDGE ( 'NONE', *, *, #4276, .T. ) ;
#2231 = CARTESIAN_POINT ( 'NONE',  ( 7.560062181880888410, -6.839445286733748297, -19.28642330349078193 ) ) ;
#2232 = CARTESIAN_POINT ( 'NONE',  ( 1.000000000000000888, 3.000000000000000000, 7.410632284814872683 ) ) ;
#2233 = VERTEX_POINT ( 'NONE', #1653 ) ;
#2234 = DIRECTION ( 'NONE',  ( 0.000000000000000000, 0.000000000000000000, 1.000000000000000000 ) ) ;
#2235 =( NAMED_UNIT ( * ) SI_UNIT ( $, .STERADIAN. ) SOLID_ANGLE_UNIT ( ) );
#2236 = DIRECTION ( 'NONE',  ( 0.000000000000000000, 1.000000000000000000, 0.000000000000000000 ) ) ;
#2237 =( NAMED_UNIT ( * ) SI_UNIT ( $, .STERADIAN. ) SOLID_ANGLE_UNIT ( ) );
#2238 = DIRECTION ( 'NONE',  ( -1.000000000000000000, 0.000000000000000000, 1.474280530776552476E-16 ) ) ;
#2239 = MECHANICAL_DESIGN_GEOMETRIC_PRESENTATION_REPRESENTATION (  '', ( #2378 ), #1377 ) ;
#2240 = EDGE_CURVE ( 'NONE', #51, #3152, #378, .T. ) ;
#2241 = ORIENTED_EDGE ( 'NONE', *, *, #1746, .T. ) ;
#2242 = DIRECTION ( 'NONE',  ( 0.000000000000000000, 1.000000000000000000, -0.000000000000000000 ) ) ;
#2243 = AXIS2_PLACEMENT_3D ( 'NONE', #3075, #77, #1445 ) ;
#2244 = DIRECTION ( 'NONE',  ( -0.000000000000000000, 1.000000000000000000, -0.000000000000000000 ) ) ;
#2245 = EDGE_CURVE ( 'NONE', #3023, #2393, #47, .T. ) ;
#2246 = VERTEX_POINT ( 'NONE', #338 ) ;
#2247 = EDGE_CURVE ( 'NONE', #3616, #774, #1700, .T. ) ;
#2248 = AXIS2_PLACEMENT_3D ( 'NONE', #2338, #2915, #232 ) ;
#2249 = ORIENTED_EDGE ( 'NONE', *, *, #1047, .F. ) ;
#2250 = DIRECTION ( 'NONE',  ( -0.000000000000000000, -1.000000000000000000, -0.000000000000000000 ) ) ;
#2251 = VECTOR ( 'NONE', #1795, 1000.000000000000000 ) ;
#2252 = DIRECTION ( 'NONE',  ( 0.000000000000000000, 0.000000000000000000, 1.000000000000000000 ) ) ;
#2253 = EDGE_CURVE ( 'NONE', #342, #3264, #2621, .T. ) ;
#2254 = ORIENTED_EDGE ( 'NONE', *, *, #3250, .F. ) ;
#2255 = AXIS2_PLACEMENT_3D ( 'NONE', #4440, #2124, #734 ) ;
#2256 = CARTESIAN_POINT ( 'NONE',  ( 11.18251995213581296, 1.000000000000000000, 6.236414492258417042 ) ) ;
#2257 = FACE_OUTER_BOUND ( 'NONE', #1011, .T. ) ;
#2258 = ORIENTED_EDGE ( 'NONE', *, *, #1989, .T. ) ;
#2259 = CARTESIAN_POINT ( 'NONE',  ( -27.99999999999998934, 3.000000000000000000, 27.00000000000000000 ) ) ;
#2260 = FACE_OUTER_BOUND ( 'NONE', #1023, .T. ) ;
#2261 = CARTESIAN_POINT ( 'NONE',  ( -19.85191411977123721, 3.000000000000000000, 0.6354346831441348709 ) ) ;
#2262 = FACE_OUTER_BOUND ( 'NONE', #1619, .T. ) ;
#2263 = VECTOR ( 'NONE', #2871, 1000.000000000000000 ) ;
#2264 = DIRECTION ( 'NONE',  ( 0.000000000000000000, 0.000000000000000000, 1.000000000000000000 ) ) ;
#2265 = DIRECTION ( 'NONE',  ( 0.000000000000000000, 0.000000000000000000, 1.000000000000000000 ) ) ;
#2266 = DIRECTION ( 'NONE',  ( 0.000000000000000000, 0.000000000000000000, 1.000000000000000000 ) ) ;
#2267 = ORIENTED_EDGE ( 'NONE', *, *, #1662, .T. ) ;
#2268 = ORIENTED_EDGE ( 'NONE', *, *, #867, .T. ) ;
#2269 = CARTESIAN_POINT ( 'NONE',  ( -14.62094594845406093, 1.000000000000000000, 5.582855424365427588 ) ) ;
#2270 = AXIS2_PLACEMENT_3D ( 'NONE', #1100, #2486, #70 ) ;
#2271 = CYLINDRICAL_SURFACE ( 'NONE', #1588, 2.200000000000000622 ) ;
#2272 = CIRCLE ( 'NONE', #1126, 5.000000000000000000 ) ;
#2273 = ORIENTED_EDGE ( 'NONE', *, *, #2383, .T. ) ;
#2274 = ADVANCED_FACE ( 'NONE', ( #2061 ), #2083, .F. ) ;
#2275 = CARTESIAN_POINT ( 'NONE',  ( 25.00000000000001066, -7.000000000000000000, 3.750000000000006661 ) ) ;
#2276 = UNCERTAINTY_MEASURE_WITH_UNIT (LENGTH_MEASURE( 1.000000000000000082E-05 ), #2580, 'distance_accuracy_value', 'NONE');
#2277 = CYLINDRICAL_SURFACE ( 'NONE', #1118, 1.600000000000000755 ) ;
#2278 = ORIENTED_EDGE ( 'NONE', *, *, #4250, .F. ) ;
#2279 = EDGE_CURVE ( 'NONE', #3010, #966, #190, .T. ) ;
#2280 = CARTESIAN_POINT ( 'NONE',  ( -18.87079823077861462, 0.000000000000000000, -22.22653767347957299 ) ) ;
#2281 = DIRECTION ( 'NONE',  ( 0.000000000000000000, 1.000000000000000000, -0.000000000000000000 ) ) ;
#2282 = LINE ( 'NONE', #3254, #4422 ) ;
#2283 = CARTESIAN_POINT ( 'NONE',  ( 13.36803642966740213, 3.000000000000000000, 5.984387258734104265 ) ) ;
#2284 = ORIENTED_EDGE ( 'NONE', *, *, #650, .F. ) ;
#2285 = CARTESIAN_POINT ( 'NONE',  ( -11.42019168543659546, 1.000000000000000000, 3.999469195931133481 ) ) ;
#2286 = CARTESIAN_POINT ( 'NONE',  ( 0.9999999999999974465, 0.000000000000000000, -3.160632284814869575 ) ) ;
#2287 = ORIENTED_EDGE ( 'NONE', *, *, #1282, .F. ) ;
#2288 = ORIENTED_EDGE ( 'NONE', *, *, #413, .T. ) ;
#2289 = CARTESIAN_POINT ( 'NONE',  ( 20.87079823077861107, 1.200000000000000178, -2.144726896150167761 ) ) ;
#2290 = VECTOR ( 'NONE', #2636, 1000.000000000000000 ) ;
#2291 = VERTEX_POINT ( 'NONE', #4079 ) ;
#2292 = EDGE_CURVE ( 'NONE', #3562, #3052, #3984, .T. ) ;
#2293 = ORIENTED_EDGE ( 'NONE', *, *, #1124, .F. ) ;
#2294 = FACE_OUTER_BOUND ( 'NONE', #2759, .T. ) ;
#2295 = DIRECTION ( 'NONE',  ( -0.000000000000000000, 1.000000000000000000, -0.000000000000000000 ) ) ;
#2296 = EDGE_CURVE ( 'NONE', #2848, #2688, #2150, .T. ) ;
#2297 = VECTOR ( 'NONE', #1929, 1000.000000000000000 ) ;
#2298 = ORIENTED_EDGE ( 'NONE', *, *, #2046, .F. ) ;
#2299 = CYLINDRICAL_SURFACE ( 'NONE', #1952, 8.250000000000000000 ) ;
#2300 = SURFACE_STYLE_FILL_AREA ( #4088 ) ;
#2301 = DIRECTION ( 'NONE',  ( 0.000000000000000000, 0.000000000000000000, 1.000000000000000000 ) ) ;
#2302 = SURFACE_STYLE_USAGE ( .BOTH. , #2345 ) ;
#2303 = CARTESIAN_POINT ( 'NONE',  ( 0.000000000000000000, 1.000000000000000000, 0.000000000000000000 ) ) ;
#2304 = CARTESIAN_POINT ( 'NONE',  ( -14.62094594845406093, 1.000000000000000000, 3.382855424365427410 ) ) ;
#2305 = CYLINDRICAL_SURFACE ( 'NONE', #52, 2.200000000000000622 ) ;
#2306 = VERTEX_POINT ( 'NONE', #1791 ) ;
#2307 = EDGE_CURVE ( 'NONE', #4227, #1508, #2340, .T. ) ;
#2308 = AXIS2_PLACEMENT_3D ( 'NONE', #2444, #1323, #2776 ) ;
#2309 = VECTOR ( 'NONE', #3570, 1000.000000000000000 ) ;
#2310 = VERTEX_POINT ( 'NONE', #1164 ) ;
#2311 = LINE ( 'NONE', #1233, #2519 ) ;
#2312 = CARTESIAN_POINT ( 'NONE',  ( 16.00000000000001066, -4.242640687119289211, -26.49999999999999289 ) ) ;
#2313 = ORIENTED_EDGE ( 'NONE', *, *, #660, .F. ) ;
#2314 = ORIENTED_EDGE ( 'NONE', *, *, #1095, .T. ) ;
#2315 = AXIS2_PLACEMENT_3D ( 'NONE', #1149, #4245, #2824 ) ;
#2316 = DIRECTION ( 'NONE',  ( -0.000000000000000000, 1.000000000000000000, -0.000000000000000000 ) ) ;
#2317 = CARTESIAN_POINT ( 'NONE',  ( -24.50000000000001066, 0.000000000000000000, -26.49999999999999289 ) ) ;
#2318 = VECTOR ( 'NONE', #4299, 1000.000000000000000 ) ;
#2319 = CARTESIAN_POINT ( 'NONE',  ( 1.000000000000000888, -7.000000000000000000, 7.410632284814872683 ) ) ;
#2320 = FACE_OUTER_BOUND ( 'NONE', #2753, .T. ) ;
#2321 = EDGE_CURVE ( 'NONE', #1722, #4227, #4198, .T. ) ;
#2322 = DIRECTION ( 'NONE',  ( 0.000000000000000000, 1.000000000000000000, -0.000000000000000000 ) ) ;
#2323 = AXIS2_PLACEMENT_3D ( 'NONE', #625, #2972, #916 ) ;
#2324 = VERTEX_POINT ( 'NONE', #3903 ) ;
#2325 = FACE_OUTER_BOUND ( 'NONE', #3584, .T. ) ;
#2326 = CARTESIAN_POINT ( 'NONE',  ( 21.85191411977124432, 0.000000000000000000, 15.73582988648560743 ) ) ;
#2327 = DIRECTION ( 'NONE',  ( 0.000000000000000000, 1.000000000000000000, -0.000000000000000000 ) ) ;
#2328 = FACE_OUTER_BOUND ( 'NONE', #1495, .T. ) ;
#2329 = ADVANCED_FACE ( 'NONE', ( #1482 ), #4213, .F. ) ;
#2330 = ORIENTED_EDGE ( 'NONE', *, *, #562, .F. ) ;
#2331 = ORIENTED_EDGE ( 'NONE', *, *, #1885, .T. ) ;
#2332 = CARTESIAN_POINT ( 'NONE',  ( -25.00000000000001066, -7.000000000000000000, 3.750000000000006661 ) ) ;
#2333 = ADVANCED_FACE ( 'NONE', ( #3194 ), #3134, .F. ) ;
#2334 = FILL_AREA_STYLE ('',( #3767 ) ) ;
#2335 = EDGE_LOOP ( 'NONE', ( #3422, #941, #4219, #722 ) ) ;
#2336 = ORIENTED_EDGE ( 'NONE', *, *, #1006, .T. ) ;
#2337 = EDGE_CURVE ( 'NONE', #2075, #4070, #2530, .T. ) ;
#2338 = CARTESIAN_POINT ( 'NONE',  ( -18.87079823077861462, 0.000000000000000000, -20.67653767347957583 ) ) ;
#2339 = CARTESIAN_POINT ( 'NONE',  ( -27.99999999999999645, 3.000000000000000000, -26.99999999999999645 ) ) ;
#2340 = CIRCLE ( 'NONE', #3551, 2.200000000000000622 ) ;
#2341 = DIRECTION ( 'NONE',  ( -0.000000000000000000, 1.000000000000000000, -0.000000000000000000 ) ) ;
#2342 = DIRECTION ( 'NONE',  ( 0.000000000000000000, 0.000000000000000000, -1.000000000000000000 ) ) ;
#2343 = ORIENTED_EDGE ( 'NONE', *, *, #3704, .F. ) ;
#2344 = EDGE_CURVE ( 'NONE', #4085, #1582, #2690, .T. ) ;
#2345 = SURFACE_SIDE_STYLE ('',( #4049 ) ) ;
#2346 = CYLINDRICAL_SURFACE ( 'NONE', #3387, 25.00000000000000711 ) ;
#2347 = DIRECTION ( 'NONE',  ( 0.000000000000000000, 0.000000000000000000, 1.000000000000000000 ) ) ;
#2348 = DIRECTION ( 'NONE',  ( 0.000000000000000000, 0.000000000000000000, -1.000000000000000000 ) ) ;
#2349 = VECTOR ( 'NONE', #3340, 1000.000000000000000 ) ;
#2350 = ORIENTED_EDGE ( 'NONE', *, *, #3609, .T. ) ;
#2351 = EDGE_CURVE ( 'NONE', #3733, #2213, #3700, .T. ) ;
#2352 = CIRCLE ( 'NONE', #1990, 25.00000000000000711 ) ;
#2353 = ORIENTED_EDGE ( 'NONE', *, *, #2003, .T. ) ;
#2354 = CARTESIAN_POINT ( 'NONE',  ( 11.50000000000000000, 0.000000000000000000, -6.000000000000000888 ) ) ;
#2355 = CARTESIAN_POINT ( 'NONE',  ( -16.00000000000001066, 0.000000000000000000, -26.49999999999999289 ) ) ;
#2356 = VERTEX_POINT ( 'NONE', #3487 ) ;
#2357 = ORIENTED_EDGE ( 'NONE', *, *, #3247, .T. ) ;
#2358 = FACE_BOUND ( 'NONE', #2156, .T. ) ;
#2359 = CIRCLE ( 'NONE', #929, 3.499999999999999556 ) ;
#2360 = DIRECTION ( 'NONE',  ( -0.000000000000000000, 1.000000000000000000, -0.000000000000000000 ) ) ;
#2361 = EDGE_CURVE ( 'NONE', #966, #2560, #425, .T. ) ;
#2362 = CARTESIAN_POINT ( 'NONE',  ( 18.50000000000000000, 3.000000000000000000, -20.99999999999999645 ) ) ;
#2363 = DIRECTION ( 'NONE',  ( 0.000000000000000000, 0.000000000000000000, -1.000000000000000000 ) ) ;
#2364 = DIRECTION ( 'NONE',  ( 0.000000000000000000, 0.000000000000000000, -1.000000000000000000 ) ) ;
#2365 = VERTEX_POINT ( 'NONE', #444 ) ;
#2366 = ORIENTED_EDGE ( 'NONE', *, *, #2705, .T. ) ;
#2367 = FACE_OUTER_BOUND ( 'NONE', #1281, .T. ) ;
#2368 = CARTESIAN_POINT ( 'NONE',  ( -9.201366949945732898, 3.000000000000000000, -10.41332974668765665 ) ) ;
#2369 = FACE_OUTER_BOUND ( 'NONE', #3744, .T. ) ;
#2370 = CARTESIAN_POINT ( 'NONE',  ( -18.50194593744821958, 1.000000000000000000, -14.00614855746213827 ) ) ;
#2371 = EDGE_CURVE ( 'NONE', #541, #3182, #3535, .T. ) ;
#2372 = ORIENTED_EDGE ( 'NONE', *, *, #356, .T. ) ;
#2373 = ORIENTED_EDGE ( 'NONE', *, *, #2958, .T. ) ;
#2374 = CARTESIAN_POINT ( 'NONE',  ( 24.50000000000001066, 3.000000000000000000, 26.49999999999999289 ) ) ;
#2375 = CARTESIAN_POINT ( 'NONE',  ( -27.99999999999998934, 3.000000000000000000, 27.00000000000000000 ) ) ;
#2376 = ADVANCED_FACE ( 'NONE', ( #2172, #135, #3559, #2858, #494, #1631, #2641, #605, #3082, #3674, #626, #1969, #4441, #355, #2724, #3328, #4011, #1718, #3696, #1029, #3716 ), #2996, .F. ) ;
#2377 = AXIS2_PLACEMENT_3D ( 'NONE', #3319, #263, #2989 ) ;
#2378 = STYLED_ITEM ( 'NONE', ( #4291 ), #4360 ) ;
#2379 = VERTEX_POINT ( 'NONE', #2370 ) ;
#2380 = ORIENTED_EDGE ( 'NONE', *, *, #1036, .T. ) ;
#2381 = AXIS2_PLACEMENT_3D ( 'NONE', #954, #2281, #975 ) ;
#2382 = DIRECTION ( 'NONE',  ( 0.000000000000000000, -1.000000000000000000, 0.000000000000000000 ) ) ;
#2383 = EDGE_CURVE ( 'NONE', #1550, #2720, #3392, .T. ) ;
#2384 = DIRECTION ( 'NONE',  ( -0.000000000000000000, 1.000000000000000000, -0.000000000000000000 ) ) ;
#2385 = VERTEX_POINT ( 'NONE', #984 ) ;
#2386 = AXIS2_PLACEMENT_3D ( 'NONE', #1298, #1214, #1974 ) ;
#2387 = PRESENTATION_STYLE_ASSIGNMENT (( #1778 ) ) ;
#2388 = AXIS2_PLACEMENT_3D ( 'NONE', #1129, #2581, #3567 ) ;
#2389 = CARTESIAN_POINT ( 'NONE',  ( -3.281124497991965150, 3.000000000000000000, 16.72376672133478337 ) ) ;
#2390 = ADVANCED_FACE ( 'NONE', ( #3737 ), #1294, .T. ) ;
#2391 = DIRECTION ( 'NONE',  ( 0.000000000000000000, 0.000000000000000000, 1.000000000000000000 ) ) ;
#2392 = AXIS2_PLACEMENT_3D ( 'NONE', #3413, #400, #354 ) ;
#2393 = VERTEX_POINT ( 'NONE', #1362 ) ;
#2394 = VECTOR ( 'NONE', #1537, 1000.000000000000000 ) ;
#2395 = ORIENTED_EDGE ( 'NONE', *, *, #4217, .F. ) ;
#2396 = CARTESIAN_POINT ( 'NONE',  ( 24.50000000000000355, 1.000000000000000000, -14.15894732285653213 ) ) ;
#2397 = CARTESIAN_POINT ( 'NONE',  ( -24.50000000000001066, 3.000000000000000000, 24.89999999999999147 ) ) ;
#2398 = DIRECTION ( 'NONE',  ( 0.000000000000000000, 0.000000000000000000, -1.000000000000000000 ) ) ;
#2399 =( GEOMETRIC_REPRESENTATION_CONTEXT ( 3 ) GLOBAL_UNCERTAINTY_ASSIGNED_CONTEXT ( ( #3288 ) ) GLOBAL_UNIT_ASSIGNED_CONTEXT ( ( #983, #4327, #603 ) ) REPRESENTATION_CONTEXT ( 'NONE', 'WORKASPACE' ) );
#2400 = CARTESIAN_POINT ( 'NONE',  ( 27.38363500381080229, 1.000000000000000000, 6.034310117596673351 ) ) ;
#2401 = ORIENTED_EDGE ( 'NONE', *, *, #1344, .F. ) ;
#2402 = CIRCLE ( 'NONE', #3537, 2.200000000000000622 ) ;
#2403 = ORIENTED_EDGE ( 'NONE', *, *, #3539, .F. ) ;
#2404 = DIRECTION ( 'NONE',  ( 0.000000000000000000, 1.000000000000000000, -0.000000000000000000 ) ) ;
#2405 = ORIENTED_EDGE ( 'NONE', *, *, #492, .F. ) ;
#2406 = EDGE_LOOP ( 'NONE', ( #2249, #3928, #2566, #719 ) ) ;
#2407 = EDGE_CURVE ( 'NONE', #1793, #3562, #3414, .T. ) ;
#2408 = AXIS2_PLACEMENT_3D ( 'NONE', #655, #278, #1262 ) ;
#2409 = DIRECTION ( 'NONE',  ( 0.000000000000000000, 1.000000000000000000, 0.000000000000000000 ) ) ;
#2410 = DIRECTION ( 'NONE',  ( 0.000000000000000000, 0.000000000000000000, -1.000000000000000000 ) ) ;
#2411 = ORIENTED_EDGE ( 'NONE', *, *, #3944, .F. ) ;
#2412 = EDGE_CURVE ( 'NONE', #3933, #2653, #3840, .T. ) ;
#2413 = FACE_OUTER_BOUND ( 'NONE', #2755, .T. ) ;
#2414 =( NAMED_UNIT ( * ) PLANE_ANGLE_UNIT ( ) SI_UNIT ( $, .RADIAN. ) );
#2415 = VECTOR ( 'NONE', #1502, 1000.000000000000000 ) ;
#2416 = DIRECTION ( 'NONE',  ( 0.000000000000000000, 1.000000000000000000, -0.000000000000000000 ) ) ;
#2417 = ORIENTED_EDGE ( 'NONE', *, *, #2465, .T. ) ;
#2418 = ORIENTED_EDGE ( 'NONE', *, *, #920, .F. ) ;
#2419 = AXIS2_PLACEMENT_3D ( 'NONE', #1090, #16, #2031 ) ;
#2420 = DIRECTION ( 'NONE',  ( 0.000000000000000000, 0.000000000000000000, 1.000000000000000000 ) ) ;
#2421 = CYLINDRICAL_SURFACE ( 'NONE', #1396, 2.999999999999999112 ) ;
#2422 = FACE_OUTER_BOUND ( 'NONE', #3579, .T. ) ;
#2423 = CARTESIAN_POINT ( 'NONE',  ( -13.87153338060197250, 1.000000000000000000, -20.76227540022986773 ) ) ;
#2424 = ORIENTED_EDGE ( 'NONE', *, *, #3993, .T. ) ;
#2425 = ORIENTED_EDGE ( 'NONE', *, *, #2072, .T. ) ;
#2426 = DIRECTION ( 'NONE',  ( 0.000000000000000000, 1.000000000000000000, 0.000000000000000000 ) ) ;
#2427 =( LENGTH_UNIT ( ) NAMED_UNIT ( * ) SI_UNIT ( .MILLI., .METRE. ) );
#2428 = AXIS2_PLACEMENT_3D ( 'NONE', #2487, #3855, #782 ) ;
#2429 = VERTEX_POINT ( 'NONE', #693 ) ;
#2430 = FACE_BOUND ( 'NONE', #3113, .T. ) ;
#2431 = CYLINDRICAL_SURFACE ( 'NONE', #3026, 2.200000000000000622 ) ;
#2432 = ORIENTED_EDGE ( 'NONE', *, *, #1898, .T. ) ;
#2433 =( NAMED_UNIT ( * ) PLANE_ANGLE_UNIT ( ) SI_UNIT ( $, .RADIAN. ) );
#2434 = FACE_OUTER_BOUND ( 'NONE', #484, .T. ) ;
#2435 = DIRECTION ( 'NONE',  ( 0.000000000000000000, 0.000000000000000000, 1.000000000000000000 ) ) ;
#2436 = ADVANCED_FACE ( 'NONE', ( #2328 ), #2305, .F. ) ;
#2437 = ORIENTED_EDGE ( 'NONE', *, *, #2647, .F. ) ;
#2438 = ORIENTED_EDGE ( 'NONE', *, *, #2654, .T. ) ;
#2439 = LINE ( 'NONE', #2459, #4336 ) ;
#2440 = DIRECTION ( 'NONE',  ( -0.000000000000000000, -1.000000000000000000, -0.000000000000000000 ) ) ;
#2441 = CYLINDRICAL_SURFACE ( 'NONE', #2557, 3.500000000000000444 ) ;
#2442 = VERTEX_POINT ( 'NONE', #1987 ) ;
#2443 = VERTEX_POINT ( 'NONE', #4416 ) ;
#2444 = CARTESIAN_POINT ( 'NONE',  ( 1.000000000000000888, 3.000000000000000000, 7.410632284814872683 ) ) ;
#2445 = EDGE_CURVE ( 'NONE', #1220, #4085, #1319, .T. ) ;
#2446 = ORIENTED_EDGE ( 'NONE', *, *, #1829, .F. ) ;
#2447 = AXIS2_PLACEMENT_3D ( 'NONE', #3145, #1851, #3525 ) ;
#2448 = CARTESIAN_POINT ( 'NONE',  ( 21.44398810582571002, 1.000000000000000000, 5.185431606114591752 ) ) ;
#2449 = VECTOR ( 'NONE', #1345, 1000.000000000000000 ) ;
#2450 = DIRECTION ( 'NONE',  ( -0.000000000000000000, -1.000000000000000000, -0.000000000000000000 ) ) ;
#2451 = AXIS2_PLACEMENT_3D ( 'NONE', #3065, #4130, #360 ) ;
#2452 = CIRCLE ( 'NONE', #876, 11.80000000000000071 ) ;
#2453 =( LENGTH_UNIT ( ) NAMED_UNIT ( * ) SI_UNIT ( .MILLI., .METRE. ) );
#2454 = CARTESIAN_POINT ( 'NONE',  ( 21.44398810582571002, 3.000000000000000000, 5.185431606114591752 ) ) ;
#2455 = VECTOR ( 'NONE', #3975, 1000.000000000000000 ) ;
#2456 = ORIENTED_EDGE ( 'NONE', *, *, #2917, .T. ) ;
#2457 = VECTOR ( 'NONE', #877, 1000.000000000000000 ) ;
#2458 = ADVANCED_FACE ( 'NONE', ( #2058 ), #940, .F. ) ;
#2459 = CARTESIAN_POINT ( 'NONE',  ( 18.25268842721073170, 1.000000000000000000, 2.115026741850717595 ) ) ;
#2460 = FILL_AREA_STYLE_COLOUR ( '', #230 ) ;
#2461 = CARTESIAN_POINT ( 'NONE',  ( 2.000000000000003553, 1.000000000000000000, 19.44236117138807529 ) ) ;
#2462 = CARTESIAN_POINT ( 'NONE',  ( -19.85191411977123721, 1.200000000000000178, 0.6354346831441348709 ) ) ;
#2463 = ORIENTED_EDGE ( 'NONE', *, *, #1444, .T. ) ;
#2464 = AXIS2_PLACEMENT_3D ( 'NONE', #778, #4187, #2398 ) ;
#2465 = EDGE_CURVE ( 'NONE', #2429, #392, #2479, .T. ) ;
#2466 = EDGE_LOOP ( 'NONE', ( #1994, #3741, #2353, #2725 ) ) ;
#2467 = CARTESIAN_POINT ( 'NONE',  ( -3.281124497991966038, 1.000000000000000000, 16.72376672133478337 ) ) ;
#2468 = AXIS2_PLACEMENT_3D ( 'NONE', #64, #2499, #3482 ) ;
#2469 = EDGE_LOOP ( 'NONE', ( #1984, #3102 ) ) ;
#2470 = DIRECTION ( 'NONE',  ( 0.000000000000000000, 0.000000000000000000, 1.000000000000000000 ) ) ;
#2471 = CARTESIAN_POINT ( 'NONE',  ( -19.85191411977123721, 1.200000000000000178, 0.6354346831441348709 ) ) ;
#2472 = VECTOR ( 'NONE', #2649, 1000.000000000000000 ) ;
#2473 = EDGE_CURVE ( 'NONE', #2443, #3349, #332, .T. ) ;
#2474 = CARTESIAN_POINT ( 'NONE',  ( 18.50000000000000000, 1.000000000000000000, -20.99999999999999645 ) ) ;
#2475 = DIRECTION ( 'NONE',  ( 0.000000000000000000, 0.000000000000000000, 1.000000000000000000 ) ) ;
#2476 = VERTEX_POINT ( 'NONE', #644 ) ;
#2477 = CIRCLE ( 'NONE', #2687, 2.200000000000000622 ) ;
#2478 = EDGE_LOOP ( 'NONE', ( #435, #1168, #1748, #485 ) ) ;
#2479 = CIRCLE ( 'NONE', #3333, 1.250000000000001110 ) ;
#2480 = FACE_OUTER_BOUND ( 'NONE', #1441, .T. ) ;
#2481 = CARTESIAN_POINT ( 'NONE',  ( 19.75643666535215104, 3.000000000000000000, 2.729511331665569696 ) ) ;
#2482 = CYLINDRICAL_SURFACE ( 'NONE', #529, 2.200000000000000622 ) ;
#2483 = CARTESIAN_POINT ( 'NONE',  ( 0.000000000000000000, 1.000000000000000000, -22.99999999999999645 ) ) ;
#2484 = AXIS2_PLACEMENT_3D ( 'NONE', #441, #2125, #1414 ) ;
#2485 = ORIENTED_EDGE ( 'NONE', *, *, #4076, .F. ) ;
#2486 = DIRECTION ( 'NONE',  ( 0.000000000000000000, 1.000000000000000000, -0.000000000000000000 ) ) ;
#2487 = CARTESIAN_POINT ( 'NONE',  ( -27.38363500381080229, 1.000000000000000000, 6.034310117596673351 ) ) ;
#2488 = EDGE_CURVE ( 'NONE', #3137, #780, #3049, .T. ) ;
#2489 = VERTEX_POINT ( 'NONE', #3061 ) ;
#2490 = CARTESIAN_POINT ( 'NONE',  ( -19.91706270801391554, 1.000000000000000000, -4.364140864984925372 ) ) ;
#2491 = CIRCLE ( 'NONE', #3415, 2.999999999999999112 ) ;
#2492 = FACE_OUTER_BOUND ( 'NONE', #2831, .T. ) ;
#2493 = FILL_AREA_STYLE ('',( #1131 ) ) ;
#2494 = DIRECTION ( 'NONE',  ( 0.000000000000000000, 1.000000000000000000, -0.000000000000000000 ) ) ;
#2495 = ADVANCED_FACE ( 'NONE', ( #466 ), #1435, .F. ) ;
#2496 = ORIENTED_EDGE ( 'NONE', *, *, #1154, .T. ) ;
#2497 = VERTEX_POINT ( 'NONE', #3786 ) ;
#2498 = DIRECTION ( 'NONE',  ( 0.000000000000000000, 1.000000000000000000, 0.000000000000000000 ) ) ;
#2499 = DIRECTION ( 'NONE',  ( 0.000000000000000000, 1.000000000000000000, -0.000000000000000000 ) ) ;
#2500 = DIRECTION ( 'NONE',  ( 0.000000000000000000, 0.000000000000000000, 1.000000000000000000 ) ) ;
#2501 = CARTESIAN_POINT ( 'NONE',  ( -21.52762717058665132, 1.000000000000000000, 7.340898138825015629 ) ) ;
#2502 = AXIS2_PLACEMENT_3D ( 'NONE', #238, #2610, #4434 ) ;
#2503 = VERTEX_POINT ( 'NONE', #3436 ) ;
#2504 = CARTESIAN_POINT ( 'NONE',  ( 0.9999999999999985567, 0.000000000000000000, -19.66063228481487002 ) ) ;
#2505 = DIRECTION ( 'NONE',  ( -0.000000000000000000, 1.000000000000000000, -0.000000000000000000 ) ) ;
#2506 = EDGE_CURVE ( 'NONE', #1556, #2356, #3870, .T. ) ;
#2507 = EDGE_LOOP ( 'NONE', ( #3313, #2178, #2411, #69 ) ) ;
#2508 = ORIENTED_EDGE ( 'NONE', *, *, #361, .T. ) ;
#2509 = EDGE_LOOP ( 'NONE', ( #144, #1638, #3199, #3282 ) ) ;
#2510 = EDGE_CURVE ( 'NONE', #774, #2442, #2773, .T. ) ;
#2511 = DIRECTION ( 'NONE',  ( 0.000000000000000000, 0.000000000000000000, 1.000000000000000000 ) ) ;
#2512 = DIRECTION ( 'NONE',  ( 0.000000000000000000, 0.000000000000000000, 1.000000000000000000 ) ) ;
#2513 = ORIENTED_EDGE ( 'NONE', *, *, #3295, .F. ) ;
#2514 = CIRCLE ( 'NONE', #1799, 1.250000000000001110 ) ;
#2515 = ADVANCED_FACE ( 'NONE', ( #4210 ), #2441, .F. ) ;
#2516 = AXIS2_PLACEMENT_3D ( 'NONE', #583, #4310, #1616 ) ;
#2517 = CARTESIAN_POINT ( 'NONE',  ( -18.87079823077861462, 1.200000000000000178, -19.12653767347957867 ) ) ;
#2518 = DIRECTION ( 'NONE',  ( -0.000000000000000000, 1.000000000000000000, -0.000000000000000000 ) ) ;
#2519 = VECTOR ( 'NONE', #3950, 1000.000000000000000 ) ;
#2520 = ORIENTED_EDGE ( 'NONE', *, *, #3885, .T. ) ;
#2521 = ORIENTED_EDGE ( 'NONE', *, *, #3267, .F. ) ;
#2522 = ADVANCED_FACE ( 'NONE', ( #779 ), #799, .T. ) ;
#2523 = DIRECTION ( 'NONE',  ( -0.000000000000000000, 1.000000000000000000, -0.000000000000000000 ) ) ;
#2524 = CYLINDRICAL_SURFACE ( 'NONE', #2447, 5.000000000000000000 ) ;
#2525 = CARTESIAN_POINT ( 'NONE',  ( 20.87079823077861107, 0.000000000000000000, -2.144726896150167761 ) ) ;
#2526 = AXIS2_PLACEMENT_3D ( 'NONE', #4116, #2024, #2095 ) ;
#2527 = CARTESIAN_POINT ( 'NONE',  ( 25.00000000000000711, 3.000000000000000000, -26.99999999999999645 ) ) ;
#2528 = VECTOR ( 'NONE', #2154, 1000.000000000000000 ) ;
#2529 = VERTEX_POINT ( 'NONE', #3851 ) ;
#2530 = LINE ( 'NONE', #2504, #1194 ) ;
#2531 = DIRECTION ( 'NONE',  ( 0.000000000000000000, 1.000000000000000000, 0.000000000000000000 ) ) ;
#2532 = AXIS2_PLACEMENT_3D ( 'NONE', #2527, #2553, #1521 ) ;
#2533 = ORIENTED_EDGE ( 'NONE', *, *, #623, .F. ) ;
#2534 = VECTOR ( 'NONE', #2057, 1000.000000000000000 ) ;
#2535 = EDGE_LOOP ( 'NONE', ( #4055, #2810, #3628, #3418 ) ) ;
#2536 = ORIENTED_EDGE ( 'NONE', *, *, #1759, .T. ) ;
#2537 = CARTESIAN_POINT ( 'NONE',  ( -1.999999999999997113, 1.000000000000000000, 18.72268338088052531 ) ) ;
#2538 = CIRCLE ( 'NONE', #2034, 1.250000000000001110 ) ;
#2539 = AXIS2_PLACEMENT_3D ( 'NONE', #1337, #4439, #1716 ) ;
#2540 = AXIS2_PLACEMENT_3D ( 'NONE', #1136, #776, #3524 ) ;
#2541 = CARTESIAN_POINT ( 'NONE',  ( 24.50000000000001066, 0.000000000000000000, 24.89999999999999147 ) ) ;
#2542 = ORIENTED_EDGE ( 'NONE', *, *, #4343, .F. ) ;
#2543 = AXIS2_PLACEMENT_3D ( 'NONE', #665, #1025, #1762 ) ;
#2544 = DIRECTION ( 'NONE',  ( -1.577021341797096821E-15, 0.000000000000000000, 1.000000000000000000 ) ) ;
#2545 = CYLINDRICAL_SURFACE ( 'NONE', #474, 2.200000000000000622 ) ;
#2546 = EDGE_CURVE ( 'NONE', #1745, #176, #66, .T. ) ;
#2547 = ORIENTED_EDGE ( 'NONE', *, *, #3490, .F. ) ;
#2548 = VERTEX_POINT ( 'NONE', #2423 ) ;
#2549 =( NAMED_UNIT ( * ) SI_UNIT ( $, .STERADIAN. ) SOLID_ANGLE_UNIT ( ) );
#2550 = DIRECTION ( 'NONE',  ( 0.000000000000000000, 0.000000000000000000, 1.000000000000000000 ) ) ;
#2551 = DIRECTION ( 'NONE',  ( 0.000000000000000000, 1.000000000000000000, 0.000000000000000000 ) ) ;
#2552 = AXIS2_PLACEMENT_3D ( 'NONE', #3005, #2295, #3636 ) ;
#2553 = DIRECTION ( 'NONE',  ( 0.000000000000000000, 1.000000000000000000, 0.000000000000000000 ) ) ;
#2554 = EDGE_CURVE ( 'NONE', #2041, #3790, #3184, .T. ) ;
#2555 = ORIENTED_EDGE ( 'NONE', *, *, #2847, .F. ) ;
#2556 = CARTESIAN_POINT ( 'NONE',  ( -18.87079823077861462, 3.000000000000000000, -24.17653767347957583 ) ) ;
#2557 = AXIS2_PLACEMENT_3D ( 'NONE', #2462, #1806, #757 ) ;
#2558 = VERTEX_POINT ( 'NONE', #718 ) ;
#2559 = EDGE_CURVE ( 'NONE', #3263, #2503, #1765, .T. ) ;
#2560 = VERTEX_POINT ( 'NONE', #3828 ) ;
#2561 = CARTESIAN_POINT ( 'NONE',  ( -18.87079823077861462, 1.200000000000000178, -20.67653767347957583 ) ) ;
#2562 = ORIENTED_EDGE ( 'NONE', *, *, #854, .T. ) ;
#2563 = CYLINDRICAL_SURFACE ( 'NONE', #2167, 1.549999999999997380 ) ;
#2564 =( NAMED_UNIT ( * ) SI_UNIT ( $, .STERADIAN. ) SOLID_ANGLE_UNIT ( ) );
#2565 = AXIS2_PLACEMENT_3D ( 'NONE', #3135, #71, #3875 ) ;
#2566 = ORIENTED_EDGE ( 'NONE', *, *, #980, .T. ) ;
#2567 = CARTESIAN_POINT ( 'NONE',  ( -25.00000000000001066, -7.000000000000000000, 5.000000000000007994 ) ) ;
#2568 = CARTESIAN_POINT ( 'NONE',  ( -19.85191411977123721, 0.000000000000000000, 0.6354346831441348709 ) ) ;
#2569 = DIRECTION ( 'NONE',  ( 0.000000000000000000, 0.000000000000000000, 1.000000000000000000 ) ) ;
#2570 = EDGE_CURVE ( 'NONE', #3569, #3044, #1835, .T. ) ;
#2571 = DIRECTION ( 'NONE',  ( -0.000000000000000000, 1.000000000000000000, -0.000000000000000000 ) ) ;
#2572 = ORIENTED_EDGE ( 'NONE', *, *, #1777, .F. ) ;
#2573 = FACE_OUTER_BOUND ( 'NONE', #3064, .T. ) ;
#2574 = CARTESIAN_POINT ( 'NONE',  ( 1.000000000000000888, 0.000000000000000000, 15.66063228481487357 ) ) ;
#2575 = CIRCLE ( 'NONE', #784, 1.549999999999997380 ) ;
#2576 = EDGE_LOOP ( 'NONE', ( #3347, #2547 ) ) ;
#2577 = VERTEX_POINT ( 'NONE', #3804 ) ;
#2578 = CARTESIAN_POINT ( 'NONE',  ( 24.50000000000001066, 0.000000000000000000, -28.09999999999999432 ) ) ;
#2579 = ADVANCED_FACE ( 'NONE', ( #1744 ), #2166, .T. ) ;
#2580 =( LENGTH_UNIT ( ) NAMED_UNIT ( * ) SI_UNIT ( .MILLI., .METRE. ) );
#2581 = DIRECTION ( 'NONE',  ( 0.000000000000000000, 1.000000000000000000, -0.000000000000000000 ) ) ;
#2582 = ORIENTED_EDGE ( 'NONE', *, *, #4366, .T. ) ;
#2583 = CARTESIAN_POINT ( 'NONE',  ( 11.50000000000000000, 3.000000000000000000, -2.000000000000000000 ) ) ;
#2584 = DIRECTION ( 'NONE',  ( 0.000000000000000000, 1.000000000000000000, 0.000000000000000000 ) ) ;
#2585 = ORIENTED_EDGE ( 'NONE', *, *, #3962, .T. ) ;
#2586 = DIRECTION ( 'NONE',  ( -0.000000000000000000, 1.000000000000000000, -0.000000000000000000 ) ) ;
#2587 = CARTESIAN_POINT ( 'NONE',  ( -16.00000000000001066, -4.242640687119289211, -27.74999999999999289 ) ) ;
#2588 = DIRECTION ( 'NONE',  ( 0.000000000000000000, -1.000000000000000000, 0.000000000000000000 ) ) ;
#2589 = ADVANCED_FACE ( 'NONE', ( #1827 ), #1787, .T. ) ;
#2590 = DIRECTION ( 'NONE',  ( 0.000000000000000000, 0.000000000000000000, 1.000000000000000000 ) ) ;
#2591 = DIRECTION ( 'NONE',  ( 0.000000000000000000, 0.000000000000000000, 1.000000000000000000 ) ) ;
#2592 = PRESENTATION_LAYER_ASSIGNMENT (  '', '', ( #1878 ) ) ;
#2593 = DIRECTION ( 'NONE',  ( -0.000000000000000000, 1.000000000000000000, -0.000000000000000000 ) ) ;
#2594 = ORIENTED_EDGE ( 'NONE', *, *, #1307, .F. ) ;
#2595 = AXIS2_PLACEMENT_3D ( 'NONE', #365, #653, #390 ) ;
#2596 = VERTEX_POINT ( 'NONE', #2835 ) ;
#2597 = CARTESIAN_POINT ( 'NONE',  ( 21.47381247794559656, 3.000000000000000000, 7.070648726727968736 ) ) ;
#2598 = AXIS2_PLACEMENT_3D ( 'NONE', #1510, #4271, #478 ) ;
#2599 = DIRECTION ( 'NONE',  ( -0.000000000000000000, -1.000000000000000000, -0.000000000000000000 ) ) ;
#2600 = VECTOR ( 'NONE', #2551, 1000.000000000000000 ) ;
#2601 = AXIS2_PLACEMENT_3D ( 'NONE', #1821, #1472, #2897 ) ;
#2602 = ORIENTED_EDGE ( 'NONE', *, *, #896, .F. ) ;
#2603 = AXIS2_PLACEMENT_3D ( 'NONE', #3988, #2616, #1188 ) ;
#2604 = DIRECTION ( 'NONE',  ( 0.000000000000000000, 0.000000000000000000, 1.000000000000000000 ) ) ;
#2605 = DIRECTION ( 'NONE',  ( 0.000000000000000000, 0.000000000000000000, 1.000000000000000000 ) ) ;
#2606 = EDGE_CURVE ( 'NONE', #397, #3790, #1691, .T. ) ;
#2607 = ORIENTED_EDGE ( 'NONE', *, *, #1773, .T. ) ;
#2608 = CARTESIAN_POINT ( 'NONE',  ( -11.50000000000000000, 3.000000000000000000, -2.000000000000000000 ) ) ;
#2609 = DIRECTION ( 'NONE',  ( 0.000000000000000000, 0.000000000000000000, 1.000000000000000000 ) ) ;
#2610 = DIRECTION ( 'NONE',  ( 0.000000000000000000, 1.000000000000000000, -0.000000000000000000 ) ) ;
#2611 = UNCERTAINTY_MEASURE_WITH_UNIT (LENGTH_MEASURE( 1.000000000000000082E-05 ), #1914, 'distance_accuracy_value', 'NONE');
#2612 = VECTOR ( 'NONE', #2518, 1000.000000000000000 ) ;
#2613 = DIRECTION ( 'NONE',  ( -0.000000000000000000, -1.000000000000000000, -0.000000000000000000 ) ) ;
#2614 = DIRECTION ( 'NONE',  ( -0.000000000000000000, 1.000000000000000000, -0.000000000000000000 ) ) ;
#2615 = DIRECTION ( 'NONE',  ( 0.000000000000000000, 1.000000000000000000, -0.000000000000000000 ) ) ;
#2616 = DIRECTION ( 'NONE',  ( -0.000000000000000000, 1.000000000000000000, -0.000000000000000000 ) ) ;
#2617 = ADVANCED_FACE ( 'NONE', ( #4145 ), #2104, .F. ) ;
#2618 = VERTEX_POINT ( 'NONE', #130 ) ;
#2619 = ORIENTED_EDGE ( 'NONE', *, *, #3243, .T. ) ;
#2620 = DIRECTION ( 'NONE',  ( 0.000000000000000000, 0.000000000000000000, 1.000000000000000000 ) ) ;
#2621 = CIRCLE ( 'NONE', #1555, 2.200000000000000622 ) ;
#2622 = DIRECTION ( 'NONE',  ( 0.000000000000000000, 0.000000000000000000, -1.000000000000000000 ) ) ;
#2623 = EDGE_CURVE ( 'NONE', #985, #4425, #482, .T. ) ;
#2624 = AXIS2_PLACEMENT_3D ( 'NONE', #2219, #4281, #1897 ) ;
#2625 = ORIENTED_EDGE ( 'NONE', *, *, #3668, .F. ) ;
#2626 = ORIENTED_EDGE ( 'NONE', *, *, #3722, .F. ) ;
#2627 = AXIS2_PLACEMENT_3D ( 'NONE', #2925, #3326, #1225 ) ;
#2628 = DIRECTION ( 'NONE',  ( -0.000000000000000000, 1.000000000000000000, -0.000000000000000000 ) ) ;
#2629 = DIRECTION ( 'NONE',  ( 0.000000000000000000, 0.000000000000000000, 1.000000000000000000 ) ) ;
#2630 = EDGE_LOOP ( 'NONE', ( #1392, #3847, #28, #2976 ) ) ;
#2631 = AXIS2_PLACEMENT_3D ( 'NONE', #1406, #4201, #3863 ) ;
#2632 =( NAMED_UNIT ( * ) PLANE_ANGLE_UNIT ( ) SI_UNIT ( $, .RADIAN. ) );
#2633 = CARTESIAN_POINT ( 'NONE',  ( -19.85191411977123721, 3.000000000000000000, 4.135434683144135093 ) ) ;
#2634 = CARTESIAN_POINT ( 'NONE',  ( 1.000000000000001998, -7.000000000000000000, -0.8393677151851295370 ) ) ;
#2635 = ADVANCED_FACE ( 'NONE', ( #3896 ), #3942, .F. ) ;
#2636 = DIRECTION ( 'NONE',  ( 0.000000000000000000, 1.000000000000000000, -0.000000000000000000 ) ) ;
#2637 = AXIS2_PLACEMENT_3D ( 'NONE', #2927, #4304, #1612 ) ;
#2638 = CARTESIAN_POINT ( 'NONE',  ( 8.904074921583314151, -6.839445286733748297, -22.99999999999999645 ) ) ;
#2639 = FACE_OUTER_BOUND ( 'NONE', #1147, .T. ) ;
#2640 = DIRECTION ( 'NONE',  ( 0.000000000000000000, 0.000000000000000000, 1.000000000000000000 ) ) ;
#2641 = FACE_BOUND ( 'NONE', #2205, .T. ) ;
#2642 = ORIENTED_EDGE ( 'NONE', *, *, #2488, .F. ) ;
#2643 = ORIENTED_EDGE ( 'NONE', *, *, #1015, .T. ) ;
#2644 = CARTESIAN_POINT ( 'NONE',  ( -5.560062181880891075, 3.000000000000000000, -19.28642330349078193 ) ) ;
#2645 = ORIENTED_EDGE ( 'NONE', *, *, #3805, .T. ) ;
#2646 = ORIENTED_EDGE ( 'NONE', *, *, #1923, .F. ) ;
#2647 = EDGE_CURVE ( 'NONE', #315, #1516, #2272, .T. ) ;
#2648 = DIRECTION ( 'NONE',  ( 0.000000000000000000, -0.000000000000000000, 1.000000000000000000 ) ) ;
#2649 = DIRECTION ( 'NONE',  ( -1.156482317317871478E-16, -0.000000000000000000, -1.000000000000000000 ) ) ;
#2650 = EDGE_CURVE ( 'NONE', #970, #1189, #2693, .T. ) ;
#2651 = CARTESIAN_POINT ( 'NONE',  ( 20.87079823077861107, 1.200000000000000178, -2.144726896150167761 ) ) ;
#2652 = DIRECTION ( 'NONE',  ( -0.000000000000000000, 1.000000000000000000, -0.000000000000000000 ) ) ;
#2653 = VERTEX_POINT ( 'NONE', #152 ) ;
#2654 = EDGE_CURVE ( 'NONE', #2476, #2066, #4353, .T. ) ;
#2655 = DIRECTION ( 'NONE',  ( 0.000000000000000000, 0.000000000000000000, 1.000000000000000000 ) ) ;
#2656 = CARTESIAN_POINT ( 'NONE',  ( 17.41777456375695365, 1.000000000000000000, 19.85843126484715881 ) ) ;
#2657 = CIRCLE ( 'NONE', #1450, 1.250000000000001110 ) ;
#2658 = CARTESIAN_POINT ( 'NONE',  ( 11.50000000000000000, 3.000000000000000000, -2.000000000000000000 ) ) ;
#2659 = ORIENTED_EDGE ( 'NONE', *, *, #2112, .T. ) ;
#2660 = AXIS2_PLACEMENT_3D ( 'NONE', #3809, #3419, #1343 ) ;
#2661 = AXIS2_PLACEMENT_3D ( 'NONE', #3862, #3842, #165 ) ;
#2662 = EDGE_LOOP ( 'NONE', ( #2909, #2485, #2733, #2886 ) ) ;
#2663 = DIRECTION ( 'NONE',  ( 0.000000000000000000, 1.000000000000000000, 0.000000000000000000 ) ) ;
#2664 = DIRECTION ( 'NONE',  ( 0.000000000000000000, 0.000000000000000000, 1.000000000000000000 ) ) ;
#2665 = ORIENTED_EDGE ( 'NONE', *, *, #53, .T. ) ;
#2666 = VERTEX_POINT ( 'NONE', #865 ) ;
#2667 = PLANE ( 'NONE',  #953 ) ;
#2668 = CARTESIAN_POINT ( 'NONE',  ( 21.85191411977124432, 1.000000000000000000, 14.18582988648560494 ) ) ;
#2669 = CLOSED_SHELL ( 'NONE', ( #2080, #3006, #336, #3497, #1448, #3871, #2, #2895, #4360, #3731, #2012, #116, #2698, #3120, #2333, #3938, #1642, #773, #688, #952, #3633, #2870, #2515, #3891, #2898, #2495, #3204, #3024, #3998, #3466, #1668, #3555, #3159, #3330, #1174, #2589, #3324, #4033, #3747, #902, #27, #4118, #3899, #2799, #1834, #4324, #2376, #2731, #3613, #2807, #1689, #3591, #4184, #3927, #1253, #2087, #851, #1559, #2711, #2888, #2274, #3420, #4063, #3727, #553, #2617, #1915, #712, #828, #186, #1912, #2795, #2675, #1860, #316, #730, #326, #3769, #3079, #1993, #1463, #787, #1657, #4110, #3198, #2390, #1500, #3084, #2522, #2879, #3356, #242, #1586, #3116, #409, #2579, #1796, #1181, #49, #56, #3289, #1224, #1941, #1395, #3503, #2458, #1407, #1102, #930, #645, #4296, #3439, #143, #2436, #2635, #1480, #926, #272, #4272, #2329, #3469, #1144, #3309, #3228 ) ) ;
#2670 = EDGE_CURVE ( 'NONE', #1156, #154, #2282, .T. ) ;
#2671 = DIRECTION ( 'NONE',  ( 0.000000000000000000, 0.000000000000000000, 1.000000000000000000 ) ) ;
#2672 = CARTESIAN_POINT ( 'NONE',  ( -24.99999999999998934, 3.000000000000000000, 27.00000000000000355 ) ) ;
#2673 = DIRECTION ( 'NONE',  ( -0.000000000000000000, 1.000000000000000000, -0.000000000000000000 ) ) ;
#2674 = VECTOR ( 'NONE', #1649, 1000.000000000000000 ) ;
#2675 = ADVANCED_FACE ( 'NONE', ( #572 ), #3959, .F. ) ;
#2676 = VERTEX_POINT ( 'NONE', #3276 ) ;
#2677 = PLANE ( 'NONE',  #2627 ) ;
#2678 = CYLINDRICAL_SURFACE ( 'NONE', #1675, 5.000000000000000888 ) ;
#2679 = DIRECTION ( 'NONE',  ( 0.000000000000000000, 0.000000000000000000, 1.000000000000000000 ) ) ;
#2680 = CARTESIAN_POINT ( 'NONE',  ( -25.00000000000001066, 0.000000000000000000, 5.000000000000007994 ) ) ;
#2681 = EDGE_CURVE ( 'NONE', #1436, #4227, #214, .T. ) ;
#2682 = ORIENTED_EDGE ( 'NONE', *, *, #3531, .T. ) ;
#2683 = VERTEX_POINT ( 'NONE', #3982 ) ;
#2684 = DIRECTION ( 'NONE',  ( 0.000000000000000000, 0.000000000000000000, 1.000000000000000000 ) ) ;
#2685 = DIRECTION ( 'NONE',  ( -1.577021341797096821E-15, 0.000000000000000000, 1.000000000000000000 ) ) ;
#2686 = EDGE_CURVE ( 'NONE', #903, #3241, #2717, .T. ) ;
#2687 = AXIS2_PLACEMENT_3D ( 'NONE', #3478, #4158, #3500 ) ;
#2688 = VERTEX_POINT ( 'NONE', #2389 ) ;
#2689 = VERTEX_POINT ( 'NONE', #4433 ) ;
#2690 = CIRCLE ( 'NONE', #2121, 1.600000000000000755 ) ;
#2691 = FACE_BOUND ( 'NONE', #2086, .T. ) ;
#2692 = CARTESIAN_POINT ( 'NONE',  ( -14.50000000000000000, 3.000000000000000000, 13.71623364550171154 ) ) ;
#2693 = CIRCLE ( 'NONE', #339, 1.250000000000001110 ) ;
#2694 = DIRECTION ( 'NONE',  ( -0.000000000000000000, 1.000000000000000000, -0.000000000000000000 ) ) ;
#2695 = CARTESIAN_POINT ( 'NONE',  ( -19.85191411977123721, 0.000000000000000000, 2.185434683144135803 ) ) ;
#2696 = DIRECTION ( 'NONE',  ( 0.000000000000000000, 0.000000000000000000, 1.000000000000000000 ) ) ;
#2697 = EDGE_LOOP ( 'NONE', ( #423, #2935, #3286, #1080 ) ) ;
#2698 = ADVANCED_FACE ( 'NONE', ( #934 ), #3729, .F. ) ;
#2699 = LINE ( 'NONE', #1054, #1964 ) ;
#2700 = DIRECTION ( 'NONE',  ( 0.000000000000000000, 0.000000000000000000, 1.000000000000000000 ) ) ;
#2701 = FACE_OUTER_BOUND ( 'NONE', #2069, .T. ) ;
#2702 = DIRECTION ( 'NONE',  ( -0.000000000000000000, 1.000000000000000000, -0.000000000000000000 ) ) ;
#2703 = STYLED_ITEM ( 'NONE', ( #2048 ), #2795 ) ;
#2704 = ORIENTED_EDGE ( 'NONE', *, *, #1015, .F. ) ;
#2705 = EDGE_CURVE ( 'NONE', #1703, #1907, #3563, .T. ) ;
#2706 = VERTEX_POINT ( 'NONE', #3032 ) ;
#2707 = CARTESIAN_POINT ( 'NONE',  ( -27.99999999999998934, 0.000000000000000000, 30.00000000000000355 ) ) ;
#2708 = CARTESIAN_POINT ( 'NONE',  ( 17.10072011364086464, 1.000000000000000000, 3.989318342571107401 ) ) ;
#2709 = ORIENTED_EDGE ( 'NONE', *, *, #1855, .F. ) ;
#2710 = ORIENTED_EDGE ( 'NONE', *, *, #2546, .T. ) ;
#2711 = ADVANCED_FACE ( 'NONE', ( #4004 ), #3665, .F. ) ;
#2712 = FACE_OUTER_BOUND ( 'NONE', #2406, .T. ) ;
#2713 = VECTOR ( 'NONE', #3577, 1000.000000000000000 ) ;
#2714 = DIRECTION ( 'NONE',  ( 0.000000000000000000, 0.000000000000000000, 1.000000000000000000 ) ) ;
#2715 = ORIENTED_EDGE ( 'NONE', *, *, #2847, .T. ) ;
#2716 = CARTESIAN_POINT ( 'NONE',  ( -24.50000000000001066, 0.000000000000000000, 26.49999999999999289 ) ) ;
#2717 = LINE ( 'NONE', #2001, #1265 ) ;
#2718 = CARTESIAN_POINT ( 'NONE',  ( 21.85191411977124432, 3.000000000000000000, 14.18582988648560494 ) ) ;
#2719 = ORIENTED_EDGE ( 'NONE', *, *, #4211, .T. ) ;
#2720 = VERTEX_POINT ( 'NONE', #1665 ) ;
#2721 = CARTESIAN_POINT ( 'NONE',  ( 21.85191411977124432, 1.200000000000000178, 10.68582988648560494 ) ) ;
#2722 = DIRECTION ( 'NONE',  ( 0.000000000000000000, 0.000000000000000000, 1.000000000000000000 ) ) ;
#2723 = DIRECTION ( 'NONE',  ( -1.000000000000000000, 0.000000000000000000, 1.474280530776552476E-16 ) ) ;
#2724 = FACE_BOUND ( 'NONE', #1046, .T. ) ;
#2725 = ORIENTED_EDGE ( 'NONE', *, *, #4086, .T. ) ;
#2726 = AXIS2_PLACEMENT_3D ( 'NONE', #823, #777, #1785 ) ;
#2727 = ORIENTED_EDGE ( 'NONE', *, *, #1923, .T. ) ;
#2728 = DIRECTION ( 'NONE',  ( 0.000000000000000000, 0.000000000000000000, 1.000000000000000000 ) ) ;
#2729 = AXIS2_PLACEMENT_3D ( 'NONE', #2561, #2890, #2134 ) ;
#2730 = CIRCLE ( 'NONE', #3877, 2.200000000000000622 ) ;
#2731 = ADVANCED_FACE ( 'NONE', ( #2320 ), #323, .T. ) ;
#2732 = AXIS2_PLACEMENT_3D ( 'NONE', #4173, #2860, #1143 ) ;
#2733 = ORIENTED_EDGE ( 'NONE', *, *, #936, .T. ) ;
#2734 = VERTEX_POINT ( 'NONE', #3385 ) ;
#2735 = CIRCLE ( 'NONE', #3301, 8.250000000000000000 ) ;
#2736 = CARTESIAN_POINT ( 'NONE',  ( 2.000000000000003553, 1.000000000000000000, 19.59976851727815017 ) ) ;
#2737 = LINE ( 'NONE', #3139, #2099 ) ;
#2738 = ORIENTED_EDGE ( 'NONE', *, *, #1777, .T. ) ;
#2739 = CIRCLE ( 'NONE', #1955, 1.999999999999998224 ) ;
#2740 = LINE ( 'NONE', #3384, #2094 ) ;
#2741 = CIRCLE ( 'NONE', #453, 2.200000000000000622 ) ;
#2742 = FACE_OUTER_BOUND ( 'NONE', #531, .T. ) ;
#2743 = CARTESIAN_POINT ( 'NONE',  ( 16.00000000000001066, 0.000000000000000000, 26.50000000000000355 ) ) ;
#2744 =( GEOMETRIC_REPRESENTATION_CONTEXT ( 3 ) GLOBAL_UNCERTAINTY_ASSIGNED_CONTEXT ( ( #1597 ) ) GLOBAL_UNIT_ASSIGNED_CONTEXT ( ( #1986, #756, #1093 ) ) REPRESENTATION_CONTEXT ( 'NONE', 'WORKASPACE' ) );
#2745 = ORIENTED_EDGE ( 'NONE', *, *, #1113, .F. ) ;
#2746 = VECTOR ( 'NONE', #3126, 1000.000000000000000 ) ;
#2747 = DIRECTION ( 'NONE',  ( -0.000000000000000000, -1.000000000000000000, -0.000000000000000000 ) ) ;
#2748 = DIRECTION ( 'NONE',  ( 0.000000000000000000, 0.000000000000000000, 1.000000000000000000 ) ) ;
#2749 = AXIS2_PLACEMENT_3D ( 'NONE', #1338, #2327, #2640 ) ;
#2750 = SURFACE_STYLE_FILL_AREA ( #3463 ) ;
#2751 = CIRCLE ( 'NONE', #4405, 1.250000000000001110 ) ;
#2752 = COLOUR_RGB ( '',1.000000000000000000, 1.000000000000000000, 1.000000000000000000 ) ;
#2753 = EDGE_LOOP ( 'NONE', ( #1679, #2646, #1843, #4078 ) ) ;
#2754 = AXIS2_PLACEMENT_3D ( 'NONE', #2396, #3759, #690 ) ;
#2755 = EDGE_LOOP ( 'NONE', ( #2513, #2395, #229, #2619 ) ) ;
#2756 = DIRECTION ( 'NONE',  ( 0.000000000000000000, 0.000000000000000000, 1.000000000000000000 ) ) ;
#2757 = DIRECTION ( 'NONE',  ( 0.000000000000000000, 0.000000000000000000, 1.000000000000000000 ) ) ;
#2758 = ORIENTED_EDGE ( 'NONE', *, *, #173, .F. ) ;
#2759 = EDGE_LOOP ( 'NONE', ( #4297, #461, #2542, #1815 ) ) ;
#2760 = AXIS2_PLACEMENT_3D ( 'NONE', #1979, #4019, #4407 ) ;
#2761 = EDGE_CURVE ( 'NONE', #2075, #3025, #132, .T. ) ;
#2762 = CARTESIAN_POINT ( 'NONE',  ( 12.86685592414687385, 1.000000000000000000, -7.842234579561541352 ) ) ;
#2763 = CARTESIAN_POINT ( 'NONE',  ( 20.87079823077861107, 3.000000000000000000, -2.144726896150167761 ) ) ;
#2764 = ORIENTED_EDGE ( 'NONE', *, *, #992, .F. ) ;
#2765 = EDGE_CURVE ( 'NONE', #1849, #4317, #265, .T. ) ;
#2766 = CYLINDRICAL_SURFACE ( 'NONE', #2211, 4.000000000000000888 ) ;
#2767 = CARTESIAN_POINT ( 'NONE',  ( -25.00000000000001066, 0.000000000000000000, 3.750000000000006661 ) ) ;
#2768 = EDGE_LOOP ( 'NONE', ( #1438, #2405 ) ) ;
#2769 = EDGE_LOOP ( 'NONE', ( #501, #480, #808, #1995 ) ) ;
#2770 = DIRECTION ( 'NONE',  ( 0.000000000000000000, 1.000000000000000000, 0.000000000000000000 ) ) ;
#2771 = PLANE ( 'NONE',  #1017 ) ;
#2772 = LINE ( 'NONE', #331, #3604 ) ;
#2773 = LINE ( 'NONE', #4165, #3399 ) ;
#2774 = ORIENTED_EDGE ( 'NONE', *, *, #3916, .T. ) ;
#2775 = ORIENTED_EDGE ( 'NONE', *, *, #1530, .T. ) ;
#2776 = DIRECTION ( 'NONE',  ( 0.000000000000000000, 0.000000000000000000, 1.000000000000000000 ) ) ;
#2777 = COLOUR_RGB ( '',1.000000000000000000, 1.000000000000000000, 1.000000000000000000 ) ;
#2778 = DIRECTION ( 'NONE',  ( -0.000000000000000000, 1.000000000000000000, -0.000000000000000000 ) ) ;
#2779 = CIRCLE ( 'NONE', #2565, 3.499999999999999556 ) ;
#2780 = ORIENTED_EDGE ( 'NONE', *, *, #2106, .F. ) ;
#2781 = DIRECTION ( 'NONE',  ( 0.000000000000000000, 1.000000000000000000, -0.000000000000000000 ) ) ;
#2782 = DIRECTION ( 'NONE',  ( 0.000000000000000000, 0.000000000000000000, 1.000000000000000000 ) ) ;
#2783 = EDGE_CURVE ( 'NONE', #672, #758, #1268, .T. ) ;
#2784 = AXIS2_PLACEMENT_3D ( 'NONE', #1921, #4233, #1161 ) ;
#2785 = FACE_OUTER_BOUND ( 'NONE', #437, .T. ) ;
#2786 = CARTESIAN_POINT ( 'NONE',  ( -24.99999999999999645, 3.000000000000000000, -26.99999999999999645 ) ) ;
#2787 = LINE ( 'NONE', #3822, #247 ) ;
#2788 = EDGE_CURVE ( 'NONE', #633, #2689, #989, .T. ) ;
#2789 = VERTEX_POINT ( 'NONE', #2695 ) ;
#2790 = DIRECTION ( 'NONE',  ( 0.000000000000000000, 1.000000000000000000, -0.000000000000000000 ) ) ;
#2791 = CARTESIAN_POINT ( 'NONE',  ( -18.87079823077861462, 1.200000000000000178, -17.17653767347957583 ) ) ;
#2792 = DIRECTION ( 'NONE',  ( 0.000000000000000000, 0.000000000000000000, 1.000000000000000000 ) ) ;
#2793 = DIRECTION ( 'NONE',  ( -0.000000000000000000, 1.000000000000000000, -0.000000000000000000 ) ) ;
#2794 = ORIENTED_EDGE ( 'NONE', *, *, #542, .T. ) ;
#2795 = ADVANCED_FACE ( 'NONE', ( #1625 ), #1645, .F. ) ;
#2796 = ORIENTED_EDGE ( 'NONE', *, *, #2980, .F. ) ;
#2797 =( LENGTH_UNIT ( ) NAMED_UNIT ( * ) SI_UNIT ( .MILLI., .METRE. ) );
#2798 = DIRECTION ( 'NONE',  ( 0.000000000000000000, 0.000000000000000000, 1.000000000000000000 ) ) ;
#2799 = ADVANCED_FACE ( 'NONE', ( #58 ), #101, .F. ) ;
#2800 = ORIENTED_EDGE ( 'NONE', *, *, #4053, .F. ) ;
#2801 = DIRECTION ( 'NONE',  ( -0.000000000000000000, -1.000000000000000000, -0.000000000000000000 ) ) ;
#2802 = CIRCLE ( 'NONE', #1874, 3.500000000000000000 ) ;
#2803 = CYLINDRICAL_SURFACE ( 'NONE', #3163, 2.200000000000000178 ) ;
#2804 = CIRCLE ( 'NONE', #3592, 1.250000000000001110 ) ;
#2805 = DIRECTION ( 'NONE',  ( 0.000000000000000000, 1.000000000000000000, 0.000000000000000000 ) ) ;
#2806 = DIRECTION ( 'NONE',  ( 0.000000000000000000, 1.000000000000000000, 0.000000000000000000 ) ) ;
#2807 = ADVANCED_FACE ( 'NONE', ( #1049 ), #3455, .T. ) ;
#2808 = DIRECTION ( 'NONE',  ( -0.000000000000000000, -1.000000000000000000, -0.000000000000000000 ) ) ;
#2809 = AXIS2_PLACEMENT_3D ( 'NONE', #1531, #1794, #94 ) ;
#2810 = ORIENTED_EDGE ( 'NONE', *, *, #748, .F. ) ;
#2811 = EDGE_LOOP ( 'NONE', ( #2417, #2840, #946, #3103 ) ) ;
#2812 = AXIS2_PLACEMENT_3D ( 'NONE', #1499, #3872, #1247 ) ;
#2813 = DIRECTION ( 'NONE',  ( 0.000000000000000000, 0.000000000000000000, 1.000000000000000000 ) ) ;
#2814 = CARTESIAN_POINT ( 'NONE',  ( 4.200000000000003730, 3.000000000000000000, 19.59976851727815017 ) ) ;
#2815 = DIRECTION ( 'NONE',  ( 0.000000000000000000, 1.000000000000000000, -0.000000000000000000 ) ) ;
#2816 = DIRECTION ( 'NONE',  ( 0.000000000000000000, 1.000000000000000000, -0.000000000000000000 ) ) ;
#2817 = EDGE_CURVE ( 'NONE', #2497, #3846, #2136, .T. ) ;
#2818 = AXIS2_PLACEMENT_3D ( 'NONE', #1413, #65, #3803 ) ;
#2819 = ORIENTED_EDGE ( 'NONE', *, *, #1622, .F. ) ;
#2820 = DIRECTION ( 'NONE',  ( 0.000000000000000000, 0.000000000000000000, 1.000000000000000000 ) ) ;
#2821 = DIRECTION ( 'NONE',  ( 0.000000000000000000, 1.000000000000000000, 0.000000000000000000 ) ) ;
#2822 = AXIS2_PLACEMENT_3D ( 'NONE', #2656, #4029, #2700 ) ;
#2823 = EDGE_LOOP ( 'NONE', ( #2372, #1103, #2533, #4075 ) ) ;
#2824 = DIRECTION ( 'NONE',  ( 0.000000000000000000, 0.000000000000000000, 1.000000000000000000 ) ) ;
#2825 = CARTESIAN_POINT ( 'NONE',  ( 16.00000000000001066, 0.000000000000000000, 25.25000000000000000 ) ) ;
#2826 = AXIS2_PLACEMENT_3D ( 'NONE', #2021, #2450, #2782 ) ;
#2827 = LINE ( 'NONE', #1130, #4030 ) ;
#2828 = DIRECTION ( 'NONE',  ( 0.000000000000000000, 1.000000000000000000, -0.000000000000000000 ) ) ;
#2829 = ORIENTED_EDGE ( 'NONE', *, *, #2279, .T. ) ;
#2830 = AXIS2_PLACEMENT_3D ( 'NONE', #3755, #751, #79 ) ;
#2831 = EDGE_LOOP ( 'NONE', ( #579, #3231, #2424, #622 ) ) ;
#2832 = SURFACE_SIDE_STYLE ('',( #2122 ) ) ;
#2833 = DIRECTION ( 'NONE',  ( -0.000000000000000000, -1.000000000000000000, -0.000000000000000000 ) ) ;
#2834 = DIRECTION ( 'NONE',  ( 0.000000000000000000, -1.000000000000000000, 0.000000000000000000 ) ) ;
#2835 = CARTESIAN_POINT ( 'NONE',  ( -19.94572808684069187, 3.000000000000000000, -4.363954106161709312 ) ) ;
#2836 = CIRCLE ( 'NONE', #1725, 2.999999999999999112 ) ;
#2837 = EDGE_CURVE ( 'NONE', #3823, #2379, #1845, .T. ) ;
#2838 = ORIENTED_EDGE ( 'NONE', *, *, #3097, .F. ) ;
#2839 = DIRECTION ( 'NONE',  ( -0.000000000000000000, 1.000000000000000000, -0.000000000000000000 ) ) ;
#2840 = ORIENTED_EDGE ( 'NONE', *, *, #2106, .T. ) ;
#2841 = EDGE_CURVE ( 'NONE', #3148, #342, #3707, .T. ) ;
#2842 = ORIENTED_EDGE ( 'NONE', *, *, #436, .F. ) ;
#2843 = VERTEX_POINT ( 'NONE', #3076 ) ;
#2844 = CYLINDRICAL_SURFACE ( 'NONE', #880, 8.250000000000000000 ) ;
#2845 =( NAMED_UNIT ( * ) PLANE_ANGLE_UNIT ( ) SI_UNIT ( $, .RADIAN. ) );
#2846 = PRESENTATION_LAYER_ASSIGNMENT (  '', '', ( #1205 ) ) ;
#2847 = EDGE_CURVE ( 'NONE', #3968, #739, #2491, .T. ) ;
#2848 = VERTEX_POINT ( 'NONE', #3406 ) ;
#2849 = DIRECTION ( 'NONE',  ( 0.000000000000000000, 1.000000000000000000, 0.000000000000000000 ) ) ;
#2850 = FILL_AREA_STYLE ('',( #458 ) ) ;
#2851 = EDGE_LOOP ( 'NONE', ( #563, #1856, #1732, #909 ) ) ;
#2852 = EDGE_LOOP ( 'NONE', ( #3523, #842, #4169, #1726 ) ) ;
#2853 = CARTESIAN_POINT ( 'NONE',  ( -24.50000000000001066, 3.000000000000000000, 26.49999999999999289 ) ) ;
#2854 = CARTESIAN_POINT ( 'NONE',  ( 13.36803642966739503, 1.000000000000000000, -9.984387258734106041 ) ) ;
#2855 = DIRECTION ( 'NONE',  ( 0.000000000000000000, 0.000000000000000000, 1.000000000000000000 ) ) ;
#2856 = CARTESIAN_POINT ( 'NONE',  ( 21.85191411977124432, 1.200000000000000178, 17.68582988648560317 ) ) ;
#2857 = ORIENTED_EDGE ( 'NONE', *, *, #3722, .T. ) ;
#2858 = FACE_BOUND ( 'NONE', #3465, .T. ) ;
#2859 = FACE_OUTER_BOUND ( 'NONE', #34, .T. ) ;
#2860 = DIRECTION ( 'NONE',  ( 0.000000000000000000, 0.000000000000000000, 1.000000000000000000 ) ) ;
#2861 = ORIENTED_EDGE ( 'NONE', *, *, #2975, .F. ) ;
#2862 = ORIENTED_EDGE ( 'NONE', *, *, #374, .F. ) ;
#2863 = ORIENTED_EDGE ( 'NONE', *, *, #3258, .F. ) ;
#2864 = CARTESIAN_POINT ( 'NONE',  ( 20.87079823077861107, 0.000000000000000000, -0.5947268961501701590 ) ) ;
#2865 = EDGE_CURVE ( 'NONE', #3540, #3090, #202, .T. ) ;
#2866 = DIRECTION ( 'NONE',  ( -0.000000000000000000, -1.000000000000000000, -0.000000000000000000 ) ) ;
#2867 = ORIENTED_EDGE ( 'NONE', *, *, #3777, .F. ) ;
#2868 = AXIS2_PLACEMENT_3D ( 'NONE', #3607, #517, #4335 ) ;
#2869 = DIRECTION ( 'NONE',  ( -0.000000000000000000, 1.000000000000000000, -0.000000000000000000 ) ) ;
#2870 = ADVANCED_FACE ( 'NONE', ( #394 ), #2766, .F. ) ;
#2871 = DIRECTION ( 'NONE',  ( -0.000000000000000000, 1.000000000000000000, -0.000000000000000000 ) ) ;
#2872 = AXIS2_PLACEMENT_3D ( 'NONE', #4, #2426, #2684 ) ;
#2873 = ORIENTED_EDGE ( 'NONE', *, *, #225, .F. ) ;
#2874 = VECTOR ( 'NONE', #121, 1000.000000000000000 ) ;
#2875 = EDGE_LOOP ( 'NONE', ( #4242, #1163, #841, #3437 ) ) ;
#2876 = CYLINDRICAL_SURFACE ( 'NONE', #1819, 2.200000000000000622 ) ;
#2877 = FILL_AREA_STYLE_COLOUR ( '', #4386 ) ;
#2878 = DIRECTION ( 'NONE',  ( -0.000000000000000000, 1.000000000000000000, -0.000000000000000000 ) ) ;
#2879 = ADVANCED_FACE ( 'NONE', ( #2434 ), #1071, .F. ) ;
#2880 = AXIS2_PLACEMENT_3D ( 'NONE', #791, #1890, #3498 ) ;
#2881 = CARTESIAN_POINT ( 'NONE',  ( 1.000000000000000888, 1.000000000000000000, 7.410632284814872683 ) ) ;
#2882 = CIRCLE ( 'NONE', #2022, 1.600000000000000755 ) ;
#2883 = ORIENTED_EDGE ( 'NONE', *, *, #4331, .F. ) ;
#2884 = DIRECTION ( 'NONE',  ( 0.000000000000000000, 0.000000000000000000, 1.000000000000000000 ) ) ;
#2885 = CARTESIAN_POINT ( 'NONE',  ( -11.39092863676334844, 1.000000000000000000, 3.999274567772546529 ) ) ;
#2886 = ORIENTED_EDGE ( 'NONE', *, *, #1885, .F. ) ;
#2887 = CIRCLE ( 'NONE', #891, 2.200000000000000622 ) ;
#2888 = ADVANCED_FACE ( 'NONE', ( #2742 ), #2138, .F. ) ;
#2889 = ORIENTED_EDGE ( 'NONE', *, *, #3521, .F. ) ;
#2890 = DIRECTION ( 'NONE',  ( -0.000000000000000000, -1.000000000000000000, -0.000000000000000000 ) ) ;
#2891 = STYLED_ITEM ( 'NONE', ( #4375 ), #3216 ) ;
#2892 = AXIS2_PLACEMENT_3D ( 'NONE', #510, #2223, #2591 ) ;
#2893 = DIRECTION ( 'NONE',  ( 0.000000000000000000, 1.000000000000000000, 0.000000000000000000 ) ) ;
#2894 = ORIENTED_EDGE ( 'NONE', *, *, #33, .F. ) ;
#2895 = ADVANCED_FACE ( 'NONE', ( #111 ), #90, .F. ) ;
#2896 = FACE_OUTER_BOUND ( 'NONE', #4056, .T. ) ;
#2897 = DIRECTION ( 'NONE',  ( 0.000000000000000000, 0.000000000000000000, 1.000000000000000000 ) ) ;
#2898 = ADVANCED_FACE ( 'NONE', ( #2859 ), #3489, .F. ) ;
#2899 = ORIENTED_EDGE ( 'NONE', *, *, #3070, .T. ) ;
#2900 = DIRECTION ( 'NONE',  ( -0.000000000000000000, -1.000000000000000000, -0.000000000000000000 ) ) ;
#2901 = CARTESIAN_POINT ( 'NONE',  ( 20.87079823077861107, 0.000000000000000000, -2.144726896150167761 ) ) ;
#2902 = DIRECTION ( 'NONE',  ( 0.000000000000000000, 0.000000000000000000, 1.000000000000000000 ) ) ;
#2903 = CARTESIAN_POINT ( 'NONE',  ( -14.62094594845406093, 1.000000000000000000, 5.582855424365427588 ) ) ;
#2904 = CIRCLE ( 'NONE', #3473, 1.550000000000000933 ) ;
#2905 = EDGE_CURVE ( 'NONE', #424, #2098, #495, .T. ) ;
#2906 = ORIENTED_EDGE ( 'NONE', *, *, #383, .F. ) ;
#2907 = DIRECTION ( 'NONE',  ( 0.000000000000000000, 0.000000000000000000, 1.000000000000000000 ) ) ;
#2908 = DIRECTION ( 'NONE',  ( 0.000000000000000000, 0.000000000000000000, 1.000000000000000000 ) ) ;
#2909 = ORIENTED_EDGE ( 'NONE', *, *, #3479, .F. ) ;
#2910 = EDGE_LOOP ( 'NONE', ( #991, #1236, #1326, #4269 ) ) ;
#2911 = CYLINDRICAL_SURFACE ( 'NONE', #3438, 6.000000000000000000 ) ;
#2912 = DIRECTION ( 'NONE',  ( 0.000000000000000000, 0.000000000000000000, 1.000000000000000000 ) ) ;
#2913 = DIRECTION ( 'NONE',  ( -0.000000000000000000, 1.000000000000000000, -0.000000000000000000 ) ) ;
#2914 = ORIENTED_EDGE ( 'NONE', *, *, #3859, .T. ) ;
#2915 = DIRECTION ( 'NONE',  ( -0.000000000000000000, 1.000000000000000000, -0.000000000000000000 ) ) ;
#2916 = SURFACE_STYLE_USAGE ( .BOTH. , #3888 ) ;
#2917 = EDGE_CURVE ( 'NONE', #2379, #342, #740, .T. ) ;
#2918 = CIRCLE ( 'NONE', #2992, 3.500000000000000444 ) ;
#2919 = EDGE_LOOP ( 'NONE', ( #2906, #3990, #3161, #858 ) ) ;
#2920 = FACE_OUTER_BOUND ( 'NONE', #964, .T. ) ;
#2921 = DIRECTION ( 'NONE',  ( 0.000000000000000000, 0.000000000000000000, 1.000000000000000000 ) ) ;
#2922 =( LENGTH_UNIT ( ) NAMED_UNIT ( * ) SI_UNIT ( .MILLI., .METRE. ) );
#2923 = DIRECTION ( 'NONE',  ( 0.000000000000000000, 0.000000000000000000, -1.000000000000000000 ) ) ;
#2924 = EDGE_CURVE ( 'NONE', #2720, #1369, #4365, .T. ) ;
#2925 = CARTESIAN_POINT ( 'NONE',  ( 0.000000000000000000, 1.000000000000000000, 0.000000000000000000 ) ) ;
#2926 = CARTESIAN_POINT ( 'NONE',  ( 24.50000000000001066, 0.000000000000000000, 28.09999999999999432 ) ) ;
#2927 = CARTESIAN_POINT ( 'NONE',  ( 21.85191411977124432, 1.200000000000000178, 14.18582988648560494 ) ) ;
#2928 = ORIENTED_EDGE ( 'NONE', *, *, #1714, .F. ) ;
#2929 = ORIENTED_EDGE ( 'NONE', *, *, #3250, .T. ) ;
#2930 = PLANE ( 'NONE',  #4390 ) ;
#2931 = DIRECTION ( 'NONE',  ( 0.000000000000000000, 0.000000000000000000, 1.000000000000000000 ) ) ;
#2932 = VERTEX_POINT ( 'NONE', #1418 ) ;
#2933 = DIRECTION ( 'NONE',  ( 0.000000000000000000, 1.000000000000000000, 0.000000000000000000 ) ) ;
#2934 = DIRECTION ( 'NONE',  ( -0.000000000000000000, -1.000000000000000000, -0.000000000000000000 ) ) ;
#2935 = ORIENTED_EDGE ( 'NONE', *, *, #3565, .F. ) ;
#2936 = FACE_OUTER_BOUND ( 'NONE', #4442, .T. ) ;
#2937 = FACE_OUTER_BOUND ( 'NONE', #2507, .T. ) ;
#2938 = CARTESIAN_POINT ( 'NONE',  ( -3.495614035087716953, 1.000000000000000000, 21.68395670754182802 ) ) ;
#2939 = AXIS2_PLACEMENT_3D ( 'NONE', #797, #3802, #732 ) ;
#2940 = FACE_OUTER_BOUND ( 'NONE', #3331, .T. ) ;
#2941 = EDGE_CURVE ( 'NONE', #359, #3569, #3509, .T. ) ;
#2942 = CARTESIAN_POINT ( 'NONE',  ( -19.85191411977123721, 0.000000000000000000, 0.6354346831441348709 ) ) ;
#2943 = CARTESIAN_POINT ( 'NONE',  ( 20.87079823077861107, 3.000000000000000000, -2.144726896150167761 ) ) ;
#2944 = AXIS2_PLACEMENT_3D ( 'NONE', #4346, #2047, #3142 ) ;
#2945 = PRESENTATION_STYLE_ASSIGNMENT (( #2007 ) ) ;
#2946 = CARTESIAN_POINT ( 'NONE',  ( -16.00000000000001066, 3.000000000000000000, 26.50000000000000355 ) ) ;
#2947 = ORIENTED_EDGE ( 'NONE', *, *, #22, .T. ) ;
#2948 = VECTOR ( 'NONE', #1234, 1000.000000000000000 ) ;
#2949 = EDGE_CURVE ( 'NONE', #1837, #2706, #1770, .T. ) ;
#2950 = EDGE_LOOP ( 'NONE', ( #6, #1358, #2800, #4268, #3534, #2665, #1148, #126, #1301, #616, #687 ) ) ;
#2951 = CARTESIAN_POINT ( 'NONE',  ( -19.85191411977123721, 1.200000000000000178, 2.185434683144135803 ) ) ;
#2952 = CIRCLE ( 'NONE', #3819, 2.200000000000000622 ) ;
#2953 = FACE_OUTER_BOUND ( 'NONE', #2919, .T. ) ;
#2954 = AXIS2_PLACEMENT_3D ( 'NONE', #3435, #2723, #3462 ) ;
#2955 =( GEOMETRIC_REPRESENTATION_CONTEXT ( 3 ) GLOBAL_UNCERTAINTY_ASSIGNED_CONTEXT ( ( #2611 ) ) GLOBAL_UNIT_ASSIGNED_CONTEXT ( ( #1914, #2212, #2564 ) ) REPRESENTATION_CONTEXT ( 'NONE', 'WORKASPACE' ) );
#2956 = ORIENTED_EDGE ( 'NONE', *, *, #4424, .F. ) ;
#2957 = EDGE_LOOP ( 'NONE', ( #2163, #1228, #102, #1212 ) ) ;
#2958 = EDGE_CURVE ( 'NONE', #235, #2577, #2779, .T. ) ;
#2959 = AXIS2_PLACEMENT_3D ( 'NONE', #2216, #2498, #2813 ) ;
#2960 = DIRECTION ( 'NONE',  ( -0.000000000000000000, 1.000000000000000000, -0.000000000000000000 ) ) ;
#2961 = CARTESIAN_POINT ( 'NONE',  ( 1.000000000000001998, 3.000000000000000000, -0.8393677151851295370 ) ) ;
#2962 = AXIS2_PLACEMENT_3D ( 'NONE', #3734, #2770, #3801 ) ;
#2963 = ORIENTED_EDGE ( 'NONE', *, *, #133, .T. ) ;
#2964 = CARTESIAN_POINT ( 'NONE',  ( -11.42019168543659724, 3.000000000000000000, -7.999469195931133036 ) ) ;
#2965 = CYLINDRICAL_SURFACE ( 'NONE', #2944, 2.999999999999999112 ) ;
#2966 = SURFACE_SIDE_STYLE ('',( #2300 ) ) ;
#2967 = DIRECTION ( 'NONE',  ( 0.000000000000000000, 1.000000000000000000, 0.000000000000000000 ) ) ;
#2968 = EDGE_CURVE ( 'NONE', #3502, #2997, #2352, .T. ) ;
#2969 = UNCERTAINTY_MEASURE_WITH_UNIT (LENGTH_MEASURE( 1.000000000000000082E-05 ), #3185, 'distance_accuracy_value', 'NONE');
#2970 = CIRCLE ( 'NONE', #3546, 6.000000000000000000 ) ;
#2971 = CARTESIAN_POINT ( 'NONE',  ( -19.91706270801391554, 3.000000000000000000, -4.364140864984924484 ) ) ;
#2972 = DIRECTION ( 'NONE',  ( -0.000000000000000000, -1.000000000000000000, -0.000000000000000000 ) ) ;
#2973 = LINE ( 'NONE', #200, #4293 ) ;
#2974 = ORIENTED_EDGE ( 'NONE', *, *, #3824, .F. ) ;
#2975 = EDGE_CURVE ( 'NONE', #3052, #3562, #2918, .T. ) ;
#2976 = ORIENTED_EDGE ( 'NONE', *, *, #2296, .F. ) ;
#2977 = FACE_OUTER_BOUND ( 'NONE', #677, .T. ) ;
#2978 = AXIS2_PLACEMENT_3D ( 'NONE', #3853, #470, #1769 ) ;
#2979 = CARTESIAN_POINT ( 'NONE',  ( 20.87079823077861107, 3.000000000000000000, -2.144726896150167761 ) ) ;
#2980 = EDGE_CURVE ( 'NONE', #4254, #1745, #1208, .T. ) ;
#2981 = STYLED_ITEM ( 'NONE', ( #4232 ), #2675 ) ;
#2982 = ORIENTED_EDGE ( 'NONE', *, *, #468, .T. ) ;
#2983 = ORIENTED_EDGE ( 'NONE', *, *, #1702, .F. ) ;
#2984 = CIRCLE ( 'NONE', #4204, 2.200000000000000622 ) ;
#2985 = CARTESIAN_POINT ( 'NONE',  ( -24.50000000000001066, 3.000000000000000000, -28.09999999999999432 ) ) ;
#2986 = DIRECTION ( 'NONE',  ( 0.000000000000000000, 0.000000000000000000, 1.000000000000000000 ) ) ;
#2987 = EDGE_CURVE ( 'NONE', #396, #2059, #635, .T. ) ;
#2988 = STYLED_ITEM ( 'NONE', ( #433 ), #2888 ) ;
#2989 = DIRECTION ( 'NONE',  ( 0.000000000000000000, 0.000000000000000000, 1.000000000000000000 ) ) ;
#2990 = LINE ( 'NONE', #4369, #3101 ) ;
#2991 = CARTESIAN_POINT ( 'NONE',  ( -11.39092863676334844, 3.000000000000000000, 3.999274567772546529 ) ) ;
#2992 = AXIS2_PLACEMENT_3D ( 'NONE', #426, #2821, #1122 ) ;
#2993 = CARTESIAN_POINT ( 'NONE',  ( 20.87079823077861107, 3.000000000000000000, 1.355273103849832461 ) ) ;
#2994 = CARTESIAN_POINT ( 'NONE',  ( -19.85191411977123721, 0.000000000000000000, 2.185434683144135803 ) ) ;
#2995 = SURFACE_STYLE_USAGE ( .BOTH. , #1630 ) ;
#2996 = PLANE ( 'NONE',  #3257 ) ;
#2997 = VERTEX_POINT ( 'NONE', #4352 ) ;
#2998 = ORIENTED_EDGE ( 'NONE', *, *, #974, .F. ) ;
#2999 = FACE_BOUND ( 'NONE', #73, .T. ) ;
#3000 = CARTESIAN_POINT ( 'NONE',  ( 21.85191411977124432, 0.000000000000000000, 12.63582988648560246 ) ) ;
#3001 = ORIENTED_EDGE ( 'NONE', *, *, #3831, .F. ) ;
#3002 = ORIENTED_EDGE ( 'NONE', *, *, #3479, .T. ) ;
#3003 = EDGE_CURVE ( 'NONE', #1634, #2113, #1069, .T. ) ;
#3004 = DIRECTION ( 'NONE',  ( 0.000000000000000000, 0.000000000000000000, 1.000000000000000000 ) ) ;
#3005 = CARTESIAN_POINT ( 'NONE',  ( 24.50000000000001066, 0.000000000000000000, -26.49999999999999289 ) ) ;
#3006 = ADVANCED_FACE ( 'NONE', ( #3602 ), #1567, .F. ) ;
#3007 = DIRECTION ( 'NONE',  ( -0.000000000000000000, 1.000000000000000000, -0.000000000000000000 ) ) ;
#3008 = CARTESIAN_POINT ( 'NONE',  ( -11.39092863676335021, 3.000000000000000000, -10.19927456777254804 ) ) ;
#3009 = CARTESIAN_POINT ( 'NONE',  ( -24.50000000000001066, 0.000000000000000000, -24.89999999999999147 ) ) ;
#3010 = VERTEX_POINT ( 'NONE', #1903 ) ;
#3011 = FACE_OUTER_BOUND ( 'NONE', #2206, .T. ) ;
#3012 = CARTESIAN_POINT ( 'NONE',  ( 23.00000000000001066, 3.000000000000000000, -14.99999999999999645 ) ) ;
#3013 = STYLED_ITEM ( 'NONE', ( #128 ), #1860 ) ;
#3014 = CARTESIAN_POINT ( 'NONE',  ( 11.50000000000000000, 0.000000000000000000, 2.000000000000000888 ) ) ;
#3015 = DIRECTION ( 'NONE',  ( 0.000000000000000000, 1.000000000000000000, 0.000000000000000000 ) ) ;
#3016 = AXIS2_PLACEMENT_3D ( 'NONE', #3951, #3310, #2912 ) ;
#3017 = ORIENTED_EDGE ( 'NONE', *, *, #4301, .T. ) ;
#3018 = AXIS2_PLACEMENT_3D ( 'NONE', #289, #2404, #1061 ) ;
#3019 = ORIENTED_EDGE ( 'NONE', *, *, #906, .F. ) ;
#3020 = LINE ( 'NONE', #1417, #516 ) ;
#3021 =( NAMED_UNIT ( * ) PLANE_ANGLE_UNIT ( ) SI_UNIT ( $, .RADIAN. ) );
#3022 = AXIS2_PLACEMENT_3D ( 'NONE', #3050, #4108, #4427 ) ;
#3023 = VERTEX_POINT ( 'NONE', #2574 ) ;
#3024 = ADVANCED_FACE ( 'NONE', ( #3947 ), #895, .F. ) ;
#3025 = VERTEX_POINT ( 'NONE', #2286 ) ;
#3026 = AXIS2_PLACEMENT_3D ( 'NONE', #3795, #1045, #2410 ) ;
#3027 = FACE_BOUND ( 'NONE', #3852, .T. ) ;
#3028 = CARTESIAN_POINT ( 'NONE',  ( 28.00000000000000355, 0.000000000000000000, -29.99999999999999645 ) ) ;
#3029 = EDGE_CURVE ( 'NONE', #493, #1793, #3711, .T. ) ;
#3030 = CIRCLE ( 'NONE', #3167, 2.200000000000000622 ) ;
#3031 = LINE ( 'NONE', #1330, #446 ) ;
#3032 = CARTESIAN_POINT ( 'NONE',  ( -16.55454981981007734, 3.000000000000000000, -5.232882014404165893 ) ) ;
#3033 = CARTESIAN_POINT ( 'NONE',  ( -11.67185684652424804, 1.000000000000000000, -22.99999999999999645 ) ) ;
#3034 = CIRCLE ( 'NONE', #2539, 1.250000000000001110 ) ;
#3035 = EDGE_CURVE ( 'NONE', #402, #3117, #2973, .T. ) ;
#3036 = ORIENTED_EDGE ( 'NONE', *, *, #3432, .T. ) ;
#3037 = PLANE ( 'NONE',  #2543 ) ;
#3038 = CARTESIAN_POINT ( 'NONE',  ( 25.00000000000001066, 3.000000000000000000, 27.00000000000000000 ) ) ;
#3039 = FACE_OUTER_BOUND ( 'NONE', #2045, .T. ) ;
#3040 = CARTESIAN_POINT ( 'NONE',  ( -19.85191411977123721, 1.200000000000000178, 4.135434683144135093 ) ) ;
#3041 = ORIENTED_EDGE ( 'NONE', *, *, #1891, .F. ) ;
#3042 = EDGE_CURVE ( 'NONE', #2734, #1347, #2064, .T. ) ;
#3043 = VECTOR ( 'NONE', #2384, 1000.000000000000000 ) ;
#3044 = VERTEX_POINT ( 'NONE', #1227 ) ;
#3045 = DIRECTION ( 'NONE',  ( 0.000000000000000000, 0.000000000000000000, 1.000000000000000000 ) ) ;
#3046 = CIRCLE ( 'NONE', #2830, 5.000000000000000888 ) ;
#3047 = ORIENTED_EDGE ( 'NONE', *, *, #649, .T. ) ;
#3048 = ORIENTED_EDGE ( 'NONE', *, *, #2987, .T. ) ;
#3049 = CIRCLE ( 'NONE', #1123, 5.000000000000000000 ) ;
#3050 = CARTESIAN_POINT ( 'NONE',  ( -11.67185684652424804, 1.000000000000000000, -20.79999999999999716 ) ) ;
#3051 = CARTESIAN_POINT ( 'NONE',  ( -24.50000000000001066, 3.000000000000000000, 28.09999999999999432 ) ) ;
#3052 = VERTEX_POINT ( 'NONE', #3647 ) ;
#3053 = LINE ( 'NONE', #1048, #234 ) ;
#3054 = DIRECTION ( 'NONE',  ( 0.000000000000000000, 1.000000000000000000, 0.000000000000000000 ) ) ;
#3055 = DIRECTION ( 'NONE',  ( 0.000000000000000000, 0.000000000000000000, 1.000000000000000000 ) ) ;
#3056 = ORIENTED_EDGE ( 'NONE', *, *, #1263, .T. ) ;
#3057 = ORIENTED_EDGE ( 'NONE', *, *, #2681, .F. ) ;
#3058 = DIRECTION ( 'NONE',  ( 0.000000000000000000, 0.000000000000000000, 1.000000000000000000 ) ) ;
#3059 = DIRECTION ( 'NONE',  ( -0.000000000000000000, 1.000000000000000000, -0.000000000000000000 ) ) ;
#3060 = CARTESIAN_POINT ( 'NONE',  ( -14.62094594845406093, 1.000000000000000000, 5.582855424365427588 ) ) ;
#3061 = CARTESIAN_POINT ( 'NONE',  ( 18.12238934066071394, 1.000000000000000000, -6.321597563614139048 ) ) ;
#3062 = EDGE_CURVE ( 'NONE', #2997, #2306, #708, .T. ) ;
#3063 = ORIENTED_EDGE ( 'NONE', *, *, #567, .T. ) ;
#3064 = EDGE_LOOP ( 'NONE', ( #4356, #2149, #1060, #2230 ) ) ;
#3065 = CARTESIAN_POINT ( 'NONE',  ( 11.50000000000000000, 3.000000000000000000, -2.000000000000000000 ) ) ;
#3066 = EDGE_CURVE ( 'NONE', #1722, #2310, #2201, .T. ) ;
#3067 =( NAMED_UNIT ( * ) SI_UNIT ( $, .STERADIAN. ) SOLID_ANGLE_UNIT ( ) );
#3068 = ORIENTED_EDGE ( 'NONE', *, *, #2606, .F. ) ;
#3069 = ORIENTED_EDGE ( 'NONE', *, *, #361, .F. ) ;
#3070 = EDGE_CURVE ( 'NONE', #176, #335, #460, .T. ) ;
#3071 = PLANE ( 'NONE',  #2595 ) ;
#3072 = AXIS2_PLACEMENT_3D ( 'NONE', #915, #3260, #1629 ) ;
#3073 = CARTESIAN_POINT ( 'NONE',  ( 13.36803642966740213, 1.000000000000000000, 5.984387258734104265 ) ) ;
#3074 = ORIENTED_EDGE ( 'NONE', *, *, #682, .T. ) ;
#3075 = CARTESIAN_POINT ( 'NONE',  ( -11.50000000000000000, 0.000000000000000000, -2.000000000000000000 ) ) ;
#3076 = CARTESIAN_POINT ( 'NONE',  ( 16.50000000000000000, 1.000000000000000000, -22.99999999999999645 ) ) ;
#3077 = DIRECTION ( 'NONE',  ( 0.000000000000000000, 0.000000000000000000, 1.000000000000000000 ) ) ;
#3078 = ORIENTED_EDGE ( 'NONE', *, *, #3841, .T. ) ;
#3079 = ADVANCED_FACE ( 'NONE', ( #3581 ), #219, .F. ) ;
#3080 = CARTESIAN_POINT ( 'NONE',  ( 19.92678214968091055, 3.000000000000000000, -10.27491868064457670 ) ) ;
#3081 = LINE ( 'NONE', #3105, #4188 ) ;
#3082 = FACE_BOUND ( 'NONE', #1802, .T. ) ;
#3083 = ORIENTED_EDGE ( 'NONE', *, *, #374, .T. ) ;
#3084 = ADVANCED_FACE ( 'NONE', ( #496 ), #533, .T. ) ;
#3085 = VECTOR ( 'NONE', #83, 1000.000000000000000 ) ;
#3086 = VERTEX_POINT ( 'NONE', #1926 ) ;
#3087 = LINE ( 'NONE', #2354, #733 ) ;
#3088 = AXIS2_PLACEMENT_3D ( 'NONE', #2374, #1678, #3114 ) ;
#3089 = CIRCLE ( 'NONE', #1381, 1.600000000000000755 ) ;
#3090 = VERTEX_POINT ( 'NONE', #3280 ) ;
#3091 = EDGE_CURVE ( 'NONE', #1369, #3458, #3302, .T. ) ;
#3092 = ORIENTED_EDGE ( 'NONE', *, *, #2510, .T. ) ;
#3093 = AXIS2_PLACEMENT_3D ( 'NONE', #1283, #617, #2648 ) ;
#3094 = CYLINDRICAL_SURFACE ( 'NONE', #451, 1.600000000000000755 ) ;
#3095 = FACE_OUTER_BOUND ( 'NONE', #406, .T. ) ;
#3096 = ORIENTED_EDGE ( 'NONE', *, *, #4400, .F. ) ;
#3097 = EDGE_CURVE ( 'NONE', #1602, #2209, #2538, .T. ) ;
#3098 = DIRECTION ( 'NONE',  ( 0.000000000000000000, 0.000000000000000000, -1.000000000000000000 ) ) ;
#3099 = SURFACE_STYLE_USAGE ( .BOTH. , #369 ) ;
#3100 = DIRECTION ( 'NONE',  ( 0.000000000000000000, 1.000000000000000000, 0.000000000000000000 ) ) ;
#3101 = VECTOR ( 'NONE', #4408, 1000.000000000000000 ) ;
#3102 = ORIENTED_EDGE ( 'NONE', *, *, #2817, .T. ) ;
#3103 = ORIENTED_EDGE ( 'NONE', *, *, #1444, .F. ) ;
#3104 = CARTESIAN_POINT ( 'NONE',  ( -11.39092863676334844, 3.000000000000000000, 6.199274567772547151 ) ) ;
#3105 = CARTESIAN_POINT ( 'NONE',  ( -6.904074921583319480, -6.839445286733748297, -22.99999999999999645 ) ) ;
#3106 = DIRECTION ( 'NONE',  ( -0.000000000000000000, 1.000000000000000000, -0.000000000000000000 ) ) ;
#3107 = AXIS2_PLACEMENT_3D ( 'NONE', #1273, #667, #2033 ) ;
#3108 = DIRECTION ( 'NONE',  ( 0.000000000000000000, 0.000000000000000000, 1.000000000000000000 ) ) ;
#3109 = CIRCLE ( 'NONE', #965, 5.000000000000000000 ) ;
#3110 = STYLED_ITEM ( 'NONE', ( #82 ), #316 ) ;
#3111 = ORIENTED_EDGE ( 'NONE', *, *, #3097, .T. ) ;
#3112 = AXIS2_PLACEMENT_3D ( 'NONE', #3825, #2747, #304 ) ;
#3113 = EDGE_LOOP ( 'NONE', ( #364, #4100 ) ) ;
#3114 = DIRECTION ( 'NONE',  ( 0.000000000000000000, 0.000000000000000000, -1.000000000000000000 ) ) ;
#3115 = DIRECTION ( 'NONE',  ( 0.000000000000000000, 0.000000000000000000, 1.000000000000000000 ) ) ;
#3116 = ADVANCED_FACE ( 'NONE', ( #4267 ), #1251, .T. ) ;
#3117 = VERTEX_POINT ( 'NONE', #2556 ) ;
#3118 = AXIS2_PLACEMENT_3D ( 'NONE', #4084, #391, #1423 ) ;
#3119 = CARTESIAN_POINT ( 'NONE',  ( 0.9999999999999985567, 3.000000000000000000, -19.66063228481487002 ) ) ;
#3120 = ADVANCED_FACE ( 'NONE', ( #3926 ), #218, .F. ) ;
#3121 = DIRECTION ( 'NONE',  ( 0.000000000000000000, 0.000000000000000000, -1.000000000000000000 ) ) ;
#3122 = CYLINDRICAL_SURFACE ( 'NONE', #2243, 4.000000000000000888 ) ;
#3123 =( LENGTH_UNIT ( ) NAMED_UNIT ( * ) SI_UNIT ( .MILLI., .METRE. ) );
#3124 = AXIS2_PLACEMENT_3D ( 'NONE', #735, #3188, #44 ) ;
#3125 = EDGE_CURVE ( 'NONE', #4307, #780, #3532, .T. ) ;
#3126 = DIRECTION ( 'NONE',  ( 0.000000000000000000, 0.000000000000000000, 1.000000000000000000 ) ) ;
#3127 = ORIENTED_EDGE ( 'NONE', *, *, #1349, .T. ) ;
#3128 = DIRECTION ( 'NONE',  ( -0.000000000000000000, -1.000000000000000000, -0.000000000000000000 ) ) ;
#3129 = CARTESIAN_POINT ( 'NONE',  ( -11.50000000000000000, 1.000000000000000000, 23.00000000000000711 ) ) ;
#3130 = LINE ( 'NONE', #692, #1106 ) ;
#3131 = DIRECTION ( 'NONE',  ( -0.000000000000000000, 1.000000000000000000, -0.000000000000000000 ) ) ;
#3132 = EDGE_LOOP ( 'NONE', ( #2380, #3440, #871, #1404 ) ) ;
#3133 = ORIENTED_EDGE ( 'NONE', *, *, #2968, .F. ) ;
#3134 = CYLINDRICAL_SURFACE ( 'NONE', #2978, 1.250000000000001110 ) ;
#3135 = CARTESIAN_POINT ( 'NONE',  ( 21.85191411977124432, 1.200000000000000178, 14.18582988648560494 ) ) ;
#3136 = VECTOR ( 'NONE', #2110, 1000.000000000000000 ) ;
#3137 = VERTEX_POINT ( 'NONE', #3366 ) ;
#3138 = LINE ( 'NONE', #2537, #3676 ) ;
#3139 = CARTESIAN_POINT ( 'NONE',  ( -24.50000000000001066, 0.000000000000000000, 28.09999999999999432 ) ) ;
#3140 = EDGE_CURVE ( 'NONE', #3675, #2489, #4114, .T. ) ;
#3141 = CIRCLE ( 'NONE', #2502, 2.200000000000000622 ) ;
#3142 = DIRECTION ( 'NONE',  ( 0.000000000000000000, 0.000000000000000000, -1.000000000000000000 ) ) ;
#3143 = DIRECTION ( 'NONE',  ( 0.000000000000000000, 1.000000000000000000, -0.000000000000000000 ) ) ;
#3144 = ORIENTED_EDGE ( 'NONE', *, *, #2135, .F. ) ;
#3145 = CARTESIAN_POINT ( 'NONE',  ( -19.85191411977123721, 1.000000000000000000, 0.6354346831441348709 ) ) ;
#3146 = LINE ( 'NONE', #4095, #2534 ) ;
#3147 = DIRECTION ( 'NONE',  ( -0.000000000000000000, 1.000000000000000000, -0.000000000000000000 ) ) ;
#3148 = VERTEX_POINT ( 'NONE', #306 ) ;
#3149 = VERTEX_POINT ( 'NONE', #1671 ) ;
#3150 = FILL_AREA_STYLE_COLOUR ( '', #479 ) ;
#3151 = SURFACE_STYLE_FILL_AREA ( #4237 ) ;
#3152 = VERTEX_POINT ( 'NONE', #3014 ) ;
#3153 = STYLED_ITEM ( 'NONE', ( #1603 ), #1915 ) ;
#3154 = DIRECTION ( 'NONE',  ( 0.000000000000000000, 0.000000000000000000, -1.000000000000000000 ) ) ;
#3155 = DIRECTION ( 'NONE',  ( 0.000000000000000000, -1.000000000000000000, 0.000000000000000000 ) ) ;
#3156 =( GEOMETRIC_REPRESENTATION_CONTEXT ( 3 ) GLOBAL_UNCERTAINTY_ASSIGNED_CONTEXT ( ( #260 ) ) GLOBAL_UNIT_ASSIGNED_CONTEXT ( ( #4156, #2433, #3454 ) ) REPRESENTATION_CONTEXT ( 'NONE', 'WORKASPACE' ) );
#3157 = DIRECTION ( 'NONE',  ( -0.000000000000000000, 1.000000000000000000, -0.000000000000000000 ) ) ;
#3158 = LINE ( 'NONE', #3407, #973 ) ;
#3159 = ADVANCED_FACE ( 'NONE', ( #3039 ), #1293, .T. ) ;
#3160 = CIRCLE ( 'NONE', #3889, 1.250000000000001110 ) ;
#3161 = ORIENTED_EDGE ( 'NONE', *, *, #53, .F. ) ;
#3162 = ORIENTED_EDGE ( 'NONE', *, *, #4305, .F. ) ;
#3163 = AXIS2_PLACEMENT_3D ( 'NONE', #3073, #8, #3121 ) ;
#3164 = CARTESIAN_POINT ( 'NONE',  ( -16.21929733413430696, 1.000000000000000000, 4.071143531214476141 ) ) ;
#3165 = DIRECTION ( 'NONE',  ( 0.000000000000000000, 0.000000000000000000, 1.000000000000000000 ) ) ;
#3166 = DIRECTION ( 'NONE',  ( 0.000000000000000000, 1.000000000000000000, -0.000000000000000000 ) ) ;
#3167 = AXIS2_PLACEMENT_3D ( 'NONE', #3060, #2815, #3483 ) ;
#3168 = CIRCLE ( 'NONE', #456, 8.250000000000000000 ) ;
#3169 = COLOUR_RGB ( '',1.000000000000000000, 1.000000000000000000, 1.000000000000000000 ) ;
#3170 = EDGE_LOOP ( 'NONE', ( #3398, #3173, #2582, #2438, #3403, #2366, #1698, #3207, #3237, #2288, #3796, #220, #1325, #3949 ) ) ;
#3171 = CARTESIAN_POINT ( 'NONE',  ( -9.201366949945731122, 1.000000000000000000, 6.413329746687656652 ) ) ;
#3172 = CARTESIAN_POINT ( 'NONE',  ( 0.9999999999999974465, 0.000000000000000000, -11.41063228481487002 ) ) ;
#3173 = ORIENTED_EDGE ( 'NONE', *, *, #3944, .T. ) ;
#3174 = ORIENTED_EDGE ( 'NONE', *, *, #4148, .T. ) ;
#3175 = ORIENTED_EDGE ( 'NONE', *, *, #4166, .F. ) ;
#3176 = CARTESIAN_POINT ( 'NONE',  ( -11.50000000000000000, 1.000000000000000000, -2.000000000000000000 ) ) ;
#3177 = ORIENTED_EDGE ( 'NONE', *, *, #2157, .T. ) ;
#3178 = AXIS2_PLACEMENT_3D ( 'NONE', #2692, #928, #2629 ) ;
#3179 = CARTESIAN_POINT ( 'NONE',  ( -23.00000000000001066, 0.000000000000000000, -16.24999999999999645 ) ) ;
#3180 =( NAMED_UNIT ( * ) PLANE_ANGLE_UNIT ( ) SI_UNIT ( $, .RADIAN. ) );
#3181 = LINE ( 'NONE', #1219, #674 ) ;
#3182 = VERTEX_POINT ( 'NONE', #4073 ) ;
#3183 = ORIENTED_EDGE ( 'NONE', *, *, #1999, .F. ) ;
#3184 = CIRCLE ( 'NONE', #3771, 5.000000000000000888 ) ;
#3185 =( LENGTH_UNIT ( ) NAMED_UNIT ( * ) SI_UNIT ( .MILLI., .METRE. ) );
#3186 = FILL_AREA_STYLE ('',( #2460 ) ) ;
#3187 = CARTESIAN_POINT ( 'NONE',  ( 12.86685592414688095, 1.000000000000000000, 3.842234579561539132 ) ) ;
#3188 = DIRECTION ( 'NONE',  ( 0.000000000000000000, 1.000000000000000000, -0.000000000000000000 ) ) ;
#3189 = DIRECTION ( 'NONE',  ( 0.000000000000000000, 0.000000000000000000, 1.000000000000000000 ) ) ;
#3190 = COLOUR_RGB ( '',1.000000000000000000, 1.000000000000000000, 1.000000000000000000 ) ;
#3191 = CIRCLE ( 'NONE', #4355, 2.200000000000000622 ) ;
#3192 = EDGE_CURVE ( 'NONE', #524, #2017, #817, .T. ) ;
#3193 = ORIENTED_EDGE ( 'NONE', *, *, #3192, .F. ) ;
#3194 = FACE_OUTER_BOUND ( 'NONE', #632, .T. ) ;
#3195 = DIRECTION ( 'NONE',  ( -0.000000000000000000, 1.000000000000000000, -0.000000000000000000 ) ) ;
#3196 = ORIENTED_EDGE ( 'NONE', *, *, #3042, .F. ) ;
#3197 = ORIENTED_EDGE ( 'NONE', *, *, #4305, .T. ) ;
#3198 = ADVANCED_FACE ( 'NONE', ( #2701 ), #1003, .T. ) ;
#3199 = ORIENTED_EDGE ( 'NONE', *, *, #3516, .F. ) ;
#3200 = CARTESIAN_POINT ( 'NONE',  ( 4.200000000000003730, 1.000000000000000000, 19.59976851727815017 ) ) ;
#3201 = LINE ( 'NONE', #1533, #3308 ) ;
#3202 = AXIS2_PLACEMENT_3D ( 'NONE', #3239, #1879, #831 ) ;
#3203 = EDGE_LOOP ( 'NONE', ( #2176, #2727, #3788, #1523 ) ) ;
#3204 = ADVANCED_FACE ( 'NONE', ( #2369 ), #3736, .F. ) ;
#3205 = DIRECTION ( 'NONE',  ( -0.000000000000000000, 1.000000000000000000, -0.000000000000000000 ) ) ;
#3206 = CARTESIAN_POINT ( 'NONE',  ( 19.05075474035173499, 3.000000000000000000, -6.801704638522870994 ) ) ;
#3207 = ORIENTED_EDGE ( 'NONE', *, *, #3704, .T. ) ;
#3208 = ORIENTED_EDGE ( 'NONE', *, *, #3521, .T. ) ;
#3209 = DIRECTION ( 'NONE',  ( -0.000000000000000000, 1.000000000000000000, -0.000000000000000000 ) ) ;
#3210 = CARTESIAN_POINT ( 'NONE',  ( -23.00000000000001066, 0.000000000000000000, -14.99999999999999645 ) ) ;
#3211 = DIRECTION ( 'NONE',  ( -0.000000000000000000, 1.000000000000000000, -0.000000000000000000 ) ) ;
#3212 = DIRECTION ( 'NONE',  ( 0.000000000000000000, 0.000000000000000000, 1.000000000000000000 ) ) ;
#3213 = DIRECTION ( 'NONE',  ( 0.000000000000000000, 0.000000000000000000, 1.000000000000000000 ) ) ;
#3214 = VERTEX_POINT ( 'NONE', #2304 ) ;
#3215 = DIRECTION ( 'NONE',  ( 0.000000000000000000, 1.000000000000000000, -0.000000000000000000 ) ) ;
#3216 = MANIFOLD_SOLID_BREP ( 'Ô²½Ç4', #2669 ) ;
#3217 = DIRECTION ( 'NONE',  ( 0.000000000000000000, 0.000000000000000000, 1.000000000000000000 ) ) ;
#3218 = ORIENTED_EDGE ( 'NONE', *, *, #2190, .F. ) ;
#3219 = EDGE_CURVE ( 'NONE', #2596, #2010, #2887, .T. ) ;
#3220 = ORIENTED_EDGE ( 'NONE', *, *, #3835, .T. ) ;
#3221 = LINE ( 'NONE', #2864, #3598 ) ;
#3222 = CARTESIAN_POINT ( 'NONE',  ( -11.39092863676334844, 1.000000000000000000, 6.199274567772547151 ) ) ;
#3223 = EDGE_CURVE ( 'NONE', #271, #3214, #3030, .T. ) ;
#3224 = ORIENTED_EDGE ( 'NONE', *, *, #2905, .T. ) ;
#3225 =( GEOMETRIC_REPRESENTATION_CONTEXT ( 3 ) GLOBAL_UNCERTAINTY_ASSIGNED_CONTEXT ( ( #3643 ) ) GLOBAL_UNIT_ASSIGNED_CONTEXT ( ( #4258, #170, #1869 ) ) REPRESENTATION_CONTEXT ( 'NONE', 'WORKASPACE' ) );
#3226 = LINE ( 'NONE', #4251, #2874 ) ;
#3227 = DIRECTION ( 'NONE',  ( 0.000000000000000000, 0.000000000000000000, -1.000000000000000000 ) ) ;
#3228 = ADVANCED_FACE ( 'NONE', ( #1077 ), #2482, .F. ) ;
#3229 = CIRCLE ( 'NONE', #2308, 10.25000000000000178 ) ;
#3230 = AXIS2_PLACEMENT_3D ( 'NONE', #3728, #709, #57 ) ;
#3231 = ORIENTED_EDGE ( 'NONE', *, *, #738, .F. ) ;
#3232 = CARTESIAN_POINT ( 'NONE',  ( -18.87079823077861462, 1.200000000000000178, -17.17653767347957583 ) ) ;
#3233 = FACE_OUTER_BOUND ( 'NONE', #3654, .T. ) ;
#3234 = CARTESIAN_POINT ( 'NONE',  ( -6.904074921583319480, 3.000000000000000000, -20.89999999999999503 ) ) ;
#3235 = DIRECTION ( 'NONE',  ( 0.000000000000000000, 1.000000000000000000, -0.000000000000000000 ) ) ;
#3236 = VECTOR ( 'NONE', #1468, 1000.000000000000000 ) ;
#3237 = ORIENTED_EDGE ( 'NONE', *, *, #2647, .T. ) ;
#3238 = CARTESIAN_POINT ( 'NONE',  ( -19.85191411977123721, 0.000000000000000000, -0.9145653168558663948 ) ) ;
#3239 = CARTESIAN_POINT ( 'NONE',  ( 11.50000000000000000, 1.000000000000000000, -2.000000000000000000 ) ) ;
#3240 = ORIENTED_EDGE ( 'NONE', *, *, #2924, .F. ) ;
#3241 = VERTEX_POINT ( 'NONE', #1027 ) ;
#3242 = DIRECTION ( 'NONE',  ( -0.000000000000000000, 1.000000000000000000, -0.000000000000000000 ) ) ;
#3243 = EDGE_CURVE ( 'NONE', #794, #1719, #1242, .T. ) ;
#3244 = PLANE ( 'NONE',  #2516 ) ;
#3245 =( LENGTH_UNIT ( ) NAMED_UNIT ( * ) SI_UNIT ( .MILLI., .METRE. ) );
#3246 = ORIENTED_EDGE ( 'NONE', *, *, #4159, .T. ) ;
#3247 = EDGE_CURVE ( 'NONE', #3538, #447, #745, .T. ) ;
#3248 = DIRECTION ( 'NONE',  ( 0.000000000000000000, 0.000000000000000000, 1.000000000000000000 ) ) ;
#3249 = ORIENTED_EDGE ( 'NONE', *, *, #2203, .T. ) ;
#3250 = EDGE_CURVE ( 'NONE', #3758, #3937, #1812, .T. ) ;
#3251 = DIRECTION ( 'NONE',  ( 0.000000000000000000, 0.000000000000000000, 1.000000000000000000 ) ) ;
#3252 = DIRECTION ( 'NONE',  ( 0.000000000000000000, 1.000000000000000000, -0.000000000000000000 ) ) ;
#3253 = DIRECTION ( 'NONE',  ( -0.000000000000000000, -1.000000000000000000, -0.000000000000000000 ) ) ;
#3254 = CARTESIAN_POINT ( 'NONE',  ( -11.50000000000000000, 0.000000000000000000, 2.000000000000000888 ) ) ;
#3255 = LINE ( 'NONE', #800, #4012 ) ;
#3256 = CIRCLE ( 'NONE', #885, 1.250000000000001110 ) ;
#3257 = AXIS2_PLACEMENT_3D ( 'NONE', #4031, #4376, #1339 ) ;
#3258 = EDGE_CURVE ( 'NONE', #720, #3968, #2772, .T. ) ;
#3259 = ORIENTED_EDGE ( 'NONE', *, *, #3140, .F. ) ;
#3260 = DIRECTION ( 'NONE',  ( -0.000000000000000000, -1.000000000000000000, -0.000000000000000000 ) ) ;
#3261 = DIRECTION ( 'NONE',  ( 0.000000000000000000, 0.000000000000000000, 1.000000000000000000 ) ) ;
#3262 = AXIS2_PLACEMENT_3D ( 'NONE', #1853, #889, #2569 ) ;
#3263 = VERTEX_POINT ( 'NONE', #2461 ) ;
#3264 = VERTEX_POINT ( 'NONE', #3761 ) ;
#3265 = DIRECTION ( 'NONE',  ( 0.000000000000000000, 0.000000000000000000, 1.000000000000000000 ) ) ;
#3266 = DIRECTION ( 'NONE',  ( 0.000000000000000000, 0.000000000000000000, 1.000000000000000000 ) ) ;
#3267 = EDGE_CURVE ( 'NONE', #1341, #2092, #3130, .T. ) ;
#3268 = ORIENTED_EDGE ( 'NONE', *, *, #867, .F. ) ;
#3269 = DIRECTION ( 'NONE',  ( 1.474280530776552476E-16, 0.000000000000000000, 1.000000000000000000 ) ) ;
#3270 = PRESENTATION_LAYER_ASSIGNMENT (  '', '', ( #2703 ) ) ;
#3271 = DIRECTION ( 'NONE',  ( -0.000000000000000000, 1.000000000000000000, -0.000000000000000000 ) ) ;
#3272 = EDGE_CURVE ( 'NONE', #4254, #1948, #245, .T. ) ;
#3273 = ORIENTED_EDGE ( 'NONE', *, *, #2407, .F. ) ;
#3274 = DIRECTION ( 'NONE',  ( -0.000000000000000000, 1.000000000000000000, -0.000000000000000000 ) ) ;
#3275 = CYLINDRICAL_SURFACE ( 'NONE', #604, 2.200000000000000622 ) ;
#3276 = CARTESIAN_POINT ( 'NONE',  ( 3.634538152610445216, 3.000000000000000000, 17.31627253279682677 ) ) ;
#3277 = FACE_OUTER_BOUND ( 'NONE', #115, .T. ) ;
#3278 = ORIENTED_EDGE ( 'NONE', *, *, #2980, .T. ) ;
#3279 = CARTESIAN_POINT ( 'NONE',  ( -11.50000000000000000, 1.000000000000000000, -2.000000000000000000 ) ) ;
#3280 = CARTESIAN_POINT ( 'NONE',  ( 17.10072011364086464, 3.000000000000000000, 1.789318342571107223 ) ) ;
#3281 = ORIENTED_EDGE ( 'NONE', *, *, #548, .F. ) ;
#3282 = ORIENTED_EDGE ( 'NONE', *, *, #992, .T. ) ;
#3283 = DIRECTION ( 'NONE',  ( 0.000000000000000000, -0.000000000000000000, 1.000000000000000000 ) ) ;
#3284 = DIRECTION ( 'NONE',  ( 0.000000000000000000, 0.000000000000000000, 1.000000000000000000 ) ) ;
#3285 = EDGE_LOOP ( 'NONE', ( #2883, #80 ) ) ;
#3286 = ORIENTED_EDGE ( 'NONE', *, *, #486, .F. ) ;
#3287 = CARTESIAN_POINT ( 'NONE',  ( 12.86685592414687385, 3.000000000000000000, -7.842234579561541352 ) ) ;
#3288 = UNCERTAINTY_MEASURE_WITH_UNIT (LENGTH_MEASURE( 1.000000000000000082E-05 ), #983, 'distance_accuracy_value', 'NONE');
#3289 = ADVANCED_FACE ( 'NONE', ( #1117 ), #2102, .T. ) ;
#3290 = DIRECTION ( 'NONE',  ( 0.000000000000000000, 0.000000000000000000, 1.000000000000000000 ) ) ;
#3291 = PRESENTATION_LAYER_ASSIGNMENT (  '', '', ( #3013 ) ) ;
#3292 = EDGE_LOOP ( 'NONE', ( #1007, #2373 ) ) ;
#3293 = DIRECTION ( 'NONE',  ( 0.000000000000000000, 1.000000000000000000, -0.000000000000000000 ) ) ;
#3294 = DIRECTION ( 'NONE',  ( 0.000000000000000000, -1.000000000000000000, 0.000000000000000000 ) ) ;
#3295 = EDGE_CURVE ( 'NONE', #1280, #1719, #3146, .T. ) ;
#3296 = CIRCLE ( 'NONE', #3088, 1.600000000000000755 ) ;
#3297 = CYLINDRICAL_SURFACE ( 'NONE', #3424, 2.100000000000000977 ) ;
#3298 = CIRCLE ( 'NONE', #3016, 1.600000000000000755 ) ;
#3299 = LINE ( 'NONE', #914, #1840 ) ;
#3300 = CARTESIAN_POINT ( 'NONE',  ( 24.50000000000001066, 3.000000000000000000, -28.09999999999999432 ) ) ;
#3301 = AXIS2_PLACEMENT_3D ( 'NONE', #1820, #2805, #1109 ) ;
#3302 = LINE ( 'NONE', #2885, #3683 ) ;
#3303 = EDGE_CURVE ( 'NONE', #4017, #1507, #4262, .T. ) ;
#3304 = EDGE_LOOP ( 'NONE', ( #4289, #629, #1618, #384 ) ) ;
#3305 = AXIS2_PLACEMENT_3D ( 'NONE', #2114, #2781, #1401 ) ;
#3306 = ORIENTED_EDGE ( 'NONE', *, *, #537, .F. ) ;
#3307 = CARTESIAN_POINT ( 'NONE',  ( -16.00000000000001066, 0.000000000000000000, -26.49999999999999289 ) ) ;
#3308 = VECTOR ( 'NONE', #2913, 1000.000000000000000 ) ;
#3309 = ADVANCED_FACE ( 'NONE', ( #1742 ), #1717, .F. ) ;
#3310 = DIRECTION ( 'NONE',  ( -0.000000000000000000, -1.000000000000000000, -0.000000000000000000 ) ) ;
#3311 = AXIS2_PLACEMENT_3D ( 'NONE', #864, #2878, #2500 ) ;
#3312 = PRESENTATION_LAYER_ASSIGNMENT (  '', '', ( #814 ) ) ;
#3313 = ORIENTED_EDGE ( 'NONE', *, *, #4098, .F. ) ;
#3314 = ORIENTED_EDGE ( 'NONE', *, *, #3247, .F. ) ;
#3315 = AXIS2_PLACEMENT_3D ( 'NONE', #578, #1526, #1946 ) ;
#3316 = CIRCLE ( 'NONE', #3829, 3.499999999999999556 ) ;
#3317 = CARTESIAN_POINT ( 'NONE',  ( 28.00000000000000355, 0.000000000000000000, -26.99999999999999645 ) ) ;
#3318 = CARTESIAN_POINT ( 'NONE',  ( 16.00000000000001066, -4.242640687119289211, -25.24999999999999289 ) ) ;
#3319 = CARTESIAN_POINT ( 'NONE',  ( -6.904074921583319480, -6.839445286733748297, -20.89999999999999503 ) ) ;
#3320 = CARTESIAN_POINT ( 'NONE',  ( -16.00000000000001066, 0.000000000000000000, 25.25000000000000000 ) ) ;
#3321 = DIRECTION ( 'NONE',  ( 0.000000000000000000, 1.000000000000000000, -0.000000000000000000 ) ) ;
#3322 = LINE ( 'NONE', #1983, #1788 ) ;
#3323 = UNCERTAINTY_MEASURE_WITH_UNIT (LENGTH_MEASURE( 1.000000000000000082E-05 ), #3690, 'distance_accuracy_value', 'NONE');
#3324 = ADVANCED_FACE ( 'NONE', ( #3827 ), #379, .T. ) ;
#3325 = CIRCLE ( 'NONE', #3615, 10.25000000000000178 ) ;
#3326 = DIRECTION ( 'NONE',  ( 0.000000000000000000, 1.000000000000000000, -0.000000000000000000 ) ) ;
#3327 = CARTESIAN_POINT ( 'NONE',  ( -3.495614035087716953, 3.000000000000000000, 21.68395670754182802 ) ) ;
#3328 = FACE_BOUND ( 'NONE', #3343, .T. ) ;
#3329 = ORIENTED_EDGE ( 'NONE', *, *, #3416, .T. ) ;
#3330 = ADVANCED_FACE ( 'NONE', ( #2422 ), #717, .F. ) ;
#3331 = EDGE_LOOP ( 'NONE', ( #2204, #3953, #4284, #3354 ) ) ;
#3332 = CARTESIAN_POINT ( 'NONE',  ( -6.904074921583319480, 1.000000000000000000, -22.99999999999999645 ) ) ;
#3333 = AXIS2_PLACEMENT_3D ( 'NONE', #2680, #1650, #4397 ) ;
#3334 = EDGE_LOOP ( 'NONE', ( #3865, #1484 ) ) ;
#3335 = ORIENTED_EDGE ( 'NONE', *, *, #321, .T. ) ;
#3336 = DIRECTION ( 'NONE',  ( 0.000000000000000000, 0.000000000000000000, 1.000000000000000000 ) ) ;
#3337 = CARTESIAN_POINT ( 'NONE',  ( -19.91706270801391554, 1.000000000000000000, -4.364140864984924484 ) ) ;
#3338 =( GEOMETRIC_REPRESENTATION_CONTEXT ( 3 ) GLOBAL_UNCERTAINTY_ASSIGNED_CONTEXT ( ( #3323 ) ) GLOBAL_UNIT_ASSIGNED_CONTEXT ( ( #3690, #2026, #996 ) ) REPRESENTATION_CONTEXT ( 'NONE', 'WORKASPACE' ) );
#3339 = DIRECTION ( 'NONE',  ( 0.000000000000000000, 0.000000000000000000, 1.000000000000000000 ) ) ;
#3340 = DIRECTION ( 'NONE',  ( -0.000000000000000000, 1.000000000000000000, -0.000000000000000000 ) ) ;
#3341 = DIRECTION ( 'NONE',  ( 0.000000000000000000, 0.000000000000000000, 1.000000000000000000 ) ) ;
#3342 = AXIS2_PLACEMENT_3D ( 'NONE', #3811, #2531, #1503 ) ;
#3343 = EDGE_LOOP ( 'NONE', ( #3611, #3063 ) ) ;
#3344 = DIRECTION ( 'NONE',  ( 0.000000000000000000, 1.000000000000000000, 0.000000000000000000 ) ) ;
#3345 = LINE ( 'NONE', #4093, #1963 ) ;
#3346 = DIRECTION ( 'NONE',  ( -0.000000000000000000, 1.000000000000000000, -0.000000000000000000 ) ) ;
#3347 = ORIENTED_EDGE ( 'NONE', *, *, #2465, .F. ) ;
#3348 = AXIS2_PLACEMENT_3D ( 'NONE', #2881, #131, #3528 ) ;
#3349 = VERTEX_POINT ( 'NONE', #171 ) ;
#3350 = CARTESIAN_POINT ( 'NONE',  ( 20.87079823077861107, 0.000000000000000000, -0.5947268961501701590 ) ) ;
#3351 = PRESENTATION_STYLE_ASSIGNMENT (( #362 ) ) ;
#3352 = EDGE_CURVE ( 'NONE', #681, #2227, #314, .T. ) ;
#3353 = ORIENTED_EDGE ( 'NONE', *, *, #1349, .F. ) ;
#3354 = ORIENTED_EDGE ( 'NONE', *, *, #4059, .T. ) ;
#3355 = CARTESIAN_POINT ( 'NONE',  ( -23.00000000000001066, 0.000000000000000000, -13.74999999999999467 ) ) ;
#3356 = ADVANCED_FACE ( 'NONE', ( #1201 ), #1221, .T. ) ;
#3357 = LINE ( 'NONE', #618, #1828 ) ;
#3358 = DIRECTION ( 'NONE',  ( 0.000000000000000000, 0.000000000000000000, 1.000000000000000000 ) ) ;
#3359 = FILL_AREA_STYLE ('',( #638 ) ) ;
#3360 = EDGE_CURVE ( 'NONE', #2843, #3511, #3575, .T. ) ;
#3361 = LINE ( 'NONE', #1688, #857 ) ;
#3362 = ORIENTED_EDGE ( 'NONE', *, *, #1637, .F. ) ;
#3363 = DIRECTION ( 'NONE',  ( 0.000000000000000000, 1.000000000000000000, 0.000000000000000000 ) ) ;
#3364 = DIRECTION ( 'NONE',  ( 0.000000000000000000, -1.000000000000000000, 0.000000000000000000 ) ) ;
#3365 = AXIS2_PLACEMENT_3D ( 'NONE', #2814, #463, #3553 ) ;
#3366 = CARTESIAN_POINT ( 'NONE',  ( -18.84911594891651276, 1.000000000000000000, -4.262972795672875570 ) ) ;
#3367 = CARTESIAN_POINT ( 'NONE',  ( 19.30687755179502219, 1.000000000000000000, 7.450639550076109785 ) ) ;
#3368 = ORIENTED_EDGE ( 'NONE', *, *, #2445, .T. ) ;
#3369 = CIRCLE ( 'NONE', #3740, 1.250000000000001110 ) ;
#3370 = ORIENTED_EDGE ( 'NONE', *, *, #1119, .F. ) ;
#3371 = CARTESIAN_POINT ( 'NONE',  ( 16.00000000000001066, 0.000000000000000000, 26.50000000000000355 ) ) ;
#3372 = LINE ( 'NONE', #1324, #2449 ) ;
#3373 = CIRCLE ( 'NONE', #3453, 1.550000000000002709 ) ;
#3374 = VERTEX_POINT ( 'NONE', #3187 ) ;
#3375 = ORIENTED_EDGE ( 'NONE', *, *, #562, .T. ) ;
#3376 = CIRCLE ( 'NONE', #4107, 6.000000000000003553 ) ;
#3377 = EDGE_CURVE ( 'NONE', #2789, #1459, #671, .T. ) ;
#3378 = CARTESIAN_POINT ( 'NONE',  ( -16.00000000000001066, 0.000000000000000000, 26.50000000000000355 ) ) ;
#3379 = AXIS2_PLACEMENT_3D ( 'NONE', #1562, #1519, #4231 ) ;
#3380 = MECHANICAL_DESIGN_GEOMETRIC_PRESENTATION_REPRESENTATION (  '', ( #814 ), #2955 ) ;
#3381 = CARTESIAN_POINT ( 'NONE',  ( -18.87079823077861462, 0.000000000000000000, -20.67653767347957583 ) ) ;
#3382 = VECTOR ( 'NONE', #1805, 1000.000000000000000 ) ;
#3383 = EDGE_CURVE ( 'NONE', #4248, #970, #1477, .T. ) ;
#3384 = CARTESIAN_POINT ( 'NONE',  ( 20.08452761423220068, 1.000000000000000000, 9.508614375090122195 ) ) ;
#3385 = CARTESIAN_POINT ( 'NONE',  ( 21.85191411977124432, 1.200000000000000178, 12.63582988648560246 ) ) ;
#3386 = DIRECTION ( 'NONE',  ( -0.000000000000000000, -1.000000000000000000, -0.000000000000000000 ) ) ;
#3387 = AXIS2_PLACEMENT_3D ( 'NONE', #624, #3059, #17 ) ;
#3388 = ORIENTED_EDGE ( 'NONE', *, *, #2147, .F. ) ;
#3389 = CARTESIAN_POINT ( 'NONE',  ( -24.99999999999998934, 3.000000000000000000, 27.00000000000000355 ) ) ;
#3390 = CARTESIAN_POINT ( 'NONE',  ( -1.999999999999999556, 3.000000000000000000, 2.948561061553104458E-16 ) ) ;
#3391 = DIRECTION ( 'NONE',  ( -0.000000000000000000, -1.000000000000000000, -0.000000000000000000 ) ) ;
#3392 = LINE ( 'NONE', #1004, #1766 ) ;
#3393 = EDGE_LOOP ( 'NONE', ( #2508, #2682 ) ) ;
#3394 = ORIENTED_EDGE ( 'NONE', *, *, #3916, .F. ) ;
#3395 = CARTESIAN_POINT ( 'NONE',  ( 1.000000000000000888, -7.000000000000000000, 15.66063228481487357 ) ) ;
#3396 = CARTESIAN_POINT ( 'NONE',  ( 25.00000000000001066, 3.000000000000000000, 5.000000000000007994 ) ) ;
#3397 = ORIENTED_EDGE ( 'NONE', *, *, #759, .F. ) ;
#3398 = ORIENTED_EDGE ( 'NONE', *, *, #1368, .T. ) ;
#3399 = VECTOR ( 'NONE', #4126, 1000.000000000000000 ) ;
#3400 = FACE_BOUND ( 'NONE', #3170, .T. ) ;
#3401 = CYLINDRICAL_SURFACE ( 'NONE', #522, 1.549999999999995826 ) ;
#3402 = EDGE_CURVE ( 'NONE', #4337, #2734, #3958, .T. ) ;
#3403 = ORIENTED_EDGE ( 'NONE', *, *, #1344, .T. ) ;
#3404 = AXIS2_PLACEMENT_3D ( 'NONE', #2942, #3622, #2005 ) ;
#3405 = CARTESIAN_POINT ( 'NONE',  ( 16.00000000000001066, 3.000000000000000000, -26.49999999999999289 ) ) ;
#3406 = CARTESIAN_POINT ( 'NONE',  ( -3.281124497991965150, 1.000000000000000000, 16.72376672133478337 ) ) ;
#3407 = CARTESIAN_POINT ( 'NONE',  ( 19.05075474035173499, 1.000000000000000000, -6.801704638522870994 ) ) ;
#3408 = EDGE_CURVE ( 'NONE', #2042, #1782, #843, .T. ) ;
#3409 = VERTEX_POINT ( 'NONE', #2218 ) ;
#3410 = EDGE_LOOP ( 'NONE', ( #3902, #375, #68, #3573, #3485, #2293, #2313, #4001, #2899, #317, #3878, #2643, #4377, #1950, #3662, #4338 ) ) ;
#3411 = CARTESIAN_POINT ( 'NONE',  ( -19.94572808684069187, 1.000000000000000000, -4.363954106161709312 ) ) ;
#3412 = CARTESIAN_POINT ( 'NONE',  ( 18.50000000000000000, 1.000000000000000000, -20.99999999999999645 ) ) ;
#3413 = CARTESIAN_POINT ( 'NONE',  ( 24.50000000000001066, 0.000000000000000000, 26.49999999999999289 ) ) ;
#3414 = LINE ( 'NONE', #3040, #4418 ) ;
#3415 = AXIS2_PLACEMENT_3D ( 'NONE', #2786, #78, #11 ) ;
#3416 = EDGE_CURVE ( 'NONE', #315, #3137, #3869, .T. ) ;
#3417 = VERTEX_POINT ( 'NONE', #1896 ) ;
#3418 = ORIENTED_EDGE ( 'NONE', *, *, #2559, .F. ) ;
#3419 = DIRECTION ( 'NONE',  ( -0.000000000000000000, -1.000000000000000000, -0.000000000000000000 ) ) ;
#3420 = ADVANCED_FACE ( 'NONE', ( #506 ), #1138, .F. ) ;
#3421 = ORIENTED_EDGE ( 'NONE', *, *, #2351, .F. ) ;
#3422 = ORIENTED_EDGE ( 'NONE', *, *, #87, .F. ) ;
#3423 = FACE_BOUND ( 'NONE', #1738, .T. ) ;
#3424 = AXIS2_PLACEMENT_3D ( 'NONE', #1606, #324, #3341 ) ;
#3425 = DIRECTION ( 'NONE',  ( -0.000000000000000000, 1.000000000000000000, -0.000000000000000000 ) ) ;
#3426 = ORIENTED_EDGE ( 'NONE', *, *, #3272, .T. ) ;
#3427 = CYLINDRICAL_SURFACE ( 'NONE', #3813, 1.250000000000001110 ) ;
#3428 = CARTESIAN_POINT ( 'NONE',  ( -24.50000000000000355, 1.000000000000000000, -14.15894732285653213 ) ) ;
#3429 = DIRECTION ( 'NONE',  ( -0.000000000000000000, -1.000000000000000000, -0.000000000000000000 ) ) ;
#3430 = EDGE_LOOP ( 'NONE', ( #1211, #853, #1704, #4378 ) ) ;
#3431 = ORIENTED_EDGE ( 'NONE', *, *, #356, .F. ) ;
#3432 = EDGE_CURVE ( 'NONE', #2310, #1436, #3529, .T. ) ;
#3433 = DIRECTION ( 'NONE',  ( 0.000000000000000000, 0.000000000000000000, 1.000000000000000000 ) ) ;
#3434 = DIRECTION ( 'NONE',  ( 0.000000000000000000, 1.000000000000000000, 0.000000000000000000 ) ) ;
#3435 = CARTESIAN_POINT ( 'NONE',  ( -1.999999999999999556, -4.595591605208931618, 2.948561061553104458E-16 ) ) ;
#3436 = CARTESIAN_POINT ( 'NONE',  ( 2.000000000000003553, 3.000000000000000000, 19.44236117138807529 ) ) ;
#3437 = ORIENTED_EDGE ( 'NONE', *, *, #580, .T. ) ;
#3438 = AXIS2_PLACEMENT_3D ( 'NONE', #3629, #3242, #943 ) ;
#3439 = ADVANCED_FACE ( 'NONE', ( #3233 ), #1497, .F. ) ;
#3440 = ORIENTED_EDGE ( 'NONE', *, *, #986, .T. ) ;
#3441 = DIRECTION ( 'NONE',  ( -0.000000000000000000, 1.000000000000000000, -0.000000000000000000 ) ) ;
#3442 = CIRCLE ( 'NONE', #1730, 1.600000000000000755 ) ;
#3443 = CARTESIAN_POINT ( 'NONE',  ( -18.50194593744821958, 1.000000000000000000, -14.00614855746213827 ) ) ;
#3444 = DIRECTION ( 'NONE',  ( 0.000000000000000000, 1.000000000000000000, -0.000000000000000000 ) ) ;
#3445 = CIRCLE ( 'NONE', #2451, 25.00000000000000711 ) ;
#3446 = VECTOR ( 'NONE', #1378, 1000.000000000000000 ) ;
#3447 = ORIENTED_EDGE ( 'NONE', *, *, #1580, .T. ) ;
#3448 = EDGE_CURVE ( 'NONE', #1667, #4337, #3749, .T. ) ;
#3449 = AXIS2_PLACEMENT_3D ( 'NONE', #2583, #1956, #2604 ) ;
#3450 = FACE_BOUND ( 'NONE', #448, .T. ) ;
#3451 = CARTESIAN_POINT ( 'NONE',  ( -16.00000000000001066, -4.242640687119289211, 27.75000000000000355 ) ) ;
#3452 = EDGE_LOOP ( 'NONE', ( #1493, #3174 ) ) ;
#3453 = AXIS2_PLACEMENT_3D ( 'NONE', #1488, #2801, #2470 ) ;
#3454 =( NAMED_UNIT ( * ) SI_UNIT ( $, .STERADIAN. ) SOLID_ANGLE_UNIT ( ) );
#3455 = CYLINDRICAL_SURFACE ( 'NONE', #4066, 2.999999999999999112 ) ;
#3456 = DIRECTION ( 'NONE',  ( -1.000000000000000000, -0.000000000000000000, -0.000000000000000000 ) ) ;
#3457 = AXIS2_PLACEMENT_3D ( 'NONE', #1938, #1286, #3358 ) ;
#3458 = VERTEX_POINT ( 'NONE', #1542 ) ;
#3459 = EDGE_LOOP ( 'NONE', ( #3682, #2268, #1970, #1420 ) ) ;
#3460 = FACE_OUTER_BOUND ( 'NONE', #3393, .T. ) ;
#3461 = LINE ( 'NONE', #4163, #3085 ) ;
#3462 = DIRECTION ( 'NONE',  ( 1.474280530776552476E-16, 0.000000000000000000, 1.000000000000000000 ) ) ;
#3463 = FILL_AREA_STYLE ('',( #3484 ) ) ;
#3464 = VECTOR ( 'NONE', #3623, 1000.000000000000000 ) ;
#3465 = EDGE_LOOP ( 'NONE', ( #3681, #713 ) ) ;
#3466 = ADVANCED_FACE ( 'NONE', ( #824 ), #129, .F. ) ;
#3467 = ORIENTED_EDGE ( 'NONE', *, *, #4437, .T. ) ;
#3468 = DIRECTION ( 'NONE',  ( 0.000000000000000000, 0.000000000000000000, 1.000000000000000000 ) ) ;
#3469 = ADVANCED_FACE ( 'NONE', ( #1852 ), #4259, .F. ) ;
#3470 = ORIENTED_EDGE ( 'NONE', *, *, #3360, .T. ) ;
#3471 = DIRECTION ( 'NONE',  ( -0.000000000000000000, 1.000000000000000000, -0.000000000000000000 ) ) ;
#3472 = FACE_OUTER_BOUND ( 'NONE', #2081, .T. ) ;
#3473 = AXIS2_PLACEMENT_3D ( 'NONE', #685, #3100, #3077 ) ;
#3474 = STYLED_ITEM ( 'NONE', ( #110 ), #2333 ) ;
#3475 = DIRECTION ( 'NONE',  ( 0.000000000000000000, 0.000000000000000000, 1.000000000000000000 ) ) ;
#3476 = DIRECTION ( 'NONE',  ( -0.000000000000000000, -1.000000000000000000, -0.000000000000000000 ) ) ;
#3477 = AXIS2_PLACEMENT_3D ( 'NONE', #721, #3441, #385 ) ;
#3478 = CARTESIAN_POINT ( 'NONE',  ( -19.94572808684069187, 3.000000000000000000, -6.563954106161710378 ) ) ;
#3479 = EDGE_CURVE ( 'NONE', #3501, #2209, #151, .T. ) ;
#3480 = VERTEX_POINT ( 'NONE', #3921 ) ;
#3481 = ORIENTED_EDGE ( 'NONE', *, *, #3223, .F. ) ;
#3482 = DIRECTION ( 'NONE',  ( 0.000000000000000000, 0.000000000000000000, 1.000000000000000000 ) ) ;
#3483 = DIRECTION ( 'NONE',  ( 0.000000000000000000, 0.000000000000000000, 1.000000000000000000 ) ) ;
#3484 = FILL_AREA_STYLE_COLOUR ( '', #547 ) ;
#3485 = ORIENTED_EDGE ( 'NONE', *, *, #3432, .F. ) ;
#3486 = ORIENTED_EDGE ( 'NONE', *, *, #1290, .F. ) ;
#3487 = CARTESIAN_POINT ( 'NONE',  ( 18.50000000000000000, 3.000000000000000000, -14.15894732285653035 ) ) ;
#3488 = MECHANICAL_DESIGN_GEOMETRIC_PRESENTATION_REPRESENTATION (  '', ( #2703 ), #4430 ) ;
#3489 = CYLINDRICAL_SURFACE ( 'NONE', #3491, 8.250000000000000000 ) ;
#3490 = EDGE_CURVE ( 'NONE', #392, #2429, #1318, .T. ) ;
#3491 = AXIS2_PLACEMENT_3D ( 'NONE', #3172, #1792, #3468 ) ;
#3492 = ORIENTED_EDGE ( 'NONE', *, *, #3680, .F. ) ;
#3493 = EDGE_CURVE ( 'NONE', #3911, #2246, #3664, .T. ) ;
#3494 = CARTESIAN_POINT ( 'NONE',  ( 23.00000000000001066, 0.000000000000000000, -14.99999999999999645 ) ) ;
#3495 = SURFACE_STYLE_FILL_AREA ( #4196 ) ;
#3496 = CIRCLE ( 'NONE', #4077, 1.600000000000000755 ) ;
#3497 = ADVANCED_FACE ( 'NONE', ( #1266 ), #3275, .F. ) ;
#3498 = DIRECTION ( 'NONE',  ( 0.000000000000000000, 0.000000000000000000, 1.000000000000000000 ) ) ;
#3499 = CARTESIAN_POINT ( 'NONE',  ( 17.10072011364086464, 3.000000000000000000, 3.989318342571107401 ) ) ;
#3500 = DIRECTION ( 'NONE',  ( -1.640102195468980725E-13, 0.000000000000000000, 1.000000000000000000 ) ) ;
#3501 = VERTEX_POINT ( 'NONE', #3320 ) ;
#3502 = VERTEX_POINT ( 'NONE', #1981 ) ;
#3503 = ADVANCED_FACE ( 'NONE', ( #2937 ), #4389, .F. ) ;
#3504 = CARTESIAN_POINT ( 'NONE',  ( 14.50000000000000000, 1.000000000000000000, 13.71623364550171154 ) ) ;
#3505 = DIRECTION ( 'NONE',  ( 0.000000000000000000, 0.000000000000000000, 1.000000000000000000 ) ) ;
#3506 = DIRECTION ( 'NONE',  ( 0.000000000000000000, 1.000000000000000000, 0.000000000000000000 ) ) ;
#3507 = DIRECTION ( 'NONE',  ( 0.000000000000000000, 1.000000000000000000, 0.000000000000000000 ) ) ;
#3508 = VERTEX_POINT ( 'NONE', #1624 ) ;
#3509 = LINE ( 'NONE', #1461, #3136 ) ;
#3510 = ORIENTED_EDGE ( 'NONE', *, *, #2412, .F. ) ;
#3511 = VERTEX_POINT ( 'NONE', #1663 ) ;
#3512 = CIRCLE ( 'NONE', #1728, 1.999999999999998224 ) ;
#3513 = CARTESIAN_POINT ( 'NONE',  ( 0.9999999999999974465, 0.000000000000000000, -11.41063228481487002 ) ) ;
#3514 = MECHANICAL_DESIGN_GEOMETRIC_PRESENTATION_REPRESENTATION (  '', ( #1230 ), #1018 ) ;
#3515 = CARTESIAN_POINT ( 'NONE',  ( -14.62094594845406093, 3.000000000000000000, 5.582855424365427588 ) ) ;
#3516 = EDGE_CURVE ( 'NONE', #2365, #3968, #2990, .T. ) ;
#3517 = EDGE_LOOP ( 'NONE', ( #742, #1005 ) ) ;
#3518 = LINE ( 'NONE', #1536, #1167 ) ;
#3519 =( NAMED_UNIT ( * ) SI_UNIT ( $, .STERADIAN. ) SOLID_ANGLE_UNIT ( ) );
#3520 = CARTESIAN_POINT ( 'NONE',  ( -23.00000000000001066, 0.000000000000000000, -13.74999999999999467 ) ) ;
#3521 = EDGE_CURVE ( 'NONE', #389, #1861, #962, .T. ) ;
#3522 = VERTEX_POINT ( 'NONE', #933 ) ;
#3523 = ORIENTED_EDGE ( 'NONE', *, *, #4366, .F. ) ;
#3524 = DIRECTION ( 'NONE',  ( 0.000000000000000000, 0.000000000000000000, 1.000000000000000000 ) ) ;
#3525 = DIRECTION ( 'NONE',  ( 0.000000000000000000, 0.000000000000000000, 1.000000000000000000 ) ) ;
#3526 = DIRECTION ( 'NONE',  ( 0.000000000000000000, -1.000000000000000000, 0.000000000000000000 ) ) ;
#3527 = CARTESIAN_POINT ( 'NONE',  ( 2.000000000000003553, -4.595591605208931618, 19.44236117138807529 ) ) ;
#3528 = DIRECTION ( 'NONE',  ( 0.000000000000000000, 0.000000000000000000, 1.000000000000000000 ) ) ;
#3529 = CIRCLE ( 'NONE', #2028, 25.00000000000000711 ) ;
#3530 = AXIS2_PLACEMENT_3D ( 'NONE', #4203, #2159, #860 ) ;
#3531 = EDGE_CURVE ( 'NONE', #2291, #3086, #2107, .T. ) ;
#3532 = CIRCLE ( 'NONE', #1607, 2.200000000000000622 ) ;
#3533 = CIRCLE ( 'NONE', #1179, 2.200000000000000622 ) ;
#3534 = ORIENTED_EDGE ( 'NONE', *, *, #421, .T. ) ;
#3535 = LINE ( 'NONE', #3171, #334 ) ;
#3536 = PRODUCT_CONTEXT ( 'NONE', #3936, 'mechanical' ) ;
#3537 = AXIS2_PLACEMENT_3D ( 'NONE', #3104, #3128, #4123 ) ;
#3538 = VERTEX_POINT ( 'NONE', #550 ) ;
#3539 = EDGE_CURVE ( 'NONE', #3241, #4216, #4038, .T. ) ;
#3540 = VERTEX_POINT ( 'NONE', #298 ) ;
#3541 = ORIENTED_EDGE ( 'NONE', *, *, #795, .F. ) ;
#3542 = FACE_OUTER_BOUND ( 'NONE', #3626, .T. ) ;
#3543 = AXIS2_PLACEMENT_3D ( 'NONE', #1384, #42, #754 ) ;
#3544 = DIRECTION ( 'NONE',  ( 0.000000000000000000, 1.000000000000000000, -0.000000000000000000 ) ) ;
#3545 = VERTEX_POINT ( 'NONE', #213 ) ;
#3546 = AXIS2_PLACEMENT_3D ( 'NONE', #1621, #4043, #2986 ) ;
#3547 = DIRECTION ( 'NONE',  ( 0.000000000000000000, 1.000000000000000000, -0.000000000000000000 ) ) ;
#3548 = PRODUCT_DEFINITION ( 'Î´Öª', '', #3810, #3657 ) ;
#3549 = ORIENTED_EDGE ( 'NONE', *, *, #3578, .F. ) ;
#3550 = ORIENTED_EDGE ( 'NONE', *, *, #3091, .T. ) ;
#3551 = AXIS2_PLACEMENT_3D ( 'NONE', #1187, #3215, #1832 ) ;
#3552 = DIRECTION ( 'NONE',  ( 0.000000000000000000, 0.000000000000000000, -1.000000000000000000 ) ) ;
#3553 = DIRECTION ( 'NONE',  ( 7.885106708985484103E-16, 0.000000000000000000, 1.000000000000000000 ) ) ;
#3554 = DIRECTION ( 'NONE',  ( 0.000000000000000000, -1.000000000000000000, 0.000000000000000000 ) ) ;
#3555 = ADVANCED_FACE ( 'NONE', ( #888 ), #637, .T. ) ;
#3556 = LINE ( 'NONE', #3960, #1216 ) ;
#3557 = APPLICATION_CONTEXT ( 'automotive_design' ) ;
#3558 = ORIENTED_EDGE ( 'NONE', *, *, #2686, .T. ) ;
#3559 = FACE_BOUND ( 'NONE', #4062, .T. ) ;
#3560 = DIRECTION ( 'NONE',  ( 0.000000000000000000, 0.000000000000000000, 1.000000000000000000 ) ) ;
#3561 = EDGE_CURVE ( 'NONE', #3148, #2010, #2452, .T. ) ;
#3562 = VERTEX_POINT ( 'NONE', #2633 ) ;
#3563 = CIRCLE ( 'NONE', #1275, 2.200000000000000622 ) ;
#3564 = VERTEX_POINT ( 'NONE', #4044 ) ;
#3565 = EDGE_CURVE ( 'NONE', #3409, #4307, #301, .T. ) ;
#3566 = DIRECTION ( 'NONE',  ( 0.000000000000000000, 0.000000000000000000, 1.000000000000000000 ) ) ;
#3567 = DIRECTION ( 'NONE',  ( 0.000000000000000000, 0.000000000000000000, 1.000000000000000000 ) ) ;
#3568 = AXIS2_PLACEMENT_3D ( 'NONE', #48, #4192, #4215 ) ;
#3569 = VERTEX_POINT ( 'NONE', #4023 ) ;
#3570 = DIRECTION ( 'NONE',  ( 0.000000000000000000, 1.000000000000000000, 0.000000000000000000 ) ) ;
#3571 = CARTESIAN_POINT ( 'NONE',  ( 20.87079823077861107, 1.200000000000000178, -5.644726896150166873 ) ) ;
#3572 = CIRCLE ( 'NONE', #358, 25.00000000000000711 ) ;
#3573 = ORIENTED_EDGE ( 'NONE', *, *, #173, .T. ) ;
#3574 = DIRECTION ( 'NONE',  ( 0.000000000000000000, 0.000000000000000000, -1.000000000000000000 ) ) ;
#3575 = LINE ( 'NONE', #106, #2318 ) ;
#3576 = DIRECTION ( 'NONE',  ( 0.000000000000000000, 1.000000000000000000, -0.000000000000000000 ) ) ;
#3577 = DIRECTION ( 'NONE',  ( -0.000000000000000000, 1.000000000000000000, -0.000000000000000000 ) ) ;
#3578 = EDGE_CURVE ( 'NONE', #832, #2442, #3640, .T. ) ;
#3579 = EDGE_LOOP ( 'NONE', ( #4255, #3133, #834, #2774 ) ) ;
#3580 = LINE ( 'NONE', #3671, #3608 ) ;
#3581 = FACE_OUTER_BOUND ( 'NONE', #2478, .T. ) ;
#3582 = ORIENTED_EDGE ( 'NONE', *, *, #3659, .F. ) ;
#3583 = EDGE_CURVE ( 'NONE', #235, #4425, #3031, .T. ) ;
#3584 = EDGE_LOOP ( 'NONE', ( #1916, #2456, #4149, #1789 ) ) ;
#3585 = CARTESIAN_POINT ( 'NONE',  ( 18.24993560456390895, 1.000000000000000000, -8.850774845166860416 ) ) ;
#3586 = ORIENTED_EDGE ( 'NONE', *, *, #3408, .T. ) ;
#3587 = CIRCLE ( 'NONE', #727, 6.000000000000000888 ) ;
#3588 = AXIS2_PLACEMENT_3D ( 'NONE', #3396, #1724, #25 ) ;
#3589 = CARTESIAN_POINT ( 'NONE',  ( -25.00000000000001066, 3.000000000000000000, 5.000000000000007994 ) ) ;
#3590 = DIRECTION ( 'NONE',  ( 0.000000000000000000, 1.000000000000000000, -0.000000000000000000 ) ) ;
#3591 = ADVANCED_FACE ( 'NONE', ( #2260 ), #2299, .F. ) ;
#3592 = AXIS2_PLACEMENT_3D ( 'NONE', #3405, #1734, #393 ) ;
#3593 = ORIENTED_EDGE ( 'NONE', *, *, #4141, .F. ) ;
#3594 = CARTESIAN_POINT ( 'NONE',  ( 18.24993560456390895, 1.000000000000000000, -8.850774845166860416 ) ) ;
#3595 = CARTESIAN_POINT ( 'NONE',  ( 21.85191411977124432, 0.000000000000000000, 12.63582988648560246 ) ) ;
#3596 = SURFACE_SIDE_STYLE ('',( #1579 ) ) ;
#3597 = DIRECTION ( 'NONE',  ( 1.474280530776552476E-16, 0.000000000000000000, 1.000000000000000000 ) ) ;
#3598 = VECTOR ( 'NONE', #788, 1000.000000000000000 ) ;
#3599 = VECTOR ( 'NONE', #2229, 1000.000000000000000 ) ;
#3600 = EDGE_LOOP ( 'NONE', ( #3649, #3240, #678, #2998 ) ) ;
#3601 = DIRECTION ( 'NONE',  ( 0.000000000000000000, 0.000000000000000000, 1.000000000000000000 ) ) ;
#3602 = FACE_OUTER_BOUND ( 'NONE', #1613, .T. ) ;
#3603 = ORIENTED_EDGE ( 'NONE', *, *, #76, .F. ) ;
#3604 = VECTOR ( 'NONE', #4164, 1000.000000000000000 ) ;
#3605 = EDGE_LOOP ( 'NONE', ( #1972, #9, #3421, #664 ) ) ;
#3606 = FACE_OUTER_BOUND ( 'NONE', #454, .T. ) ;
#3607 = CARTESIAN_POINT ( 'NONE',  ( 0.9999999999999974465, 3.000000000000000000, -11.41063228481487002 ) ) ;
#3608 = VECTOR ( 'NONE', #4350, 1000.000000000000000 ) ;
#3609 = EDGE_CURVE ( 'NONE', #397, #2113, #662, .T. ) ;
#3610 = LINE ( 'NONE', #1910, #4398 ) ;
#3611 = ORIENTED_EDGE ( 'NONE', *, *, #906, .T. ) ;
#3612 = CARTESIAN_POINT ( 'NONE',  ( -13.78361898667370333, 1.000000000000000000, 3.548430798316167589 ) ) ;
#3613 = ADVANCED_FACE ( 'NONE', ( #1604 ), #2965, .T. ) ;
#3614 = LINE ( 'NONE', #3520, #1814 ) ;
#3615 = AXIS2_PLACEMENT_3D ( 'NONE', #2232, #3590, #816 ) ;
#3616 = VERTEX_POINT ( 'NONE', #683 ) ;
#3617 = DIRECTION ( 'NONE',  ( 0.000000000000000000, 1.000000000000000000, 0.000000000000000000 ) ) ;
#3618 = DIRECTION ( 'NONE',  ( 0.000000000000000000, 0.000000000000000000, 1.000000000000000000 ) ) ;
#3619 = CARTESIAN_POINT ( 'NONE',  ( -11.50000000000000000, 1.000000000000000000, -2.000000000000000000 ) ) ;
#3620 = CIRCLE ( 'NONE', #3839, 2.200000000000000622 ) ;
#3621 = VECTOR ( 'NONE', #3147, 1000.000000000000000 ) ;
#3622 = DIRECTION ( 'NONE',  ( -0.000000000000000000, 1.000000000000000000, -0.000000000000000000 ) ) ;
#3623 = DIRECTION ( 'NONE',  ( -0.000000000000000000, 1.000000000000000000, -0.000000000000000000 ) ) ;
#3624 = CARTESIAN_POINT ( 'NONE',  ( -19.85191411977123721, 1.200000000000000178, 0.6354346831441348709 ) ) ;
#3625 = CIRCLE ( 'NONE', #2419, 1.250000000000001110 ) ;
#3626 = EDGE_LOOP ( 'NONE', ( #2862, #4273, #4106, #2284 ) ) ;
#3627 = EDGE_CURVE ( 'NONE', #4216, #3241, #2804, .T. ) ;
#3628 = ORIENTED_EDGE ( 'NONE', *, *, #769, .F. ) ;
#3629 = CARTESIAN_POINT ( 'NONE',  ( -27.38363500381080229, 1.000000000000000000, 6.034310117596673351 ) ) ;
#3630 = CARTESIAN_POINT ( 'NONE',  ( -19.94572808684069187, 1.000000000000000000, -4.363954106161709312 ) ) ;
#3631 = VERTEX_POINT ( 'NONE', #1709 ) ;
#3632 = ORIENTED_EDGE ( 'NONE', *, *, #2292, .T. ) ;
#3633 = ADVANCED_FACE ( 'NONE', ( #1686 ), #3122, .F. ) ;
#3634 = CARTESIAN_POINT ( 'NONE',  ( -13.87153338060197250, 3.000000000000000000, -20.76227540022986773 ) ) ;
#3635 = PRESENTATION_LAYER_ASSIGNMENT (  '', '', ( #2988 ) ) ;
#3636 = DIRECTION ( 'NONE',  ( 0.000000000000000000, 0.000000000000000000, 1.000000000000000000 ) ) ;
#3637 = EDGE_CURVE ( 'NONE', #2560, #3739, #3369, .T. ) ;
#3638 = EDGE_LOOP ( 'NONE', ( #2873, #497, #3368, #1768 ) ) ;
#3639 = CARTESIAN_POINT ( 'NONE',  ( 20.87079823077861107, 1.200000000000000178, -2.144726896150167761 ) ) ;
#3640 = LINE ( 'NONE', #2000, #806 ) ;
#3641 = DIRECTION ( 'NONE',  ( -0.000000000000000000, 1.000000000000000000, -0.000000000000000000 ) ) ;
#3642 = DIRECTION ( 'NONE',  ( 0.000000000000000000, 1.000000000000000000, 0.000000000000000000 ) ) ;
#3643 = UNCERTAINTY_MEASURE_WITH_UNIT (LENGTH_MEASURE( 1.000000000000000082E-05 ), #4258, 'distance_accuracy_value', 'NONE');
#3644 = FACE_OUTER_BOUND ( 'NONE', #86, .T. ) ;
#3645 = CARTESIAN_POINT ( 'NONE',  ( 11.50000000000000000, 0.000000000000000000, -2.000000000000000000 ) ) ;
#3646 = FILL_AREA_STYLE ('',( #577 ) ) ;
#3647 = CARTESIAN_POINT ( 'NONE',  ( -19.85191411977123721, 3.000000000000000000, -2.864565316855865351 ) ) ;
#3648 = AXIS2_PLACEMENT_3D ( 'NONE', #490, #197, #3213 ) ;
#3649 = ORIENTED_EDGE ( 'NONE', *, *, #3091, .F. ) ;
#3650 = ORIENTED_EDGE ( 'NONE', *, *, #3977, .T. ) ;
#3651 = CYLINDRICAL_SURFACE ( 'NONE', #1303, 2.200000000000000178 ) ;
#3652 = CARTESIAN_POINT ( 'NONE',  ( 24.50000000000001066, 0.000000000000000000, 26.49999999999999289 ) ) ;
#3653 = VECTOR ( 'NONE', #697, 1000.000000000000000 ) ;
#3654 = EDGE_LOOP ( 'NONE', ( #1390, #835, #2161, #1490 ) ) ;
#3655 = EDGE_LOOP ( 'NONE', ( #3111, #2331 ) ) ;
#3656 = DIRECTION ( 'NONE',  ( -1.000000000000000000, 0.000000000000000000, 1.156482317317871478E-16 ) ) ;
#3657 = PRODUCT_DEFINITION_CONTEXT ( 'detailed design', #3557, 'design' ) ;
#3658 = FACE_BOUND ( 'NONE', #2469, .T. ) ;
#3659 = EDGE_CURVE ( 'NONE', #1280, #1927, #1022, .T. ) ;
#3660 = AXIS2_PLACEMENT_3D ( 'NONE', #1433, #3868, #418 ) ;
#3661 = VECTOR ( 'NONE', #1256, 1000.000000000000000 ) ;
#3662 = ORIENTED_EDGE ( 'NONE', *, *, #2924, .T. ) ;
#3663 = CARTESIAN_POINT ( 'NONE',  ( 16.91308942900883849, 3.000000000000000000, -8.159420657298285917 ) ) ;
#3664 = LINE ( 'NONE', #1578, #3898 ) ;
#3665 = CYLINDRICAL_SURFACE ( 'NONE', #1922, 4.000000000000000888 ) ;
#3666 = AXIS2_PLACEMENT_3D ( 'NONE', #223, #1951, #4308 ) ;
#3667 = LINE ( 'NONE', #2027, #1711 ) ;
#3668 = EDGE_CURVE ( 'NONE', #3264, #2215, #995, .T. ) ;
#3669 = AXIS2_PLACEMENT_3D ( 'NONE', #571, #3293, #237 ) ;
#3670 = LINE ( 'NONE', #3411, #1042 ) ;
#3671 = CARTESIAN_POINT ( 'NONE',  ( -25.00000000000001066, -7.000000000000000000, 6.250000000000008882 ) ) ;
#3672 = VECTOR ( 'NONE', #2849, 1000.000000000000000 ) ;
#3673 = SURFACE_STYLE_FILL_AREA ( #939 ) ;
#3674 = FACE_BOUND ( 'NONE', #228, .T. ) ;
#3675 = VERTEX_POINT ( 'NONE', #1405 ) ;
#3676 = VECTOR ( 'NONE', #74, 1000.000000000000000 ) ;
#3677 = ORIENTED_EDGE ( 'NONE', *, *, #1073, .F. ) ;
#3678 = DIRECTION ( 'NONE',  ( 0.000000000000000000, 1.000000000000000000, 0.000000000000000000 ) ) ;
#3679 = LINE ( 'NONE', #4037, #2948 ) ;
#3680 = EDGE_CURVE ( 'NONE', #2215, #2379, #1096, .T. ) ;
#3681 = ORIENTED_EDGE ( 'NONE', *, *, #4217, .T. ) ;
#3682 = ORIENTED_EDGE ( 'NONE', *, *, #3140, .T. ) ;
#3683 = VECTOR ( 'NONE', #1858, 1000.000000000000000 ) ;
#3684 = CIRCLE ( 'NONE', #1469, 2.200000000000000622 ) ;
#3685 = CIRCLE ( 'NONE', #4332, 1.600000000000000755 ) ;
#3686 = CARTESIAN_POINT ( 'NONE',  ( 2.000000000000000444, 3.000000000000000000, -2.948561061553105938E-16 ) ) ;
#3687 = DIRECTION ( 'NONE',  ( 0.000000000000000000, -0.000000000000000000, 1.000000000000000000 ) ) ;
#3688 = AXIS2_PLACEMENT_3D ( 'NONE', #4438, #3363, #3433 ) ;
#3689 = DIRECTION ( 'NONE',  ( -0.000000000000000000, 1.000000000000000000, -0.000000000000000000 ) ) ;
#3690 =( LENGTH_UNIT ( ) NAMED_UNIT ( * ) SI_UNIT ( .MILLI., .METRE. ) );
#3691 = DIRECTION ( 'NONE',  ( 0.000000000000000000, 1.000000000000000000, 0.000000000000000000 ) ) ;
#3692 = ORIENTED_EDGE ( 'NONE', *, *, #1783, .F. ) ;
#3693 = CIRCLE ( 'NONE', #2826, 2.999999999999999112 ) ;
#3694 = EDGE_CURVE ( 'NONE', #4136, #1634, #2740, .T. ) ;
#3695 = DIRECTION ( 'NONE',  ( 0.000000000000000000, 0.000000000000000000, 1.000000000000000000 ) ) ;
#3696 = FACE_BOUND ( 'NONE', #3517, .T. ) ;
#3697 = VERTEX_POINT ( 'NONE', #2362 ) ;
#3698 = VERTEX_POINT ( 'NONE', #2116 ) ;
#3699 = CARTESIAN_POINT ( 'NONE',  ( 18.50000000000000000, 1.000000000000000000, 0.000000000000000000 ) ) ;
#3700 = CIRCLE ( 'NONE', #4132, 6.000000000000000888 ) ;
#3701 = DIRECTION ( 'NONE',  ( 0.000000000000000000, 0.000000000000000000, 1.000000000000000000 ) ) ;
#3702 = EDGE_LOOP ( 'NONE', ( #790, #2914, #931, #3890 ) ) ;
#3703 = ORIENTED_EDGE ( 'NONE', *, *, #1425, .T. ) ;
#3704 = EDGE_CURVE ( 'NONE', #2706, #315, #92, .T. ) ;
#3705 = CARTESIAN_POINT ( 'NONE',  ( -24.99999999999999645, 3.000000000000000000, -29.99999999999999645 ) ) ;
#3706 = CARTESIAN_POINT ( 'NONE',  ( 1.000000000000001998, 0.000000000000000000, -0.8393677151851295370 ) ) ;
#3707 = CIRCLE ( 'NONE', #919, 6.000000000000001776 ) ;
#3708 = DIRECTION ( 'NONE',  ( -0.000000000000000000, 1.000000000000000000, -0.000000000000000000 ) ) ;
#3709 = DIRECTION ( 'NONE',  ( 0.000000000000000000, 0.000000000000000000, 1.000000000000000000 ) ) ;
#3710 = DIRECTION ( 'NONE',  ( 0.000000000000000000, -1.000000000000000000, 0.000000000000000000 ) ) ;
#3711 = CIRCLE ( 'NONE', #422, 3.500000000000000444 ) ;
#3712 = ORIENTED_EDGE ( 'NONE', *, *, #2169, .T. ) ;
#3713 = CYLINDRICAL_SURFACE ( 'NONE', #3776, 6.000000000000001776 ) ;
#3714 = CYLINDRICAL_SURFACE ( 'NONE', #318, 10.25000000000000178 ) ;
#3715 = CARTESIAN_POINT ( 'NONE',  ( -19.94572808684069187, 1.000000000000000000, -6.563954106161710378 ) ) ;
#3716 = FACE_BOUND ( 'NONE', #4238, .T. ) ;
#3717 = ORIENTED_EDGE ( 'NONE', *, *, #3694, .T. ) ;
#3718 = EDGE_CURVE ( 'NONE', #1459, #3480, #3053, .T. ) ;
#3719 = AXIS2_PLACEMENT_3D ( 'NONE', #2002, #597, #912 ) ;
#3720 = ORIENTED_EDGE ( 'NONE', *, *, #1333, .T. ) ;
#3721 = CARTESIAN_POINT ( 'NONE',  ( -11.50000000000000000, 3.000000000000000000, 4.000000000000000888 ) ) ;
#3722 = EDGE_CURVE ( 'NONE', #2932, #1550, #1456, .T. ) ;
#3723 = ORIENTED_EDGE ( 'NONE', *, *, #1307, .T. ) ;
#3724 = EDGE_LOOP ( 'NONE', ( #807, #46, #1801, #2171, #969, #1690, #520, #2715 ) ) ;
#3725 = FACE_BOUND ( 'NONE', #3410, .T. ) ;
#3726 = CARTESIAN_POINT ( 'NONE',  ( 3.495614035087723614, 1.000000000000000000, 21.68395670754183868 ) ) ;
#3727 = ADVANCED_FACE ( 'NONE', ( #2413 ), #3778, .F. ) ;
#3728 = CARTESIAN_POINT ( 'NONE',  ( -16.30265944784589749, 1.000000000000000000, -13.95012234348419433 ) ) ;
#3729 = CYLINDRICAL_SURFACE ( 'NONE', #416, 1.250000000000001110 ) ;
#3730 = DIRECTION ( 'NONE',  ( -0.000000000000000000, -1.000000000000000000, -0.000000000000000000 ) ) ;
#3731 = ADVANCED_FACE ( 'NONE', ( #2785 ), #3427, .F. ) ;
#3732 = ORIENTED_EDGE ( 'NONE', *, *, #3962, .F. ) ;
#3733 = VERTEX_POINT ( 'NONE', #457 ) ;
#3734 = CARTESIAN_POINT ( 'NONE',  ( 1.000000000000000888, 3.000000000000000000, 7.410632284814872683 ) ) ;
#3735 = FACE_OUTER_BOUND ( 'NONE', #2823, .T. ) ;
#3736 = CYLINDRICAL_SURFACE ( 'NONE', #3107, 1.550000000000002709 ) ;
#3737 = FACE_OUTER_BOUND ( 'NONE', #3806, .T. ) ;
#3738 = AXIS2_PLACEMENT_3D ( 'NONE', #313, #340, #386 ) ;
#3739 = VERTEX_POINT ( 'NONE', #815 ) ;
#3740 = AXIS2_PLACEMENT_3D ( 'NONE', #4067, #1070, #346 ) ;
#3741 = ORIENTED_EDGE ( 'NONE', *, *, #2473, .T. ) ;
#3742 = CARTESIAN_POINT ( 'NONE',  ( 3.495614035087725391, 3.000000000000000000, 21.68395670754183513 ) ) ;
#3743 = EDGE_CURVE ( 'NONE', #3374, #3564, #1807, .T. ) ;
#3744 = EDGE_LOOP ( 'NONE', ( #1097, #45, #1847, #1145 ) ) ;
#3745 = ORIENTED_EDGE ( 'NONE', *, *, #1676, .T. ) ;
#3746 = MECHANICAL_DESIGN_GEOMETRIC_PRESENTATION_REPRESENTATION (  '', ( #2175 ), #741 ) ;
#3747 = ADVANCED_FACE ( 'NONE', ( #3887 ), #2563, .F. ) ;
#3748 = DIRECTION ( 'NONE',  ( 0.000000000000000000, 0.000000000000000000, 1.000000000000000000 ) ) ;
#3749 = CIRCLE ( 'NONE', #455, 1.550000000000002709 ) ;
#3750 = DIRECTION ( 'NONE',  ( -0.000000000000000000, 1.000000000000000000, -0.000000000000000000 ) ) ;
#3751 = ORIENTED_EDGE ( 'NONE', *, *, #1421, .T. ) ;
#3752 = AXIS2_PLACEMENT_3D ( 'NONE', #4328, #2593, #3966 ) ;
#3753 =( GEOMETRIC_REPRESENTATION_CONTEXT ( 3 ) GLOBAL_UNCERTAINTY_ASSIGNED_CONTEXT ( ( #2969 ) ) GLOBAL_UNIT_ASSIGNED_CONTEXT ( ( #3185, #1115, #2549 ) ) REPRESENTATION_CONTEXT ( 'NONE', 'WORKASPACE' ) );
#3754 = DIRECTION ( 'NONE',  ( -0.000000000000000000, -1.000000000000000000, -0.000000000000000000 ) ) ;
#3755 = CARTESIAN_POINT ( 'NONE',  ( -18.87079823077861462, 1.000000000000000000, -20.67653767347957583 ) ) ;
#3756 = AXIS2_PLACEMENT_3D ( 'NONE', #1336, #2790, #4162 ) ;
#3757 = ORIENTED_EDGE ( 'NONE', *, *, #2307, .T. ) ;
#3758 = VERTEX_POINT ( 'NONE', #3179 ) ;
#3759 = DIRECTION ( 'NONE',  ( -0.000000000000000000, 1.000000000000000000, -0.000000000000000000 ) ) ;
#3760 = CARTESIAN_POINT ( 'NONE',  ( 24.50000000000001066, 0.000000000000000000, 26.49999999999999289 ) ) ;
#3761 = CARTESIAN_POINT ( 'NONE',  ( -17.08736852040867404, 3.000000000000000000, -16.00541591653833962 ) ) ;
#3762 = DIRECTION ( 'NONE',  ( 0.000000000000000000, -1.000000000000000000, 0.000000000000000000 ) ) ;
#3763 = EDGE_LOOP ( 'NONE', ( #2704, #921, #3481, #775 ) ) ;
#3764 = CIRCLE ( 'NONE', #2408, 1.549999999999997380 ) ;
#3765 = ORIENTED_EDGE ( 'NONE', *, *, #3694, .F. ) ;
#3766 = DIRECTION ( 'NONE',  ( -0.000000000000000000, 1.000000000000000000, -0.000000000000000000 ) ) ;
#3767 = FILL_AREA_STYLE_COLOUR ( '', #373 ) ;
#3768 = ORIENTED_EDGE ( 'NONE', *, *, #3831, .T. ) ;
#3769 = ADVANCED_FACE ( 'NONE', ( #2492 ), #432, .F. ) ;
#3770 = ORIENTED_EDGE ( 'NONE', *, *, #4354, .T. ) ;
#3771 = AXIS2_PLACEMENT_3D ( 'NONE', #1094, #2816, #380 ) ;
#3772 = DIRECTION ( 'NONE',  ( 0.000000000000000000, 0.000000000000000000, 1.000000000000000000 ) ) ;
#3773 = DIRECTION ( 'NONE',  ( -0.000000000000000000, 1.000000000000000000, -0.000000000000000000 ) ) ;
#3774 = COLOUR_RGB ( '',1.000000000000000000, 1.000000000000000000, 1.000000000000000000 ) ;
#3775 = ORIENTED_EDGE ( 'NONE', *, *, #2203, .F. ) ;
#3776 = AXIS2_PLACEMENT_3D ( 'NONE', #4325, #4394, #2655 ) ;
#3777 = EDGE_CURVE ( 'NONE', #2393, #758, #2735, .T. ) ;
#3778 = CYLINDRICAL_SURFACE ( 'NONE', #1304, 1.600000000000000755 ) ;
#3779 = DIRECTION ( 'NONE',  ( 0.000000000000000000, 1.000000000000000000, -0.000000000000000000 ) ) ;
#3780 = DIRECTION ( 'NONE',  ( 0.000000000000000000, -1.000000000000000000, 0.000000000000000000 ) ) ;
#3781 = ORIENTED_EDGE ( 'NONE', *, *, #4098, .T. ) ;
#3782 = AXIS2_PLACEMENT_3D ( 'NONE', #4117, #3843, #1428 ) ;
#3783 = CARTESIAN_POINT ( 'NONE',  ( -13.78361898667370333, 1.000000000000000000, 3.548430798316166701 ) ) ;
#3784 = CARTESIAN_POINT ( 'NONE',  ( -11.50000000000000000, 3.000000000000000000, -6.000000000000000888 ) ) ;
#3785 = DIRECTION ( 'NONE',  ( 0.000000000000000000, 0.000000000000000000, 1.000000000000000000 ) ) ;
#3786 = CARTESIAN_POINT ( 'NONE',  ( -18.87079823077861462, 1.200000000000000178, -22.22653767347957299 ) ) ;
#3787 = AXIS2_PLACEMENT_3D ( 'NONE', #2084, #4172, #1101 ) ;
#3788 = ORIENTED_EDGE ( 'NONE', *, *, #1708, .F. ) ;
#3789 = EDGE_CURVE ( 'NONE', #3010, #3739, #859, .T. ) ;
#3790 = VERTEX_POINT ( 'NONE', #1513 ) ;
#3791 = CARTESIAN_POINT ( 'NONE',  ( -16.30265944784589749, 3.000000000000000000, -13.95012234348419433 ) ) ;
#3792 = DIRECTION ( 'NONE',  ( 0.000000000000000000, 0.000000000000000000, 1.000000000000000000 ) ) ;
#3793 = EDGE_LOOP ( 'NONE', ( #328, #753, #1932, #372 ) ) ;
#3794 = FACE_BOUND ( 'NONE', #2950, .T. ) ;
#3795 = CARTESIAN_POINT ( 'NONE',  ( -16.30265944784589749, 1.000000000000000000, -13.95012234348419433 ) ) ;
#3796 = ORIENTED_EDGE ( 'NONE', *, *, #3219, .T. ) ;
#3797 = PRODUCT_DEFINITION_SHAPE ( 'NONE', 'NONE',  #3548 ) ;
#3798 = EDGE_CURVE ( 'NONE', #4014, #557, #3089, .T. ) ;
#3799 = CARTESIAN_POINT ( 'NONE',  ( -19.85191411977123721, 1.200000000000000178, -2.864565316855865351 ) ) ;
#3800 = ORIENTED_EDGE ( 'NONE', *, *, #108, .F. ) ;
#3801 = DIRECTION ( 'NONE',  ( 0.000000000000000000, 0.000000000000000000, 1.000000000000000000 ) ) ;
#3802 = DIRECTION ( 'NONE',  ( 0.000000000000000000, 1.000000000000000000, -0.000000000000000000 ) ) ;
#3803 = DIRECTION ( 'NONE',  ( 0.000000000000000000, 0.000000000000000000, 1.000000000000000000 ) ) ;
#3804 = CARTESIAN_POINT ( 'NONE',  ( 21.85191411977124432, 1.200000000000000178, 17.68582988648560317 ) ) ;
#3805 = EDGE_CURVE ( 'NONE', #3823, #3148, #4200, .T. ) ;
#3806 = EDGE_LOOP ( 'NONE', ( #2350, #311, #1135, #725 ) ) ;
#3807 = VECTOR ( 'NONE', #910, 1000.000000000000000 ) ;
#3808 = VERTEX_POINT ( 'NONE', #502 ) ;
#3809 = CARTESIAN_POINT ( 'NONE',  ( 25.00000000000001066, 0.000000000000000000, 27.00000000000000000 ) ) ;
#3810 = PRODUCT_DEFINITION_FORMATION_WITH_SPECIFIED_SOURCE ( 'ÈÎºÎ', '', #3912, .NOT_KNOWN. ) ;
#3811 = CARTESIAN_POINT ( 'NONE',  ( -16.00000000000001066, -4.242640687119289211, 26.50000000000000355 ) ) ;
#3812 = AXIS2_PLACEMENT_3D ( 'NONE', #3307, #1297, #899 ) ;
#3813 = AXIS2_PLACEMENT_3D ( 'NONE', #145, #1797, #2210 ) ;
#3814 = EDGE_LOOP ( 'NONE', ( #211, #3017, #3447, #702 ) ) ;
#3815 = EDGE_CURVE ( 'NONE', #2098, #424, #381, .T. ) ;
#3816 = FACE_BOUND ( 'NONE', #558, .T. ) ;
#3817 = CIRCLE ( 'NONE', #1595, 1.250000000000001110 ) ;
#3818 = CARTESIAN_POINT ( 'NONE',  ( -24.99999999999998934, 3.000000000000000000, 30.00000000000000355 ) ) ;
#3819 = AXIS2_PLACEMENT_3D ( 'NONE', #3515, #1151, #2512 ) ;
#3820 = CARTESIAN_POINT ( 'NONE',  ( 25.00000000000000711, 3.000000000000000000, -26.99999999999999645 ) ) ;
#3821 = PRESENTATION_LAYER_ASSIGNMENT (  '', '', ( #1314 ) ) ;
#3822 = CARTESIAN_POINT ( 'NONE',  ( -27.99999999999999645, 0.000000000000000000, -29.99999999999999645 ) ) ;
#3823 = VERTEX_POINT ( 'NONE', #521 ) ;
#3824 = EDGE_CURVE ( 'NONE', #2113, #2059, #1844, .T. ) ;
#3825 = CARTESIAN_POINT ( 'NONE',  ( -4.199999999999996625, 3.000000000000000000, 19.59976851727814662 ) ) ;
#3826 = DIRECTION ( 'NONE',  ( 0.000000000000000000, 0.000000000000000000, 1.000000000000000000 ) ) ;
#3827 = FACE_OUTER_BOUND ( 'NONE', #4161, .T. ) ;
#3828 = CARTESIAN_POINT ( 'NONE',  ( 16.00000000000001066, 3.000000000000000000, 25.25000000000000000 ) ) ;
#3829 = AXIS2_PLACEMENT_3D ( 'NONE', #1877, #4326, #532 ) ;
#3830 = ORIENTED_EDGE ( 'NONE', *, *, #878, .F. ) ;
#3831 = EDGE_CURVE ( 'NONE', #2558, #3374, #3226, .T. ) ;
#3832 = ORIENTED_EDGE ( 'NONE', *, *, #3303, .F. ) ;
#3833 =( NAMED_UNIT ( * ) PLANE_ANGLE_UNIT ( ) SI_UNIT ( $, .RADIAN. ) );
#3834 = CIRCLE ( 'NONE', #4411, 8.250000000000000000 ) ;
#3835 = EDGE_CURVE ( 'NONE', #2059, #4136, #949, .T. ) ;
#3836 = VERTEX_POINT ( 'NONE', #2474 ) ;
#3837 = DIRECTION ( 'NONE',  ( -0.000000000000000000, 1.000000000000000000, -0.000000000000000000 ) ) ;
#3838 = CARTESIAN_POINT ( 'NONE',  ( 0.9999999999999974465, 3.000000000000000000, -11.41063228481487002 ) ) ;
#3839 = AXIS2_PLACEMENT_3D ( 'NONE', #3594, #2118, #1021 ) ;
#3840 = CIRCLE ( 'NONE', #4278, 4.000000000000000888 ) ;
#3841 = EDGE_CURVE ( 'NONE', #3349, #2489, #162, .T. ) ;
#3842 = DIRECTION ( 'NONE',  ( 0.000000000000000000, 1.000000000000000000, -0.000000000000000000 ) ) ;
#3843 = DIRECTION ( 'NONE',  ( 0.000000000000000000, 0.000000000000000000, 1.000000000000000000 ) ) ;
#3844 = STYLED_ITEM ( 'NONE', ( #1478 ), #2617 ) ;
#3845 = DIRECTION ( 'NONE',  ( 0.000000000000000000, 1.000000000000000000, -0.000000000000000000 ) ) ;
#3846 = VERTEX_POINT ( 'NONE', #2517 ) ;
#3847 = ORIENTED_EDGE ( 'NONE', *, *, #4189, .F. ) ;
#3848 = CARTESIAN_POINT ( 'NONE',  ( 17.10072011364086464, 1.000000000000000000, 3.989318342571107401 ) ) ;
#3849 = DIRECTION ( 'NONE',  ( 0.000000000000000000, 1.000000000000000000, -0.000000000000000000 ) ) ;
#3850 = DIRECTION ( 'NONE',  ( -0.000000000000000000, 1.000000000000000000, -0.000000000000000000 ) ) ;
#3851 = CARTESIAN_POINT ( 'NONE',  ( -9.201366949945732898, 1.000000000000000000, -10.41332974668765665 ) ) ;
#3852 = EDGE_LOOP ( 'NONE', ( #1545, #1276 ) ) ;
#3853 = CARTESIAN_POINT ( 'NONE',  ( -23.00000000000001066, 0.000000000000000000, -14.99999999999999645 ) ) ;
#3854 = MECHANICAL_DESIGN_GEOMETRIC_PRESENTATION_REPRESENTATION (  '', ( #1066 ), #3338 ) ;
#3855 = DIRECTION ( 'NONE',  ( 0.000000000000000000, 1.000000000000000000, -0.000000000000000000 ) ) ;
#3856 = EDGE_CURVE ( 'NONE', #1880, #1707, #2137, .T. ) ;
#3857 = ORIENTED_EDGE ( 'NONE', *, *, #1036, .F. ) ;
#3858 = CARTESIAN_POINT ( 'NONE',  ( 11.50000000000000000, 1.000000000000000000, -2.000000000000000000 ) ) ;
#3859 = EDGE_CURVE ( 'NONE', #81, #4014, #3518, .T. ) ;
#3860 = CARTESIAN_POINT ( 'NONE',  ( 21.85191411977124432, 3.000000000000000000, 17.68582988648560317 ) ) ;
#3861 = AXIS2_PLACEMENT_3D ( 'NONE', #977, #573, #266 ) ;
#3862 = CARTESIAN_POINT ( 'NONE',  ( 16.91308942900883849, 1.000000000000000000, -8.159420657298285917 ) ) ;
#3863 = DIRECTION ( 'NONE',  ( 0.000000000000000000, 0.000000000000000000, 1.000000000000000000 ) ) ;
#3864 = LINE ( 'NONE', #3935, #1617 ) ;
#3865 = ORIENTED_EDGE ( 'NONE', *, *, #1068, .T. ) ;
#3866 = ORIENTED_EDGE ( 'NONE', *, *, #498, .F. ) ;
#3867 = CYLINDRICAL_SURFACE ( 'NONE', #1397, 9.000000000000000000 ) ;
#3868 = DIRECTION ( 'NONE',  ( 0.000000000000000000, 1.000000000000000000, 0.000000000000000000 ) ) ;
#3869 = LINE ( 'NONE', #1159, #1464 ) ;
#3870 = LINE ( 'NONE', #1078, #3621 ) ;
#3871 = ADVANCED_FACE ( 'NONE', ( #2896 ), #4274, .F. ) ;
#3872 = DIRECTION ( 'NONE',  ( 0.000000000000000000, -1.000000000000000000, 0.000000000000000000 ) ) ;
#3873 = ORIENTED_EDGE ( 'NONE', *, *, #1154, .F. ) ;
#3874 = DIRECTION ( 'NONE',  ( 0.000000000000000000, 1.000000000000000000, -0.000000000000000000 ) ) ;
#3875 = DIRECTION ( 'NONE',  ( 0.000000000000000000, 0.000000000000000000, 1.000000000000000000 ) ) ;
#3876 = ORIENTED_EDGE ( 'NONE', *, *, #1010, .F. ) ;
#3877 = AXIS2_PLACEMENT_3D ( 'NONE', #3663, #887, #1895 ) ;
#3878 = ORIENTED_EDGE ( 'NONE', *, *, #2023, .T. ) ;
#3879 = VECTOR ( 'NONE', #2628, 1000.000000000000000 ) ;
#3880 = EDGE_LOOP ( 'NONE', ( #3224, #4218 ) ) ;
#3881 = VECTOR ( 'NONE', #1749, 1000.000000000000000 ) ;
#3882 = DIRECTION ( 'NONE',  ( -0.000000000000000000, 1.000000000000000000, -0.000000000000000000 ) ) ;
#3883 = SURFACE_STYLE_USAGE ( .BOTH. , #518 ) ;
#3884 = ORIENTED_EDGE ( 'NONE', *, *, #4103, .T. ) ;
#3885 = EDGE_CURVE ( 'NONE', #3758, #201, #2827, .T. ) ;
#3886 = VECTOR ( 'NONE', #2869, 1000.000000000000000 ) ;
#3887 = FACE_OUTER_BOUND ( 'NONE', #13, .T. ) ;
#3888 = SURFACE_SIDE_STYLE ('',( #1558 ) ) ;
#3889 = AXIS2_PLACEMENT_3D ( 'NONE', #3494, #809, #2181 ) ;
#3890 = ORIENTED_EDGE ( 'NONE', *, *, #1580, .F. ) ;
#3891 = ADVANCED_FACE ( 'NONE', ( #950 ), #1978, .F. ) ;
#3892 = ORIENTED_EDGE ( 'NONE', *, *, #2837, .F. ) ;
#3893 = DIRECTION ( 'NONE',  ( 0.000000000000000000, 0.000000000000000000, 1.000000000000000000 ) ) ;
#3894 = SURFACE_STYLE_USAGE ( .BOTH. , #1476 ) ;
#3895 = DIRECTION ( 'NONE',  ( 0.000000000000000000, 0.000000000000000000, 1.000000000000000000 ) ) ;
#3896 = FACE_OUTER_BOUND ( 'NONE', #1260, .T. ) ;
#3897 = CARTESIAN_POINT ( 'NONE',  ( 24.50000000000001066, 0.000000000000000000, -24.89999999999999147 ) ) ;
#3898 = VECTOR ( 'NONE', #3007, 1000.000000000000000 ) ;
#3899 = ADVANCED_FACE ( 'NONE', ( #2294 ), #2667, .F. ) ;
#3900 = AXIS2_PLACEMENT_3D ( 'NONE', #1584, #4351, #1968 ) ;
#3901 = PRESENTATION_LAYER_ASSIGNMENT (  '', '', ( #3110 ) ) ;
#3902 = ORIENTED_EDGE ( 'NONE', *, *, #623, .T. ) ;
#3903 = CARTESIAN_POINT ( 'NONE',  ( 18.77265053920576676, 1.000000000000000000, 18.12513639923668407 ) ) ;
#3904 = DIRECTION ( 'NONE',  ( 0.000000000000000000, 0.000000000000000000, 1.000000000000000000 ) ) ;
#3905 = CIRCLE ( 'NONE', #4120, 10.25000000000000178 ) ;
#3906 = ORIENTED_EDGE ( 'NONE', *, *, #1591, .F. ) ;
#3907 = ORIENTED_EDGE ( 'NONE', *, *, #1662, .F. ) ;
#3908 = ORIENTED_EDGE ( 'NONE', *, *, #4309, .T. ) ;
#3909 = DIRECTION ( 'NONE',  ( 0.000000000000000000, 0.000000000000000000, 1.000000000000000000 ) ) ;
#3910 = DIRECTION ( 'NONE',  ( -0.000000000000000000, 1.000000000000000000, -0.000000000000000000 ) ) ;
#3911 = VERTEX_POINT ( 'NONE', #3317 ) ;
#3912 = PRODUCT ( '¼·³ö»úµ×¸Ç£¨CNC£©', '¼·³ö»úµ×¸Ç£¨CNC£©', '', ( #3536 ) ) ;
#3913 = AXIS2_PLACEMENT_3D ( 'NONE', #591, #1935, #3687 ) ;
#3914 = CARTESIAN_POINT ( 'NONE',  ( 16.00000000000001066, -4.242640687119289211, 27.75000000000000355 ) ) ;
#3915 = CARTESIAN_POINT ( 'NONE',  ( 16.91308942900883849, 1.000000000000000000, -8.159420657298285917 ) ) ;
#3916 = EDGE_CURVE ( 'NONE', #2192, #156, #1737, .T. ) ;
#3917 = ORIENTED_EDGE ( 'NONE', *, *, #2783, .T. ) ;
#3918 = VERTEX_POINT ( 'NONE', #2256 ) ;
#3919 = VECTOR ( 'NONE', #2008, 1000.000000000000000 ) ;
#3920 = FACE_OUTER_BOUND ( 'NONE', #2535, .T. ) ;
#3921 = CARTESIAN_POINT ( 'NONE',  ( -19.85191411977123721, 1.200000000000000178, -0.9145653168558663948 ) ) ;
#3922 = CARTESIAN_POINT ( 'NONE',  ( -27.99999999999999645, 3.000000000000000000, -26.99999999999999645 ) ) ;
#3923 = EDGE_CURVE ( 'NONE', #2503, #670, #1996, .T. ) ;
#3924 = VERTEX_POINT ( 'NONE', #207 ) ;
#3925 = DIRECTION ( 'NONE',  ( 0.000000000000000000, 0.000000000000000000, 1.000000000000000000 ) ) ;
#3926 = FACE_OUTER_BOUND ( 'NONE', #2335, .T. ) ;
#3927 = ADVANCED_FACE ( 'NONE', ( #3954, #881 ), #1574, .T. ) ;
#3928 = ORIENTED_EDGE ( 'NONE', *, *, #3303, .T. ) ;
#3929 = AXIS2_PLACEMENT_3D ( 'NONE', #1310, #3054, #976 ) ;
#3930 = EDGE_LOOP ( 'NONE', ( #1252, #1322 ) ) ;
#3931 = DIRECTION ( 'NONE',  ( 0.000000000000000000, 0.000000000000000000, 1.000000000000000000 ) ) ;
#3932 = AXIS2_PLACEMENT_3D ( 'NONE', #870, #1585, #2908 ) ;
#3933 = VERTEX_POINT ( 'NONE', #4042 ) ;
#3934 = CARTESIAN_POINT ( 'NONE',  ( 20.87079823077861107, 0.000000000000000000, -2.144726896150167761 ) ) ;
#3935 = CARTESIAN_POINT ( 'NONE',  ( -19.52449063271097884, 1.000000000000000000, 5.624702551290853947 ) ) ;
#3936 = APPLICATION_CONTEXT ( 'automotive_design' ) ;
#3937 = VERTEX_POINT ( 'NONE', #3355 ) ;
#3938 = ADVANCED_FACE ( 'NONE', ( #971 ), #1640, .F. ) ;
#3939 = DIRECTION ( 'NONE',  ( 0.000000000000000000, 0.000000000000000000, 1.000000000000000000 ) ) ;
#3940 = DIRECTION ( 'NONE',  ( -0.000000000000000000, 1.000000000000000000, -0.000000000000000000 ) ) ;
#3941 = DIRECTION ( 'NONE',  ( 0.000000000000000000, 0.000000000000000000, -1.000000000000000000 ) ) ;
#3942 = CYLINDRICAL_SURFACE ( 'NONE', #2624, 2.200000000000000178 ) ;
#3943 = LINE ( 'NONE', #2856, #1462 ) ;
#3944 = EDGE_CURVE ( 'NONE', #3979, #1033, #95, .T. ) ;
#3945 = ORIENTED_EDGE ( 'NONE', *, *, #2554, .F. ) ;
#3946 = DIRECTION ( 'NONE',  ( -0.000000000000000000, 1.000000000000000000, -0.000000000000000000 ) ) ;
#3947 = FACE_OUTER_BOUND ( 'NONE', #2769, .T. ) ;
#3948 = ORIENTED_EDGE ( 'NONE', *, *, #1421, .F. ) ;
#3949 = ORIENTED_EDGE ( 'NONE', *, *, #2253, .T. ) ;
#3950 = DIRECTION ( 'NONE',  ( 0.000000000000000000, -1.000000000000000000, 0.000000000000000000 ) ) ;
#3951 = CARTESIAN_POINT ( 'NONE',  ( -24.50000000000001066, 0.000000000000000000, -26.49999999999999289 ) ) ;
#3952 = CARTESIAN_POINT ( 'NONE',  ( 17.10072011364086464, 1.000000000000000000, 1.789318342571107223 ) ) ;
#3953 = ORIENTED_EDGE ( 'NONE', *, *, #2559, .T. ) ;
#3954 = FACE_OUTER_BOUND ( 'NONE', #3292, .T. ) ;
#3955 = DIRECTION ( 'NONE',  ( -0.000000000000000000, 1.000000000000000000, -0.000000000000000000 ) ) ;
#3956 = AXIS2_PLACEMENT_3D ( 'NONE', #1353, #322, #3475 ) ;
#3957 = ORIENTED_EDGE ( 'NONE', *, *, #4283, .F. ) ;
#3958 = LINE ( 'NONE', #3595, #1175 ) ;
#3959 = CYLINDRICAL_SURFACE ( 'NONE', #3989, 1.250000000000001110 ) ;
#3960 = CARTESIAN_POINT ( 'NONE',  ( 18.36176045203126606, 1.000000000000000000, 21.84561284757656807 ) ) ;
#3961 = VECTOR ( 'NONE', #1218, 1000.000000000000000 ) ;
#3962 = EDGE_CURVE ( 'NONE', #1861, #389, #387, .T. ) ;
#3963 = VECTOR ( 'NONE', #3155, 1000.000000000000000 ) ;
#3964 =( NAMED_UNIT ( * ) SI_UNIT ( $, .STERADIAN. ) SOLID_ANGLE_UNIT ( ) );
#3965 = DIRECTION ( 'NONE',  ( -0.000000000000000000, 1.000000000000000000, -0.000000000000000000 ) ) ;
#3966 = DIRECTION ( 'NONE',  ( 0.000000000000000000, 0.000000000000000000, 1.000000000000000000 ) ) ;
#3967 = CIRCLE ( 'NONE', #2179, 6.000000000000000888 ) ;
#3968 = VERTEX_POINT ( 'NONE', #3705 ) ;
#3969 = EDGE_CURVE ( 'NONE', #3733, #271, #1557, .T. ) ;
#3970 = ORIENTED_EDGE ( 'NONE', *, *, #431, .F. ) ;
#3971 = DIRECTION ( 'NONE',  ( 3.942553354492742249E-15, 0.000000000000000000, 1.000000000000000000 ) ) ;
#3972 = DIRECTION ( 'NONE',  ( 0.000000000000000000, 0.000000000000000000, -1.000000000000000000 ) ) ;
#3973 = EDGE_CURVE ( 'NONE', #447, #4061, #634, .T. ) ;
#3974 = ORIENTED_EDGE ( 'NONE', *, *, #1906, .F. ) ;
#3975 = DIRECTION ( 'NONE',  ( 0.000000000000000000, -1.000000000000000000, 0.000000000000000000 ) ) ;
#3976 = CARTESIAN_POINT ( 'NONE',  ( 2.000000000000003553, 3.000000000000000000, 19.59976851727815017 ) ) ;
#3977 = EDGE_CURVE ( 'NONE', #1667, #1347, #1620, .T. ) ;
#3978 = AXIS2_PLACEMENT_3D ( 'NONE', #1575, #972, #1998 ) ;
#3979 = VERTEX_POINT ( 'NONE', #3634 ) ;
#3980 = LINE ( 'NONE', #194, #3807 ) ;
#3981 = CARTESIAN_POINT ( 'NONE',  ( -11.50000000000000000, 3.000000000000000000, -2.000000000000000000 ) ) ;
#3982 = CARTESIAN_POINT ( 'NONE',  ( 16.00000000000001066, 0.000000000000000000, -25.24999999999999289 ) ) ;
#3983 = CARTESIAN_POINT ( 'NONE',  ( -24.50000000000001066, 0.000000000000000000, 24.89999999999999147 ) ) ;
#3984 = CIRCLE ( 'NONE', #1058, 3.500000000000000444 ) ;
#3985 = DIRECTION ( 'NONE',  ( 0.000000000000000000, 1.000000000000000000, -0.000000000000000000 ) ) ;
#3986 = DIRECTION ( 'NONE',  ( -0.000000000000000000, 1.000000000000000000, -0.000000000000000000 ) ) ;
#3987 = CARTESIAN_POINT ( 'NONE',  ( 25.00000000000001066, -7.000000000000000000, 5.000000000000007994 ) ) ;
#3988 = CARTESIAN_POINT ( 'NONE',  ( 11.50000000000000000, 1.000000000000000000, -2.000000000000000000 ) ) ;
#3989 = AXIS2_PLACEMENT_3D ( 'NONE', #551, #1543, #1919 ) ;
#3990 = ORIENTED_EDGE ( 'NONE', *, *, #388, .F. ) ;
#3991 = ORIENTED_EDGE ( 'NONE', *, *, #1290, .T. ) ;
#3992 = DIRECTION ( 'NONE',  ( 0.000000000000000000, 1.000000000000000000, -0.000000000000000000 ) ) ;
#3993 = EDGE_CURVE ( 'NONE', #1948, #3924, #564, .T. ) ;
#3994 = FILL_AREA_STYLE ('',( #613 ) ) ;
#3995 = PRESENTATION_LAYER_ASSIGNMENT (  '', '', ( #1066 ) ) ;
#3996 = EDGE_LOOP ( 'NONE', ( #879, #1534, #3692, #1474 ) ) ;
#3997 = VERTEX_POINT ( 'NONE', #3287 ) ;
#3998 = ADVANCED_FACE ( 'NONE', ( #1305 ), #4339, .F. ) ;
#3999 = CARTESIAN_POINT ( 'NONE',  ( 18.77265053920576676, 1.000000000000000000, 18.12513639923668407 ) ) ;
#4000 = DIRECTION ( 'NONE',  ( 0.000000000000000000, 1.000000000000000000, 0.000000000000000000 ) ) ;
#4001 = ORIENTED_EDGE ( 'NONE', *, *, #706, .T. ) ;
#4002 = CARTESIAN_POINT ( 'NONE',  ( 7.560062181880887522, 1.000000000000000000, -19.28642330349078549 ) ) ;
#4003 = DIRECTION ( 'NONE',  ( 1.000000000000000000, 0.000000000000000000, 0.000000000000000000 ) ) ;
#4004 = FACE_OUTER_BOUND ( 'NONE', #651, .T. ) ;
#4005 = DIRECTION ( 'NONE',  ( 0.000000000000000000, -1.000000000000000000, 0.000000000000000000 ) ) ;
#4006 = UNCERTAINTY_MEASURE_WITH_UNIT (LENGTH_MEASURE( 1.000000000000000082E-05 ), #1563, 'distance_accuracy_value', 'NONE');
#4007 = EDGE_CURVE ( 'NONE', #2324, #2385, #1596, .T. ) ;
#4008 = CARTESIAN_POINT ( 'NONE',  ( 18.24993560456390895, 3.000000000000000000, -8.850774845166860416 ) ) ;
#4009 = PLANE ( 'NONE',  #1892 ) ;
#4010 = FILL_AREA_STYLE_COLOUR ( '', #4263 ) ;
#4011 = FACE_OUTER_BOUND ( 'NONE', #1809, .T. ) ;
#4012 = VECTOR ( 'NONE', #4261, 1000.000000000000000 ) ;
#4013 = ORIENTED_EDGE ( 'NONE', *, *, #4007, .F. ) ;
#4014 = VERTEX_POINT ( 'NONE', #2985 ) ;
#4015 = CARTESIAN_POINT ( 'NONE',  ( 11.18251995213580763, 3.000000000000000000, -10.23641449225841704 ) ) ;
#4016 = ORIENTED_EDGE ( 'NONE', *, *, #2958, .F. ) ;
#4017 = VERTEX_POINT ( 'NONE', #4364 ) ;
#4018 = DIRECTION ( 'NONE',  ( -0.000000000000000000, 1.000000000000000000, -0.000000000000000000 ) ) ;
#4019 = DIRECTION ( 'NONE',  ( -0.000000000000000000, -1.000000000000000000, -0.000000000000000000 ) ) ;
#4020 = EDGE_CURVE ( 'NONE', #396, #397, #1327, .T. ) ;
#4021 = CIRCLE ( 'NONE', #2088, 6.000000000000001776 ) ;
#4022 = VECTOR ( 'NONE', #2085, 1000.000000000000000 ) ;
#4023 = CARTESIAN_POINT ( 'NONE',  ( 23.00000000000001066, 3.000000000000000000, -16.24999999999999645 ) ) ;
#4024 = DIRECTION ( 'NONE',  ( -0.000000000000000000, 1.000000000000000000, -0.000000000000000000 ) ) ;
#4025 = DIRECTION ( 'NONE',  ( -0.000000000000000000, 1.000000000000000000, -0.000000000000000000 ) ) ;
#4026 = AXIS2_PLACEMENT_3D ( 'NONE', #2158, #1176, #2544 ) ;
#4027 = ORIENTED_EDGE ( 'NONE', *, *, #4189, .T. ) ;
#4028 = DIRECTION ( 'NONE',  ( -1.474280530776552476E-16, 0.000000000000000000, -1.000000000000000000 ) ) ;
#4029 = DIRECTION ( 'NONE',  ( 0.000000000000000000, 1.000000000000000000, -0.000000000000000000 ) ) ;
#4030 = VECTOR ( 'NONE', #2960, 1000.000000000000000 ) ;
#4031 = CARTESIAN_POINT ( 'NONE',  ( 0.000000000000000000, 0.000000000000000000, 0.000000000000000000 ) ) ;
#4032 = EDGE_LOOP ( 'NONE', ( #1067, #4240, #1296, #134 ) ) ;
#4033 = ADVANCED_FACE ( 'NONE', ( #3794, #3400, #1659, #1422, #4134, #2067, #2358, #343, #744, #3423, #1064, #2691, #1705, #4083, #2089, #993, #3816, #3027, #679, #294, #2430, #723, #2043, #3450, #3725 ), #3071, .T. ) ;
#4034 = AXIS2_PLACEMENT_3D ( 'NONE', #160, #1105, #3931 ) ;
#4035 = EDGE_LOOP ( 'NONE', ( #4329, #3375, #1901, #3273 ) ) ;
#4036 = CARTESIAN_POINT ( 'NONE',  ( 18.25268842721073170, 1.000000000000000000, 2.115026741850717151 ) ) ;
#4037 = CARTESIAN_POINT ( 'NONE',  ( 11.50000000000000000, 0.000000000000000000, 2.000000000000000888 ) ) ;
#4038 = CIRCLE ( 'NONE', #736, 1.250000000000001110 ) ;
#4039 = ORIENTED_EDGE ( 'NONE', *, *, #2292, .F. ) ;
#4040 = EDGE_LOOP ( 'NONE', ( #164, #3917, #4131, #561 ) ) ;
#4041 = CIRCLE ( 'NONE', #250, 1.600000000000000755 ) ;
#4042 = CARTESIAN_POINT ( 'NONE',  ( 11.50000000000000000, 3.000000000000000000, -6.000000000000000888 ) ) ;
#4043 = DIRECTION ( 'NONE',  ( 0.000000000000000000, 1.000000000000000000, -0.000000000000000000 ) ) ;
#4044 = CARTESIAN_POINT ( 'NONE',  ( 15.59808788802989987, 1.000000000000000000, 2.382428055539834499 ) ) ;
#4045 = PRESENTATION_STYLE_ASSIGNMENT (( #659 ) ) ;
#4046 = EDGE_CURVE ( 'NONE', #2558, #3540, #227, .T. ) ;
#4047 = CARTESIAN_POINT ( 'NONE',  ( 24.50000000000001066, 3.000000000000000000, 26.49999999999999289 ) ) ;
#4048 = ORIENTED_EDGE ( 'NONE', *, *, #3561, .T. ) ;
#4049 = SURFACE_STYLE_FILL_AREA ( #216 ) ;
#4050 = CARTESIAN_POINT ( 'NONE',  ( 0.9999999999999974465, 0.000000000000000000, -3.160632284814869575 ) ) ;
#4051 = SURFACE_STYLE_FILL_AREA ( #3646 ) ;
#4052 = CARTESIAN_POINT ( 'NONE',  ( 15.46079714317719755, 1.000000000000000000, -6.506893163876793729 ) ) ;
#4053 = EDGE_CURVE ( 'NONE', #3697, #3511, #2739, .T. ) ;
#4054 = AXIS2_PLACEMENT_3D ( 'NONE', #434, #3429, #1355 ) ;
#4055 = ORIENTED_EDGE ( 'NONE', *, *, #508, .F. ) ;
#4056 = EDGE_LOOP ( 'NONE', ( #292, #1568, #3036, #2108 ) ) ;
#4057 = DIRECTION ( 'NONE',  ( -0.000000000000000000, -1.000000000000000000, -0.000000000000000000 ) ) ;
#4058 = PRESENTATION_LAYER_ASSIGNMENT (  '', '', ( #3844 ) ) ;
#4059 = EDGE_CURVE ( 'NONE', #670, #714, #1729, .T. ) ;
#4060 = SURFACE_STYLE_FILL_AREA ( #2334 ) ;
#4061 = VERTEX_POINT ( 'NONE', #1013 ) ;
#4062 = EDGE_LOOP ( 'NONE', ( #839, #2254 ) ) ;
#4063 = ADVANCED_FACE ( 'NONE', ( #2712 ), #3094, .F. ) ;
#4064 = CARTESIAN_POINT ( 'NONE',  ( 24.50000000000001066, 0.000000000000000000, 26.49999999999999289 ) ) ;
#4065 = DIRECTION ( 'NONE',  ( -0.000000000000000000, -1.000000000000000000, -0.000000000000000000 ) ) ;
#4066 = AXIS2_PLACEMENT_3D ( 'NONE', #3820, #771, #4138 ) ;
#4067 = CARTESIAN_POINT ( 'NONE',  ( 16.00000000000001066, 3.000000000000000000, 26.50000000000000355 ) ) ;
#4068 = CARTESIAN_POINT ( 'NONE',  ( -25.00000000000001066, -7.000000000000000000, 5.000000000000007994 ) ) ;
#4069 = CARTESIAN_POINT ( 'NONE',  ( -27.99999999999998934, 0.000000000000000000, 27.00000000000000000 ) ) ;
#4070 = VERTEX_POINT ( 'NONE', #3119 ) ;
#4071 = DIRECTION ( 'NONE',  ( -0.000000000000000000, 1.000000000000000000, -0.000000000000000000 ) ) ;
#4072 = FACE_OUTER_BOUND ( 'NONE', #2038, .T. ) ;
#4073 = CARTESIAN_POINT ( 'NONE',  ( -9.201366949945731122, 1.000000000000000000, 6.413329746687656652 ) ) ;
#4074 = DIRECTION ( 'NONE',  ( 0.000000000000000000, 0.000000000000000000, 1.000000000000000000 ) ) ;
#4075 = ORIENTED_EDGE ( 'NONE', *, *, #2371, .T. ) ;
#4076 = EDGE_CURVE ( 'NONE', #925, #3501, #3817, .T. ) ;
#4077 = AXIS2_PLACEMENT_3D ( 'NONE', #4047, #3730, #2342 ) ;
#4078 = ORIENTED_EDGE ( 'NONE', *, *, #2018, .F. ) ;
#4079 = CARTESIAN_POINT ( 'NONE',  ( 20.87079823077861107, 1.200000000000000178, -5.644726896150167761 ) ) ;
#4080 = DIRECTION ( 'NONE',  ( -0.000000000000000000, -1.000000000000000000, -0.000000000000000000 ) ) ;
#4081 = ORIENTED_EDGE ( 'NONE', *, *, #2686, .F. ) ;
#4082 = EDGE_LOOP ( 'NONE', ( #2330, #4091, #4147, #3632 ) ) ;
#4083 = FACE_BOUND ( 'NONE', #2030, .T. ) ;
#4084 = CARTESIAN_POINT ( 'NONE',  ( -11.50000000000000000, 1.000000000000000000, -2.000000000000000000 ) ) ;
#4085 = VERTEX_POINT ( 'NONE', #1371 ) ;
#4086 = EDGE_CURVE ( 'NONE', #4277, #3997, #319, .T. ) ;
#4087 = FILL_AREA_STYLE_COLOUR ( '', #2019 ) ;
#4088 = FILL_AREA_STYLE ('',( #1687 ) ) ;
#4089 = CARTESIAN_POINT ( 'NONE',  ( -18.87079823077861462, 1.200000000000000178, -24.17653767347957583 ) ) ;
#4090 = VERTEX_POINT ( 'NONE', #1084 ) ;
#4091 = ORIENTED_EDGE ( 'NONE', *, *, #138, .F. ) ;
#4092 = CARTESIAN_POINT ( 'NONE',  ( -11.50000000000000000, 3.000000000000000000, 2.000000000000000888 ) ) ;
#4093 = CARTESIAN_POINT ( 'NONE',  ( -27.99999999999999645, 3.000000000000000000, -29.99999999999999645 ) ) ;
#4094 = VECTOR ( 'NONE', #3274, 1000.000000000000000 ) ;
#4095 = CARTESIAN_POINT ( 'NONE',  ( -24.50000000000001066, 0.000000000000000000, 24.89999999999999147 ) ) ;
#4096 = DIRECTION ( 'NONE',  ( 0.000000000000000000, 0.000000000000000000, 1.000000000000000000 ) ) ;
#4097 = AXIS2_PLACEMENT_3D ( 'NONE', #2708, #3444, #3792 ) ;
#4098 = EDGE_CURVE ( 'NONE', #1341, #2548, #4104, .T. ) ;
#4099 = ORIENTED_EDGE ( 'NONE', *, *, #4256, .F. ) ;
#4100 = ORIENTED_EDGE ( 'NONE', *, *, #3637, .F. ) ;
#4101 = CARTESIAN_POINT ( 'NONE',  ( -11.50000000000000000, 1.000000000000000000, -2.000000000000000000 ) ) ;
#4102 = CARTESIAN_POINT ( 'NONE',  ( 11.50000000000000000, 3.000000000000000000, -2.000000000000000000 ) ) ;
#4103 = EDGE_CURVE ( 'NONE', #1156, #1928, #1532, .T. ) ;
#4104 = CIRCLE ( 'NONE', #3022, 2.200000000000000622 ) ;
#4105 = EDGE_LOOP ( 'NONE', ( #511, #509, #4357, #1088 ) ) ;
#4106 = ORIENTED_EDGE ( 'NONE', *, *, #1773, .F. ) ;
#4107 = AXIS2_PLACEMENT_3D ( 'NONE', #163, #3544, #4292 ) ;
#4108 = DIRECTION ( 'NONE',  ( 0.000000000000000000, 1.000000000000000000, -0.000000000000000000 ) ) ;
#4109 = AXIS2_PLACEMENT_3D ( 'NONE', #2078, #3106, #2792 ) ;
#4110 = ADVANCED_FACE ( 'NONE', ( #703 ), #31, .T. ) ;
#4111 = AXIS2_PLACEMENT_3D ( 'NONE', #726, #2416, #2475 ) ;
#4112 = CARTESIAN_POINT ( 'NONE',  ( -16.00000000000001066, 0.000000000000000000, 27.75000000000000355 ) ) ;
#4113 = ORIENTED_EDGE ( 'NONE', *, *, #293, .T. ) ;
#4114 = CIRCLE ( 'NONE', #249, 5.000000000000000888 ) ;
#4115 = CIRCLE ( 'NONE', #1248, 3.499999999999999556 ) ;
#4116 = CARTESIAN_POINT ( 'NONE',  ( -18.40788475374043642, 3.000000000000000000, -6.418272086352359906 ) ) ;
#4117 = CARTESIAN_POINT ( 'NONE',  ( -27.99999999999999645, 3.000000000000000000, -29.99999999999999645 ) ) ;
#4118 = ADVANCED_FACE ( 'NONE', ( #855 ), #1466, .F. ) ;
#4119 = CARTESIAN_POINT ( 'NONE',  ( 23.00000000000001066, 0.000000000000000000, -13.74999999999999467 ) ) ;
#4120 = AXIS2_PLACEMENT_3D ( 'NONE', #1694, #4414, #3058 ) ;
#4121 = ORIENTED_EDGE ( 'NONE', *, *, #4046, .T. ) ;
#4122 = ORIENTED_EDGE ( 'NONE', *, *, #2221, .F. ) ;
#4123 = DIRECTION ( 'NONE',  ( 0.000000000000000000, 0.000000000000000000, 1.000000000000000000 ) ) ;
#4124 = FACE_OUTER_BOUND ( 'NONE', #3459, .T. ) ;
#4125 = DIRECTION ( 'NONE',  ( 0.000000000000000000, -1.000000000000000000, 0.000000000000000000 ) ) ;
#4126 = DIRECTION ( 'NONE',  ( -0.000000000000000000, 1.000000000000000000, -0.000000000000000000 ) ) ;
#4127 = ORIENTED_EDGE ( 'NONE', *, *, #133, .F. ) ;
#4128 = VECTOR ( 'NONE', #261, 1000.000000000000000 ) ;
#4129 = EDGE_LOOP ( 'NONE', ( #4212, #1313, #3041, #3268 ) ) ;
#4130 = DIRECTION ( 'NONE',  ( 0.000000000000000000, 1.000000000000000000, -0.000000000000000000 ) ) ;
#4131 = ORIENTED_EDGE ( 'NONE', *, *, #180, .T. ) ;
#4132 = AXIS2_PLACEMENT_3D ( 'NONE', #761, #3874, #2129 ) ;
#4133 = EDGE_CURVE ( 'NONE', #3823, #3409, #598, .T. ) ;
#4134 = FACE_BOUND ( 'NONE', #515, .T. ) ;
#4135 = CARTESIAN_POINT ( 'NONE',  ( -18.87079823077861462, 1.200000000000000178, -20.67653767347957583 ) ) ;
#4136 = VERTEX_POINT ( 'NONE', #117 ) ;
#4137 = EDGE_CURVE ( 'NONE', #2227, #524, #3221, .T. ) ;
#4138 = DIRECTION ( 'NONE',  ( 0.000000000000000000, 0.000000000000000000, -1.000000000000000000 ) ) ;
#4139 = DIRECTION ( 'NONE',  ( 0.000000000000000000, 1.000000000000000000, -0.000000000000000000 ) ) ;
#4140 = ORIENTED_EDGE ( 'NONE', *, *, #1855, .T. ) ;
#4141 = EDGE_CURVE ( 'NONE', #3564, #3540, #477, .T. ) ;
#4142 = CYLINDRICAL_SURFACE ( 'NONE', #3543, 3.499999999999999556 ) ;
#4143 = DIRECTION ( 'NONE',  ( 0.000000000000000000, 1.000000000000000000, 0.000000000000000000 ) ) ;
#4144 = CARTESIAN_POINT ( 'NONE',  ( -4.199999999999996625, 1.000000000000000000, 19.59976851727814662 ) ) ;
#4145 = FACE_OUTER_BOUND ( 'NONE', #1761, .T. ) ;
#4146 =( GEOMETRIC_REPRESENTATION_CONTEXT ( 3 ) GLOBAL_UNCERTAINTY_ASSIGNED_CONTEXT ( ( #565 ) ) GLOBAL_UNIT_ASSIGNED_CONTEXT ( ( #1165, #3833, #404 ) ) REPRESENTATION_CONTEXT ( 'NONE', 'WORKASPACE' ) );
#4147 = ORIENTED_EDGE ( 'NONE', *, *, #2407, .T. ) ;
#4148 = EDGE_CURVE ( 'NONE', #402, #287, #1458, .T. ) ;
#4149 = ORIENTED_EDGE ( 'NONE', *, *, #2841, .F. ) ;
#4150 = DIRECTION ( 'NONE',  ( -0.000000000000000000, -1.000000000000000000, -0.000000000000000000 ) ) ;
#4151 = SURFACE_SIDE_STYLE ('',( #3151 ) ) ;
#4152 = VECTOR ( 'NONE', #845, 1000.000000000000000 ) ;
#4153 = ORIENTED_EDGE ( 'NONE', *, *, #1999, .T. ) ;
#4154 = DIRECTION ( 'NONE',  ( 0.000000000000000000, 0.000000000000000000, 1.000000000000000000 ) ) ;
#4155 = DIRECTION ( 'NONE',  ( 0.000000000000000000, 1.000000000000000000, 0.000000000000000000 ) ) ;
#4156 =( LENGTH_UNIT ( ) NAMED_UNIT ( * ) SI_UNIT ( .MILLI., .METRE. ) );
#4157 = CARTESIAN_POINT ( 'NONE',  ( 16.50000000000000000, 1.000000000000000000, -20.99999999999999645 ) ) ;
#4158 = DIRECTION ( 'NONE',  ( -0.000000000000000000, -1.000000000000000000, -0.000000000000000000 ) ) ;
#4159 = EDGE_CURVE ( 'NONE', #1782, #4277, #810, .T. ) ;
#4160 = EDGE_LOOP ( 'NONE', ( #1573, #302, #3047, #403 ) ) ;
#4161 = EDGE_LOOP ( 'NONE', ( #2894, #3723, #3470, #3974 ) ) ;
#4162 = DIRECTION ( 'NONE',  ( 0.000000000000000000, 0.000000000000000000, 1.000000000000000000 ) ) ;
#4163 = CARTESIAN_POINT ( 'NONE',  ( -11.50000000000000000, 1.000000000000000000, 4.000000000000000888 ) ) ;
#4164 = DIRECTION ( 'NONE',  ( -0.000000000000000000, 1.000000000000000000, -0.000000000000000000 ) ) ;
#4165 = CARTESIAN_POINT ( 'NONE',  ( 25.00000000000001421, 3.000000000000000000, 30.00000000000000355 ) ) ;
#4166 = EDGE_CURVE ( 'NONE', #1907, #2706, #307, .T. ) ;
#4167 = EDGE_LOOP ( 'NONE', ( #428, #3057, #2758, #1486 ) ) ;
#4168 = PRESENTATION_LAYER_ASSIGNMENT (  '', '', ( #3153 ) ) ;
#4169 = ORIENTED_EDGE ( 'NONE', *, *, #3267, .T. ) ;
#4170 = CARTESIAN_POINT ( 'NONE',  ( 24.50000000000001066, 3.000000000000000000, -26.49999999999999289 ) ) ;
#4171 = PRESENTATION_LAYER_ASSIGNMENT (  '', '', ( #2378 ) ) ;
#4172 = DIRECTION ( 'NONE',  ( -0.000000000000000000, -1.000000000000000000, -0.000000000000000000 ) ) ;
#4173 = CARTESIAN_POINT ( 'NONE',  ( 0.000000000000000000, 0.000000000000000000, 0.000000000000000000 ) ) ;
#4174 = ORIENTED_EDGE ( 'NONE', *, *, #4137, .F. ) ;
#4175 = LINE ( 'NONE', #2490, #957 ) ;
#4176 = AXIS2_PLACEMENT_3D ( 'NONE', #543, #277, #4295 ) ;
#4177 = DIRECTION ( 'NONE',  ( 0.000000000000000000, 0.000000000000000000, 1.000000000000000000 ) ) ;
#4178 = CIRCLE ( 'NONE', #1030, 2.999999999999999112 ) ;
#4179 = CARTESIAN_POINT ( 'NONE',  ( 11.50000000000000000, 1.000000000000000000, -2.000000000000000000 ) ) ;
#4180 = DIRECTION ( 'NONE',  ( 0.000000000000000000, 0.000000000000000000, 1.000000000000000000 ) ) ;
#4181 = AXIS2_PLACEMENT_3D ( 'NONE', #2901, #3506, #3165 ) ;
#4182 = ORIENTED_EDGE ( 'NONE', *, *, #4243, .F. ) ;
#4183 = ORIENTED_EDGE ( 'NONE', *, *, #878, .T. ) ;
#4184 = ADVANCED_FACE ( 'NONE', ( #1442 ), #2844, .F. ) ;
#4185 = CARTESIAN_POINT ( 'NONE',  ( -18.84911594891651276, 3.000000000000000000, -4.262972795672875570 ) ) ;
#4186 = CARTESIAN_POINT ( 'NONE',  ( -21.52762717058665132, 1.000000000000000000, 7.340898138825015629 ) ) ;
#4187 = DIRECTION ( 'NONE',  ( 0.000000000000000000, 1.000000000000000000, 0.000000000000000000 ) ) ;
#4188 = VECTOR ( 'NONE', #4395, 1000.000000000000000 ) ;
#4189 = EDGE_CURVE ( 'NONE', #1888, #4420, #3138, .T. ) ;
#4190 = EDGE_LOOP ( 'NONE', ( #1302, #2082, #898, #1772 ) ) ;
#4191 = DIRECTION ( 'NONE',  ( 0.000000000000000000, 1.000000000000000000, 0.000000000000000000 ) ) ;
#4192 = DIRECTION ( 'NONE',  ( -0.000000000000000000, -1.000000000000000000, -0.000000000000000000 ) ) ;
#4193 = AXIS2_PLACEMENT_3D ( 'NONE', #4135, #1014, #1775 ) ;
#4194 = EDGE_LOOP ( 'NONE', ( #2982, #181, #2401, #1244 ) ) ;
#4195 = CARTESIAN_POINT ( 'NONE',  ( -11.50000000000000000, 3.000000000000000000, -2.000000000000000000 ) ) ;
#4196 = FILL_AREA_STYLE ('',( #118 ) ) ;
#4197 = CIRCLE ( 'NONE', #1121, 6.000000000000003553 ) ;
#4198 = CIRCLE ( 'NONE', #2270, 25.00000000000000711 ) ;
#4199 = EDGE_CURVE ( 'NONE', #3616, #1398, #1743, .T. ) ;
#4200 = LINE ( 'NONE', #840, #3886 ) ;
#4201 = DIRECTION ( 'NONE',  ( -0.000000000000000000, -1.000000000000000000, -0.000000000000000000 ) ) ;
#4202 = MECHANICAL_DESIGN_GEOMETRIC_PRESENTATION_REPRESENTATION (  '', ( #3844 ), #1838 ) ;
#4203 = CARTESIAN_POINT ( 'NONE',  ( 21.85191411977124432, 1.000000000000000000, 14.18582988648560494 ) ) ;
#4204 = AXIS2_PLACEMENT_3D ( 'NONE', #1943, #3985, #601 ) ;
#4205 = ORIENTED_EDGE ( 'NONE', *, *, #2650, .T. ) ;
#4206 = EDGE_LOOP ( 'NONE', ( #4099, #1753, #113, #3866 ) ) ;
#4207 = DIRECTION ( 'NONE',  ( -0.000000000000000000, -1.000000000000000000, -0.000000000000000000 ) ) ;
#4208 = CARTESIAN_POINT ( 'NONE',  ( -27.99999999999999645, 3.000000000000000000, -29.99999999999999645 ) ) ;
#4209 = DIRECTION ( 'NONE',  ( 0.000000000000000000, 1.000000000000000000, 0.000000000000000000 ) ) ;
#4210 = FACE_OUTER_BOUND ( 'NONE', #4035, .T. ) ;
#4211 = EDGE_CURVE ( 'NONE', #1347, #2734, #3373, .T. ) ;
#4212 = ORIENTED_EDGE ( 'NONE', *, *, #3841, .F. ) ;
#4213 = CYLINDRICAL_SURFACE ( 'NONE', #545, 2.200000000000000622 ) ;
#4214 = MECHANICAL_DESIGN_GEOMETRIC_PRESENTATION_REPRESENTATION (  '', ( #2988 ), #1776 ) ;
#4215 = DIRECTION ( 'NONE',  ( 0.000000000000000000, 0.000000000000000000, 1.000000000000000000 ) ) ;
#4216 = VERTEX_POINT ( 'NONE', #500 ) ;
#4217 = EDGE_CURVE ( 'NONE', #1927, #1280, #2882, .T. ) ;
#4218 = ORIENTED_EDGE ( 'NONE', *, *, #3815, .T. ) ;
#4219 = ORIENTED_EDGE ( 'NONE', *, *, #920, .T. ) ;
#4220 = DIRECTION ( 'NONE',  ( 0.000000000000000000, 1.000000000000000000, -0.000000000000000000 ) ) ;
#4221 = DIRECTION ( 'NONE',  ( 0.000000000000000000, 1.000000000000000000, -0.000000000000000000 ) ) ;
#4222 = ORIENTED_EDGE ( 'NONE', *, *, #3042, .T. ) ;
#4223 = AXIS2_PLACEMENT_3D ( 'NONE', #2168, #2238, #3597 ) ;
#4224 = CARTESIAN_POINT ( 'NONE',  ( 21.47381247794559656, 1.000000000000000000, 7.070648726727968736 ) ) ;
#4225 = LINE ( 'NONE', #1155, #2612 ) ;
#4226 = EDGE_CURVE ( 'NONE', #780, #1516, #4175, .T. ) ;
#4227 = VERTEX_POINT ( 'NONE', #2207 ) ;
#4228 = ORIENTED_EDGE ( 'NONE', *, *, #3062, .T. ) ;
#4229 = DIRECTION ( 'NONE',  ( 0.000000000000000000, 1.000000000000000000, 0.000000000000000000 ) ) ;
#4230 =( LENGTH_UNIT ( ) NAMED_UNIT ( * ) SI_UNIT ( .MILLI., .METRE. ) );
#4231 = DIRECTION ( 'NONE',  ( 0.000000000000000000, 0.000000000000000000, 1.000000000000000000 ) ) ;
#4232 = PRESENTATION_STYLE_ASSIGNMENT (( #196 ) ) ;
#4233 = DIRECTION ( 'NONE',  ( 0.000000000000000000, 1.000000000000000000, 0.000000000000000000 ) ) ;
#4234 = VECTOR ( 'NONE', #2011, 1000.000000000000000 ) ;
#4235 = VERTEX_POINT ( 'NONE', #429 ) ;
#4236 = DIRECTION ( 'NONE',  ( 0.000000000000000000, 1.000000000000000000, 0.000000000000000000 ) ) ;
#4237 = FILL_AREA_STYLE ('',( #1483 ) ) ;
#4238 = EDGE_LOOP ( 'NONE', ( #2425, #357 ) ) ;
#4239 = CIRCLE ( 'NONE', #2939, 5.000000000000000000 ) ;
#4240 = ORIENTED_EDGE ( 'NONE', *, *, #2510, .F. ) ;
#4241 = CIRCLE ( 'NONE', #2868, 8.250000000000000000 ) ;
#4242 = ORIENTED_EDGE ( 'NONE', *, *, #3856, .F. ) ;
#4243 = EDGE_CURVE ( 'NONE', #1633, #154, #2103, .T. ) ;
#4244 = CIRCLE ( 'NONE', #1949, 2.200000000000000622 ) ;
#4245 = DIRECTION ( 'NONE',  ( -0.000000000000000000, 1.000000000000000000, -0.000000000000000000 ) ) ;
#4246 = AXIS2_PLACEMENT_3D ( 'NONE', #770, #1153, #3248 ) ;
#4247 = DIRECTION ( 'NONE',  ( 0.000000000000000000, 0.000000000000000000, 1.000000000000000000 ) ) ;
#4248 = VERTEX_POINT ( 'NONE', #1128 ) ;
#4249 = AXIS2_PLACEMENT_3D ( 'NONE', #1913, #2316, #3336 ) ;
#4250 = EDGE_CURVE ( 'NONE', #3846, #2497, #668, .T. ) ;
#4251 = CARTESIAN_POINT ( 'NONE',  ( 12.86685592414688095, 1.000000000000000000, 3.842234579561540020 ) ) ;
#4252 = FACE_OUTER_BOUND ( 'NONE', #4129, .T. ) ;
#4253 = VECTOR ( 'NONE', #4406, 1000.000000000000000 ) ;
#4254 = VERTEX_POINT ( 'NONE', #4270 ) ;
#4255 = ORIENTED_EDGE ( 'NONE', *, *, #844, .F. ) ;
#4256 = EDGE_CURVE ( 'NONE', #359, #276, #3160, .T. ) ;
#4257 = CARTESIAN_POINT ( 'NONE',  ( 1.000000000000000888, 1.000000000000000000, 7.410632284814872683 ) ) ;
#4258 =( LENGTH_UNIT ( ) NAMED_UNIT ( * ) SI_UNIT ( .MILLI., .METRE. ) );
#4259 = CYLINDRICAL_SURFACE ( 'NONE', #1032, 2.200000000000000622 ) ;
#4260 =( NAMED_UNIT ( * ) PLANE_ANGLE_UNIT ( ) SI_UNIT ( $, .RADIAN. ) );
#4261 = DIRECTION ( 'NONE',  ( 0.000000000000000000, -1.000000000000000000, 0.000000000000000000 ) ) ;
#4262 = CIRCLE ( 'NONE', #2392, 1.600000000000000755 ) ;
#4263 = COLOUR_RGB ( '',1.000000000000000000, 1.000000000000000000, 1.000000000000000000 ) ;
#4264 = CIRCLE ( 'NONE', #2468, 9.000000000000000000 ) ;
#4265 = ORIENTED_EDGE ( 'NONE', *, *, #3789, .T. ) ;
#4266 = SURFACE_STYLE_FILL_AREA ( #1810 ) ;
#4267 = FACE_OUTER_BOUND ( 'NONE', #2466, .T. ) ;
#4268 = ORIENTED_EDGE ( 'NONE', *, *, #537, .T. ) ;
#4269 = ORIENTED_EDGE ( 'NONE', *, *, #1530, .F. ) ;
#4270 = CARTESIAN_POINT ( 'NONE',  ( -22.23018100228648208, 1.000000000000000000, 9.107079528758683651 ) ) ;
#4271 = DIRECTION ( 'NONE',  ( -0.000000000000000000, 1.000000000000000000, -0.000000000000000000 ) ) ;
#4272 = ADVANCED_FACE ( 'NONE', ( #3542 ), #1841, .F. ) ;
#4273 = ORIENTED_EDGE ( 'NONE', *, *, #4059, .F. ) ;
#4274 = CYLINDRICAL_SURFACE ( 'NONE', #2880, 25.00000000000000711 ) ;
#4275 = LINE ( 'NONE', #167, #1257 ) ;
#4276 = EDGE_CURVE ( 'NONE', #2653, #3933, #1808, .T. ) ;
#4277 = VERTEX_POINT ( 'NONE', #4380 ) ;
#4278 = AXIS2_PLACEMENT_3D ( 'NONE', #2658, #3015, #963 ) ;
#4279 = DIRECTION ( 'NONE',  ( 0.000000000000000000, 0.000000000000000000, 1.000000000000000000 ) ) ;
#4280 = DIRECTION ( 'NONE',  ( 0.000000000000000000, 0.000000000000000000, 1.000000000000000000 ) ) ;
#4281 = DIRECTION ( 'NONE',  ( 0.000000000000000000, -1.000000000000000000, 0.000000000000000000 ) ) ;
#4282 = DIRECTION ( 'NONE',  ( 0.000000000000000000, -1.000000000000000000, 0.000000000000000000 ) ) ;
#4283 = EDGE_CURVE ( 'NONE', #3152, #2653, #3679, .T. ) ;
#4284 = ORIENTED_EDGE ( 'NONE', *, *, #3923, .T. ) ;
#4285 = CARTESIAN_POINT ( 'NONE',  ( 20.87079823077861107, 1.200000000000000178, 1.355273103849832461 ) ) ;
#4286 = DIRECTION ( 'NONE',  ( 0.000000000000000000, -1.000000000000000000, 0.000000000000000000 ) ) ;
#4287 = ORIENTED_EDGE ( 'NONE', *, *, #3789, .F. ) ;
#4288 = AXIS2_PLACEMENT_3D ( 'NONE', #2672, #3294, #2363 ) ;
#4289 = ORIENTED_EDGE ( 'NONE', *, *, #3125, .F. ) ;
#4290 = CARTESIAN_POINT ( 'NONE',  ( -11.39092863676335021, 1.000000000000000000, -10.19927456777254804 ) ) ;
#4291 = PRESENTATION_STYLE_ASSIGNMENT (( #4359 ) ) ;
#4292 = DIRECTION ( 'NONE',  ( 0.000000000000000000, 0.000000000000000000, 1.000000000000000000 ) ) ;
#4293 = VECTOR ( 'NONE', #850, 1000.000000000000000 ) ;
#4294 = ORIENTED_EDGE ( 'NONE', *, *, #22, .F. ) ;
#4295 = DIRECTION ( 'NONE',  ( 0.000000000000000000, 0.000000000000000000, 1.000000000000000000 ) ) ;
#4296 = ADVANCED_FACE ( 'NONE', ( #2953 ), #2271, .F. ) ;
#4297 = ORIENTED_EDGE ( 'NONE', *, *, #759, .T. ) ;
#4298 = LINE ( 'NONE', #2259, #4094 ) ;
#4299 = DIRECTION ( 'NONE',  ( -0.000000000000000000, 1.000000000000000000, -0.000000000000000000 ) ) ;
#4300 =( NAMED_UNIT ( * ) PLANE_ANGLE_UNIT ( ) SI_UNIT ( $, .RADIAN. ) );
#4301 = EDGE_CURVE ( 'NONE', #81, #1335, #3298, .T. ) ;
#4302 = DIRECTION ( 'NONE',  ( 0.000000000000000000, 1.000000000000000000, -0.000000000000000000 ) ) ;
#4303 = LINE ( 'NONE', #4285, #1178 ) ;
#4304 = DIRECTION ( 'NONE',  ( -0.000000000000000000, -1.000000000000000000, -0.000000000000000000 ) ) ;
#4305 = EDGE_CURVE ( 'NONE', #21, #327, #2802, .T. ) ;
#4306 = ORIENTED_EDGE ( 'NONE', *, *, #818, .T. ) ;
#4307 = VERTEX_POINT ( 'NONE', #3630 ) ;
#4308 = DIRECTION ( 'NONE',  ( 0.000000000000000000, 0.000000000000000000, 1.000000000000000000 ) ) ;
#4309 = EDGE_CURVE ( 'NONE', #4070, #3698, #4241, .T. ) ;
#4310 = DIRECTION ( 'NONE',  ( 0.000000000000000000, 0.000000000000000000, -1.000000000000000000 ) ) ;
#4311 = ORIENTED_EDGE ( 'NONE', *, *, #459, .F. ) ;
#4312 = AXIS2_PLACEMENT_3D ( 'NONE', #526, #932, #2550 ) ;
#4313 = CIRCLE ( 'NONE', #3738, 4.000000000000000888 ) ;
#4314 = DIRECTION ( 'NONE',  ( 0.000000000000000000, 0.000000000000000000, 1.000000000000000000 ) ) ;
#4315 = DIRECTION ( 'NONE',  ( 0.000000000000000000, 1.000000000000000000, 0.000000000000000000 ) ) ;
#4316 = AXIS2_PLACEMENT_3D ( 'NONE', #4179, #3547, #187 ) ;
#4317 = VERTEX_POINT ( 'NONE', #224 ) ;
#4318 = FILL_AREA_STYLE ('',( #2877 ) ) ;
#4319 = CARTESIAN_POINT ( 'NONE',  ( 0.9999999999999974465, 1.000000000000000000, -11.41063228481487002 ) ) ;
#4320 = DIRECTION ( 'NONE',  ( 0.000000000000000000, -1.000000000000000000, 0.000000000000000000 ) ) ;
#4321 = CARTESIAN_POINT ( 'NONE',  ( 0.9999999999999974465, 3.000000000000000000, -11.41063228481487002 ) ) ;
#4322 = AXIS2_PLACEMENT_3D ( 'NONE', #3200, #1930, #2664 ) ;
#4323 = CIRCLE ( 'NONE', #30, 1.250000000000001110 ) ;
#4324 = ADVANCED_FACE ( 'NONE', ( #255 ), #3244, .F. ) ;
#4325 = CARTESIAN_POINT ( 'NONE',  ( -24.50000000000000355, 1.000000000000000000, -14.15894732285653213 ) ) ;
#4326 = DIRECTION ( 'NONE',  ( 0.000000000000000000, 1.000000000000000000, 0.000000000000000000 ) ) ;
#4327 =( NAMED_UNIT ( * ) PLANE_ANGLE_UNIT ( ) SI_UNIT ( $, .RADIAN. ) );
#4328 = CARTESIAN_POINT ( 'NONE',  ( -18.87079823077861462, 1.000000000000000000, -20.67653767347957583 ) ) ;
#4329 = ORIENTED_EDGE ( 'NONE', *, *, #3029, .F. ) ;
#4330 = STYLED_ITEM ( 'NONE', ( #2945 ), #3120 ) ;
#4331 = EDGE_CURVE ( 'NONE', #3508, #3117, #945, .T. ) ;
#4332 = AXIS2_PLACEMENT_3D ( 'NONE', #2853, #4229, #3574 ) ;
#4333 = EDGE_LOOP ( 'NONE', ( #3582, #417, #3335, #2602 ) ) ;
#4334 = CARTESIAN_POINT ( 'NONE',  ( 11.50000000000000000, 0.000000000000000000, -2.000000000000000000 ) ) ;
#4335 = DIRECTION ( 'NONE',  ( 0.000000000000000000, 0.000000000000000000, 1.000000000000000000 ) ) ;
#4336 = VECTOR ( 'NONE', #1411, 1000.000000000000000 ) ;
#4337 = VERTEX_POINT ( 'NONE', #3000 ) ;
#4338 = ORIENTED_EDGE ( 'NONE', *, *, #166, .T. ) ;
#4339 = CYLINDRICAL_SURFACE ( 'NONE', #2248, 1.549999999999995826 ) ;
#4340 = UNCERTAINTY_MEASURE_WITH_UNIT (LENGTH_MEASURE( 1.000000000000000082E-05 ), #2427, 'distance_accuracy_value', 'NONE');
#4341 = CARTESIAN_POINT ( 'NONE',  ( 20.87079823077861107, 0.000000000000000000, -3.694726896150164919 ) ) ;
#4342 = VECTOR ( 'NONE', #4000, 1000.000000000000000 ) ;
#4343 = EDGE_CURVE ( 'NONE', #2074, #2246, #1592, .T. ) ;
#4344 = EDGE_LOOP ( 'NONE', ( #1112, #1614 ) ) ;
#4345 = CARTESIAN_POINT ( 'NONE',  ( -1.999999999999997113, 3.000000000000000000, 18.72268338088052531 ) ) ;
#4346 = CARTESIAN_POINT ( 'NONE',  ( -24.99999999999999645, 3.000000000000000000, -26.99999999999999645 ) ) ;
#4347 = FACE_OUTER_BOUND ( 'NONE', #415, .T. ) ;
#4348 = AXIS2_PLACEMENT_3D ( 'NONE', #1388, #3507, #2079 ) ;
#4349 = PRESENTATION_STYLE_ASSIGNMENT (( #2302 ) ) ;
#4350 = DIRECTION ( 'NONE',  ( -0.000000000000000000, 1.000000000000000000, -0.000000000000000000 ) ) ;
#4351 = DIRECTION ( 'NONE',  ( -0.000000000000000000, 1.000000000000000000, -0.000000000000000000 ) ) ;
#4352 = CARTESIAN_POINT ( 'NONE',  ( 11.50000000000000000, 1.000000000000000000, 23.00000000000000711 ) ) ;
#4353 = CIRCLE ( 'NONE', #698, 2.100000000000004530 ) ;
#4354 = EDGE_CURVE ( 'NONE', #1507, #4017, #3442, .T. ) ;
#4355 = AXIS2_PLACEMENT_3D ( 'NONE', #4008, #2613, #198 ) ;
#4356 = ORIENTED_EDGE ( 'NONE', *, *, #2112, .F. ) ;
#4357 = ORIENTED_EDGE ( 'NONE', *, *, #1104, .T. ) ;
#4358 = DIRECTION ( 'NONE',  ( -0.000000000000000000, 1.000000000000000000, -0.000000000000000000 ) ) ;
#4359 = SURFACE_STYLE_USAGE ( .BOTH. , #1553 ) ;
#4360 = ADVANCED_FACE ( 'NONE', ( #538 ), #1909, .F. ) ;
#4361 = AXIS2_PLACEMENT_3D ( 'NONE', #3499, #3476, #347 ) ;
#4362 = ORIENTED_EDGE ( 'NONE', *, *, #958, .F. ) ;
#4363 = ORIENTED_EDGE ( 'NONE', *, *, #4437, .F. ) ;
#4364 = CARTESIAN_POINT ( 'NONE',  ( 24.50000000000001066, 0.000000000000000000, 24.89999999999999147 ) ) ;
#4365 = CIRCLE ( 'NONE', #3568, 2.200000000000000622 ) ;
#4366 = EDGE_CURVE ( 'NONE', #1033, #2476, #205, .T. ) ;
#4367 = CARTESIAN_POINT ( 'NONE',  ( 2.000000000000003553, 1.000000000000000000, 19.59976851727815017 ) ) ;
#4368 = CARTESIAN_POINT ( 'NONE',  ( -16.18750000000001066, 1.000000000000000000, 22.55661507109643082 ) ) ;
#4369 = CARTESIAN_POINT ( 'NONE',  ( -27.99999999999999645, 3.000000000000000000, -29.99999999999999645 ) ) ;
#4370 = EDGE_CURVE ( 'NONE', #1052, #1398, #1009, .T. ) ;
#4371 = CARTESIAN_POINT ( 'NONE',  ( 25.00000000000001066, 3.000000000000000000, 6.250000000000008882 ) ) ;
#4372 = UNCERTAINTY_MEASURE_WITH_UNIT (LENGTH_MEASURE( 1.000000000000000082E-05 ), #2453, 'distance_accuracy_value', 'NONE');
#4373 = CARTESIAN_POINT ( 'NONE',  ( 25.00000000000001066, 0.000000000000000000, 5.000000000000007994 ) ) ;
#4374 = CARTESIAN_POINT ( 'NONE',  ( 18.36176045203126606, 1.000000000000000000, 21.84561284757656807 ) ) ;
#4375 = PRESENTATION_STYLE_ASSIGNMENT (( #2995 ) ) ;
#4376 = DIRECTION ( 'NONE',  ( 0.000000000000000000, 1.000000000000000000, 0.000000000000000000 ) ) ;
#4377 = ORIENTED_EDGE ( 'NONE', *, *, #2351, .T. ) ;
#4378 = ORIENTED_EDGE ( 'NONE', *, *, #2445, .F. ) ;
#4379 = CARTESIAN_POINT ( 'NONE',  ( -21.88120744007501273, 3.000000000000000000, -7.609860255490433545 ) ) ;
#4380 = CARTESIAN_POINT ( 'NONE',  ( 12.86685592414687385, 1.000000000000000000, -7.842234579561541352 ) ) ;
#4381 = EDGE_LOOP ( 'NONE', ( #586, #1991, #3175, #2314 ) ) ;
#4382 = ORIENTED_EDGE ( 'NONE', *, *, #1010, .T. ) ;
#4383 = EDGE_CURVE ( 'NONE', #2548, #3979, #3372, .T. ) ;
#4384 = DIRECTION ( 'NONE',  ( -0.000000000000000000, 1.000000000000000000, -0.000000000000000000 ) ) ;
#4385 = PLANE ( 'NONE',  #3913 ) ;
#4386 = COLOUR_RGB ( '',1.000000000000000000, 1.000000000000000000, 1.000000000000000000 ) ;
#4387 = EDGE_CURVE ( 'NONE', #2041, #1727, #20, .T. ) ;
#4388 = VECTOR ( 'NONE', #2040, 1000.000000000000000 ) ;
#4389 = CYLINDRICAL_SURFACE ( 'NONE', #1747, 2.200000000000000622 ) ;
#4390 = AXIS2_PLACEMENT_3D ( 'NONE', #559, #2663, #3283 ) ;
#4391 = DIRECTION ( 'NONE',  ( 0.000000000000000000, 0.000000000000000000, 1.000000000000000000 ) ) ;
#4392 = ORIENTED_EDGE ( 'NONE', *, *, #764, .T. ) ;
#4393 = EDGE_CURVE ( 'NONE', #2443, #3997, #2090, .T. ) ;
#4394 = DIRECTION ( 'NONE',  ( -0.000000000000000000, 1.000000000000000000, -0.000000000000000000 ) ) ;
#4395 = DIRECTION ( 'NONE',  ( 0.000000000000000000, 1.000000000000000000, 0.000000000000000000 ) ) ;
#4396 = CARTESIAN_POINT ( 'NONE',  ( -19.94572808684069187, 3.000000000000000000, -6.563954106161710378 ) ) ;
#4397 = DIRECTION ( 'NONE',  ( 0.000000000000000000, 0.000000000000000000, 1.000000000000000000 ) ) ;
#4398 = VECTOR ( 'NONE', #4282, 1000.000000000000000 ) ;
#4399 = EDGE_LOOP ( 'NONE', ( #3208, #2585 ) ) ;
#4400 = EDGE_CURVE ( 'NONE', #1374, #4061, #2162, .T. ) ;
#4401 = VERTEX_POINT ( 'NONE', #1394 ) ;
#4402 = DIRECTION ( 'NONE',  ( 0.000000000000000000, 0.000000000000000000, 1.000000000000000000 ) ) ;
#4403 = EDGE_LOOP ( 'NONE', ( #2555, #2863, #1760, #139 ) ) ;
#4404 = ORIENTED_EDGE ( 'NONE', *, *, #2670, .F. ) ;
#4405 = AXIS2_PLACEMENT_3D ( 'NONE', #3012, #3434, #2722 ) ;
#4406 = DIRECTION ( 'NONE',  ( 0.000000000000000000, -1.000000000000000000, 0.000000000000000000 ) ) ;
#4407 = DIRECTION ( 'NONE',  ( 0.000000000000000000, 0.000000000000000000, 1.000000000000000000 ) ) ;
#4408 = DIRECTION ( 'NONE',  ( -1.000000000000000000, -0.000000000000000000, -0.000000000000000000 ) ) ;
#4409 = SURFACE_SIDE_STYLE ('',( #299 ) ) ;
#4410 = CARTESIAN_POINT ( 'NONE',  ( 21.85191411977124432, 1.200000000000000178, 15.73582988648560743 ) ) ;
#4411 = AXIS2_PLACEMENT_3D ( 'NONE', #3838, #4155, #1085 ) ;
#4412 = EDGE_CURVE ( 'NONE', #1928, #1156, #4313, .T. ) ;
#4413 = ORIENTED_EDGE ( 'NONE', *, *, #4141, .T. ) ;
#4414 = DIRECTION ( 'NONE',  ( 0.000000000000000000, 1.000000000000000000, -0.000000000000000000 ) ) ;
#4415 = CARTESIAN_POINT ( 'NONE',  ( -5.560062181880891075, 1.000000000000000000, -19.28642330349078193 ) ) ;
#4416 = CARTESIAN_POINT ( 'NONE',  ( 15.46079714317719755, 3.000000000000000000, -6.506893163876792840 ) ) ;
#4417 = CIRCLE ( 'NONE', #4054, 2.200000000000000622 ) ;
#4418 = VECTOR ( 'NONE', #19, 1000.000000000000000 ) ;
#4419 = ORIENTED_EDGE ( 'NONE', *, *, #3003, .T. ) ;
#4420 = VERTEX_POINT ( 'NONE', #1701 ) ;
#4421 = CARTESIAN_POINT ( 'NONE',  ( 19.26611757656450763, 3.000000000000000000, 4.874176151904495491 ) ) ;
#4422 = VECTOR ( 'NONE', #3641, 1000.000000000000000 ) ;
#4423 = DIRECTION ( 'NONE',  ( 0.000000000000000000, 1.000000000000000000, 0.000000000000000000 ) ) ;
#4424 = EDGE_CURVE ( 'NONE', #3137, #1837, #157, .T. ) ;
#4425 = VERTEX_POINT ( 'NONE', #675 ) ;
#4426 = VERTEX_POINT ( 'NONE', #2375 ) ;
#4427 = DIRECTION ( 'NONE',  ( 0.000000000000000000, 0.000000000000000000, 1.000000000000000000 ) ) ;
#4428 = LINE ( 'NONE', #1065, #901 ) ;
#4429 = ORIENTED_EDGE ( 'NONE', *, *, #1702, .T. ) ;
#4430 =( GEOMETRIC_REPRESENTATION_CONTEXT ( 3 ) GLOBAL_UNCERTAINTY_ASSIGNED_CONTEXT ( ( #600 ) ) GLOBAL_UNIT_ASSIGNED_CONTEXT ( ( #3123, #2414, #1779 ) ) REPRESENTATION_CONTEXT ( 'NONE', 'WORKASPACE' ) );
#4431 = EDGE_CURVE ( 'NONE', #4248, #1114, #445, .T. ) ;
#4432 = DIRECTION ( 'NONE',  ( -0.000000000000000000, 1.000000000000000000, -0.000000000000000000 ) ) ;
#4433 = CARTESIAN_POINT ( 'NONE',  ( 18.12238934066071394, 3.000000000000000000, -6.321597563614139048 ) ) ;
#4434 = DIRECTION ( 'NONE',  ( 0.000000000000000000, 0.000000000000000000, 1.000000000000000000 ) ) ;
#4435 = ORIENTED_EDGE ( 'NONE', *, *, #2949, .F. ) ;
#4436 = ORIENTED_EDGE ( 'NONE', *, *, #4133, .T. ) ;
#4437 = EDGE_CURVE ( 'NONE', #2385, #924, #231, .T. ) ;
#4438 = CARTESIAN_POINT ( 'NONE',  ( -19.85191411977123721, 1.200000000000000178, 0.6354346831441348709 ) ) ;
#4439 = DIRECTION ( 'NONE',  ( 0.000000000000000000, 1.000000000000000000, 0.000000000000000000 ) ) ;
#4440 = CARTESIAN_POINT ( 'NONE',  ( -23.00000000000001066, 0.000000000000000000, -14.99999999999999645 ) ) ;
#4441 = FACE_BOUND ( 'NONE', #4344, .T. ) ;
#4442 = EDGE_LOOP ( 'NONE', ( #728, #3069, #2775, #3197 ) ) ;
ENDSEC;
END-ISO-10303-21;
